name,prob_pos
test_protein_3,0.53948438167572021
test_protein_2,0.13763053715229034
test_protein_7,0.8622819185256958
test_protein_9,0.22436502575874329
test_protein_4,0.0031436157878488302
test_protein_6,0.87286388874053955
test_protein_5,0.48570775985717773
test_protein_1,0.042682509869337082
test_protein_8,0.70696967840194702
test_protein_14,0.11689498275518417
test_protein_15,0.11246837675571442
test_protein_10,0.12716056406497955
test_protein_13,0.31630143523216248
test_protein_17,0.1723724901676178
test_protein_18,0.48019412159919739
test_protein_11,0.72579896450042725
test_protein_16,0.17886330187320709
test_protein_12,0.28644964098930359
test_protein_20,0.059362512081861496
test_protein_22,0.34464412927627563
test_protein_19,0.3644791841506958
test_protein_24,0.71478539705276489
test_protein_21,0.11476541310548782
test_protein_23,0.10924982279539108
test_protein_29,0.99065369367599487
test_protein_26,0.19417905807495117
test_protein_27,0.32057806849479675
test_protein_33,0.20519164204597473
test_protein_25,0.539681077003479
test_protein_31,0.23914338648319244
test_protein_36,0.16616065800189972
test_protein_30,0.81138920783996582
test_protein_28,0.3192192018032074
test_protein_37,0.044824805110692978
test_protein_35,0.18765081465244293
test_protein_38,0.9937283992767334
test_protein_32,0.16520205140113831
test_protein_42,0.22894281148910522
test_protein_39,0.33053165674209595
test_protein_40,0.028825545683503151
test_protein_41,0.44195565581321716
test_protein_44,0.39470633864402771
test_protein_45,0.47584035992622375
test_protein_34,0.412464439868927
test_protein_43,0.42400690913200378
test_protein_51,0.3851783275604248
test_protein_48,0.25903099775314331
test_protein_46,0.30342721939086914
test_protein_52,0.29113766551017761
test_protein_50,0.053170789033174515
test_protein_49,0.065754443407058716
test_protein_47,0.31059375405311584
test_protein_53,0.00072019081562757492
test_protein_55,4.5871018983234535e-07
test_protein_56,1.4146600335607218e-08
test_protein_60,0.13011698424816132
test_protein_59,0.35412812232971191
test_protein_57,0.17368389666080475
test_protein_54,0.40796142816543579
test_protein_66,0.12653057277202606
test_protein_64,0.26859888434410095
test_protein_62,0.0465276800096035
test_protein_63,0.059218458831310272
test_protein_61,0.20409590005874634
test_protein_58,0.10556566715240479
test_protein_65,0.1676097959280014
test_protein_72,0.047700684517621994
test_protein_69,0.34717372059822083
test_protein_70,0.38531914353370667
test_protein_68,0.1429746150970459
test_protein_71,0.17090669274330139
test_protein_67,0.074718862771987915
test_protein_75,0.016716158017516136
test_protein_73,0.34602567553520203
test_protein_74,0.62839001417160034
test_protein_77,0.17058736085891724
test_protein_79,0.51485621929168701
test_protein_81,0.99430590867996216
test_protein_76,0.2917141318321228
test_protein_80,0.65336817502975464
test_protein_82,0.98227041959762573
test_protein_78,0.64176994562149048
test_protein_83,0.41249373555183411
test_protein_85,0.32398909330368042
test_protein_93,0.019348269328474998
test_protein_84,1.8516349564734469e-09
test_protein_88,0.18781308829784393
test_protein_89,0.027747727930545807
test_protein_96,4.4698976125800982e-05
test_protein_87,0.00080227747093886137
test_protein_86,8.2132879697383032e-07
test_protein_90,0.22250914573669434
test_protein_91,0.036629617214202881
test_protein_95,0.47279149293899536
test_protein_94,0.96633350849151611
test_protein_92,0.99538922309875488
test_protein_97,0.52818334102630615
test_protein_101,0.71345609426498413
test_protein_99,0.58005225658416748
test_protein_98,0.15366634726524353
test_protein_100,1.9783345123869367e-05
test_protein_104,0.62839984893798828
test_protein_102,0.82818841934204102
test_protein_103,0.6106305718421936
test_protein_105,0.27728977799415588
test_protein_106,0.10618799924850464
test_protein_107,0.20010903477668762
test_protein_108,0.048313748091459274
test_protein_113,0.0058222441002726555
test_protein_110,0.027062922716140747
test_protein_114,0.0036939247511327267
test_protein_109,0.84833413362503052
test_protein_111,0.026704635471105576
test_protein_112,0.14137817919254303
test_protein_117,0.010202989913523197
test_protein_118,0.58521723747253418
test_protein_116,0.015105837024748325
test_protein_115,0.31696638464927673
test_protein_119,0.20788036286830902
test_protein_120,0.095753312110900879
test_protein_121,0.3507208526134491
test_protein_122,1.8545148350312957e-06
test_protein_123,0.23904846608638763
test_protein_127,0.47793516516685486
test_protein_128,0.48309159278869629
test_protein_124,0.063665829598903656
test_protein_130,0.28390419483184814
test_protein_125,6.9219386205077171e-05
test_protein_129,0.47859981656074524
test_protein_132,0.24852892756462097
test_protein_139,0.0079661095514893532
test_protein_137,0.0015401857672259212
test_protein_133,0.23400281369686127
test_protein_136,7.8572047641500831e-05
test_protein_126,7.4573968333879748e-08
test_protein_138,0.001792650786228478
test_protein_135,0.34307852387428284
test_protein_134,0.12679536640644073
test_protein_131,0.081068538129329681
test_protein_141,0.050527002662420273
test_protein_147,0.0019264303846284747
test_protein_140,0.010443627834320068
test_protein_143,0.41707503795623779
test_protein_145,0.16846080124378204
test_protein_142,0.16749723255634308
test_protein_146,0.10371003299951553
test_protein_144,0.20440787076950073
test_protein_148,0.031818758696317673
test_protein_151,0.075468726456165314
test_protein_153,0.18918962776660919
test_protein_149,0.01689627394080162
test_protein_159,0.96065187454223633
test_protein_150,0.51882064342498779
test_protein_154,0.50651615858078003
test_protein_162,0.8292805552482605
test_protein_155,0.030728189274668694
test_protein_158,0.41154539585113525
test_protein_152,0.28480070829391479
test_protein_160,0.98277813196182251
test_protein_156,0.40005555748939514
test_protein_161,0.36997663974761963
test_protein_163,0.18449512124061584
test_protein_157,0.36668887734413147
test_protein_164,0.31411552429199219
test_protein_170,0.2654356062412262
test_protein_165,0.10868346691131592
test_protein_168,6.0064304641116451e-09
test_protein_166,0.00050897645996883512
test_protein_167,4.5896658917854438e-08
test_protein_169,0.44501659274101257
test_protein_172,0.92950499057769775
test_protein_174,0.054209325462579727
test_protein_173,0.0069147329777479172
test_protein_177,0.27372860908508301
test_protein_179,1.1273187737970147e-05
test_protein_176,0.33096605539321899
test_protein_181,0.086053721606731415
test_protein_178,0.96940416097640991
test_protein_171,0.0025834781117737293
test_protein_180,0.0029835936147719622
test_protein_175,0.32633727788925171
test_protein_182,0.000397921830881387
test_protein_184,0.63534128665924072
test_protein_183,0.36931142210960388
test_protein_186,0.05109473317861557
test_protein_187,0.15151411294937134
test_protein_189,0.45475399494171143
test_protein_190,0.26460108160972595
test_protein_185,0.12581126391887665
test_protein_197,0.064418494701385498
test_protein_195,0.049556847661733627
test_protein_188,0.91697084903717041
test_protein_191,0.27051985263824463
test_protein_194,0.2475297749042511
test_protein_198,0.25835117697715759
test_protein_199,0.45438039302825928
test_protein_200,0.30023261904716492
test_protein_196,0.45124009251594543
test_protein_193,0.29902476072311401
test_protein_203,0.55009341239929199
test_protein_201,0.30731576681137085
test_protein_204,0.19961582124233246
test_protein_202,0.13257405161857605
test_protein_192,0.2666294276714325
test_protein_206,0.32021042704582214
test_protein_213,0.24798460304737091
test_protein_212,0.046240773051977158
test_protein_207,0.38919344544410706
test_protein_208,0.062799118459224701
test_protein_209,0.48024559020996094
test_protein_205,0.29701006412506104
test_protein_211,0.99937766790390015
test_protein_219,0.042554870247840881
test_protein_216,0.56257599592208862
test_protein_218,0.20405372977256775
test_protein_222,0.091539710760116577
test_protein_221,0.030315067619085312
test_protein_214,0.12104621529579163
test_protein_217,0.092482566833496094
test_protein_210,3.1940695066623448e-07
test_protein_223,0.055990822613239288
test_protein_226,0.24723008275032043
test_protein_220,0.013496880419552326
test_protein_224,0.03355138748884201
test_protein_225,0.48900282382965088
test_protein_215,0.66283667087554932
test_protein_227,0.40495610237121582
test_protein_233,0.43418297171592712
test_protein_237,0.0044203083962202072
test_protein_231,0.40225696563720703
test_protein_228,0.13371291756629944
test_protein_230,0.34771028161048889
test_protein_229,0.1434505432844162
test_protein_236,0.51421892642974854
test_protein_232,0.20810990035533905
test_protein_238,0.36582496762275696
test_protein_234,0.79746323823928833
test_protein_235,0.39468127489089966
test_protein_240,0.041150089353322983
test_protein_239,0.0008059937390498817
test_protein_241,0.11605069041252136
test_protein_242,0.78192859888076782
test_protein_246,0.13870014250278473
test_protein_245,0.12203969061374664
test_protein_248,0.24797940254211426
test_protein_247,0.154309943318367
test_protein_249,0.088399030268192291
test_protein_244,0.0043895328417420387
test_protein_243,0.0032927682623267174
test_protein_251,0.77232670783996582
test_protein_250,0.076789572834968567
test_protein_259,0.25196433067321777
test_protein_261,0.96566063165664673
test_protein_254,0.36744114756584167
test_protein_256,0.5104486346244812
test_protein_255,0.34075835347175598
test_protein_252,0.26287633180618286
test_protein_253,0.09046269953250885
test_protein_258,0.27327156066894531
test_protein_260,3.1748606943438062e-07
test_protein_257,0.10537391155958176
test_protein_263,0.70589226484298706
test_protein_262,0.0097104758024215698
test_protein_265,0.26042968034744263
test_protein_270,0.35963168740272522
test_protein_273,0.13137646019458771
test_protein_267,0.4172336757183075
test_protein_264,0.14958585798740387
test_protein_266,0.034653119742870331
test_protein_271,0.43422681093215942
test_protein_269,0.25420776009559631
test_protein_272,0.54491645097732544
test_protein_274,0.99846327304840088
test_protein_268,0.12720280885696411
test_protein_275,0.082114465534687042
test_protein_284,0.39985662698745728
test_protein_276,0.40252739191055298
test_protein_281,0.050496861338615417
test_protein_287,0.39548340439796448
test_protein_277,0.025649722665548325
test_protein_279,0.21944078803062439
test_protein_280,3.1179781217360869e-05
test_protein_288,0.38841214776039124
test_protein_283,0.85871851444244385
test_protein_282,0.26799973845481873
test_protein_278,0.27478697896003723
test_protein_285,0.046161174774169922
test_protein_286,0.18759785592556
test_protein_291,0.12075185030698776
test_protein_289,0.10122349858283997
test_protein_297,0.012212256900966167
test_protein_296,0.031798206269741058
test_protein_294,0.043139137327671051
test_protein_295,0.02913149818778038
test_protein_290,0.031624406576156616
test_protein_292,0.14854259788990021
test_protein_293,0.031768053770065308
test_protein_299,0.022157086059451103
test_protein_298,0.024466836825013161
test_protein_308,0.84810727834701538
test_protein_306,4.2408752051414922e-05
test_protein_300,0.08319883793592453
test_protein_301,0.014907107688486576
test_protein_309,0.98443341255187988
test_protein_303,0.079140618443489075
test_protein_305,0.48528838157653809
test_protein_302,0.020825920626521111
test_protein_307,0.18573199212551117
test_protein_304,0.79353541135787964
test_protein_310,0.013750816695392132
test_protein_313,0.046415951102972031
test_protein_312,0.14161258935928345
test_protein_317,0.058058317750692368
test_protein_311,0.065708637237548828
test_protein_315,0.12006990611553192
test_protein_320,0.23782248795032501
test_protein_319,0.11631381511688232
test_protein_321,0.44847285747528076
test_protein_314,0.88825130462646484
test_protein_316,0.60412138700485229
test_protein_318,0.20449723303318024
test_protein_322,0.096924982964992523
test_protein_327,0.17534291744232178
test_protein_323,0.31058141589164734
test_protein_326,0.39769899845123291
test_protein_325,0.21824635565280914
test_protein_328,0.079912930727005005
test_protein_324,0.13813157379627228
test_protein_332,0.43929362297058105
test_protein_329,0.22989471256732941
test_protein_333,0.49617952108383179
test_protein_331,0.38502740859985352
test_protein_330,0.046017918735742569
test_protein_339,0.57167840003967285
test_protein_334,0.55661851167678833
test_protein_340,0.33372458815574646
test_protein_343,0.054377220571041107
test_protein_335,0.063096605241298676
test_protein_336,0.045979779213666916
test_protein_346,0.31675246357917786
test_protein_345,0.028023945167660713
test_protein_338,0.048537872731685638
test_protein_337,0.33031603693962097
test_protein_342,0.62012577056884766
test_protein_341,0.00038054949254728854
test_protein_344,0.41108024120330811
test_protein_358,0.83243286609649658
test_protein_347,0.10217378288507462
test_protein_351,0.027074253186583519
test_protein_356,0.1727641373872757
test_protein_348,0.27550914883613586
test_protein_354,0.34321248531341553
test_protein_352,0.79031211137771606
test_protein_353,0.61038637161254883
test_protein_350,0.72228324413299561
test_protein_349,0.49928703904151917
test_protein_359,0.26089727878570557
test_protein_355,0.075370810925960541
test_protein_357,0.39435333013534546
test_protein_360,0.031202699989080429
test_protein_364,0.73968178033828735
test_protein_363,0.7083277702331543
test_protein_370,0.30574017763137817
test_protein_362,0.7647707462310791
test_protein_361,0.13155028223991394
test_protein_369,0.32076406478881836
test_protein_366,0.10723439604043961
test_protein_367,0.12291508913040161
test_protein_365,0.46933990716934204
test_protein_371,0.28780022263526917
test_protein_368,0.13503333926200867
test_protein_375,0.2572467029094696
test_protein_373,0.28641662001609802
test_protein_372,0.52241677045822144
test_protein_376,0.97807657718658447
test_protein_381,0.0044886446557939053
test_protein_377,0.98371165990829468
test_protein_374,0.052661851048469543
test_protein_379,0.51999473571777344
test_protein_378,0.68873804807662964
test_protein_380,0.383686363697052
test_protein_385,7.3652985932426418e-09
test_protein_389,0.27979123592376709
test_protein_384,0.063676416873931885
test_protein_382,0.020011855289340019
test_protein_383,0.035121601074934006
test_protein_386,0.00018108525546267629
test_protein_390,0.29364830255508423
test_protein_388,0.51408034563064575
test_protein_391,0.05606372281908989
test_protein_387,0.18909445405006409
test_protein_393,0.029340410605072975
test_protein_392,0.73970627784729004
test_protein_394,0.038581278175115585
test_protein_396,0.26448515057563782
test_protein_399,0.48072972893714905
test_protein_395,0.43383646011352539
test_protein_397,0.38097196817398071
test_protein_401,0.49193567037582397
test_protein_400,0.41633224487304688
test_protein_403,0.4612630307674408
test_protein_404,0.51090109348297119
test_protein_407,0.52299028635025024
test_protein_406,9.6472808908121266e-11
test_protein_398,0.029783688485622406
test_protein_408,0.39536654949188232
test_protein_414,0.40104058384895325
test_protein_405,0.044055022299289703
test_protein_402,0.03972896933555603
test_protein_409,0.34897619485855103
test_protein_417,0.064644768834114075
test_protein_413,0.34003987908363342
test_protein_416,0.14162343740463257
test_protein_412,0.05066223070025444
test_protein_410,0.033292580395936966
test_protein_415,0.27198946475982666
test_protein_411,0.33516311645507812
test_protein_426,0.33789631724357605
test_protein_421,0.027834950014948845
test_protein_418,0.17280371487140656
test_protein_419,0.30575910210609436
test_protein_420,0.36224672198295593
test_protein_423,0.3850288987159729
test_protein_422,0.035463612526655197
test_protein_424,0.95671933889389038
test_protein_430,0.0181988924741745
test_protein_428,0.23314036428928375
test_protein_433,0.30560252070426941
test_protein_429,0.0018528678920120001
test_protein_435,0.019043438136577606
test_protein_425,0.36810839176177979
test_protein_427,0.30030804872512817
test_protein_436,0.15077853202819824
test_protein_432,0.04786914587020874
test_protein_431,0.027146156877279282
test_protein_437,0.1390223503112793
test_protein_434,0.27735328674316406
test_protein_439,0.15429103374481201
test_protein_438,0.013303987681865692
test_protein_448,0.027658367529511452
test_protein_444,0.29509070515632629
test_protein_440,0.1170923113822937
test_protein_446,0.27177771925926208
test_protein_442,0.53670763969421387
test_protein_441,8.8822150701162172e-07
test_protein_447,0.13653399050235748
test_protein_445,0.64211976528167725
test_protein_451,0.40266290307044983
test_protein_443,0.85179305076599121
test_protein_449,0.23354195058345795
test_protein_452,0.59017723798751831
test_protein_455,0.58777618408203125
test_protein_461,0.37876510620117188
test_protein_458,0.40716460347175598
test_protein_456,0.66424256563186646
test_protein_459,0.54635721445083618
test_protein_454,0.16144247353076935
test_protein_457,0.16056463122367859
test_protein_450,0.35169163346290588
test_protein_453,0.060568932443857193
test_protein_467,0.043568484485149384
test_protein_460,0.21177980303764343
test_protein_469,0.05631178617477417
test_protein_468,0.20180454850196838
test_protein_466,0.58061611652374268
test_protein_465,0.56198424100875854
test_protein_472,6.5666931732266676e-06
test_protein_463,0.017881168052554131
test_protein_473,0.62679761648178101
test_protein_470,0.56065869331359863
test_protein_462,0.006483432836830616
test_protein_474,0.27221155166625977
test_protein_471,0.35311615467071533
test_protein_464,0.40447348356246948
test_protein_475,0.17851874232292175
test_protein_479,0.30935490131378174
test_protein_477,0.32932731509208679
test_protein_478,0.092389881610870361
test_protein_476,0.27603578567504883
test_protein_480,0.019622445106506348
test_protein_484,0.2697330117225647
test_protein_481,0.054733060300350189
test_protein_483,0.17357112467288971
test_protein_486,0.016777968034148216
test_protein_485,0.13068149983882904
test_protein_487,0.32720384001731873
test_protein_482,0.36001813411712646
test_protein_488,0.48859468102455139
test_protein_490,0.27086848020553589
test_protein_491,0.36793166399002075
test_protein_492,0.40047323703765869
test_protein_494,0.032581165432929993
test_protein_495,0.70057231187820435
test_protein_496,0.068171732127666473
test_protein_489,0.0062868930399417877
test_protein_498,0.82178783416748047
test_protein_502,0.099169962108135223
test_protein_501,0.10806417465209961
test_protein_500,0.36885899305343628
test_protein_504,0.069048196077346802
test_protein_505,0.49228885769844055
test_protein_493,0.0068092369474470615
test_protein_503,0.094580754637718201
test_protein_507,0.51768273115158081
test_protein_499,0.094374991953372955
test_protein_497,0.33814853429794312
test_protein_506,0.36481299996376038
test_protein_511,0.081701062619686127
test_protein_513,0.13710211217403412
test_protein_510,0.16953097283840179
test_protein_512,0.95176315307617188
test_protein_509,0.28275004029273987
test_protein_515,0.4734627902507782
test_protein_508,0.0014551682397723198
test_protein_516,0.42697736620903015
test_protein_514,0.92499899864196777
test_protein_520,0.59105676412582397
test_protein_519,0.33083799481391907
test_protein_522,0.76570761203765869
test_protein_518,0.33592903614044189
test_protein_525,8.907224469112407e-08
test_protein_528,0.97849714756011963
test_protein_523,0.00028054887661710382
test_protein_517,0.46375325322151184
test_protein_532,0.72774183750152588
test_protein_529,0.083960704505443573
test_protein_527,0.00038710207445546985
test_protein_534,0.30720973014831543
test_protein_521,0.70887649059295654
test_protein_533,0.030505100265145302
test_protein_526,3.6726156395161524e-05
test_protein_536,0.019854696467518806
test_protein_530,0.85884422063827515
test_protein_524,4.905242434460888e-09
test_protein_531,0.50949555635452271
test_protein_537,0.18406592309474945
test_protein_535,0.37970951199531555
test_protein_545,0.59663772583007812
test_protein_544,0.28088420629501343
test_protein_538,0.5813252329826355
test_protein_542,0.72372746467590332
test_protein_540,0.42941117286682129
test_protein_541,0.022513628005981445
test_protein_547,0.29135647416114807
test_protein_546,0.13905976712703705
test_protein_539,0.38862916827201843
test_protein_551,0.23726427555084229
test_protein_543,0.055873803794384003
test_protein_548,0.16464729607105255
test_protein_550,0.56583172082901001
test_protein_549,0.26474559307098389
test_protein_552,0.5366363525390625
test_protein_554,0.06712370365858078
test_protein_559,0.58668726682662964
test_protein_553,0.027782510966062546
test_protein_555,1.6743896935622615e-07
test_protein_558,0.34444704651832581
test_protein_556,0.44562634825706482
test_protein_557,0.026968929916620255
test_protein_560,0.49946475028991699
test_protein_568,0.40194413065910339
test_protein_572,0.9709133505821228
test_protein_565,0.08067631721496582
test_protein_563,0.20757125318050385
test_protein_562,0.18871578574180603
test_protein_566,0.32930859923362732
test_protein_561,0.40644976496696472
test_protein_564,0.1468791663646698
test_protein_567,0.46809631586074829
test_protein_571,0.042457498610019684
test_protein_576,0.60367274284362793
test_protein_570,0.030565744265913963
test_protein_569,0.036405947059392929
test_protein_577,0.22509385645389557
test_protein_573,0.11242794990539551
test_protein_578,0.23607338964939117
test_protein_579,1.607975264050765e-07
test_protein_575,0.21219342947006226
test_protein_574,0.63358497619628906
test_protein_580,0.34918782114982605
test_protein_581,0.24585963785648346
test_protein_583,0.062436182051897049
test_protein_585,0.3080197274684906
test_protein_582,0.24832311272621155
test_protein_586,0.58832281827926636
test_protein_584,0.7114715576171875
test_protein_590,0.22630956768989563
test_protein_593,0.19667959213256836
test_protein_589,0.57913905382156372
test_protein_597,0.063813604414463043
test_protein_588,0.67652004957199097
test_protein_592,0.54941862821578979
test_protein_591,0.51504790782928467
test_protein_595,0.60901427268981934
test_protein_594,0.5854225754737854
test_protein_587,0.61070102453231812
test_protein_596,0.12163186818361282
test_protein_598,0.42970862984657288
test_protein_600,0.29801365733146667
test_protein_599,0.041085053235292435
test_protein_601,0.49899569153785706
test_protein_602,0.0041660801507532597
test_protein_606,0.4416869580745697
test_protein_603,0.57509315013885498
test_protein_605,0.012994717806577682
test_protein_607,0.033787526190280914
test_protein_608,0.070126034319400787
test_protein_604,0.77351033687591553
test_protein_615,0.93344634771347046
test_protein_612,0.63101094961166382
test_protein_610,0.022924004122614861
test_protein_609,0.1853996217250824
test_protein_614,0.052850890904664993
test_protein_611,0.097257331013679504
test_protein_613,0.22509872913360596
test_protein_619,0.022063227370381355
test_protein_617,0.0019427801016718149
test_protein_616,0.30580437183380127
test_protein_618,0.092510603368282318
test_protein_620,0.36184209585189819
test_protein_625,0.14214156568050385
test_protein_621,0.34141430258750916
test_protein_631,0.24894154071807861
test_protein_627,0.11096607148647308
test_protein_629,0.35453206300735474
test_protein_632,0.040624525398015976
test_protein_623,0.21158891916275024
test_protein_624,0.25195646286010742
test_protein_622,0.16355942189693451
test_protein_626,0.072585642337799072
test_protein_630,0.97549974918365479
test_protein_628,0.4950980544090271
test_protein_633,0.21708795428276062
test_protein_643,0.023450752720236778
test_protein_638,0.58075207471847534
test_protein_641,0.2001364678144455
test_protein_635,0.78663867712020874
test_protein_644,0.00089846568880602717
test_protein_639,0.00036941262078471482
test_protein_637,0.021020276471972466
test_protein_634,0.3701644241809845
test_protein_642,0.14795488119125366
test_protein_640,0.49406275153160095
test_protein_645,0.0019758003763854504
test_protein_646,0.43564498424530029
test_protein_647,0.00071323069278150797
test_protein_648,0.0016805288614705205
test_protein_651,0.70528870820999146
test_protein_636,0.020399907603859901
test_protein_649,0.029670810326933861
test_protein_653,0.011858103796839714
test_protein_654,0.036899134516716003
test_protein_655,0.076359592378139496
test_protein_652,0.0039877793751657009
test_protein_650,0.010586838237941265
test_protein_656,0.06020880863070488
test_protein_657,0.20685732364654541
test_protein_663,0.40756082534790039
test_protein_662,0.00086009548977017403
test_protein_659,0.026393158361315727
test_protein_658,0.71301424503326416
test_protein_661,0.011793737299740314
test_protein_660,0.030211780220270157
test_protein_666,0.44371315836906433
test_protein_667,0.16073454916477203
test_protein_668,0.036232698708772659
test_protein_665,0.67988735437393188
test_protein_673,0.83831256628036499
test_protein_672,0.69461292028427124
test_protein_664,0.99278634786605835
test_protein_677,0.30868411064147949
test_protein_670,0.012181583791971207
test_protein_676,0.0042720031924545765
test_protein_671,0.36307886242866516
test_protein_669,0.033270109444856644
test_protein_675,0.043993584811687469
test_protein_674,0.35340923070907593
test_protein_679,0.081182733178138733
test_protein_678,0.99862730503082275
test_protein_682,0.057668145745992661
test_protein_680,0.17425024509429932
test_protein_683,0.0053820018656551838
test_protein_681,0.017291991040110588
test_protein_684,0.25346049666404724
test_protein_690,0.81190139055252075
test_protein_686,0.079548560082912445
test_protein_689,0.74408566951751709
test_protein_691,0.24368470907211304
test_protein_687,0.001860929187387228
test_protein_685,0.11538831144571304
test_protein_688,0.028772078454494476
test_protein_694,0.50913834571838379
test_protein_693,0.058750629425048828
test_protein_692,0.69278591871261597
test_protein_696,0.33380365371704102
test_protein_697,0.013149606063961983
test_protein_699,0.0082093672826886177
test_protein_704,0.18693004548549652
test_protein_700,0.014783935621380806
test_protein_695,0.026640769094228745
test_protein_701,0.081583403050899506
test_protein_702,0.1887650340795517
test_protein_698,0.070385493338108063
test_protein_703,0.31854066252708435
test_protein_706,0.0039868969470262527
test_protein_705,0.33483457565307617
test_protein_707,0.37598508596420288
test_protein_711,0.013407936319708824
test_protein_709,0.15660013258457184
test_protein_710,0.39985522627830505
test_protein_708,0.13426195085048676
test_protein_712,0.098650574684143066
test_protein_716,0.44385340809822083
test_protein_714,0.056255582720041275
test_protein_719,0.64639610052108765
test_protein_713,0.040887106209993362
test_protein_717,0.021606732159852982
test_protein_715,0.0065682493150234222
test_protein_722,0.070487231016159058
test_protein_724,0.46451929211616516
test_protein_726,0.35753652453422546
test_protein_718,0.62048447132110596
test_protein_723,0.00014854187611490488
test_protein_732,0.089186854660511017
test_protein_721,0.46139061450958252
test_protein_728,0.81404072046279907
test_protein_731,0.40941894054412842
test_protein_725,0.053440257906913757
test_protein_720,0.012647395953536034
test_protein_730,0.45426285266876221
test_protein_727,0.52867972850799561
test_protein_729,0.20687226951122284
test_protein_733,0.87830275297164917
test_protein_747,0.58362585306167603
test_protein_739,0.10193780064582825
test_protein_737,0.11806073784828186
test_protein_734,0.53408867120742798
test_protein_735,0.021503683179616928
test_protein_738,0.049948841333389282
test_protein_736,0.0015873054508119822
test_protein_744,0.18195338547229767
test_protein_741,0.38695240020751953
test_protein_742,0.015234007500112057
test_protein_740,0.37779828906059265
test_protein_743,0.010812032036483288
test_protein_745,0.012809896841645241
test_protein_754,0.33062103390693665
test_protein_749,0.47590816020965576
test_protein_751,0.15395663678646088
test_protein_748,0.75726824998855591
test_protein_752,0.79932194948196411
test_protein_746,0.0081479363143444061
test_protein_750,0.64907360076904297
test_protein_757,0.62858867645263672
test_protein_756,0.55520051717758179
test_protein_753,0.92418020963668823
test_protein_755,0.016666494309902191
test_protein_761,0.11853206157684326
test_protein_758,0.47220721840858459
test_protein_760,0.033987656235694885
test_protein_762,0.19083899259567261
test_protein_763,0.67619770765304565
test_protein_759,0.83042246103286743
test_protein_765,0.86211496591567993
test_protein_766,0.022244958207011223
test_protein_764,0.49549710750579834
test_protein_767,0.52067577838897705
test_protein_769,0.078728854656219482
test_protein_768,0.22638963162899017
test_protein_771,0.91183799505233765
test_protein_772,0.13568346202373505
test_protein_770,0.95127129554748535
test_protein_774,0.053438290953636169
test_protein_778,0.9263874888420105
test_protein_777,0.74952930212020874
test_protein_775,0.70368689298629761
test_protein_773,0.001812248956412077
test_protein_779,0.76640290021896362
test_protein_776,0.70267713069915771
test_protein_781,0.27468621730804443
test_protein_780,0.70896953344345093
test_protein_783,0.70497137308120728
test_protein_782,0.48465251922607422
test_protein_784,0.67242825031280518
test_protein_785,0.078575164079666138
test_protein_787,0.25989624857902527
test_protein_786,0.51843869686126709
test_protein_790,0.58586955070495605
test_protein_796,0.58346891403198242
test_protein_789,0.43715500831604004
test_protein_791,0.26930889487266541
test_protein_801,0.089349672198295593
test_protein_792,0.011419959366321564
test_protein_793,0.37655988335609436
test_protein_798,0.18849530816078186
test_protein_795,0.011988003738224506
test_protein_799,0.64233052730560303
test_protein_797,0.18266786634922028
test_protein_802,0.00055341230472549796
test_protein_794,0.0005803621606901288
test_protein_788,0.32387351989746094
test_protein_800,0.028125468641519547
test_protein_808,0.24111735820770264
test_protein_809,0.0020000610966235399
test_protein_806,6.8808272772002965e-05
test_protein_807,0.81140875816345215
test_protein_803,0.48171186447143555
test_protein_805,0.75917589664459229
test_protein_810,0.0076945219188928604
test_protein_804,0.068650394678115845
test_protein_811,0.0061234808526933193
test_protein_813,0.0032452049199491739
test_protein_816,1.2133321433793753e-05
test_protein_812,0.54429948329925537
test_protein_815,0.0046043656766414642
test_protein_818,0.88008725643157959
test_protein_821,0.18587981164455414
test_protein_817,0.11308248341083527
test_protein_819,0.1486612856388092
test_protein_814,0.0059195086359977722
test_protein_820,0.26871949434280396
test_protein_826,0.077792629599571228
test_protein_824,2.0365139334899141e-06
test_protein_822,0.057042267173528671
test_protein_823,0.09823201596736908
test_protein_832,0.075919203460216522
test_protein_827,0.00020577300165314227
test_protein_825,0.27055832743644714
test_protein_831,0.58301103115081787
test_protein_829,1.088079807232134e-05
test_protein_833,0.05969633162021637
test_protein_830,0.096876375377178192
test_protein_828,0.20997606217861176
test_protein_836,0.34823191165924072
test_protein_834,0.2557779848575592
test_protein_835,0.051421631127595901
test_protein_839,0.0074423081241548061
test_protein_840,0.027760384604334831
test_protein_838,0.054285164922475815
test_protein_841,0.020026454702019691
test_protein_844,0.01863480918109417
test_protein_847,0.25953435897827148
test_protein_837,0.25263872742652893
test_protein_843,0.0007616938091814518
test_protein_845,0.037232831120491028
test_protein_842,0.33352047204971313
test_protein_848,1.5270841686287895e-05
test_protein_849,0.0012893405510112643
test_protein_855,0.29495698213577271
test_protein_854,0.064255453646183014
test_protein_851,0.0055588879622519016
test_protein_850,0.19134065508842468
test_protein_846,0.30981883406639099
test_protein_852,0.030729923397302628
test_protein_853,0.11871743202209473
test_protein_859,0.011133515276014805
test_protein_856,0.46645000576972961
test_protein_858,0.1372186541557312
test_protein_857,0.069319278001785278
test_protein_863,0.20841258764266968
test_protein_862,0.88481265306472778
test_protein_861,0.40401402115821838
test_protein_860,0.043441101908683777
test_protein_864,0.50248271226882935
test_protein_870,0.0071220728568732738
test_protein_866,0.35727590322494507
test_protein_872,0.26902374625205994
test_protein_873,0.00026799869374372065
test_protein_867,0.34134280681610107
test_protein_865,0.35826650261878967
test_protein_868,0.022808320820331573
test_protein_869,0.036399524658918381
test_protein_877,0.25200724601745605
test_protein_876,0.0069492878392338753
test_protein_875,0.028798185288906097
test_protein_874,0.052670653909444809
test_protein_878,0.37755438685417175
test_protein_871,0.14470949769020081
test_protein_879,0.32661142945289612
test_protein_880,0.14240561425685883
test_protein_882,0.18842931091785431
test_protein_881,0.24405893683433533
test_protein_884,0.00036931861541233957
test_protein_885,0.1040162667632103
test_protein_883,0.0006943630869500339
test_protein_891,0.6165546178817749
test_protein_888,0.40518531203269958
test_protein_890,0.041844941675662994
test_protein_887,0.33244076371192932
test_protein_895,0.3254401683807373
test_protein_892,0.79410398006439209
test_protein_886,0.49695631861686707
test_protein_893,0.0072427610866725445
test_protein_904,0.48586094379425049
test_protein_897,0.59050238132476807
test_protein_889,0.65248739719390869
test_protein_894,0.54056650400161743
test_protein_898,0.99649602174758911
test_protein_900,0.43080651760101318
test_protein_896,0.9962085485458374
test_protein_901,0.46360060572624207
test_protein_902,0.37058904767036438
test_protein_899,0.028753288090229034
test_protein_903,0.69606298208236694
test_protein_910,0.19527935981750488
test_protein_907,0.56210523843765259
test_protein_906,0.11435949057340622
test_protein_908,0.32084184885025024
test_protein_905,0.65707516670227051
test_protein_909,0.22641131281852722
test_protein_911,0.88252085447311401
test_protein_914,0.36100867390632629
test_protein_912,0.66035068035125732
test_protein_913,0.33014595508575439
test_protein_916,0.00074065942317247391
test_protein_917,0.27857670187950134
test_protein_918,0.24900050461292267
test_protein_920,0.33949416875839233
test_protein_915,0.012388030998408794
test_protein_919,0.35109159350395203
test_protein_921,0.21249586343765259
test_protein_922,0.17229117453098297
test_protein_923,0.29076746106147766
test_protein_926,0.2419649213552475
test_protein_924,0.33544763922691345
test_protein_925,0.092132188379764557
test_protein_927,0.0007942527299746871
test_protein_928,0.025916306301951408
test_protein_929,0.012879864312708378
test_protein_933,0.11228355020284653
test_protein_936,0.38286319375038147
test_protein_931,0.1875726729631424
test_protein_935,0.28962394595146179
test_protein_934,0.023662865161895752
test_protein_930,0.23425361514091492
test_protein_937,0.44271275401115417
test_protein_932,0.28575602173805237
test_protein_938,0.27684861421585083
test_protein_942,0.68065017461776733
test_protein_939,0.028516802936792374
test_protein_943,0.81539005041122437
test_protein_941,0.98815900087356567
test_protein_940,0.031430903822183609
test_protein_946,9.7656663911038777e-07
test_protein_949,0.39833995699882507
test_protein_944,0.090592004358768463
test_protein_945,0.40223595499992371
test_protein_950,0.24880810081958771
test_protein_948,0.054306808859109879
test_protein_951,0.075213141739368439
test_protein_947,0.30462047457695007
test_protein_952,0.29262116551399231
test_protein_954,0.08475060760974884
test_protein_953,0.3292701244354248
test_protein_956,0.99994373321533203
test_protein_955,0.21365867555141449
test_protein_963,0.77963244915008545
test_protein_959,0.29825973510742188
test_protein_962,0.40385422110557556
test_protein_957,0.034400410950183868
test_protein_958,0.0251731276512146
test_protein_960,4.4179994773685394e-08
test_protein_965,0.081310391426086426
test_protein_967,0.18597204983234406
test_protein_969,0.267973393201828
test_protein_961,0.013940848410129547
test_protein_970,0.10417438298463821
test_protein_966,0.18031135201454163
test_protein_973,8.7192290720849996e-08
test_protein_968,0.4741036593914032
test_protein_972,0.99051594734191895
test_protein_974,0.23720778524875641
test_protein_964,0.27237379550933838
test_protein_975,0.001424058573320508
test_protein_971,0.14836914837360382
test_protein_976,0.0031418995931744576
test_protein_987,0.40467384457588196
test_protein_980,0.17678511142730713
test_protein_981,4.0366350731346756e-05
test_protein_982,0.11908214539289474
test_protein_979,0.014331302605569363
test_protein_983,0.93184983730316162
test_protein_977,0.46202570199966431
test_protein_978,0.34102845191955566
test_protein_986,0.0037686706054955721
test_protein_988,0.24954742193222046
test_protein_984,0.075406037271022797
test_protein_990,0.00050268881022930145
test_protein_989,0.0077676153741776943
test_protein_993,0.70254164934158325
test_protein_985,0.57016581296920776
test_protein_991,0.47914433479309082
test_protein_992,0.63925576210021973
test_protein_995,0.027965348213911057
test_protein_994,0.53660082817077637
test_protein_996,0.37385779619216919
test_protein_1000,0.2715383768081665
test_protein_998,0.48910710215568542
test_protein_1001,0.33652281761169434
test_protein_999,0.24975180625915527
test_protein_997,0.22009047865867615
test_protein_1002,0.062176387757062912
test_protein_1003,0.75700712203979492
test_protein_1004,0.06919514387845993
test_protein_1008,0.24153463542461395
test_protein_1006,0.1809307187795639
test_protein_1005,0.062781646847724915
test_protein_1010,0.36812326312065125
test_protein_1007,0.22375909984111786
test_protein_1009,9.3288683274295181e-05
test_protein_1012,0.006277905311435461
test_protein_1017,0.35584956407546997
test_protein_1011,0.21092142164707184
test_protein_1015,0.39372467994689941
test_protein_1013,0.41809272766113281
test_protein_1014,4.2064825720444787e-06
test_protein_1021,0.29892817139625549
test_protein_1018,0.62539368867874146
test_protein_1022,0.10097441822290421
test_protein_1019,0.35432198643684387
test_protein_1020,0.23466509580612183
test_protein_1024,4.7735170483065303e-07
test_protein_1016,0.026494938880205154
test_protein_1025,0.23147797584533691
test_protein_1026,0.98499816656112671
test_protein_1027,0.92029261589050293
test_protein_1030,0.15461045503616333
test_protein_1023,0.26886314153671265
test_protein_1028,0.031731091439723969
test_protein_1029,0.58985906839370728
test_protein_1033,0.074457764625549316
test_protein_1031,0.1910088062286377
test_protein_1038,0.10582995414733887
test_protein_1032,0.30073714256286621
test_protein_1034,0.12792867422103882
test_protein_1035,0.42559540271759033
test_protein_1037,0.020553825423121452
test_protein_1036,0.29910886287689209
test_protein_1039,0.98264461755752563
test_protein_1043,0.77023613452911377
test_protein_1048,0.056640580296516418
test_protein_1041,0.39948379993438721
test_protein_1046,0.7373090386390686
test_protein_1040,0.86253774166107178
test_protein_1042,0.28791192173957825
test_protein_1047,0.84255474805831909
test_protein_1045,0.49512261152267456
test_protein_1053,0.12324118614196777
test_protein_1049,0.26807880401611328
test_protein_1044,0.76256299018859863
test_protein_1052,0.33716177940368652
test_protein_1055,0.23962590098381042
test_protein_1050,0.2439042329788208
test_protein_1051,0.35989493131637573
test_protein_1054,0.30030521750450134
test_protein_1061,0.060412243008613586
test_protein_1063,0.065589345991611481
test_protein_1056,0.025458002462983131
test_protein_1058,0.085702329874038696
test_protein_1060,0.16393451392650604
test_protein_1059,0.98678255081176758
test_protein_1062,0.1037822887301445
test_protein_1057,0.070399604737758636
test_protein_1069,0.31506305932998657
test_protein_1068,0.001003044075332582
test_protein_1064,0.16098453104496002
test_protein_1066,0.027378762140870094
test_protein_1065,0.17956154048442841
test_protein_1070,0.040291029959917068
test_protein_1067,0.03823104128241539
test_protein_1072,0.28559541702270508
test_protein_1074,0.14112372696399689
test_protein_1076,0.40441042184829712
test_protein_1075,4.9356713134329766e-06
test_protein_1077,4.001491333838203e-07
test_protein_1078,0.33923220634460449
test_protein_1071,0.26139447093009949
test_protein_1079,0.82919973134994507
test_protein_1073,0.073628880083560944
test_protein_1080,0.55926662683486938
test_protein_1085,0.53833925724029541
test_protein_1084,0.61565452814102173
test_protein_1081,0.47724869847297668
test_protein_1082,0.046266492456197739
test_protein_1083,0.49846118688583374
test_protein_1087,0.45113846659660339
test_protein_1091,0.51011502742767334
test_protein_1088,0.61671316623687744
test_protein_1089,0.84335708618164062
test_protein_1090,0.94911903142929077
test_protein_1086,0.27733650803565979
test_protein_1092,0.23152410984039307
test_protein_1093,0.42917490005493164
test_protein_1098,0.49048781394958496
test_protein_1102,0.78412759304046631
test_protein_1095,0.40628474950790405
test_protein_1100,0.4534619152545929
test_protein_1097,0.30410096049308777
test_protein_1096,0.59125596284866333
test_protein_1099,0.68257510662078857
test_protein_1101,0.64277100563049316
test_protein_1094,0.20264020562171936
test_protein_1111,0.31709897518157959
test_protein_1103,0.27709880471229553
test_protein_1108,0.89636540412902832
test_protein_1105,0.030358545482158661
test_protein_1109,0.97256958484649658
test_protein_1104,0.10970328003168106
test_protein_1114,0.073900468647480011
test_protein_1107,0.71218973398208618
test_protein_1106,0.92344826459884644
test_protein_1113,0.3175710141658783
test_protein_1110,0.28491529822349548
test_protein_1112,0.15847486257553101
test_protein_1115,0.14956004917621613
test_protein_1119,0.224275141954422
test_protein_1118,0.1916118711233139
test_protein_1125,0.00062669068574905396
test_protein_1116,0.20055566728115082
test_protein_1117,0.26095473766326904
test_protein_1124,4.0809581491885183e-08
test_protein_1122,0.00059407786466181278
test_protein_1120,0.18307459354400635
test_protein_1123,0.29625266790390015
test_protein_1121,0.8808673620223999
test_protein_1136,0.1592688262462616
test_protein_1140,0.15456812083721161
test_protein_1132,0.075175240635871887
test_protein_1127,0.082871422171592712
test_protein_1131,0.64785301685333252
test_protein_1126,0.021087979897856712
test_protein_1129,1.0837095942406449e-05
test_protein_1135,0.067841276526451111
test_protein_1130,0.27452757954597473
test_protein_1128,1.2328355296631344e-06
test_protein_1133,0.14604665338993073
test_protein_1134,0.23494869470596313
test_protein_1139,0.73354411125183105
test_protein_1137,0.045084215700626373
test_protein_1138,0.11375363171100616
test_protein_1141,0.7218935489654541
test_protein_1146,0.99581921100616455
test_protein_1145,0.014230163767933846
test_protein_1142,0.18269205093383789
test_protein_1144,0.57151943445205688
test_protein_1150,0.25761184096336365
test_protein_1147,0.15871562063694
test_protein_1148,0.15709137916564941
test_protein_1149,0.26196640729904175
test_protein_1143,0.46232196688652039
test_protein_1151,0.14571073651313782
test_protein_1155,0.23432564735412598
test_protein_1154,0.96364831924438477
test_protein_1157,0.89093375205993652
test_protein_1152,0.95213735103607178
test_protein_1160,0.058583967387676239
test_protein_1153,0.48860135674476624
test_protein_1156,0.4417756199836731
test_protein_1161,0.27168038487434387
test_protein_1165,0.24805411696434021
test_protein_1158,0.64301794767379761
test_protein_1159,0.077370837330818176
test_protein_1162,0.14724123477935791
test_protein_1163,0.094817817211151123
test_protein_1164,0.56056314706802368
test_protein_1167,0.0032335140276700258
test_protein_1169,0.096005871891975403
test_protein_1170,0.28011256456375122
test_protein_1168,0.044534854590892792
test_protein_1166,0.50756734609603882
test_protein_1172,0.10583456605672836
test_protein_1171,0.1232244148850441
test_protein_1175,0.31075307726860046
test_protein_1173,0.0045556030236184597
test_protein_1178,0.038960248231887817
test_protein_1174,5.7026436905971423e-09
test_protein_1176,4.0916628418763423e-10
test_protein_1179,0.082816854119300842
test_protein_1180,0.25134164094924927
test_protein_1181,0.061226494610309601
test_protein_1184,0.010361621156334877
test_protein_1186,0.39949655532836914
test_protein_1177,0.15829326212406158
test_protein_1189,0.37346357107162476
test_protein_1182,0.043508961796760559
test_protein_1183,0.017427455633878708
test_protein_1188,0.88083368539810181
test_protein_1185,0.81581157445907593
test_protein_1187,0.99228447675704956
test_protein_1190,0.3797360360622406
test_protein_1193,0.62011772394180298
test_protein_1196,0.90155744552612305
test_protein_1191,0.21802397072315216
test_protein_1195,0.700786292552948
test_protein_1194,0.12025187164545059
test_protein_1192,0.18694278597831726
test_protein_1200,0.02366766519844532
test_protein_1197,0.18939302861690521
test_protein_1199,0.35778716206550598
test_protein_1198,0.35489797592163086
test_protein_1206,0.049555547535419464
test_protein_1201,0.32857495546340942
test_protein_1207,0.36986380815505981
test_protein_1203,0.29015243053436279
test_protein_1202,0.47962954640388489
test_protein_1204,0.10687404125928879
test_protein_1208,0.65840107202529907
test_protein_1205,0.97559267282485962
test_protein_1211,0.41414600610733032
test_protein_1212,0.63857889175415039
test_protein_1209,0.028554201126098633
test_protein_1210,0.85389161109924316
test_protein_1214,0.0081322668120265007
test_protein_1220,0.15861155092716217
test_protein_1215,0.47724235057830811
test_protein_1217,0.96902221441268921
test_protein_1213,0.74051159620285034
test_protein_1218,0.0064568454399704933
test_protein_1224,0.0082814367488026619
test_protein_1222,0.021731464192271233
test_protein_1221,0.97378528118133545
test_protein_1216,0.89337241649627686
test_protein_1223,0.83703422546386719
test_protein_1219,0.6150672435760498
test_protein_1229,0.83132988214492798
test_protein_1225,0.32996371388435364
test_protein_1227,0.99011361598968506
test_protein_1232,0.50045645236968994
test_protein_1230,0.85956341028213501
test_protein_1228,0.86780542135238647
test_protein_1226,0.45736858248710632
test_protein_1231,0.47977054119110107
test_protein_1233,0.46467730402946472
test_protein_1234,0.28548941016197205
test_protein_1238,0.96269571781158447
test_protein_1236,0.9990655779838562
test_protein_1239,0.23121373355388641
test_protein_1235,0.79443174600601196
test_protein_1243,0.63262856006622314
test_protein_1237,0.36004379391670227
test_protein_1242,0.75819367170333862
test_protein_1249,0.91181159019470215
test_protein_1241,0.54480612277984619
test_protein_1246,0.56832939386367798
test_protein_1240,0.23763146996498108
test_protein_1253,0.3400493860244751
test_protein_1245,0.94589114189147949
test_protein_1244,0.83904111385345459
test_protein_1248,0.61972063779830933
test_protein_1251,0.74585241079330444
test_protein_1247,0.23441663384437561
test_protein_1254,0.035746023058891296
test_protein_1255,0.035437069833278656
test_protein_1250,0.6142839789390564
test_protein_1256,0.043029677122831345
test_protein_1252,1.3414318345894571e-05
test_protein_1258,0.16298604011535645
test_protein_1257,0.46651396155357361
test_protein_1259,0.33258554339408875
test_protein_1265,0.00015664772945456207
test_protein_1261,0.23046983778476715
test_protein_1263,0.12335654348134995
test_protein_1262,0.074211731553077698
test_protein_1260,0.51645106077194214
test_protein_1264,0.11510574817657471
test_protein_1267,0.023728223517537117
test_protein_1273,0.59094583988189697
test_protein_1268,1.5803541586478786e-08
test_protein_1269,6.2806593632558361e-06
test_protein_1266,0.34763136506080627
test_protein_1277,0.1201493963599205
test_protein_1270,0.26419666409492493
test_protein_1274,0.0023977619130164385
test_protein_1276,0.51131945848464966
test_protein_1272,0.099238544702529907
test_protein_1271,0.084016315639019012
test_protein_1275,0.083250865340232849
test_protein_1278,0.82254272699356079
test_protein_1283,0.21390192210674286
test_protein_1288,0.11360452324151993
test_protein_1282,0.0047148638404905796
test_protein_1281,0.08119548112154007
test_protein_1284,0.57703912258148193
test_protein_1280,0.46340522170066833
test_protein_1279,0.59741908311843872
test_protein_1285,0.1284625232219696
test_protein_1287,0.97107058763504028
test_protein_1289,0.55951511859893799
test_protein_1292,2.1964329732782062e-07
test_protein_1296,0.22026591002941132
test_protein_1290,0.46817135810852051
test_protein_1293,0.00041525097913108766
test_protein_1286,0.26414835453033447
test_protein_1294,0.090804398059844971
test_protein_1298,0.33115145564079285
test_protein_1291,0.20227578282356262
test_protein_1299,0.074332393705844879
test_protein_1297,0.00038091785972937942
test_protein_1295,0.292071133852005
test_protein_1300,0.091159440577030182
test_protein_1301,0.12213778495788574
test_protein_1305,0.31485331058502197
test_protein_1307,5.3551452765532304e-06
test_protein_1304,0.10809043049812317
test_protein_1302,0.04767463356256485
test_protein_1303,0.21875196695327759
test_protein_1306,0.056239146739244461
test_protein_1308,0.76332587003707886
test_protein_1309,0.34256306290626526
test_protein_1316,0.56885462999343872
test_protein_1313,0.077772550284862518
test_protein_1312,0.21962478756904602
test_protein_1319,0.47122067213058472
test_protein_1310,0.016905473545193672
test_protein_1315,0.11551942676305771
test_protein_1317,0.28633961081504822
test_protein_1311,0.15474978089332581
test_protein_1321,0.19510090351104736
test_protein_1320,0.1195070818066597
test_protein_1318,0.086949668824672699
test_protein_1323,0.059345528483390808
test_protein_1314,0.24506114423274994
test_protein_1324,0.33255869150161743
test_protein_1322,0.049198038876056671
test_protein_1325,0.19876869022846222
test_protein_1328,0.26762858033180237
test_protein_1330,0.060533322393894196
test_protein_1327,0.30673632025718689
test_protein_1333,0.92861002683639526
test_protein_1335,0.28993183374404907
test_protein_1331,0.27041059732437134
test_protein_1326,0.29418793320655823
test_protein_1332,0.15963122248649597
test_protein_1329,0.15378651022911072
test_protein_1334,0.33208683133125305
test_protein_1339,0.62878644466400146
test_protein_1336,0.053062431514263153
test_protein_1337,0.20193497836589813
test_protein_1342,0.46488192677497864
test_protein_1340,0.035899817943572998
test_protein_1344,0.41311857104301453
test_protein_1338,0.5192331075668335
test_protein_1346,0.73569738864898682
test_protein_1347,0.62255567312240601
test_protein_1341,0.163818359375
test_protein_1345,0.042880654335021973
test_protein_1343,0.60871005058288574
test_protein_1350,0.11514010280370712
test_protein_1348,0.22047822177410126
test_protein_1353,0.041899673640727997
test_protein_1351,0.24531416594982147
test_protein_1349,0.16555669903755188
test_protein_1354,0.05631391704082489
test_protein_1352,0.43794545531272888
test_protein_1362,0.001092380378395319
test_protein_1356,0.073413871228694916
test_protein_1355,0.24594520032405853
test_protein_1357,0.19299456477165222
test_protein_1359,0.21519611775875092
test_protein_1360,0.047967419028282166
test_protein_1366,0.46407708525657654
test_protein_1363,0.0085513787344098091
test_protein_1365,0.33296197652816772
test_protein_1358,0.27645641565322876
test_protein_1369,0.095267154276371002
test_protein_1361,0.054318401962518692
test_protein_1364,0.31453540921211243
test_protein_1371,0.25833597779273987
test_protein_1368,0.14767540991306305
test_protein_1372,0.44473019242286682
test_protein_1367,0.13486763834953308
test_protein_1370,0.19994617998600006
test_protein_1373,0.4393659234046936
test_protein_1375,0.69298577308654785
test_protein_1378,0.12943349778652191
test_protein_1374,0.24288323521614075
test_protein_1380,4.8035537474788725e-05
test_protein_1376,0.00020002471865154803
test_protein_1379,0.48957517743110657
test_protein_1377,0.052247002720832825
test_protein_1381,0.57351988554000854
test_protein_1385,0.30192619562149048
test_protein_1383,0.24416977167129517
test_protein_1384,6.5514745983819012e-06
test_protein_1382,0.39164313673973083
test_protein_1388,0.13177564740180969
test_protein_1392,0.13799726963043213
test_protein_1390,0.19918668270111084
test_protein_1387,0.39529931545257568
test_protein_1386,0.16271468997001648
test_protein_1393,0.33536633849143982
test_protein_1391,0.026651065796613693
test_protein_1389,0.129001185297966
test_protein_1395,0.37819692492485046
test_protein_1396,0.035115823149681091
test_protein_1399,0.025907708331942558
test_protein_1394,0.08539234846830368
test_protein_1398,0.1490197628736496
test_protein_1397,0.44028091430664062
test_protein_1404,0.34771415591239929
test_protein_1405,0.0028209220618009567
test_protein_1403,0.026356920599937439
test_protein_1400,0.37694248557090759
test_protein_1401,0.2043641060590744
test_protein_1402,0.68098890781402588
test_protein_1411,0.039524659514427185
test_protein_1408,0.056276291608810425
test_protein_1406,0.2031383216381073
test_protein_1409,0.17986242473125458
test_protein_1407,0.60746783018112183
test_protein_1415,0.071149282157421112
test_protein_1410,0.026148125529289246
test_protein_1412,0.0095218736678361893
test_protein_1414,0.37397658824920654
test_protein_1413,0.13651628792285919
test_protein_1417,0.30754363536834717
test_protein_1420,0.49476233124732971
test_protein_1416,0.36415362358093262
test_protein_1419,0.25776690244674683
test_protein_1418,0.40779626369476318
test_protein_1421,0.013525347225368023
test_protein_1424,0.47546976804733276
test_protein_1422,0.00041376374429091811
test_protein_1423,0.13113321363925934
test_protein_1429,0.15351222455501556
test_protein_1427,0.036235462874174118
test_protein_1428,0.01664111390709877
test_protein_1426,0.53750795125961304
test_protein_1435,0.30941975116729736
test_protein_1425,0.18075057864189148
test_protein_1430,0.13205832242965698
test_protein_1439,0.44767645001411438
test_protein_1431,0.0062606311403214931
test_protein_1432,0.24650192260742188
test_protein_1443,0.0036423266865313053
test_protein_1440,0.52088099718093872
test_protein_1436,0.2146526575088501
test_protein_1433,0.28723275661468506
test_protein_1437,0.50393408536911011
test_protein_1434,0.35592097043991089
test_protein_1438,0.060869079083204269
test_protein_1442,0.31231445074081421
test_protein_1441,0.28323927521705627
test_protein_1448,0.14062219858169556
test_protein_1444,0.081349194049835205
test_protein_1449,0.34610834717750549
test_protein_1446,0.00051422795513644814
test_protein_1450,0.041070666164159775
test_protein_1447,0.21700061857700348
test_protein_1445,0.48925167322158813
test_protein_1452,0.14575079083442688
test_protein_1451,0.0062429634854197502
test_protein_1456,0.13583208620548248
test_protein_1455,0.48790618777275085
test_protein_1453,0.066265128552913666
test_protein_1457,0.0011776458704844117
test_protein_1454,0.22779832780361176
test_protein_1460,0.46404111385345459
test_protein_1466,0.0010532084852457047
test_protein_1463,0.50098699331283569
test_protein_1461,0.29030588269233704
test_protein_1464,0.72787439823150635
test_protein_1462,0.52267909049987793
test_protein_1458,0.0682244673371315
test_protein_1465,0.13765703141689301
test_protein_1459,0.056864157319068909
test_protein_1467,0.7014617919921875
test_protein_1473,0.10347931087017059
test_protein_1469,0.0359676294028759
test_protein_1468,0.12442173808813095
test_protein_1471,0.00010306298645446077
test_protein_1475,0.15588198602199554
test_protein_1472,0.10027928650379181
test_protein_1470,0.27141377329826355
test_protein_1476,0.20449285209178925
test_protein_1474,0.13335847854614258
test_protein_1478,0.33431538939476013
test_protein_1479,0.014243346638977528
test_protein_1477,0.067984998226165771
test_protein_1484,0.14896920323371887
test_protein_1480,0.61688905954360962
test_protein_1482,0.15026140213012695
test_protein_1485,0.30492761731147766
test_protein_1483,0.32853150367736816
test_protein_1481,0.095069192349910736
test_protein_1487,0.16576199233531952
test_protein_1489,0.99020689725875854
test_protein_1491,0.28853017091751099
test_protein_1486,0.18170283734798431
test_protein_1492,0.012975131161510944
test_protein_1488,0.96547460556030273
test_protein_1496,0.015218020416796207
test_protein_1501,1.953676246557734e-06
test_protein_1495,0.27952781319618225
test_protein_1499,0.30249953269958496
test_protein_1490,0.60431826114654541
test_protein_1494,0.79644757509231567
test_protein_1493,0.02527960017323494
test_protein_1498,9.2059653979958966e-06
test_protein_1497,0.00075127702439203858
test_protein_1507,0.97307533025741577
test_protein_1503,0.024911705404520035
test_protein_1500,9.857438953986275e-07
test_protein_1502,0.0052750497125089169
test_protein_1506,0.95834332704544067
test_protein_1504,0.53425276279449463
test_protein_1508,6.963504972645751e-08
test_protein_1505,0.39274832606315613
test_protein_1510,0.29452940821647644
test_protein_1515,0.51169627904891968
test_protein_1509,0.18360035121440887
test_protein_1514,0.24918565154075623
test_protein_1512,0.19911223649978638
test_protein_1511,0.30577492713928223
test_protein_1516,0.14404718577861786
test_protein_1518,0.20788128674030304
test_protein_1513,0.54505521059036255
test_protein_1517,0.023360131308436394
test_protein_1520,0.10858181118965149
test_protein_1522,3.3109190553659573e-06
test_protein_1526,0.23301404714584351
test_protein_1519,0.011965901590883732
test_protein_1524,0.23502509295940399
test_protein_1521,0.17425394058227539
test_protein_1531,0.040075033903121948
test_protein_1523,0.48649778962135315
test_protein_1530,0.35392734408378601
test_protein_1532,0.90943789482116699
test_protein_1527,0.55035591125488281
test_protein_1528,0.9133230447769165
test_protein_1534,0.59798413515090942
test_protein_1529,0.99510574340820312
test_protein_1525,0.032275862991809845
test_protein_1533,0.00049571407726034522
test_protein_1540,0.06395336240530014
test_protein_1543,0.79678988456726074
test_protein_1541,0.23944142460823059
test_protein_1538,0.064998209476470947
test_protein_1536,0.1720956414937973
test_protein_1539,0.064034648239612579
test_protein_1535,0.12832552194595337
test_protein_1537,0.040409974753856659
test_protein_1545,0.028589937835931778
test_protein_1546,0.055450093001127243
test_protein_1544,0.36337840557098389
test_protein_1542,0.65469527244567871
test_protein_1550,0.086618103086948395
test_protein_1548,4.4535144461121945e-09
test_protein_1552,0.54120254516601562
test_protein_1549,0.15943929553031921
test_protein_1555,0.25208142399787903
test_protein_1551,0.65744739770889282
test_protein_1554,0.2659149169921875
test_protein_1547,0.26509523391723633
test_protein_1553,0.21924710273742676
test_protein_1557,0.49012625217437744
test_protein_1558,0.11773853003978729
test_protein_1559,0.60087400674819946
test_protein_1556,0.34202146530151367
test_protein_1565,0.40567547082901001
test_protein_1566,0.08517860621213913
test_protein_1564,0.35593929886817932
test_protein_1568,0.33372479677200317
test_protein_1567,0.22597730159759521
test_protein_1561,0.00061082310276106
test_protein_1562,0.32686144113540649
test_protein_1560,0.35253968834877014
test_protein_1563,0.27000170946121216
test_protein_1572,0.13411526381969452
test_protein_1571,0.05638611689209938
test_protein_1569,0.32438448071479797
test_protein_1576,0.26874515414237976
test_protein_1579,0.25611662864685059
test_protein_1570,0.088018298149108887
test_protein_1577,0.52366393804550171
test_protein_1583,0.11736197769641876
test_protein_1574,0.064024016261100769
test_protein_1575,0.077835187315940857
test_protein_1581,0.00056179671082645655
test_protein_1582,0.21391952037811279
test_protein_1578,0.20459826290607452
test_protein_1573,0.073106132447719574
test_protein_1580,0.46397152543067932
test_protein_1593,0.025020834058523178
test_protein_1589,0.62963497638702393
test_protein_1586,0.018022706732153893
test_protein_1587,0.86238068342208862
test_protein_1591,0.20016391575336456
test_protein_1584,1.8582469465400209e-06
test_protein_1588,0.28942418098449707
test_protein_1585,0.22310756146907806
test_protein_1590,0.0067628221586346626
test_protein_1594,0.026990022510290146
test_protein_1595,0.78081035614013672
test_protein_1592,0.27292704582214355
test_protein_1599,0.20670323073863983
test_protein_1597,0.1090574711561203
test_protein_1596,0.0069883218966424465
test_protein_1598,0.37365266680717468
test_protein_1605,0.48333740234375
test_protein_1603,0.011314233765006065
test_protein_1604,0.24776165187358856
test_protein_1607,3.3489151974208653e-05
test_protein_1611,0.31640914082527161
test_protein_1600,0.17860740423202515
test_protein_1602,0.002010393189266324
test_protein_1606,0.86484187841415405
test_protein_1612,0.34588348865509033
test_protein_1601,0.30624228715896606
test_protein_1609,0.41768145561218262
test_protein_1608,0.57656127214431763
test_protein_1610,0.57269412279129028
test_protein_1614,0.36910459399223328
test_protein_1623,0.079143010079860687
test_protein_1615,0.17047913372516632
test_protein_1617,0.95998477935791016
test_protein_1616,0.058831159025430679
test_protein_1618,0.024038424715399742
test_protein_1613,0.039879623800516129
test_protein_1620,0.31304708123207092
test_protein_1619,0.15292972326278687
test_protein_1621,0.43950816988945007
test_protein_1622,2.5349589094503244e-08
test_protein_1629,0.55625283718109131
test_protein_1624,0.23850513994693756
test_protein_1625,0.0094774244353175163
test_protein_1626,0.1816180944442749
test_protein_1632,3.0855127342022115e-09
test_protein_1630,0.036540966480970383
test_protein_1635,0.3682931661605835
test_protein_1633,0.26489773392677307
test_protein_1631,0.031872477382421494
test_protein_1628,0.036339342594146729
test_protein_1627,0.75930392742156982
test_protein_1634,0.25742051005363464
test_protein_1636,0.47467240691184998
test_protein_1644,0.23221287131309509
test_protein_1640,0.30965602397918701
test_protein_1639,0.003605543402954936
test_protein_1638,0.83200126886367798
test_protein_1645,0.10049180686473846
test_protein_1641,0.25254285335540771
test_protein_1649,0.48547634482383728
test_protein_1643,0.2527042031288147
test_protein_1642,0.29486650228500366
test_protein_1637,0.15897573530673981
test_protein_1646,0.5047338604927063
test_protein_1647,2.5246714940863058e-08
test_protein_1648,0.059389639645814896
test_protein_1657,0.043656744062900543
test_protein_1651,0.11779434233903885
test_protein_1650,0.078775502741336823
test_protein_1659,0.0044367467053234577
test_protein_1654,0.1337381899356842
test_protein_1660,0.18642979860305786
test_protein_1653,0.022994328290224075
test_protein_1655,0.051383577287197113
test_protein_1661,0.012044889852404594
test_protein_1656,0.12511956691741943
test_protein_1652,0.26439541578292847
test_protein_1658,0.26696452498435974
test_protein_1667,0.034118477255105972
test_protein_1665,0.030063863843679428
test_protein_1671,0.66854482889175415
test_protein_1666,0.45826166868209839
test_protein_1675,0.29632678627967834
test_protein_1662,0.45858979225158691
test_protein_1664,0.38088598847389221
test_protein_1668,0.095360405743122101
test_protein_1663,9.3994647613726556e-05
test_protein_1669,0.31930243968963623
test_protein_1670,0.62999182939529419
test_protein_1678,0.29627689719200134
test_protein_1674,0.29025900363922119
test_protein_1673,0.5289081335067749
test_protein_1677,0.39193668961524963
test_protein_1681,0.63319301605224609
test_protein_1680,0.59116768836975098
test_protein_1676,0.43556147813796997
test_protein_1682,0.69781494140625
test_protein_1679,0.094060473144054413
test_protein_1683,0.021296000108122826
test_protein_1672,0.46655747294425964
test_protein_1684,0.034088727086782455
test_protein_1690,0.22970548272132874
test_protein_1693,1.7835084520356759e-08
test_protein_1685,0.57264488935470581
test_protein_1688,0.20211879909038544
test_protein_1692,0.35272142291069031
test_protein_1695,2.4347606597530103e-08
test_protein_1687,0.077828593552112579
test_protein_1689,0.94459372758865356
test_protein_1686,0.41076213121414185
test_protein_1691,0.00053966249106451869
test_protein_1700,0.27732756733894348
test_protein_1694,0.45399448275566101
test_protein_1698,0.72949045896530151
test_protein_1696,0.54844176769256592
test_protein_1697,0.34453916549682617
test_protein_1701,0.0031926911324262619
test_protein_1704,0.18687282502651215
test_protein_1699,0.1870112270116806
test_protein_1710,0.63096135854721069
test_protein_1703,0.33225888013839722
test_protein_1705,0.3395412266254425
test_protein_1702,0.27064883708953857
test_protein_1708,0.0021444079466164112
test_protein_1707,0.34939864277839661
test_protein_1706,0.09125983715057373
test_protein_1709,7.8809927799738944e-05
test_protein_1718,0.13659469783306122
test_protein_1715,0.95727497339248657
test_protein_1716,0.040225017815828323
test_protein_1713,0.24429428577423096
test_protein_1714,0.99201059341430664
test_protein_1720,0.076006703078746796
test_protein_1712,1.0431075679662172e-05
test_protein_1711,0.11360042542219162
test_protein_1719,0.30813157558441162
test_protein_1717,0.25427260994911194
test_protein_1722,0.85563552379608154
test_protein_1721,0.3089001476764679
test_protein_1729,0.59462302923202515
test_protein_1724,0.51970255374908447
test_protein_1723,0.76997482776641846
test_protein_1728,0.069241903722286224
test_protein_1732,0.016013618558645248
test_protein_1734,0.26826292276382446
test_protein_1730,0.14142639935016632
test_protein_1731,0.50867003202438354
test_protein_1726,0.56257528066635132
test_protein_1733,0.76370394229888916
test_protein_1736,0.73914951086044312
test_protein_1727,0.049858033657073975
test_protein_1725,0.23129545152187347
test_protein_1735,0.22175547480583191
test_protein_1737,0.36988511681556702
test_protein_1740,0.5596691370010376
test_protein_1739,0.40049833059310913
test_protein_1742,0.56855028867721558
test_protein_1738,0.352805495262146
test_protein_1741,0.97455185651779175
test_protein_1743,0.012950013391673565
test_protein_1747,0.19096919894218445
test_protein_1746,0.51883012056350708
test_protein_1745,0.16623540222644806
test_protein_1748,0.32099243998527527
test_protein_1750,0.34512507915496826
test_protein_1751,0.23014315962791443
test_protein_1749,0.24316051602363586
test_protein_1752,0.38018518686294556
test_protein_1755,0.7077404260635376
test_protein_1753,0.076154701411724091
test_protein_1756,0.16212184727191925
test_protein_1757,0.40080168843269348
test_protein_1744,0.12215765565633774
test_protein_1759,0.98943650722503662
test_protein_1754,0.41828054189682007
test_protein_1758,0.00044672164949588478
test_protein_1760,1.3506860341294669e-05
test_protein_1761,0.14238743484020233
test_protein_1765,0.37004628777503967
test_protein_1768,0.56363552808761597
test_protein_1766,0.11742377281188965
test_protein_1770,0.36180257797241211
test_protein_1772,0.1252707839012146
test_protein_1764,0.91024869680404663
test_protein_1762,0.5514187216758728
test_protein_1767,0.17705191671848297
test_protein_1763,0.9508209228515625
test_protein_1771,0.063897378742694855
test_protein_1773,0.19376485049724579
test_protein_1769,0.21753723919391632
test_protein_1777,0.27021631598472595
test_protein_1775,0.13013237714767456
test_protein_1774,0.6625669002532959
test_protein_1776,0.45613154768943787
test_protein_1778,0.22160336375236511
test_protein_1780,0.43164116144180298
test_protein_1779,0.28112229704856873
test_protein_1781,0.23053890466690063
test_protein_1784,0.1271434873342514
test_protein_1782,0.20346558094024658
test_protein_1785,0.60103750228881836
test_protein_1783,0.25638079643249512
test_protein_1787,0.07326093316078186
test_protein_1786,0.023335060104727745
test_protein_1789,0.22184576094150543
test_protein_1788,0.23843578994274139
test_protein_1792,0.92402476072311401
test_protein_1790,0.11999017745256424
test_protein_1791,0.093333616852760315
test_protein_1797,0.30001366138458252
test_protein_1795,0.058991286903619766
test_protein_1794,0.20059506595134735
test_protein_1796,0.21850652992725372
test_protein_1793,0.99266022443771362
test_protein_1798,0.08375270664691925
test_protein_1799,0.22363296151161194
test_protein_1806,0.15372288227081299
test_protein_1800,0.12608665227890015
test_protein_1804,0.27164438366889954
test_protein_1801,0.069383487105369568
test_protein_1802,0.011978365480899811
test_protein_1803,0.3894554078578949
test_protein_1808,0.021127080544829369
test_protein_1805,0.01262578833848238
test_protein_1807,3.7377901662694057e-07
test_protein_1812,0.20942169427871704
test_protein_1816,0.22087082266807556
test_protein_1815,0.4054335355758667
test_protein_1809,0.016493525356054306
test_protein_1811,0.44215226173400879
test_protein_1810,0.022660166025161743
test_protein_1813,0.02580951526761055
test_protein_1814,0.28214094042778015
test_protein_1819,0.460359126329422
test_protein_1821,0.36175566911697388
test_protein_1817,0.20813930034637451
test_protein_1818,0.87576645612716675
test_protein_1825,0.15442231297492981
test_protein_1823,0.42032444477081299
test_protein_1826,0.17419302463531494
test_protein_1829,0.34596407413482666
test_protein_1827,0.053259655833244324
test_protein_1820,0.54180687665939331
test_protein_1833,0.94288367033004761
test_protein_1830,0.040470201522111893
test_protein_1824,0.11834539473056793
test_protein_1831,0.99977940320968628
test_protein_1832,0.86900907754898071
test_protein_1828,0.21868263185024261
test_protein_1822,0.086463779211044312
test_protein_1837,0.46869254112243652
test_protein_1834,0.94147223234176636
test_protein_1836,0.91336053609848022
test_protein_1835,0.99374192953109741
test_protein_1838,0.66712337732315063
test_protein_1839,0.24591758847236633
test_protein_1840,0.31749722361564636
test_protein_1841,0.46636822819709778
test_protein_1842,2.4519601993233664e-07
test_protein_1848,0.37713399529457092
test_protein_1846,5.0851622290792875e-06
test_protein_1844,0.044933099299669266
test_protein_1849,0.46341425180435181
test_protein_1853,0.27183565497398376
test_protein_1855,0.16268284618854523
test_protein_1843,0.026433248072862625
test_protein_1852,0.024647874757647514
test_protein_1851,0.72866952419281006
test_protein_1850,0.24209858477115631
test_protein_1857,0.4478684663772583
test_protein_1845,9.1223661513595289e-08
test_protein_1856,0.3814234733581543
test_protein_1847,8.7025483708202955e-08
test_protein_1854,0.17402875423431396
test_protein_1858,8.7740801291147363e-07
test_protein_1863,0.35881441831588745
test_protein_1860,0.24873796105384827
test_protein_1867,0.41290327906608582
test_protein_1866,0.34664440155029297
test_protein_1859,0.33259451389312744
test_protein_1862,0.57297325134277344
test_protein_1861,0.16876997053623199
test_protein_1865,0.23696665465831757
test_protein_1868,0.58993661403656006
test_protein_1870,0.32938244938850403
test_protein_1864,0.13729368150234222
test_protein_1871,0.031969297677278519
test_protein_1872,0.5490230917930603
test_protein_1873,0.23738780617713928
test_protein_1875,0.008545619435608387
test_protein_1869,0.32228142023086548
test_protein_1874,0.038488209247589111
test_protein_1877,0.019851485267281532
test_protein_1876,0.160136878490448
test_protein_1880,0.40377822518348694
test_protein_1878,0.14659591019153595
test_protein_1879,0.74195903539657593
test_protein_1881,0.34833347797393799
test_protein_1884,0.44735673069953918
test_protein_1885,0.59446901082992554
test_protein_1886,0.19740128517150879
test_protein_1887,0.043023865669965744
test_protein_1882,0.5821797251701355
test_protein_1888,0.26709046959877014
test_protein_1889,0.27071815729141235
test_protein_1883,0.18154716491699219
test_protein_1893,0.84140658378601074
test_protein_1891,0.10424208641052246
test_protein_1890,0.65055757761001587
test_protein_1892,0.25794348120689392
test_protein_1894,0.7730676531791687
test_protein_1900,0.69921797513961792
test_protein_1896,0.96587401628494263
test_protein_1897,0.40879809856414795
test_protein_1905,0.25509649515151978
test_protein_1898,0.44360747933387756
test_protein_1901,0.76551252603530884
test_protein_1907,0.10294830054044724
test_protein_1902,0.74253034591674805
test_protein_1895,0.22612756490707397
test_protein_1899,0.50476735830307007
test_protein_1903,0.43662089109420776
test_protein_1908,0.0036373811308294535
test_protein_1906,0.24122039973735809
test_protein_1910,0.46445617079734802
test_protein_1904,0.17340750992298126
test_protein_1909,0.94658958911895752
test_protein_1912,0.38405489921569824
test_protein_1911,0.43534711003303528
test_protein_1915,0.065041862428188324
test_protein_1917,0.1599070280790329
test_protein_1913,0.49605628848075867
test_protein_1914,0.0012003594310954213
test_protein_1919,0.010828240774571896
test_protein_1916,0.16567188501358032
test_protein_1918,0.43919351696968079
test_protein_1921,0.010395620949566364
test_protein_1920,0.15426595509052277
test_protein_1923,0.0743856281042099
test_protein_1929,0.030312735587358475
test_protein_1930,0.99251323938369751
test_protein_1925,0.26603743433952332
test_protein_1924,0.25248181819915771
test_protein_1926,0.15409651398658752
test_protein_1931,0.32317975163459778
test_protein_1927,0.53795814514160156
test_protein_1922,0.33629384636878967
test_protein_1933,0.076656758785247803
test_protein_1935,9.4824063125997782e-06
test_protein_1928,0.87398868799209595
test_protein_1934,0.29274272918701172
test_protein_1936,1.5411144431709545e-06
test_protein_1932,0.992145836353302
test_protein_1938,0.07297525554895401
test_protein_1939,0.14723938703536987
test_protein_1941,0.071133382618427277
test_protein_1943,0.27772501111030579
test_protein_1937,2.8663005195994629e-06
test_protein_1940,0.22094501554965973
test_protein_1945,0.094749785959720612
test_protein_1942,0.041127782315015793
test_protein_1946,0.35688653588294983
test_protein_1944,0.18949194252490997
test_protein_1949,0.22328226268291473
test_protein_1947,0.38343733549118042
test_protein_1951,0.04843265563249588
test_protein_1955,0.45232704281806946
test_protein_1954,0.59697073698043823
test_protein_1957,0.64733803272247314
test_protein_1950,0.085056118667125702
test_protein_1960,0.20728486776351929
test_protein_1948,0.34305939078330994
test_protein_1958,0.21625544130802155
test_protein_1961,0.96020418405532837
test_protein_1953,0.85521185398101807
test_protein_1952,0.43162781000137329
test_protein_1959,0.15711131691932678
test_protein_1956,0.27658066153526306
test_protein_1962,0.69843816757202148
test_protein_1968,0.50428444147109985
test_protein_1965,0.4621119499206543
test_protein_1966,0.40621495246887207
test_protein_1963,0.22089120745658875
test_protein_1974,0.14793355762958527
test_protein_1964,0.30542650818824768
test_protein_1970,0.50043594837188721
test_protein_1967,0.31318846344947815
test_protein_1969,0.054666668176651001
test_protein_1977,0.4948805570602417
test_protein_1975,0.58032053709030151
test_protein_1976,0.36456751823425293
test_protein_1971,0.37853944301605225
test_protein_1973,0.1299254447221756
test_protein_1984,0.76089948415756226
test_protein_1982,0.11754149198532104
test_protein_1972,0.086565777659416199
test_protein_1979,0.51507586240768433
test_protein_1981,0.071189671754837036
test_protein_1980,0.62484204769134521
test_protein_1983,0.54320919513702393
test_protein_1978,0.40512961149215698
test_protein_1988,0.38356494903564453
test_protein_1985,0.41915935277938843
test_protein_1986,0.77779132127761841
test_protein_1987,0.022477712482213974
test_protein_1996,0.88646280765533447
test_protein_1994,0.78472983837127686
test_protein_1998,0.00079708837438374758
test_protein_1992,0.27008622884750366
test_protein_1989,0.16710348427295685
test_protein_1990,0.20506204664707184
test_protein_1993,0.89145535230636597
test_protein_1991,0.61703962087631226
test_protein_1997,0.26226258277893066
test_protein_2000,0.18281163275241852
test_protein_1995,0.61689013242721558
test_protein_2002,8.2583268522284925e-05
test_protein_2007,6.4863819204674655e-08
test_protein_2003,0.29181656241416931
test_protein_2004,0.51075875759124756
test_protein_2009,0.55580687522888184
test_protein_2005,0.017466798424720764
test_protein_2010,0.21910639107227325
test_protein_2011,0.53077596426010132
test_protein_2013,0.41350811719894409
test_protein_1999,0.0055151130072772503
test_protein_2001,5.4536911875402438e-08
test_protein_2006,0.43978533148765564
test_protein_2012,0.093398623168468475
test_protein_2008,0.12745018303394318
test_protein_2014,0.66493529081344604
test_protein_2016,0.53914391994476318
test_protein_2020,0.20016336441040039
test_protein_2018,0.094158254563808441
test_protein_2017,0.71747320890426636
test_protein_2022,0.7550429105758667
test_protein_2015,0.1917736828327179
test_protein_2019,0.081302620470523834
test_protein_2021,0.069119095802307129
test_protein_2023,0.52124583721160889
test_protein_2025,0.55971723794937134
test_protein_2024,0.26391467452049255
test_protein_2027,0.62863457202911377
test_protein_2029,0.38714417815208435
test_protein_2028,0.94094181060791016
test_protein_2034,0.62586253881454468
test_protein_2030,0.15781788527965546
test_protein_2026,0.58997124433517456
test_protein_2035,0.0082476744428277016
test_protein_2037,0.61251217126846313
test_protein_2036,0.096433289349079132
test_protein_2031,0.20655085146427155
test_protein_2032,0.31803977489471436
test_protein_2033,0.70682179927825928
test_protein_2042,0.9888719916343689
test_protein_2038,0.27342841029167175
test_protein_2039,0.30650556087493896
test_protein_2041,0.44013199210166931
test_protein_2040,0.71729093790054321
test_protein_2044,0.50396943092346191
test_protein_2047,0.57859313488006592
test_protein_2051,0.49783551692962646
test_protein_2046,0.62266874313354492
test_protein_2045,0.34868258237838745
test_protein_2043,0.4373895525932312
test_protein_2052,0.92457979917526245
test_protein_2053,0.69946831464767456
test_protein_2048,0.22791849076747894
test_protein_2049,0.3454081118106842
test_protein_2055,0.25767648220062256
test_protein_2054,0.52926892042160034
test_protein_2050,0.11093175411224365
test_protein_2056,0.46588134765625
test_protein_2057,0.39746788144111633
test_protein_2058,0.20633527636528015
test_protein_2059,0.4452185332775116
test_protein_2061,0.17829503118991852
test_protein_2060,0.32774209976196289
test_protein_2066,0.090959303081035614
test_protein_2064,0.18611663579940796
test_protein_2067,0.36640563607215881
test_protein_2065,0.27247780561447144
test_protein_2071,0.35569769144058228
test_protein_2062,0.59699451923370361
test_protein_2063,0.055448818951845169
test_protein_2069,0.093817971646785736
test_protein_2072,0.73615211248397827
test_protein_2068,0.43282833695411682
test_protein_2070,0.69240909814834595
test_protein_2078,0.026518486440181732
test_protein_2074,0.98918426036834717
test_protein_2073,0.11688297986984253
test_protein_2079,0.10245277732610703
test_protein_2075,0.99921667575836182
test_protein_2081,0.32520350813865662
test_protein_2082,0.092480666935443878
test_protein_2076,0.093017123639583588
test_protein_2077,0.076941333711147308
test_protein_2083,0.29219445586204529
test_protein_2080,0.42729243636131287
test_protein_2087,0.1809086948633194
test_protein_2084,0.08657652884721756
test_protein_2085,0.10124634206295013
test_protein_2088,0.55809104442596436
test_protein_2092,0.25205633044242859
test_protein_2086,0.13308742642402649
test_protein_2089,0.16698107123374939
test_protein_2093,0.50116157531738281
test_protein_2090,0.14586445689201355
test_protein_2095,0.31019070744514465
test_protein_2094,0.012568162754178047
test_protein_2097,0.013110371306538582
test_protein_2099,0.45366811752319336
test_protein_2091,0.053112953901290894
test_protein_2096,0.19007265567779541
test_protein_2100,0.2813965380191803
test_protein_2102,0.32484489679336548
test_protein_2098,0.43492928147315979
test_protein_2104,0.2675049901008606
test_protein_2105,0.56169474124908447
test_protein_2101,0.35167226195335388
test_protein_2103,0.59344732761383057
test_protein_2106,0.32178604602813721
test_protein_2108,0.14318712055683136
test_protein_2111,0.38145747780799866
test_protein_2114,0.29677918553352356
test_protein_2117,0.12408683449029922
test_protein_2110,0.53658437728881836
test_protein_2107,0.46652036905288696
test_protein_2109,0.060462776571512222
test_protein_2113,0.30163028836250305
test_protein_2112,0.52910524606704712
test_protein_2116,0.023779792711138725
test_protein_2122,0.21531109511852264
test_protein_2123,0.53417295217514038
test_protein_2115,0.21992842853069305
test_protein_2120,0.10170961916446686
test_protein_2125,0.025828499346971512
test_protein_2118,0.55943578481674194
test_protein_2119,0.15020464360713959
test_protein_2128,0.33028244972229004
test_protein_2130,0.47559401392936707
test_protein_2121,0.49395197629928589
test_protein_2126,0.3531707227230072
test_protein_2131,0.87676990032196045
test_protein_2124,0.18228471279144287
test_protein_2129,0.53778558969497681
test_protein_2127,0.48353028297424316
test_protein_2139,0.29921987652778625
test_protein_2138,0.26128730177879333
test_protein_2136,0.28693956136703491
test_protein_2132,0.29882767796516418
test_protein_2134,0.55136370658874512
test_protein_2133,9.2665661810542588e-09
test_protein_2135,0.11752129346132278
test_protein_2137,0.70021778345108032
test_protein_2141,0.4276047945022583
test_protein_2140,0.033086817711591721
test_protein_2142,0.45013737678527832
test_protein_2151,0.37818345427513123
test_protein_2143,0.02969425730407238
test_protein_2146,0.1329997181892395
test_protein_2149,0.21195921301841736
test_protein_2148,0.64441835880279541
test_protein_2144,0.4575977623462677
test_protein_2150,0.33121731877326965
test_protein_2147,0.088481180369853973
test_protein_2153,0.36939600110054016
test_protein_2145,0.48553270101547241
test_protein_2152,0.37106740474700928
test_protein_2164,0.29265350103378296
test_protein_2157,0.5199851393699646
test_protein_2159,0.24159757792949677
test_protein_2156,0.039542838931083679
test_protein_2158,0.13114240765571594
test_protein_2163,0.047119114547967911
test_protein_2154,0.64855450391769409
test_protein_2155,0.20157763361930847
test_protein_2160,0.52948975563049316
test_protein_2162,1.0856037846451727e-07
test_protein_2161,0.010875431820750237
test_protein_2165,0.4390999972820282
test_protein_2168,0.32394930720329285
test_protein_2166,0.64218395948410034
test_protein_2167,0.39158669114112854
test_protein_2171,0.6943623423576355
test_protein_2169,0.58796572685241699
test_protein_2174,0.74780863523483276
test_protein_2173,0.085647530853748322
test_protein_2175,0.010558545589447021
test_protein_2172,0.62519103288650513
test_protein_2170,0.89836025238037109
test_protein_2176,0.24594585597515106
test_protein_2177,0.78844732046127319
test_protein_2181,0.32995855808258057
test_protein_2184,0.0030572093091905117
test_protein_2178,0.38613134622573853
test_protein_2180,0.17718951404094696
test_protein_2183,0.060012955218553543
test_protein_2179,0.35553601384162903
test_protein_2185,0.68242084980010986
test_protein_2188,0.22142429649829865
test_protein_2187,0.096886344254016876
test_protein_2182,0.51317280530929565
test_protein_2186,0.01425331924110651
test_protein_2193,0.29156440496444702
test_protein_2191,0.45331141352653503
test_protein_2198,0.063591592013835907
test_protein_2194,0.28658849000930786
test_protein_2190,0.51939713954925537
test_protein_2189,0.50146204233169556
test_protein_2197,0.31455129384994507
test_protein_2192,0.84480780363082886
test_protein_2195,0.27220141887664795
test_protein_2196,0.11644202470779419
test_protein_2199,0.46048805117607117
test_protein_2201,0.47392246127128601
test_protein_2200,0.092638790607452393
test_protein_2205,0.0083421627059578896
test_protein_2203,3.4340624551987275e-05
test_protein_2202,0.71146601438522339
test_protein_2204,0.35588127374649048
test_protein_2208,0.22982683777809143
test_protein_2207,0.17515543103218079
test_protein_2211,0.34533399343490601
test_protein_2210,0.68420988321304321
test_protein_2215,0.114863321185112
test_protein_2206,0.20458249747753143
test_protein_2212,0.22267557680606842
test_protein_2213,0.34811222553253174
test_protein_2209,0.58649569749832153
test_protein_2216,0.095140382647514343
test_protein_2217,0.10479564219713211
test_protein_2214,0.10046228766441345
test_protein_2218,0.023834239691495895
test_protein_2220,0.12686197459697723
test_protein_2222,0.081318221986293793
test_protein_2221,0.24605230987071991
test_protein_2225,0.17082156240940094
test_protein_2223,0.34560099244117737
test_protein_2219,0.091594956815242767
test_protein_2224,0.17837108671665192
test_protein_2226,0.5986177921295166
test_protein_2230,0.48796859383583069
test_protein_2228,0.4538942277431488
test_protein_2229,0.4064050018787384
test_protein_2235,0.36684015393257141
test_protein_2231,0.03219897672533989
test_protein_2241,0.34977242350578308
test_protein_2237,0.263313889503479
test_protein_2233,0.10883284360170364
test_protein_2238,0.17839756608009338
test_protein_2239,0.3494325578212738
test_protein_2240,0.25472161173820496
test_protein_2227,0.40194323658943176
test_protein_2234,0.36011508107185364
test_protein_2243,0.71086996793746948
test_protein_2244,0.98635822534561157
test_protein_2232,0.48804482817649841
test_protein_2246,0.4450642466545105
test_protein_2236,0.030518662184476852
test_protein_2245,0.71803808212280273
test_protein_2242,0.3472750186920166
test_protein_2247,0.65619540214538574
test_protein_2249,0.44166934490203857
test_protein_2250,0.14428010582923889
test_protein_2253,0.0088052637875080109
test_protein_2251,0.42891651391983032
test_protein_2254,0.98667997121810913
test_protein_2248,0.69061028957366943
test_protein_2258,0.44660788774490356
test_protein_2257,0.20572257041931152
test_protein_2256,0.14462599158287048
test_protein_2259,0.1484905332326889
test_protein_2255,0.52876293659210205
test_protein_2252,0.15243688225746155
test_protein_2263,0.17854852974414825
test_protein_2264,0.085993997752666473
test_protein_2268,0.44270172715187073
test_protein_2271,0.40737411379814148
test_protein_2262,0.55477255582809448
test_protein_2260,0.23875263333320618
test_protein_2265,0.44654524326324463
test_protein_2266,0.71597450971603394
test_protein_2270,0.59316694736480713
test_protein_2269,0.53674310445785522
test_protein_2267,0.85291063785552979
test_protein_2261,0.5489732027053833
test_protein_2274,0.34075349569320679
test_protein_2279,0.21355694532394409
test_protein_2272,0.34689661860466003
test_protein_2273,6.3014122133608907e-05
test_protein_2275,0.16806532442569733
test_protein_2276,0.073018632829189301
test_protein_2277,0.41540306806564331
test_protein_2280,0.23916293680667877
test_protein_2278,0.44878435134887695
test_protein_2282,0.95422118902206421
test_protein_2286,0.72582578659057617
test_protein_2287,0.10466368496417999
test_protein_2281,0.76342636346817017
test_protein_2284,0.67555457353591919
test_protein_2283,0.7023625373840332
test_protein_2285,0.99339586496353149
test_protein_2289,0.3052305281162262
test_protein_2291,0.043018225580453873
test_protein_2288,0.50589579343795776
test_protein_2292,0.63344776630401611
test_protein_2290,0.17814312875270844
test_protein_2293,0.25973120331764221
test_protein_2295,0.25997331738471985
test_protein_2294,0.035059131681919098
test_protein_2296,0.7606964111328125
test_protein_2298,0.751373291015625
test_protein_2302,0.35395869612693787
test_protein_2305,0.44567248225212097
test_protein_2299,0.68851333856582642
test_protein_2303,0.35096430778503418
test_protein_2301,0.13948385417461395
test_protein_2304,0.34498634934425354
test_protein_2297,0.093557767570018768
test_protein_2300,0.50820052623748779
test_protein_2306,0.2727559506893158
test_protein_2308,0.16854985058307648
test_protein_2314,0.99086982011795044
test_protein_2311,0.17369641363620758
test_protein_2307,0.40476793050765991
test_protein_2310,0.22935958206653595
test_protein_2312,0.66219979524612427
test_protein_2309,0.15770797431468964
test_protein_2315,0.90943872928619385
test_protein_2313,0.055821593850851059
test_protein_2322,0.67596262693405151
test_protein_2317,0.30355104804039001
test_protein_2323,0.79362797737121582
test_protein_2318,0.42975082993507385
test_protein_2320,0.29482468962669373
test_protein_2321,0.209333136677742
test_protein_2319,0.49891749024391174
test_protein_2316,0.35541915893554688
test_protein_2331,0.30945247411727905
test_protein_2327,0.30284911394119263
test_protein_2325,0.12500306963920593
test_protein_2324,0.16136400401592255
test_protein_2328,0.87706434726715088
test_protein_2326,0.54908591508865356
test_protein_2330,0.36692604422569275
test_protein_2334,0.52973133325576782
test_protein_2329,0.19606180489063263
test_protein_2336,0.45900174975395203
test_protein_2335,0.49347135424613953
test_protein_2333,0.065193317830562592
test_protein_2338,0.03505915030837059
test_protein_2342,0.8249889612197876
test_protein_2332,0.3525964617729187
test_protein_2339,0.300270676612854
test_protein_2343,0.047783300280570984
test_protein_2337,0.31595906615257263
test_protein_2340,0.099992677569389343
test_protein_2341,0.63409674167633057
test_protein_2346,0.29144313931465149
test_protein_2344,0.84677255153656006
test_protein_2345,0.279582679271698
test_protein_2349,0.18145345151424408
test_protein_2350,0.76790356636047363
test_protein_2348,0.83986365795135498
test_protein_2352,0.56832903623580933
test_protein_2347,0.481739342212677
test_protein_2356,0.61347353458404541
test_protein_2354,0.088398970663547516
test_protein_2353,0.46247205138206482
test_protein_2355,0.68300551176071167
test_protein_2351,0.35006296634674072
test_protein_2357,0.38266554474830627
test_protein_2359,0.47539648413658142
test_protein_2358,0.13226941227912903
test_protein_2364,0.37002554535865784
test_protein_2369,0.41954302787780762
test_protein_2360,0.591045081615448
test_protein_2363,0.34277653694152832
test_protein_2362,0.086548678576946259
test_protein_2371,0.27788332104682922
test_protein_2370,0.53139138221740723
test_protein_2361,0.096017755568027496
test_protein_2365,0.3069174587726593
test_protein_2366,1.9338402523771947e-07
test_protein_2367,0.40255135297775269
test_protein_2368,0.50369036197662354
test_protein_2373,0.55556505918502808
test_protein_2372,0.25941565632820129
test_protein_2374,0.095092907547950745
test_protein_2376,0.046498343348503113
test_protein_2377,0.43843176960945129
test_protein_2375,0.21729186177253723
test_protein_2379,0.52655893564224243
test_protein_2378,0.2880999743938446
test_protein_2382,0.1481962651014328
test_protein_2380,0.58145803213119507
test_protein_2383,0.59753096103668213
test_protein_2384,0.049332000315189362
test_protein_2381,0.0080620069056749344
test_protein_2385,0.01715531013906002
test_protein_2386,0.064901284873485565
test_protein_2391,0.30267909169197083
test_protein_2388,0.39624157547950745
test_protein_2389,0.30987158417701721
test_protein_2390,0.43815839290618896
test_protein_2392,0.18667078018188477
test_protein_2387,0.036809239536523819
test_protein_2393,0.02876998670399189
test_protein_2394,0.57987862825393677
test_protein_2400,0.054718270897865295
test_protein_2396,0.25072181224822998
test_protein_2398,0.031060071662068367
test_protein_2397,0.9752238392829895
test_protein_2395,0.37009963393211365
test_protein_2399,0.33153390884399414
test_protein_2401,0.991710364818573
test_protein_2404,2.9943559638923034e-05
test_protein_2403,0.079073682427406311
test_protein_2407,0.44561949372291565
test_protein_2411,0.23040410876274109
test_protein_2406,0.14634422957897186
test_protein_2402,0.5025944709777832
test_protein_2410,0.37950655817985535
test_protein_2409,0.079137988388538361
test_protein_2415,0.35295918583869934
test_protein_2413,0.38561069965362549
test_protein_2412,0.3866276741027832
test_protein_2408,0.044847767800092697
test_protein_2405,0.25045937299728394
test_protein_2414,0.46177765727043152
test_protein_2416,0.047243360430002213
test_protein_2421,0.21109144389629364
test_protein_2422,0.36021062731742859
test_protein_2426,0.4255082905292511
test_protein_2419,0.28334057331085205
test_protein_2420,0.83222103118896484
test_protein_2418,0.53959876298904419
test_protein_2417,0.22326064109802246
test_protein_2425,0.96942877769470215
test_protein_2423,0.36541882157325745
test_protein_2424,0.85150134563446045
test_protein_2428,0.38095161318778992
test_protein_2429,0.45018464326858521
test_protein_2427,0.47887894511222839
test_protein_2435,0.37160158157348633
test_protein_2434,0.20824998617172241
test_protein_2432,0.51787078380584717
test_protein_2433,0.74507784843444824
test_protein_2431,0.018858319148421288
test_protein_2430,0.29767844080924988
test_protein_2436,0.57917535305023193
test_protein_2437,0.58359283208847046
test_protein_2439,0.25957754254341125
test_protein_2438,0.53013253211975098
test_protein_2440,0.29973325133323669
test_protein_2441,0.31967413425445557
test_protein_2447,0.36508488655090332
test_protein_2444,0.13742853701114655
test_protein_2442,0.53729879856109619
test_protein_2449,0.49841031432151794
test_protein_2445,0.14283473789691925
test_protein_2443,0.30587089061737061
test_protein_2446,0.21900218725204468
test_protein_2452,0.071486487984657288
test_protein_2453,0.97492551803588867
test_protein_2454,0.12171797454357147
test_protein_2451,0.033933930099010468
test_protein_2455,0.33378100395202637
test_protein_2448,0.44408315420150757
test_protein_2457,0.16679814457893372
test_protein_2450,0.13217879831790924
test_protein_2456,0.13628903031349182
test_protein_2458,0.84074538946151733
test_protein_2462,0.13940368592739105
test_protein_2460,0.074138745665550232
test_protein_2461,0.32794034481048584
test_protein_2459,0.39134103059768677
test_protein_2465,0.52737784385681152
test_protein_2464,0.51867979764938354
test_protein_2466,0.52160388231277466
test_protein_2463,0.41951897740364075
test_protein_2474,0.28978300094604492
test_protein_2467,0.23770703375339508
test_protein_2469,0.38847625255584717
test_protein_2468,0.27690166234970093
test_protein_2470,0.24244183301925659
test_protein_2473,0.81142342090606689
test_protein_2471,0.026261519640684128
test_protein_2475,0.27658960223197937
test_protein_2481,0.2282501608133316
test_protein_2472,0.076162315905094147
test_protein_2477,0.54246336221694946
test_protein_2478,0.77710491418838501
test_protein_2479,0.19981765747070312
test_protein_2476,0.609092116355896
test_protein_2483,0.72615694999694824
test_protein_2480,0.074770770967006683
test_protein_2484,0.26577746868133545
test_protein_2482,0.15558922290802002
test_protein_2488,0.20532405376434326
test_protein_2485,0.3849605917930603
test_protein_2492,0.49212914705276489
test_protein_2497,0.33993580937385559
test_protein_2486,0.46434050798416138
test_protein_2489,0.17267671227455139
test_protein_2490,0.69193333387374878
test_protein_2491,0.81124866008758545
test_protein_2496,0.35741120576858521
test_protein_2487,0.50596034526824951
test_protein_2494,0.51632368564605713
test_protein_2499,0.17409864068031311
test_protein_2493,0.47348031401634216
test_protein_2495,0.82887929677963257
test_protein_2498,0.0041546118445694447
test_protein_2500,0.019468085840344429
test_protein_2505,0.73654991388320923
test_protein_2502,0.24654529988765717
test_protein_2504,0.56563365459442139
test_protein_2507,0.65576839447021484
test_protein_2501,0.6490103006362915
test_protein_2503,0.20812191069126129
test_protein_2506,0.72729992866516113
test_protein_2508,0.36650741100311279
test_protein_2519,0.10711623728275299
test_protein_2517,0.65168601274490356
test_protein_2516,0.38341650366783142
test_protein_2512,0.36854088306427002
test_protein_2509,0.56879431009292603
test_protein_2510,0.30988124012947083
test_protein_2513,0.74359130859375
test_protein_2515,0.5266692042350769
test_protein_2514,0.24275797605514526
test_protein_2521,0.014723204076290131
test_protein_2523,0.41620147228240967
test_protein_2520,0.2555733323097229
test_protein_2511,0.20705711841583252
test_protein_2518,0.23276905715465546
test_protein_2529,0.46055692434310913
test_protein_2526,0.76832371950149536
test_protein_2522,0.32885530591011047
test_protein_2531,0.19010300934314728
test_protein_2525,0.43252548575401306
test_protein_2530,0.23827756941318512
test_protein_2534,0.011944389902055264
test_protein_2535,0.087618142366409302
test_protein_2528,0.33063322305679321
test_protein_2527,0.47045004367828369
test_protein_2533,7.087057607435554e-09
test_protein_2524,0.47806888818740845
test_protein_2532,0.27698776125907898
test_protein_2537,0.20886214077472687
test_protein_2538,0.46376273036003113
test_protein_2536,0.14887227118015289
test_protein_2540,0.39191344380378723
test_protein_2543,0.058161448687314987
test_protein_2547,0.11330073326826096
test_protein_2546,0.69684666395187378
test_protein_2542,0.45463529229164124
test_protein_2541,0.23583419620990753
test_protein_2539,0.45487546920776367
test_protein_2548,5.0076056368197897e-07
test_protein_2545,0.34772032499313354
test_protein_2544,0.24559304118156433
test_protein_2549,0.26782330870628357
test_protein_2554,0.21896257996559143
test_protein_2552,0.84785157442092896
test_protein_2553,0.57050967216491699
test_protein_2551,0.512550950050354
test_protein_2550,0.48477020859718323
test_protein_2562,0.28501132130622864
test_protein_2555,0.30086955428123474
test_protein_2560,0.019426129758358002
test_protein_2558,0.33896812796592712
test_protein_2556,0.16922080516815186
test_protein_2563,0.99281412363052368
test_protein_2564,0.99714559316635132
test_protein_2559,0.21639476716518402
test_protein_2561,0.017094280570745468
test_protein_2557,0.87994474172592163
test_protein_2567,0.0003015929542016238
test_protein_2568,0.99957817792892456
test_protein_2565,0.54556453227996826
test_protein_2572,0.95014911890029907
test_protein_2570,0.56803101301193237
test_protein_2566,0.46212515234947205
test_protein_2574,0.51037174463272095
test_protein_2569,0.45043456554412842
test_protein_2573,0.70831352472305298
test_protein_2571,0.59079855680465698
test_protein_2580,0.10048428177833557
test_protein_2576,0.24497364461421967
test_protein_2577,0.18728449940681458
test_protein_2575,0.24563410878181458
test_protein_2579,0.097879812121391296
test_protein_2578,0.45695850253105164
test_protein_2581,0.0054489267058670521
test_protein_2584,0.091895058751106262
test_protein_2590,0.34267988801002502
test_protein_2587,0.60952568054199219
test_protein_2589,0.24210807681083679
test_protein_2582,0.00016366777708753943
test_protein_2585,0.54305034875869751
test_protein_2583,0.542327880859375
test_protein_2586,0.4486529529094696
test_protein_2593,0.72166907787322998
test_protein_2588,0.066264443099498749
test_protein_2591,0.1368403434753418
test_protein_2592,4.4954717282053025e-08
test_protein_2598,3.989470975795939e-09
test_protein_2594,0.1213589534163475
test_protein_2595,0.37599289417266846
test_protein_2597,0.26418125629425049
test_protein_2600,0.53104668855667114
test_protein_2596,0.88337361812591553
test_protein_2601,0.30568233132362366
test_protein_2602,0.84417980909347534
test_protein_2603,0.78902435302734375
test_protein_2604,0.6491888165473938
test_protein_2599,0.30011641979217529
test_protein_2606,0.65608960390090942
test_protein_2609,0.78363317251205444
test_protein_2607,0.54084676504135132
test_protein_2610,0.69180405139923096
test_protein_2608,0.94732743501663208
test_protein_2605,0.7843964695930481
test_protein_2611,0.75314807891845703
test_protein_2612,0.53021037578582764
test_protein_2614,0.70223784446716309
test_protein_2613,0.76113831996917725
test_protein_2622,0.43124669790267944
test_protein_2615,0.88067471981048584
test_protein_2619,0.29543295502662659
test_protein_2616,0.69217550754547119
test_protein_2621,0.31964439153671265
test_protein_2618,0.11628823727369308
test_protein_2623,0.51156222820281982
test_protein_2620,0.59228640794754028
test_protein_2617,0.5173230767250061
test_protein_2624,0.020077090710401535
test_protein_2625,0.59474682807922363
test_protein_2626,0.56472164392471313
test_protein_2628,0.80057239532470703
test_protein_2630,0.47235158085823059
test_protein_2627,0.8712959885597229
test_protein_2631,0.18351852893829346
test_protein_2629,0.00016863697965163738
test_protein_2633,0.14767326414585114
test_protein_2632,0.065872013568878174
test_protein_2636,0.13030454516410828
test_protein_2635,0.11599411815404892
test_protein_2637,0.33211031556129456
test_protein_2638,0.06694919615983963
test_protein_2634,0.14189235866069794
test_protein_2639,0.030597437173128128
test_protein_2646,0.015512135811150074
test_protein_2640,0.39465698599815369
test_protein_2642,0.9799312949180603
test_protein_2641,0.94979709386825562
test_protein_2643,0.059597883373498917
test_protein_2645,0.35015267133712769
test_protein_2644,0.33708447217941284
test_protein_2651,0.35508877038955688
test_protein_2647,0.95391845703125
test_protein_2654,0.14872732758522034
test_protein_2653,0.38037785887718201
test_protein_2652,0.49013563990592957
test_protein_2649,0.062761910259723663
test_protein_2648,0.4650551974773407
test_protein_2659,0.53748017549514771
test_protein_2658,0.28457316756248474
test_protein_2657,0.092938430607318878
test_protein_2661,0.11670054495334625
test_protein_2650,0.49400416016578674
test_protein_2655,0.072234630584716797
test_protein_2656,0.068394564092159271
test_protein_2663,0.20328383147716522
test_protein_2669,0.44234451651573181
test_protein_2664,0.034718964248895645
test_protein_2660,0.38996222615242004
test_protein_2662,0.43333184719085693
test_protein_2667,0.051995456218719482
test_protein_2666,0.28270024061203003
test_protein_2665,0.22406944632530212
test_protein_2668,0.21370530128479004
test_protein_2671,0.66353750228881836
test_protein_2670,0.45430099964141846
test_protein_2672,0.41937661170959473
test_protein_2678,0.33071678876876831
test_protein_2680,0.43174731731414795
test_protein_2673,0.31060802936553955
test_protein_2675,0.54364889860153198
test_protein_2679,0.96832555532455444
test_protein_2677,0.034459374845027924
test_protein_2684,0.58843213319778442
test_protein_2681,0.64534789323806763
test_protein_2682,0.71691292524337769
test_protein_2688,0.31130576133728027
test_protein_2685,0.84197574853897095
test_protein_2674,0.4560304582118988
test_protein_2683,0.51928377151489258
test_protein_2676,0.08547675609588623
test_protein_2686,0.0016546099213883281
test_protein_2689,0.54654008150100708
test_protein_2687,0.55488723516464233
test_protein_2690,0.58632057905197144
test_protein_2693,0.62736052274703979
test_protein_2697,0.36377862095832825
test_protein_2691,4.2262176975782495e-06
test_protein_2695,0.28342333436012268
test_protein_2694,0.2512352466583252
test_protein_2692,0.29756826162338257
test_protein_2696,0.3460024893283844
test_protein_2700,0.19810681045055389
test_protein_2698,3.5547029710869538e-06
test_protein_2705,0.40783044695854187
test_protein_2699,0.45850765705108643
test_protein_2701,1.0300560404630232e-08
test_protein_2702,0.60189437866210938
test_protein_2706,0.31687524914741516
test_protein_2712,0.13471317291259766
test_protein_2709,0.33298534154891968
test_protein_2703,0.13861043751239777
test_protein_2704,0.078669920563697815
test_protein_2713,0.41087552905082703
test_protein_2711,0.28894644975662231
test_protein_2708,6.295660455180041e-07
test_protein_2715,0.31218352913856506
test_protein_2707,0.38502848148345947
test_protein_2717,0.44556209444999695
test_protein_2714,0.13603736460208893
test_protein_2718,0.90955650806427002
test_protein_2719,0.076826155185699463
test_protein_2721,0.63121777772903442
test_protein_2710,0.063432462513446808
test_protein_2720,0.90562736988067627
test_protein_2716,0.58465355634689331
test_protein_2727,0.0041507747955620289
test_protein_2728,0.97281140089035034
test_protein_2732,0.34703004360198975
test_protein_2723,0.41486144065856934
test_protein_2726,0.25031846761703491
test_protein_2730,0.87473016977310181
test_protein_2722,0.10466314852237701
test_protein_2731,0.07213195413351059
test_protein_2724,0.37684687972068787
test_protein_2729,0.41482856869697571
test_protein_2725,0.40460330247879028
test_protein_2734,0.061427861452102661
test_protein_2735,0.36086586117744446
test_protein_2736,0.020851042121648788
test_protein_2733,0.24018067121505737
test_protein_2740,0.12815394997596741
test_protein_2739,0.42397665977478027
test_protein_2741,1.0915416169154923e-05
test_protein_2746,0.38297620415687561
test_protein_2737,0.25111967325210571
test_protein_2748,0.46471408009529114
test_protein_2738,0.17690533399581909
test_protein_2743,0.05747835710644722
test_protein_2750,0.10628820955753326
test_protein_2744,0.55805301666259766
test_protein_2749,0.024086296558380127
test_protein_2745,0.78188961744308472
test_protein_2742,0.67395895719528198
test_protein_2747,0.1328410804271698
test_protein_2756,0.41150981187820435
test_protein_2755,0.81362485885620117
test_protein_2753,0.67734438180923462
test_protein_2759,0.63817310333251953
test_protein_2752,0.99485069513320923
test_protein_2754,0.29452013969421387
test_protein_2757,0.52890074253082275
test_protein_2751,0.013183342292904854
test_protein_2758,0.99927586317062378
test_protein_2762,0.58480715751647949
test_protein_2760,0.45843601226806641
test_protein_2763,0.32444417476654053
test_protein_2761,0.17794477939605713
test_protein_2767,0.67847537994384766
test_protein_2765,0.87471318244934082
test_protein_2766,0.42404070496559143
test_protein_2769,0.099745288491249084
test_protein_2773,0.38139486312866211
test_protein_2764,0.6975172758102417
test_protein_2770,0.090737812221050262
test_protein_2768,0.0254786666482687
test_protein_2772,0.64027285575866699
test_protein_2774,0.26610526442527771
test_protein_2771,0.53936457633972168
test_protein_2780,0.69193834066390991
test_protein_2777,0.79459011554718018
test_protein_2779,0.19276870787143707
test_protein_2778,0.57944172620773315
test_protein_2782,0.39698681235313416
test_protein_2775,0.022250544279813766
test_protein_2781,0.015931244939565659
test_protein_2776,0.37450215220451355
test_protein_2783,0.68944478034973145
test_protein_2787,0.02771364152431488
test_protein_2784,0.76791727542877197
test_protein_2786,0.70003068447113037
test_protein_2785,0.19915854930877686
test_protein_2788,0.69165754318237305
test_protein_2790,0.28588461875915527
test_protein_2793,0.018812401220202446
test_protein_2791,0.99098736047744751
test_protein_2789,0.60166573524475098
test_protein_2795,0.36390960216522217
test_protein_2796,0.99626213312149048
test_protein_2792,0.28643321990966797
test_protein_2794,0.06018693745136261
test_protein_2797,1.0388616829004604e-05
test_protein_2798,0.25417539477348328
test_protein_2800,0.43952301144599915
test_protein_2799,0.004628828726708889
test_protein_2804,0.35735511779785156
test_protein_2808,0.92208313941955566
test_protein_2803,0.59385299682617188
test_protein_2801,0.34368789196014404
test_protein_2802,4.08888536185259e-06
test_protein_2805,0.099265418946743011
test_protein_2806,0.21699345111846924
test_protein_2811,0.38173049688339233
test_protein_2812,0.48352187871932983
test_protein_2807,0.51111483573913574
test_protein_2810,0.25962764024734497
test_protein_2813,0.0034880656749010086
test_protein_2809,0.31235265731811523
test_protein_2814,0.74617511034011841
test_protein_2817,0.46297794580459595
test_protein_2815,1.6179987142095342e-05
test_protein_2819,0.00012573853018693626
test_protein_2821,0.55367469787597656
test_protein_2816,0.88325375318527222
test_protein_2820,0.62874913215637207
test_protein_2818,0.64838159084320068
test_protein_2822,0.55638104677200317
test_protein_2823,0.22767418622970581
test_protein_2833,0.11392445117235184
test_protein_2830,0.78870433568954468
test_protein_2829,0.24508452415466309
test_protein_2826,0.17129221558570862
test_protein_2827,0.0030025281012058258
test_protein_2828,0.57157588005065918
test_protein_2824,0.028117731213569641
test_protein_2825,0.22556215524673462
test_protein_2835,0.36639317870140076
test_protein_2838,0.35756945610046387
test_protein_2831,0.88998556137084961
test_protein_2836,0.58839410543441772
test_protein_2839,0.28907269239425659
test_protein_2837,0.94401073455810547
test_protein_2832,0.52248424291610718
test_protein_2842,0.031870152801275253
test_protein_2840,0.17097435891628265
test_protein_2845,0.43067285418510437
test_protein_2841,0.42463964223861694
test_protein_2848,0.00037268531741574407
test_protein_2843,0.38675683736801147
test_protein_2834,0.21378113329410553
test_protein_2846,2.7365949790691957e-05
test_protein_2844,2.6640727810445242e-05
test_protein_2847,0.13731491565704346
test_protein_2853,0.146004319190979
test_protein_2849,0.51785320043563843
test_protein_2852,0.21643628180027008
test_protein_2850,0.13396084308624268
test_protein_2851,0.022239478304982185
test_protein_2854,0.024459822103381157
test_protein_2856,0.12487902492284775
test_protein_2858,0.13379369676113129
test_protein_2859,0.45480358600616455
test_protein_2862,0.060080833733081818
test_protein_2855,0.10189536958932877
test_protein_2861,0.41667807102203369
test_protein_2860,0.34350025653839111
test_protein_2863,0.00037988091935403645
test_protein_2857,0.96841549873352051
test_protein_2866,0.17725259065628052
test_protein_2869,0.00030907150357961655
test_protein_2864,0.81808382272720337
test_protein_2867,0.74880874156951904
test_protein_2865,0.27350014448165894
test_protein_2868,0.76865613460540771
test_protein_2872,0.039753124117851257
test_protein_2870,0.56926476955413818
test_protein_2871,0.46363401412963867
test_protein_2879,0.14998301863670349
test_protein_2873,0.0022117830812931061
test_protein_2875,0.20622842013835907
test_protein_2876,0.64012777805328369
test_protein_2878,0.03042999841272831
test_protein_2877,0.27231812477111816
test_protein_2874,0.74357712268829346
test_protein_2883,0.03750745952129364
test_protein_2882,0.70852696895599365
test_protein_2880,0.10787035524845123
test_protein_2884,0.60233408212661743
test_protein_2885,0.65403509140014648
test_protein_2886,0.011188197880983353
test_protein_2881,0.16089159250259399
test_protein_2889,0.77411115169525146
test_protein_2887,0.94391453266143799
test_protein_2888,0.025314647704362869
test_protein_2890,0.068454675376415253
test_protein_2893,0.0084653925150632858
test_protein_2894,0.092042766511440277
test_protein_2896,0.33151340484619141
test_protein_2895,0.82194769382476807
test_protein_2891,0.47235742211341858
test_protein_2898,0.34376654028892517
test_protein_2897,0.45296072959899902
test_protein_2892,0.029704328626394272
test_protein_2902,0.68424743413925171
test_protein_2899,0.56847655773162842
test_protein_2901,0.046202026307582855
test_protein_2900,0.0056921159848570824
test_protein_2907,0.21351410448551178
test_protein_2910,0.19665227830410004
test_protein_2908,0.11251521855592728
test_protein_2903,0.011946894228458405
test_protein_2905,0.054557077586650848
test_protein_2912,0.0041897417977452278
test_protein_2904,0.688606858253479
test_protein_2911,0.18389324843883514
test_protein_2906,0.18402464687824249
test_protein_2915,0.052352260798215866
test_protein_2913,0.43978184461593628
test_protein_2918,0.087341271340847015
test_protein_2920,0.019450649619102478
test_protein_2917,0.89972513914108276
test_protein_2909,0.31505471467971802
test_protein_2914,0.50535780191421509
test_protein_2921,0.049634799361228943
test_protein_2916,0.010019387118518353
test_protein_2919,0.22384490072727203
test_protein_2924,0.0097025185823440552
test_protein_2922,0.58148461580276489
test_protein_2925,0.12676498293876648
test_protein_2923,0.23452898859977722
test_protein_2931,0.10390599817037582
test_protein_2926,0.39448776841163635
test_protein_2929,0.33098304271697998
test_protein_2936,0.78724431991577148
test_protein_2928,0.2641599178314209
test_protein_2927,0.3843981921672821
test_protein_2938,0.92060792446136475
test_protein_2935,0.032156653702259064
test_protein_2933,0.29807472229003906
test_protein_2937,0.99960523843765259
test_protein_2930,0.81401121616363525
test_protein_2940,0.078379064798355103
test_protein_2934,0.39798375964164734
test_protein_2941,0.65900212526321411
test_protein_2932,0.53686732053756714
test_protein_2942,0.82356959581375122
test_protein_2945,0.19197434186935425
test_protein_2939,0.0076624001376330853
test_protein_2946,0.51005232334136963
test_protein_2943,0.76539820432662964
test_protein_2947,0.19188323616981506
test_protein_2944,0.43984898924827576
test_protein_2952,0.28591927886009216
test_protein_2955,0.09128890186548233
test_protein_2958,0.25677713751792908
test_protein_2957,0.35757672786712646
test_protein_2949,0.7530663013458252
test_protein_2951,0.48899811506271362
test_protein_2948,0.45423227548599243
test_protein_2950,0.93014043569564819
test_protein_2954,0.17967715859413147
test_protein_2953,0.55986648797988892
test_protein_2956,0.44898822903633118
test_protein_2962,0.034034848213195801
test_protein_2961,4.4276504240770009e-07
test_protein_2959,0.11094894260168076
test_protein_2960,0.15064409375190735
test_protein_2963,0.1062738448381424
test_protein_2964,0.07341785728931427
test_protein_2971,0.68385714292526245
test_protein_2966,0.50597000122070312
test_protein_2967,0.38738679885864258
test_protein_2969,0.37772509455680847
test_protein_2968,0.068580731749534607
test_protein_2974,0.047925569117069244
test_protein_2973,0.72528839111328125
test_protein_2965,0.10753510147333145
test_protein_2970,0.0073191504925489426
test_protein_2972,0.49671897292137146
test_protein_2976,0.014349967241287231
test_protein_2975,0.35747036337852478
test_protein_2979,0.82369798421859741
test_protein_2981,0.27996742725372314
test_protein_2977,0.069616243243217468
test_protein_2978,0.097720451653003693
test_protein_2980,0.49834045767784119
test_protein_2986,0.79288625717163086
test_protein_2982,0.51189488172531128
test_protein_2985,0.88548725843429565
test_protein_2988,0.62053680419921875
test_protein_2983,0.55108350515365601
test_protein_2987,0.0081985648721456528
test_protein_2989,0.39859682321548462
test_protein_2984,0.46683016419410706
test_protein_2990,0.047371182590723038
test_protein_2991,0.068805910646915436
test_protein_2994,0.45960453152656555
test_protein_2992,0.8313642144203186
test_protein_2998,0.035221699625253677
test_protein_2995,0.047948524355888367
test_protein_2993,0.98174470663070679
test_protein_2997,0.35327306389808655
test_protein_2996,0.22917866706848145
test_protein_3003,0.27644863724708557
test_protein_3005,0.89920222759246826
test_protein_3002,0.61063981056213379
test_protein_2999,0.99999511241912842
test_protein_3001,0.97510659694671631
test_protein_3000,0.61461681127548218
test_protein_3009,0.4589533805847168
test_protein_3006,0.46315634250640869
test_protein_3010,0.82488143444061279
test_protein_3012,0.15105806291103363
test_protein_3004,0.39669391512870789
test_protein_3011,0.057548496872186661
test_protein_3008,0.60260510444641113
test_protein_3007,0.16118773818016052
test_protein_3016,0.036845676600933075
test_protein_3017,0.50598323345184326
test_protein_3015,0.55974507331848145
test_protein_3013,0.98143941164016724
test_protein_3018,0.99995458126068115
test_protein_3014,0.019430883228778839
test_protein_3021,0.86115390062332153
test_protein_3019,0.85140824317932129
test_protein_3020,0.17772777378559113
test_protein_3024,0.72029036283493042
test_protein_3025,0.7985759973526001
test_protein_3022,0.47413918375968933
test_protein_3023,0.12576954066753387
test_protein_3026,0.61472636461257935
test_protein_3031,0.7672685980796814
test_protein_3032,0.45975214242935181
test_protein_3027,0.85803014039993286
test_protein_3030,0.94151312112808228
test_protein_3033,0.1186852753162384
test_protein_3028,0.99659061431884766
test_protein_3029,0.89770281314849854
test_protein_3041,0.085224457085132599
test_protein_3034,0.99915528297424316
test_protein_3037,0.2974599301815033
test_protein_3044,0.75435763597488403
test_protein_3040,0.99994206428527832
test_protein_3039,0.99999988079071045
test_protein_3042,0.4914567768573761
test_protein_3038,0.13975919783115387
test_protein_3043,0.69028133153915405
test_protein_3035,1
test_protein_3036,0.81306266784667969
test_protein_3045,0.21080005168914795
test_protein_3047,0.30637434124946594
test_protein_3046,0.56624925136566162
test_protein_3053,0.93429535627365112
test_protein_3049,0.20537446439266205
test_protein_3048,0.87308794260025024
test_protein_3051,0.60470074415206909
test_protein_3050,0.57389616966247559
test_protein_3054,0.98515456914901733
test_protein_3052,0.46598616242408752
test_protein_3061,0.97341090440750122
test_protein_3058,0.77562892436981201
test_protein_3056,0.80977523326873779
test_protein_3057,0.5088467001914978
test_protein_3055,0.99196857213973999
test_protein_3059,0.38500937819480896
test_protein_3065,0.83509886264801025
test_protein_3060,0.9367903470993042
test_protein_3064,0.80907362699508667
test_protein_3062,0.97136080265045166
test_protein_3063,0.95178288221359253
test_protein_3066,0.43759903311729431
test_protein_3067,0.81777578592300415
test_protein_3071,0.038625042885541916
test_protein_3068,0.53859025239944458
test_protein_3072,0.83712828159332275
test_protein_3075,0.84113430976867676
test_protein_3069,0.85509181022644043
test_protein_3070,0.85527288913726807
test_protein_3073,0.99733525514602661
test_protein_3074,0.99695765972137451
test_protein_3077,0.29261502623558044
test_protein_3078,0.73000055551528931
test_protein_3079,0.56807762384414673
test_protein_3076,0.69153404235839844
test_protein_3083,0.9424666166305542
test_protein_3084,0.56725877523422241
test_protein_3082,0.46348264813423157
test_protein_3081,0.41843903064727783
test_protein_3080,0.99999606609344482
test_protein_3085,0.82751983404159546
test_protein_3086,0.92204523086547852
test_protein_3090,0.82206648588180542
test_protein_3087,0.096426405012607574
test_protein_3093,0.11802862584590912
test_protein_3094,0.77603763341903687
test_protein_3088,0.903389573097229
test_protein_3099,0.4583374559879303
test_protein_3092,0.65293282270431519
test_protein_3098,0.78924363851547241
test_protein_3096,0.70356643199920654
test_protein_3097,0.07736581563949585
test_protein_3095,0.45002308487892151
test_protein_3091,0.78860336542129517
test_protein_3089,0.86135882139205933
test_protein_3105,0.47762516140937805
test_protein_3106,0.03652726486325264
test_protein_3101,0.0005691886181011796
test_protein_3100,0.41942974925041199
test_protein_3104,0.10808700323104858
test_protein_3103,0.90468740463256836
test_protein_3110,0.034846704453229904
test_protein_3108,0.20791937410831451
test_protein_3102,0.71295368671417236
test_protein_3107,0.012657706625759602
test_protein_3109,0.075087465345859528
test_protein_3112,0.94382774829864502
test_protein_3115,0.071507744491100311
test_protein_3113,0.051019810140132904
test_protein_3111,0.42326736450195312
test_protein_3114,0.54055947065353394
test_protein_3124,0.52024310827255249
test_protein_3122,0.0099012041464447975
test_protein_3123,0.15804405510425568
test_protein_3119,0.026350917294621468
test_protein_3120,0.0022756203543394804
test_protein_3121,0.087551236152648926
test_protein_3118,0.0027321828529238701
test_protein_3116,0.12679487466812134
test_protein_3117,0.016997279599308968
test_protein_3126,0.01915382593870163
test_protein_3127,0.25859159231185913
test_protein_3128,0.053550537675619125
test_protein_3129,0.031428612768650055
test_protein_3125,0.068243101239204407
test_protein_3130,0.010853970423340797
test_protein_3131,0.060260150581598282
test_protein_3133,0.50129669904708862
test_protein_3132,0.044929385185241699
test_protein_3135,0.32785686850547791
test_protein_3137,0.014083807356655598
test_protein_3136,0.38209092617034912
test_protein_3134,0.38996276259422302
test_protein_3138,0.012793517671525478
test_protein_3143,0.37693357467651367
test_protein_3142,0.22383156418800354
test_protein_3141,0.032797660678625107
test_protein_3139,0.11455690115690231
test_protein_3140,0.029524454846978188
test_protein_3151,0.42191621661186218
test_protein_3147,0.68012374639511108
test_protein_3148,0.36262038350105286
test_protein_3150,0.99464535713195801
test_protein_3149,0.28673112392425537
test_protein_3144,0.20161816477775574
test_protein_3145,0.012581182643771172
test_protein_3146,0.36448365449905396
test_protein_3155,0.13305464386940002
test_protein_3153,0.3628135621547699
test_protein_3154,2.8240810934221372e-06
test_protein_3152,0.40616118907928467
test_protein_3158,0.073287323117256165
test_protein_3159,0.53425437211990356
test_protein_3161,0.34484016895294189
test_protein_3156,0.035978253930807114
test_protein_3163,0.44537335634231567
test_protein_3157,0.30011087656021118
test_protein_3162,0.67675924301147461
test_protein_3165,0.28072383999824524
test_protein_3160,0.59143072366714478
test_protein_3166,0.42489165067672729
test_protein_3167,0.1151215136051178
test_protein_3164,0.095269948244094849
test_protein_3172,0.41303950548171997
test_protein_3170,0.050346877425909042
test_protein_3168,0.21602457761764526
test_protein_3169,0.049524810165166855
test_protein_3173,0.0068215955980122089
test_protein_3171,0.2972278892993927
test_protein_3180,0.33091786503791809
test_protein_3177,0.0061758160591125488
test_protein_3174,0.21448878943920135
test_protein_3175,0.029314562678337097
test_protein_3176,0.046883665025234222
test_protein_3179,0.72810053825378418
test_protein_3183,0.17084868252277374
test_protein_3184,0.14429661631584167
test_protein_3185,0.70009016990661621
test_protein_3182,0.11766831576824188
test_protein_3178,0.37566336989402771
test_protein_3181,0.13957411050796509
test_protein_3186,0.53872120380401611
test_protein_3191,0.10705967247486115
test_protein_3195,0.62702155113220215
test_protein_3189,0.79255765676498413
test_protein_3188,0.23645932972431183
test_protein_3193,0.88202017545700073
test_protein_3187,0.067343324422836304
test_protein_3192,0.034890364855527878
test_protein_3196,0.65420317649841309
test_protein_3190,0.21546107530593872
test_protein_3199,0.82890808582305908
test_protein_3198,0.92579489946365356
test_protein_3200,0.2690504789352417
test_protein_3194,0.036671042442321777
test_protein_3197,0.026870522648096085
test_protein_3202,0.59490323066711426
test_protein_3201,0.10326811671257019
test_protein_3203,0.68297946453094482
test_protein_3208,0.24520649015903473
test_protein_3206,0.24973580241203308
test_protein_3204,0.33284056186676025
test_protein_3205,0.66499072313308716
test_protein_3209,0.044168498367071152
test_protein_3210,0.68187296390533447
test_protein_3207,0.34240356087684631
test_protein_3214,0.59541630744934082
test_protein_3212,0.030607407912611961
test_protein_3211,0.083482995629310608
test_protein_3213,0.011840611696243286
test_protein_3216,0.050784610211849213
test_protein_3218,0.75133103132247925
test_protein_3215,0.24947510659694672
test_protein_3219,0.42805710434913635
test_protein_3227,0.19948834180831909
test_protein_3220,0.36505433917045593
test_protein_3217,0.060257039964199066
test_protein_3221,0.45332038402557373
test_protein_3225,0.00077169947326183319
test_protein_3222,0.74395298957824707
test_protein_3224,0.92261242866516113
test_protein_3223,0.081851303577423096
test_protein_3226,0.26988589763641357
test_protein_3231,0.56093639135360718
test_protein_3232,4.3156745960004628e-05
test_protein_3233,0.52296566963195801
test_protein_3229,0.025261867791414261
test_protein_3228,1.6846307744344813e-06
test_protein_3230,0.20289455354213715
test_protein_3235,0.10226202011108398
test_protein_3236,0.41021496057510376
test_protein_3234,0.28347185254096985
test_protein_3239,0.99794298410415649
test_protein_3240,0.68559861183166504
test_protein_3237,0.18436262011528015
test_protein_3238,0.51658356189727783
test_protein_3241,0.98904210329055786
test_protein_3242,0.96545416116714478
test_protein_3250,0.92676633596420288
test_protein_3249,0.67715561389923096
test_protein_3246,0.77821201086044312
test_protein_3243,0.86646103858947754
test_protein_3244,0.71451383829116821
test_protein_3251,0.97076618671417236
test_protein_3245,0.50900095701217651
test_protein_3247,0.03259558230638504
test_protein_3248,0.61117953062057495
test_protein_3252,0.97303402423858643
test_protein_3258,0.49498516321182251
test_protein_3260,0.36658629775047302
test_protein_3253,0.39006558060646057
test_protein_3256,0.07138478010892868
test_protein_3257,0.90099745988845825
test_protein_3254,0.72215622663497925
test_protein_3262,0.43739739060401917
test_protein_3259,0.4390299916267395
test_protein_3263,0.048275656998157501
test_protein_3261,0.8274683952331543
test_protein_3264,0.50286918878555298
test_protein_3266,0.6944158673286438
test_protein_3255,0.50992822647094727
test_protein_3267,0.70643800497055054
test_protein_3272,0.81830441951751709
test_protein_3268,0.35434132814407349
test_protein_3265,0.09333346039056778
test_protein_3273,0.89574211835861206
test_protein_3271,0.76096582412719727
test_protein_3270,0.84051543474197388
test_protein_3269,0.69036495685577393
test_protein_3275,0.87738418579101562
test_protein_3274,0.64186263084411621
test_protein_3278,0.47769713401794434
test_protein_3277,0.69298166036605835
test_protein_3283,0.015143680386245251
test_protein_3279,0.15462715923786163
test_protein_3281,0.16230194270610809
test_protein_3276,0.83305662870407104
test_protein_3280,0.27029642462730408
test_protein_3282,0.17576546967029572
test_protein_3284,0.78758019208908081
test_protein_3292,0.40964487195014954
test_protein_3285,0.22433464229106903
test_protein_3293,0.55701678991317749
test_protein_3289,0.70994609594345093
test_protein_3287,0.63032251596450806
test_protein_3286,0.25706508755683899
test_protein_3297,0.21188090741634369
test_protein_3296,0.31250974535942078
test_protein_3288,0.20009276270866394
test_protein_3295,0.68404924869537354
test_protein_3290,0.43025326728820801
test_protein_3294,0.34100481867790222
test_protein_3291,0.44453498721122742
test_protein_3303,0.10191557556390762
test_protein_3305,0.13043567538261414
test_protein_3299,0.42977851629257202
test_protein_3304,0.18522901833057404
test_protein_3298,0.21755917370319366
test_protein_3301,0.12512056529521942
test_protein_3302,0.49064570665359497
test_protein_3300,0.044765178114175797
test_protein_3306,0.17592300474643707
test_protein_3308,0.091592095792293549
test_protein_3307,0.26000562310218811
test_protein_3310,0.15613748133182526
test_protein_3312,0.27229645848274231
test_protein_3309,0.28060293197631836
test_protein_3313,0.12802194058895111
test_protein_3311,0.13473331928253174
test_protein_3315,0.11902138590812683
test_protein_3316,0.18908324837684631
test_protein_3314,0.27604809403419495
test_protein_3319,0.20161451399326324
test_protein_3318,0.23318210244178772
test_protein_3320,0.092234313488006592
test_protein_3317,0.20790904760360718
test_protein_3323,0.054177604615688324
test_protein_3322,0.95196855068206787
test_protein_3321,0.5973699688911438
test_protein_3325,4.5004364679357423e-09
test_protein_3331,0.239574134349823
test_protein_3326,0.34419164061546326
test_protein_3327,0.45611998438835144
test_protein_3329,0.69980210065841675
test_protein_3328,0.19207611680030823
test_protein_3324,0.13518120348453522
test_protein_3330,0.47325640916824341
test_protein_3334,0.16872313618659973
test_protein_3332,0.40342220664024353
test_protein_3337,0.22122515738010406
test_protein_3336,0.58495438098907471
test_protein_3333,0.029347535222768784
test_protein_3335,0.39341583847999573
test_protein_3339,0.095999032258987427
test_protein_3340,0.51455152034759521
test_protein_3342,0.35404425859451294
test_protein_3341,0.16754664480686188
test_protein_3338,0.65109133720397949
test_protein_3346,0.15353336930274963
test_protein_3343,0.090679004788398743
test_protein_3344,0.10274855047464371
test_protein_3349,0.10279858857393265
test_protein_3345,0.071699135005474091
test_protein_3348,0.23779256641864777
test_protein_3347,0.17529734969139099
test_protein_3350,0.20155051350593567
test_protein_3351,0.088786758482456207
test_protein_3353,0.39687487483024597
test_protein_3352,0.34085005521774292
test_protein_3355,0.41799783706665039
test_protein_3356,0.34907993674278259
test_protein_3354,0.13379867374897003
test_protein_3359,0.31051024794578552
test_protein_3364,0.053809665143489838
test_protein_3357,0.36789622902870178
test_protein_3361,0.29646211862564087
test_protein_3358,0.61856353282928467
test_protein_3363,0.64628183841705322
test_protein_3360,0.50974363088607788
test_protein_3365,0.30591866374015808
test_protein_3366,0.10853942483663559
test_protein_3362,0.48970925807952881
test_protein_3369,0.72433078289031982
test_protein_3372,0.14325067400932312
test_protein_3367,0.28026410937309265
test_protein_3370,0.10928007215261459
test_protein_3368,0.46364930272102356
test_protein_3374,0.083216331899166107
test_protein_3377,0.693511962890625
test_protein_3375,0.37470501661300659
test_protein_3373,0.26581990718841553
test_protein_3371,0.09774286299943924
test_protein_3376,0.47496825456619263
test_protein_3380,0.97384756803512573
test_protein_3378,0.36160692572593689
test_protein_3386,0.36418193578720093
test_protein_3379,0.30467408895492554
test_protein_3389,0.20542813837528229
test_protein_3384,4.5384467739495449e-06
test_protein_3387,0.093991503119468689
test_protein_3383,0.00014989641204010695
test_protein_3390,0.29387181997299194
test_protein_3381,0.98346608877182007
test_protein_3385,0.33275482058525085
test_protein_3391,0.070935219526290894
test_protein_3382,0.39856302738189697
test_protein_3388,0.087379619479179382
test_protein_3399,0.28044712543487549
test_protein_3397,0.71891641616821289
test_protein_3396,0.041735503822565079
test_protein_3392,0.10266409814357758
test_protein_3393,0.22110511362552643
test_protein_3395,0.20347371697425842
test_protein_3402,0.10692629963159561
test_protein_3394,0.19464212656021118
test_protein_3400,0.50972092151641846
test_protein_3398,0.33646515011787415
test_protein_3403,0.54718625545501709
test_protein_3401,0.87090855836868286
test_protein_3406,0.26682969927787781
test_protein_3405,0.124661885201931
test_protein_3404,0.93854248523712158
test_protein_3411,0.98678755760192871
test_protein_3408,0.40984606742858887
test_protein_3407,0.018165184184908867
test_protein_3415,0.066569693386554718
test_protein_3410,0.22925053536891937
test_protein_3412,0.17482677102088928
test_protein_3409,6.0159298300277442e-05
test_protein_3417,0.00032198862754739821
test_protein_3413,0.19331738352775574
test_protein_3414,0.14318017661571503
test_protein_3416,0.22522729635238647
test_protein_3418,0.020692320540547371
test_protein_3421,0.97746849060058594
test_protein_3420,0.40122604370117188
test_protein_3423,0.54860442876815796
test_protein_3422,0.98939323425292969
test_protein_3419,0.96875274181365967
test_protein_3429,0.7017061710357666
test_protein_3424,0.99615186452865601
test_protein_3425,0.28950038552284241
test_protein_3428,0.59564018249511719
test_protein_3427,0.92542004585266113
test_protein_3433,0.46559232473373413
test_protein_3432,0.64853936433792114
test_protein_3426,0.55071663856506348
test_protein_3437,0.99964249134063721
test_protein_3434,0.66664272546768188
test_protein_3436,0.63810235261917114
test_protein_3430,0.21833525598049164
test_protein_3440,0.83709746599197388
test_protein_3441,0.41330721974372864
test_protein_3431,0.64350056648254395
test_protein_3439,0.29517105221748352
test_protein_3435,0.47888296842575073
test_protein_3447,0.42035490274429321
test_protein_3438,0.29860344529151917
test_protein_3443,0.65223419666290283
test_protein_3444,0.20023941993713379
test_protein_3446,0.27632686495780945
test_protein_3445,0.13055044412612915
test_protein_3448,0.078139588236808777
test_protein_3442,0.44861933588981628
test_protein_3451,0.24848099052906036
test_protein_3452,0.41271352767944336
test_protein_3458,0.016115577891469002
test_protein_3456,0.51448506116867065
test_protein_3454,0.62356400489807129
test_protein_3449,0.29677858948707581
test_protein_3459,0.52888649702072144
test_protein_3460,0.61263298988342285
test_protein_3450,0.4115293025970459
test_protein_3453,0.52052533626556396
test_protein_3455,0.36822804808616638
test_protein_3462,0.15387722849845886
test_protein_3461,0.63067048788070679
test_protein_3465,0.047766227275133133
test_protein_3457,0.45367890596389771
test_protein_3463,0.56614160537719727
test_protein_3466,0.00032516632927581668
test_protein_3473,0.99583637714385986
test_protein_3470,0.54550415277481079
test_protein_3467,0.4233747124671936
test_protein_3468,0.99112516641616821
test_protein_3469,0.98965024948120117
test_protein_3464,0.07189718633890152
test_protein_3472,3.4749617043416947e-05
test_protein_3471,0.40207996964454651
test_protein_3477,0.97848856449127197
test_protein_3474,0.16355954110622406
test_protein_3478,0.11124783009290695
test_protein_3476,0.91913753747940063
test_protein_3479,0.090819232165813446
test_protein_3481,0.99147599935531616
test_protein_3482,0.084747299551963806
test_protein_3480,0.72237688302993774
test_protein_3475,0.10754166543483734
test_protein_3484,0.06238822266459465
test_protein_3485,0.10627017170190811
test_protein_3490,0.60191899538040161
test_protein_3486,0.0028631344903260469
test_protein_3487,0.0021806384902447462
test_protein_3488,0.99676007032394409
test_protein_3483,0.58388835191726685
test_protein_3491,0.69168835878372192
test_protein_3497,0.88665550947189331
test_protein_3492,0.57408237457275391
test_protein_3493,0.7678946852684021
test_protein_3501,0.40998056530952454
test_protein_3498,0.6588330864906311
test_protein_3489,0.84614169597625732
test_protein_3494,0.85595047473907471
test_protein_3504,0.28398609161376953
test_protein_3496,0.93463313579559326
test_protein_3499,0.11388100683689117
test_protein_3505,0.73481613397598267
test_protein_3495,0.96220523118972778
test_protein_3502,0.2538471519947052
test_protein_3503,0.82415741682052612
test_protein_3500,0.59687119722366333
test_protein_3507,0.86629855632781982
test_protein_3513,0.67822599411010742
test_protein_3509,0.59051251411437988
test_protein_3506,0.74175000190734863
test_protein_3514,0.88499546051025391
test_protein_3511,0.92803841829299927
test_protein_3508,0.68223792314529419
test_protein_3512,0.97503823041915894
test_protein_3516,0.49026712775230408
test_protein_3515,0.79843294620513916
test_protein_3510,0.73674547672271729
test_protein_3519,0.31579595804214478
test_protein_3521,0.25872331857681274
test_protein_3520,0.28909954428672791
test_protein_3524,0.87779062986373901
test_protein_3518,0.29956072568893433
test_protein_3523,0.14623810350894928
test_protein_3517,0.10024190694093704
test_protein_3522,0.65543186664581299
test_protein_3527,0.071918651461601257
test_protein_3525,0.89549142122268677
test_protein_3526,0.86449927091598511
test_protein_3528,0.12023799866437912
test_protein_3529,0.19711016118526459
test_protein_3535,0.24575744569301605
test_protein_3532,0.18163689970970154
test_protein_3530,0.29240605235099792
test_protein_3534,0.53396499156951904
test_protein_3544,0.53689497709274292
test_protein_3536,0.5279051661491394
test_protein_3531,0.49984040856361389
test_protein_3533,0.53630471229553223
test_protein_3537,0.13332110643386841
test_protein_3540,0.99955374002456665
test_protein_3543,0.53827488422393799
test_protein_3550,0.11923116445541382
test_protein_3538,0.13227005302906036
test_protein_3548,0.50766468048095703
test_protein_3541,0.45542046427726746
test_protein_3539,1.2875811528090253e-08
test_protein_3546,0.78384917974472046
test_protein_3542,0.085337057709693909
test_protein_3545,0.5232318639755249
test_protein_3549,0.040933459997177124
test_protein_3552,0.12578240036964417
test_protein_3547,0.68227368593215942
test_protein_3555,0.55218392610549927
test_protein_3553,0.86586284637451172
test_protein_3556,0.77525454759597778
test_protein_3551,0.1614978164434433
test_protein_3554,0.5804288387298584
test_protein_3563,0.80835974216461182
test_protein_3557,0.0026958724483847618
test_protein_3560,0.37242355942726135
test_protein_3559,0.10693339258432388
test_protein_3561,0.91325819492340088
test_protein_3562,0.81818079948425293
test_protein_3566,0.98220247030258179
test_protein_3558,0.38370975852012634
test_protein_3567,0.84447401762008667
test_protein_3565,0.92975300550460815
test_protein_3569,0.93173056840896606
test_protein_3572,0.70396822690963745
test_protein_3568,0.62086528539657593
test_protein_3564,0.82434695959091187
test_protein_3570,0.63986456394195557
test_protein_3583,0.31008702516555786
test_protein_3577,0.20232507586479187
test_protein_3573,0.56353563070297241
test_protein_3578,0.99806672334671021
test_protein_3575,0.35758227109909058
test_protein_3571,0.72182226181030273
test_protein_3584,0.72113931179046631
test_protein_3580,0.22600503265857697
test_protein_3576,0.95381289720535278
test_protein_3581,0.99855822324752808
test_protein_3582,0.83725112676620483
test_protein_3585,0.63307976722717285
test_protein_3574,0.65217489004135132
test_protein_3579,0.5009688138961792
test_protein_3590,0.27747181057929993
test_protein_3591,0.83630287647247314
test_protein_3588,0.54373782873153687
test_protein_3587,0.44875055551528931
test_protein_3589,0.25454682111740112
test_protein_3593,0.64105474948883057
test_protein_3592,0.94233256578445435
test_protein_3596,0.026887433603405952
test_protein_3595,0.29801735281944275
test_protein_3586,0.51272678375244141
test_protein_3597,0.021300511434674263
test_protein_3598,0.25602057576179504
test_protein_3594,0.70126378536224365
test_protein_3600,0.12526784837245941
test_protein_3602,0.04902711883187294
test_protein_3601,0.094018727540969849
test_protein_3604,0.2594580352306366
test_protein_3603,0.41100430488586426
test_protein_3607,0.33871722221374512
test_protein_3606,0.0001583284029038623
test_protein_3605,0.031187068670988083
test_protein_3608,0.16182169318199158
test_protein_3599,0.57220393419265747
test_protein_3610,0.027699945494532585
test_protein_3612,0.35910075902938843
test_protein_3609,0.14306138455867767
test_protein_3615,0.98772615194320679
test_protein_3611,0.33460131287574768
test_protein_3614,0.43106538057327271
test_protein_3613,0.41599243879318237
test_protein_3616,0.79995012283325195
test_protein_3618,0.632953941822052
test_protein_3622,0.20927132666110992
test_protein_3619,0.17150208353996277
test_protein_3620,0.082550384104251862
test_protein_3628,0.42554113268852234
test_protein_3623,0.32604068517684937
test_protein_3617,0.50903195142745972
test_protein_3621,0.44871678948402405
test_protein_3625,0.13248762488365173
test_protein_3626,0.53740876913070679
test_protein_3630,0.26348727941513062
test_protein_3627,0.40921229124069214
test_protein_3631,0.12778143584728241
test_protein_3629,2.7105081244371831e-05
test_protein_3632,0.33344441652297974
test_protein_3624,0.37720975279808044
test_protein_3637,0.048416215926408768
test_protein_3633,0.05736396461725235
test_protein_3635,0.09674699604511261
test_protein_3636,0.23976634442806244
test_protein_3634,0.060657747089862823
test_protein_3640,0.064274750649929047
test_protein_3639,0.055477324873209
test_protein_3638,0.11504017561674118
test_protein_3645,0.49421036243438721
test_protein_3646,0.35143035650253296
test_protein_3642,0.12570391595363617
test_protein_3641,0.1271781325340271
test_protein_3643,0.52124828100204468
test_protein_3644,0.43118134140968323
test_protein_3647,0.60071027278900146
test_protein_3648,0.52309888601303101
test_protein_3650,0.57328689098358154
test_protein_3653,0.12026847898960114
test_protein_3654,0.46669226884841919
test_protein_3652,0.46218201518058777
test_protein_3649,0.25024017691612244
test_protein_3651,0.55204117298126221
test_protein_3656,0.42531558871269226
test_protein_3658,0.58314371109008789
test_protein_3655,0.31568270921707153
test_protein_3657,0.22367195785045624
test_protein_3660,0.50736439228057861
test_protein_3662,2.6367631494016164e-13
test_protein_3663,0.17336085438728333
test_protein_3664,0.46874502301216125
test_protein_3665,0.2951219379901886
test_protein_3661,0.0017643747851252556
test_protein_3659,0.26628053188323975
test_protein_3666,0.58078181743621826
test_protein_3667,0.10540375113487244
test_protein_3672,0.70688241720199585
test_protein_3668,0.30038589239120483
test_protein_3669,0.4549400806427002
test_protein_3670,0.27458882331848145
test_protein_3674,0.60190576314926147
test_protein_3673,0.31133967638015747
test_protein_3676,0.082554295659065247
test_protein_3675,0.44765898585319519
test_protein_3671,0.84106177091598511
test_protein_3677,0.20162452757358551
test_protein_3678,0.38531148433685303
test_protein_3679,0.62965035438537598
test_protein_3682,0.52577853202819824
test_protein_3681,0.4908176064491272
test_protein_3685,0.47067540884017944
test_protein_3686,0.11055190861225128
test_protein_3680,4.7824119064898696e-07
test_protein_3684,0.56441658735275269
test_protein_3683,0.45307835936546326
test_protein_3690,0.46843308210372925
test_protein_3688,0.34512144327163696
test_protein_3687,0.68974608182907104
test_protein_3689,0.084945365786552429
test_protein_3695,5.4903820378982005e-10
test_protein_3691,0.44281813502311707
test_protein_3692,0.394712895154953
test_protein_3697,0.57936930656433105
test_protein_3698,0.46697556972503662
test_protein_3701,0.78334891796112061
test_protein_3694,0.22572696208953857
test_protein_3693,0.55040198564529419
test_protein_3696,0.60607236623764038
test_protein_3699,0.28820624947547913
test_protein_3702,0.50752842426300049
test_protein_3700,0.51694852113723755
test_protein_3704,0.47328737378120422
test_protein_3706,0.30098718404769897
test_protein_3707,0.12317221611738205
test_protein_3703,0.075943253934383392
test_protein_3708,0.37807941436767578
test_protein_3711,0.4474416971206665
test_protein_3705,0.58435362577438354
test_protein_3709,0.026065057143568993
test_protein_3710,5.2766657709923948e-10
test_protein_3712,0.0029925815761089325
test_protein_3714,0.33440956473350525
test_protein_3713,0.053749684244394302
test_protein_3715,0.49868699908256531
test_protein_3716,0.30767169594764709
test_protein_3719,0.74612671136856079
test_protein_3717,1.8092609366249235e-07
test_protein_3718,0.34870681166648865
test_protein_3720,0.53030103445053101
test_protein_3722,0.25122442841529846
test_protein_3721,0.47215208411216736
test_protein_3724,0.86812478303909302
test_protein_3723,0.31933492422103882
test_protein_3725,0.45745337009429932
test_protein_3726,0.36614704132080078
test_protein_3729,3.5643566320686659e-07
test_protein_3727,0.48908567428588867
test_protein_3734,0.55329447984695435
test_protein_3730,0.36629354953765869
test_protein_3731,0.55767273902893066
test_protein_3728,9.2700855702787521e-07
test_protein_3736,0.1987004280090332
test_protein_3733,0.71436071395874023
test_protein_3735,0.28753849864006042
test_protein_3737,5.542672917857594e-11
test_protein_3732,0.033020414412021637
test_protein_3738,0.00018707039998844266
test_protein_3740,1.0376546015322674e-05
test_protein_3739,0.24725101888179779
test_protein_3741,0.49035897850990295
test_protein_3742,0.17478467524051666
test_protein_3744,0.6419985294342041
test_protein_3743,0.16407698392868042
test_protein_3745,0.59345358610153198
test_protein_3746,0.67715740203857422
test_protein_3749,0.20273622870445251
test_protein_3752,0.58151304721832275
test_protein_3747,0.16286785900592804
test_protein_3751,0.16101172566413879
test_protein_3750,0.25184309482574463
test_protein_3748,0.4790203869342804
test_protein_3754,0.44639644026756287
test_protein_3756,0.34950080513954163
test_protein_3753,0.20433050394058228
test_protein_3755,0.31352335214614868
test_protein_3758,0.47508236765861511
test_protein_3757,0.2759062647819519
test_protein_3759,0.53586655855178833
test_protein_3760,0.45598775148391724
test_protein_3761,0.2692391574382782
test_protein_3763,0.20942375063896179
test_protein_3766,0.87170308828353882
test_protein_3764,0.57238805294036865
test_protein_3762,0.20031259953975677
test_protein_3765,0.49946865439414978
test_protein_3769,0.44511836767196655
test_protein_3767,0.39625811576843262
test_protein_3768,0.34626296162605286
test_protein_3771,0.46485733985900879
test_protein_3773,0.51609086990356445
test_protein_3770,2.9541305934799311e-07
test_protein_3772,0.12820978462696075
test_protein_3774,0.58376258611679077
test_protein_3777,0.51439785957336426
test_protein_3775,0.36964297294616699
test_protein_3780,0.35482117533683777
test_protein_3776,0.69659620523452759
test_protein_3779,0.5890500545501709
test_protein_3778,0.43299320340156555
test_protein_3781,0.09788639098405838
test_protein_3782,0.73841977119445801
test_protein_3783,0.27141234278678894
test_protein_3787,0.64665311574935913
test_protein_3786,0.59053122997283936
test_protein_3784,0.57424604892730713
test_protein_3785,0.020846866071224213
test_protein_3788,0.43377029895782471
test_protein_3791,0.34229528903961182
test_protein_3792,5.3683557599271126e-10
test_protein_3789,0.33758401870727539
test_protein_3793,0.69487690925598145
test_protein_3795,0.16067449748516083
test_protein_3797,4.2696541640907526e-05
test_protein_3790,2.3726902327325661e-06
test_protein_3796,0.096575967967510223
test_protein_3794,0.0041360203176736832
test_protein_3801,0.38576111197471619
test_protein_3798,7.1988715433235484e-08
test_protein_3799,0.31990110874176025
test_protein_3800,0.038898184895515442
test_protein_3803,0.060629036277532578
test_protein_3807,0.98256152868270874
test_protein_3802,0.1715710312128067
test_protein_3805,0.41217082738876343
test_protein_3804,0.16422337293624878
test_protein_3808,0.86749362945556641
test_protein_3809,0.90191161632537842
test_protein_3811,0.73629951477050781
test_protein_3806,0.9953773021697998
test_protein_3810,0.87853544950485229
test_protein_3813,0.15925289690494537
test_protein_3812,0.26374974846839905
test_protein_3816,0.42521312832832336
test_protein_3814,2.4717593305467744e-07
test_protein_3815,0.31460294127464294
test_protein_3818,7.5333957738621393e-08
test_protein_3817,0.00041784954373724759
test_protein_3819,0.060542840510606766
test_protein_3820,0.5229383111000061
test_protein_3821,0.59256404638290405
test_protein_3824,0.478770911693573
test_protein_3823,0.39964210987091064
test_protein_3822,0.47238755226135254
test_protein_3825,0.28800550103187561
test_protein_3826,0.46489453315734863
test_protein_3827,0.43760228157043457
test_protein_3828,5.2536286432314228e-10
test_protein_3832,0.37336957454681396
test_protein_3831,0.16963149607181549
test_protein_3829,2.3207905996969203e-06
test_protein_3833,0.27703005075454712
test_protein_3830,0.29495465755462646
test_protein_3837,0.029843242838978767
test_protein_3834,0.34858068823814392
test_protein_3835,0.55106812715530396
test_protein_3836,0.48836413025856018
test_protein_3838,0.24037443101406097
test_protein_3841,9.3911181053840664e-09
test_protein_3839,0.16239598393440247
test_protein_3842,0.55995535850524902
test_protein_3847,0.038666520267724991
test_protein_3843,0.57820534706115723
test_protein_3845,0.33418416976928711
test_protein_3846,0.045988209545612335
test_protein_3844,7.5996007353751338e-07
test_protein_3848,0.63470810651779175
test_protein_3840,0.25945079326629639
test_protein_3849,0.74663513898849487
test_protein_3853,0.22387908399105072
test_protein_3852,0.36989513039588928
test_protein_3850,0.409344881772995
test_protein_3854,0.82316684722900391
test_protein_3851,0.42883330583572388
test_protein_3856,0.72969967126846313
test_protein_3860,0.20738880336284637
test_protein_3859,0.73306357860565186
test_protein_3858,0.070915587246417999
test_protein_3857,0.37375319004058838
test_protein_3855,0.14199727773666382
test_protein_3861,1.3321889014150656e-07
test_protein_3864,0.67208528518676758
test_protein_3866,0.66558694839477539
test_protein_3863,0.018073882907629013
test_protein_3862,0.17568250000476837
test_protein_3865,0.42922514677047729
test_protein_3869,0.75578278303146362
test_protein_3868,0.37274399399757385
test_protein_3867,0.40194672346115112
test_protein_3870,0.25873821973800659
test_protein_3872,0.57457429170608521
test_protein_3874,0.43641790747642517
test_protein_3871,0.30406364798545837
test_protein_3875,9.0398896701593401e-11
test_protein_3873,0.51134753227233887
test_protein_3878,0.33167770504951477
test_protein_3879,4.7523229795842781e-08
test_protein_3880,0.44376072287559509
test_protein_3877,0.29155758023262024
test_protein_3876,0.16648788750171661
test_protein_3881,0.1526762992143631
test_protein_3885,0.36413255333900452
test_protein_3882,1.7447861182517954e-06
test_protein_3883,0.37793907523155212
test_protein_3884,0.28015914559364319
test_protein_3888,0.23415841162204742
test_protein_3887,3.8423908499396475e-10
test_protein_3890,0.13516250252723694
test_protein_3886,0.35239166021347046
test_protein_3889,0.46203944087028503
test_protein_3891,0.60012972354888916
test_protein_3892,0.51188552379608154
test_protein_3897,2.22830863094714e-07
test_protein_3893,0.72657686471939087
test_protein_3894,0.18870013952255249
test_protein_3896,0.47002759575843811
test_protein_3895,0.30993583798408508
test_protein_3902,0.32819050550460815
test_protein_3898,2.144059578768065e-07
test_protein_3900,0.33866062760353088
test_protein_3899,0.19515343010425568
test_protein_3901,0.57033079862594604
test_protein_3905,0.16658850014209747
test_protein_3904,0.1675722599029541
test_protein_3906,0.42962348461151123
test_protein_3910,0.88089406490325928
test_protein_3907,0.043236780911684036
test_protein_3909,0.32347172498703003
test_protein_3903,0.108949214220047
test_protein_3908,0.094541281461715698
test_protein_3911,0.6366150975227356
test_protein_3912,0.47942090034484863
test_protein_3913,0.295573890209198
test_protein_3915,0.58001202344894409
test_protein_3914,0.34080579876899719
test_protein_3919,0.24275302886962891
test_protein_3916,0.523307204246521
test_protein_3920,1.4555452253262047e-05
test_protein_3918,0.36815860867500305
test_protein_3922,0.42400014400482178
test_protein_3917,0.36690241098403931
test_protein_3925,0.55657565593719482
test_protein_3921,0.54179215431213379
test_protein_3926,0.25016146898269653
test_protein_3923,0.51198989152908325
test_protein_3924,0.79268026351928711
test_protein_3930,0.40903171896934509
test_protein_3929,0.45123773813247681
test_protein_3928,0.65198260545730591
test_protein_3931,0.27098959684371948
test_protein_3932,0.26340180635452271
test_protein_3927,0.59507936239242554
test_protein_3934,0.73797541856765747
test_protein_3935,0.71830040216445923
test_protein_3933,0.25142496824264526
test_protein_3936,0.41008204221725464
test_protein_3941,2.1800703464691651e-09
test_protein_3940,0.36701259016990662
test_protein_3937,0.36476248502731323
test_protein_3938,0.74348384141921997
test_protein_3939,0.56370013952255249
test_protein_3942,0.6756327748298645
test_protein_3943,0.27539345622062683
test_protein_3945,0.20650565624237061
test_protein_3947,0.067339129745960236
test_protein_3944,0.0057819378562271595
test_protein_3946,5.9442420024424791e-05
test_protein_3948,0.57893401384353638
test_protein_3952,0.52358967065811157
test_protein_3951,0.512981116771698
test_protein_3954,0.40770810842514038
test_protein_3950,0.0034398655407130718
test_protein_3949,3.5862752767457096e-09
test_protein_3955,0.037158019840717316
test_protein_3953,0.30282661318778992
test_protein_3956,0.0868535116314888
test_protein_3957,0.04251963272690773
test_protein_3963,0.56028664112091064
test_protein_3958,0.33140593767166138
test_protein_3960,0.29438486695289612
test_protein_3959,0.6745755672454834
test_protein_3962,0.08283551037311554
test_protein_3964,0.0082944734022021294
test_protein_3961,0.07834954559803009
test_protein_3966,0.42361512780189514
test_protein_3967,0.56023174524307251
test_protein_3965,0.43066450953483582
test_protein_3968,0.56224572658538818
test_protein_3969,0.30728292465209961
test_protein_3971,0.81277358531951904
test_protein_3970,0.12536370754241943
test_protein_3977,0.89037185907363892
test_protein_3974,0.43179479241371155
test_protein_3973,0.27195006608963013
test_protein_3975,0.1176120862364769
test_protein_3972,0.6687883734703064
test_protein_3976,5.2455416152952239e-06
test_protein_3978,0.41222655773162842
test_protein_3979,0.33574846386909485
test_protein_3980,0.31017047166824341
test_protein_3984,0.46858710050582886
test_protein_3982,0.58889418840408325
test_protein_3981,0.68068444728851318
test_protein_3989,0.40753436088562012
test_protein_3983,0.38193917274475098
test_protein_3985,0.49718794226646423
test_protein_3988,0.098371654748916626
test_protein_3986,0.61544716358184814
test_protein_3987,0.055587802082300186
test_protein_3990,0.58289307355880737
test_protein_3991,0.47392341494560242
test_protein_3993,0.5642315149307251
test_protein_3996,0.42442411184310913
test_protein_3995,0.54697978496551514
test_protein_3994,0.52334904670715332
test_protein_3992,0.00018908012134488672
test_protein_3999,0.46204918622970581
test_protein_4000,0.36519229412078857
test_protein_3998,0.61809206008911133
test_protein_3997,0.25365373492240906
test_protein_4001,0.4496605396270752
test_protein_4002,3.9965945575204387e-07
test_protein_4004,0.092835992574691772
test_protein_4008,0.40620657801628113
test_protein_4003,1.73340904439101e-05
test_protein_4006,0.40197667479515076
test_protein_4005,0.5191962718963623
test_protein_4007,0.30944296717643738
test_protein_4011,8.7273738245130517e-06
test_protein_4010,0.35898807644844055
test_protein_4009,0.48412582278251648
test_protein_4015,0.070592030882835388
test_protein_4013,0.16516819596290588
test_protein_4012,0.36668524146080017
test_protein_4014,0.36060294508934021
test_protein_4017,0.0094178551807999611
test_protein_4020,0.094677560031414032
test_protein_4016,0.14823271334171295
test_protein_4018,0.2252860814332962
test_protein_4019,0.085291408002376556
test_protein_4022,5.1814913604175672e-05
test_protein_4021,3.9697988540865481e-07
test_protein_4023,4.4164073642605217e-07
test_protein_4024,0.35728934407234192
test_protein_4026,0.58700472116470337
test_protein_4025,0.35175246000289917
test_protein_4027,0.25515523552894592
test_protein_4029,0.52840960025787354
test_protein_4028,0.74860495328903198
test_protein_4030,6.3811953623371664e-06
test_protein_4031,0.43434581160545349
test_protein_4032,0.43931493163108826
test_protein_4033,0.24257111549377441
test_protein_4035,0.79789817333221436
test_protein_4036,0.27471357583999634
test_protein_4034,0.2693239152431488
test_protein_4039,0.52443498373031616
test_protein_4040,0.31962341070175171
test_protein_4041,0.41901275515556335
test_protein_4038,0.6393435001373291
test_protein_4042,0.34150242805480957
test_protein_4044,0.080454669892787933
test_protein_4037,0.078427769243717194
test_protein_4043,0.60066157579421997
test_protein_4052,0.19708962738513947
test_protein_4046,0.36574119329452515
test_protein_4045,1.9712160792551003e-05
test_protein_4047,0.36030414700508118
test_protein_4049,0.32418745756149292
test_protein_4051,0.40832293033599854
test_protein_4050,0.49428778886795044
test_protein_4048,0.23196147382259369
test_protein_4053,0.26276907324790955
test_protein_4054,0.16996385157108307
test_protein_4057,0.064975842833518982
test_protein_4055,0.49788227677345276
test_protein_4061,0.44749438762664795
test_protein_4059,0.31199720501899719
test_protein_4058,0.49289220571517944
test_protein_4056,0.58505433797836304
test_protein_4060,0.50466334819793701
test_protein_4065,0.57165819406509399
test_protein_4062,0.16218844056129456
test_protein_4063,0.62591129541397095
test_protein_4069,0.14982736110687256
test_protein_4064,0.41479089856147766
test_protein_4067,0.067568019032478333
test_protein_4071,0.31716421246528625
test_protein_4066,0.47894024848937988
test_protein_4070,0.74216961860656738
test_protein_4068,0.58945035934448242
test_protein_4072,0.35182717442512512
test_protein_4075,0.045153118669986725
test_protein_4074,0.45350593328475952
test_protein_4076,0.47068479657173157
test_protein_4077,0.5949898362159729
test_protein_4073,0.15141239762306213
test_protein_4079,0.25671124458312988
test_protein_4081,1.1204864212030832e-13
test_protein_4080,0.36218157410621643
test_protein_4078,0.43263325095176697
test_protein_4083,0.36060437560081482
test_protein_4086,0.59357297420501709
test_protein_4082,0.33208206295967102
test_protein_4087,0.45022264122962952
test_protein_4088,0.19840757548809052
test_protein_4085,0.47380569577217102
test_protein_4084,0.28268915414810181
test_protein_4089,0.50208586454391479
test_protein_4091,0.065338976681232452
test_protein_4092,0.36111980676651001
test_protein_4090,5.2491242463759136e-09
test_protein_4093,0.79582345485687256
test_protein_4094,0.33137771487236023
test_protein_4096,0.32528138160705566
test_protein_4099,0.29488667845726013
test_protein_4098,0.56630992889404297
test_protein_4095,0.35798364877700806
test_protein_4097,0.53162950277328491
test_protein_4101,0.60876643657684326
test_protein_4104,0.032515965402126312
test_protein_4103,0.0398685522377491
test_protein_4100,0.43146678805351257
test_protein_4102,0.42271941900253296
test_protein_4109,0.4586179256439209
test_protein_4106,9.5622780527104823e-11
test_protein_4107,0.3397972583770752
test_protein_4108,0.0061316001228988171
test_protein_4105,0.19668780267238617
test_protein_4111,0.041670359671115875
test_protein_4110,0.4618629515171051
test_protein_4112,0.91527128219604492
test_protein_4116,0.6068805456161499
test_protein_4114,0.66324371099472046
test_protein_4115,0.40664523839950562
test_protein_4113,0.42196506261825562
test_protein_4118,0.33456289768218994
test_protein_4117,0.59297430515289307
test_protein_4119,0.37506109476089478
test_protein_4121,0.49001041054725647
test_protein_4120,0.48948940634727478
test_protein_4122,0.11219350248575211
test_protein_4126,0.55074751377105713
test_protein_4124,0.67899024486541748
test_protein_4123,0.44554278254508972
test_protein_4127,0.33432024717330933
test_protein_4128,1.8362896980761434e-06
test_protein_4125,0.15522992610931396
test_protein_4133,0.55574381351470947
test_protein_4129,0.37623417377471924
test_protein_4130,0.0013632487971335649
test_protein_4132,0.59848129749298096
test_protein_4131,0.69007903337478638
test_protein_4135,0.20322051644325256
test_protein_4136,0.31234228610992432
test_protein_4139,0.53343206644058228
test_protein_4134,0.50036191940307617
test_protein_4142,0.073817752301692963
test_protein_4137,0.15636657178401947
test_protein_4138,1.3974847945519286e-09
test_protein_4144,0.39512321352958679
test_protein_4140,0.54184639453887939
test_protein_4143,0.68381685018539429
test_protein_4141,0.038019523024559021
test_protein_4146,0.27748936414718628
test_protein_4147,0.27423757314682007
test_protein_4145,0.33571171760559082
test_protein_4151,0.72640717029571533
test_protein_4150,0.65345966815948486
test_protein_4149,0.49260693788528442
test_protein_4152,0.34918448328971863
test_protein_4148,0.46886065602302551
test_protein_4153,0.00046844533062539995
test_protein_4157,0.49081724882125854
test_protein_4156,0.66327691078186035
test_protein_4154,0.028586849570274353
test_protein_4158,0.34461480379104614
test_protein_4155,0.84448873996734619
test_protein_4160,0.15533196926116943
test_protein_4164,0.55582350492477417
test_protein_4163,0.59383904933929443
test_protein_4162,0.71874523162841797
test_protein_4159,0.67759746313095093
test_protein_4161,0.50097942352294922
test_protein_4167,0.10955968499183655
test_protein_4165,0.55455249547958374
test_protein_4168,0.25729113817214966
test_protein_4166,0.17883841693401337
test_protein_4169,0.28511521220207214
test_protein_4172,0.047444816678762436
test_protein_4170,0.1317002922296524
test_protein_4175,0.26045966148376465
test_protein_4171,0.63987982273101807
test_protein_4173,0.4830818772315979
test_protein_4176,0.16405157744884491
test_protein_4174,0.34557855129241943
test_protein_4177,0.096392706036567688
test_protein_4178,0.41944083571434021
test_protein_4179,0.50092732906341553
test_protein_4183,0.33118084073066711
test_protein_4181,0.40286979079246521
test_protein_4180,0.68931841850280762
test_protein_4182,0.3607945442199707
test_protein_4185,0.80044084787368774
test_protein_4184,0.074331894516944885
test_protein_4187,0.68029206991195679
test_protein_4186,0.56888484954833984
test_protein_4193,0.27371150255203247
test_protein_4192,0.33457478880882263
test_protein_4190,0.35391956567764282
test_protein_4188,0.6239016056060791
test_protein_4189,0.32203695178031921
test_protein_4191,0.70765703916549683
test_protein_4195,0.85406601428985596
test_protein_4194,0.69212162494659424
test_protein_4196,0.26850506663322449
test_protein_4197,0.4735865592956543
test_protein_4199,0.62733930349349976
test_protein_4202,0.24841469526290894
test_protein_4201,0.41692957282066345
test_protein_4198,0.40904879570007324
test_protein_4200,0.53280776739120483
test_protein_4206,0.083196721971035004
test_protein_4204,0.51632130146026611
test_protein_4203,0.21397115290164948
test_protein_4205,0.70710527896881104
test_protein_4211,0.00058409065240994096
test_protein_4208,0.44676855206489563
test_protein_4209,2.0475344086889891e-08
test_protein_4207,0.63221955299377441
test_protein_4210,0.0034163147211074829
test_protein_4212,0.00061245477991178632
test_protein_4214,0.57670688629150391
test_protein_4217,0.2730211615562439
test_protein_4216,0.39875918626785278
test_protein_4213,0.18059255182743073
test_protein_4220,0.25066608190536499
test_protein_4215,0.4264087975025177
test_protein_4218,0.55002826452255249
test_protein_4219,0.025249948725104332
test_protein_4221,0.31763887405395508
test_protein_4222,5.6747603593976237e-07
test_protein_4223,0.3368874192237854
test_protein_4226,0.42600080370903015
test_protein_4225,0.44339519739151001
test_protein_4224,0.4446234405040741
test_protein_4227,0.51606118679046631
test_protein_4228,0.51941078901290894
test_protein_4229,4.2651022687592577e-15
test_protein_4232,0.33951705694198608
test_protein_4230,0.044574886560440063
test_protein_4231,0.1720924973487854
test_protein_4234,0.28196921944618225
test_protein_4233,0.40339115262031555
test_protein_4236,0.55034959316253662
test_protein_4238,0.18985307216644287
test_protein_4235,0.49717745184898376
test_protein_4239,2.1466375699219498e-07
test_protein_4240,0.13442665338516235
test_protein_4237,0.20288975536823273
test_protein_4241,0.47134402394294739
test_protein_4242,4.9673733883537352e-05
test_protein_4243,0.54802227020263672
test_protein_4244,3.6987951261835406e-06
test_protein_4248,0.55513709783554077
test_protein_4247,0.69165545701980591
test_protein_4246,0.48591610789299011
test_protein_4245,0.19042967259883881
test_protein_4249,0.064112022519111633
test_protein_4251,0.021366903558373451
test_protein_4250,0.16604049503803253
test_protein_4252,0.5328981876373291
test_protein_4253,3.6012057336165526e-08
test_protein_4255,0.43046513199806213
test_protein_4256,0.40888068079948425
test_protein_4254,0.54174965620040894
test_protein_4257,0.77202194929122925
test_protein_4262,0.40472644567489624
test_protein_4259,0.33334219455718994
test_protein_4260,0.55731594562530518
test_protein_4258,0.23007321357727051
test_protein_4261,3.8308233342831954e-05
test_protein_4265,0.10938260704278946
test_protein_4263,0.15584376454353333
test_protein_4266,0.22091926634311676
test_protein_4264,0.3290061354637146
test_protein_4267,0.45331746339797974
test_protein_4268,0.04035404697060585
test_protein_4274,0.330299973487854
test_protein_4269,0.0018118987791240215
test_protein_4271,0.083223238587379456
test_protein_4270,0.24191693961620331
test_protein_4272,0.53452050685882568
test_protein_4273,1.4424880646402016e-05
test_protein_4275,1.7952204416360473e-06
test_protein_4276,0.71623408794403076
test_protein_4277,0.29795873165130615
test_protein_4279,0.52568519115447998
test_protein_4278,0.30766800045967102
test_protein_4281,5.3367315558716655e-05
test_protein_4280,0.0080674765631556511
test_protein_4282,0.25410041213035583
test_protein_4285,0.27735975384712219
test_protein_4283,1.4265937409163598e-07
test_protein_4287,0.26472985744476318
test_protein_4284,0.4855349063873291
test_protein_4286,9.2192493639231543e-09
test_protein_4289,0.7017863392829895
test_protein_4292,0.50156193971633911
test_protein_4290,0.42273640632629395
test_protein_4293,0.25640687346458435
test_protein_4291,0.50018322467803955
test_protein_4295,0.32555872201919556
test_protein_4288,0.042830765247344971
test_protein_4294,0.1437537670135498
test_protein_4297,0.75139182806015015
test_protein_4296,0.01527106948196888
test_protein_4298,0.094375602900981903
test_protein_4303,0.26538681983947754
test_protein_4302,0.508647620677948
test_protein_4301,0.32612636685371399
test_protein_4300,0.31916943192481995
test_protein_4310,0.067757338285446167
test_protein_4307,0.35084062814712524
test_protein_4299,0.32044565677642822
test_protein_4308,0.44109469652175903
test_protein_4304,0.5050586462020874
test_protein_4309,0.063202932476997375
test_protein_4306,0.49781253933906555
test_protein_4305,0.27506914734840393
test_protein_4311,0.20386628806591034
test_protein_4312,0.18307960033416748
test_protein_4314,0.39844837784767151
test_protein_4313,0.33681783080101013
test_protein_4317,0.37274608016014099
test_protein_4319,0.53114569187164307
test_protein_4315,0.39766785502433777
test_protein_4316,0.2682773768901825
test_protein_4318,0.47463726997375488
test_protein_4325,0.29912933707237244
test_protein_4323,0.46777084469795227
test_protein_4322,5.8925675148202572e-06
test_protein_4320,0.46685266494750977
test_protein_4324,0.17205265164375305
test_protein_4321,0.31940165162086487
test_protein_4326,1.1285785603831755e-06
test_protein_4329,0.39873474836349487
test_protein_4327,0.77897638082504272
test_protein_4328,0.3176518976688385
test_protein_4333,0.309335857629776
test_protein_4330,0.00041711863013915718
test_protein_4332,0.53858464956283569
test_protein_4331,0.0057884347625076771
test_protein_4334,0.00056820292957127094
test_protein_4336,0.59981876611709595
test_protein_4337,0.00019174424232915044
test_protein_4335,0.78119426965713501
test_protein_4338,0.039013940840959549
test_protein_4339,0.70866423845291138
test_protein_4340,0.26701340079307556
test_protein_4342,0.49647036194801331
test_protein_4343,0.28752243518829346
test_protein_4341,0.22473405301570892
test_protein_4344,0.061256371438503265
test_protein_4346,0.64905965328216553
test_protein_4345,0.21327641606330872
test_protein_4348,1.8467707718627935e-07
test_protein_4347,0.6480528712272644
test_protein_4350,0.5440441370010376
test_protein_4352,0.42777830362319946
test_protein_4353,0.00054965470917522907
test_protein_4355,0.45423012971878052
test_protein_4354,0.46960124373435974
test_protein_4349,0.3286844789981842
test_protein_4351,0.41700437664985657
test_protein_4356,0.25206363201141357
test_protein_4357,3.6411809123393368e-09
test_protein_4359,0.64051777124404907
test_protein_4361,0.47666767239570618
test_protein_4363,0.0026224886532872915
test_protein_4364,0.41826790571212769
test_protein_4362,0.58945566415786743
test_protein_4365,0.47072553634643555
test_protein_4360,0.37291118502616882
test_protein_4358,0.52844858169555664
test_protein_4366,0.45831200480461121
test_protein_4367,0.28615966439247131
test_protein_4369,0.65948671102523804
test_protein_4368,0.3168235719203949
test_protein_4371,3.8187798054423183e-05
test_protein_4372,0.31187188625335693
test_protein_4374,0.24564135074615479
test_protein_4375,0.51558810472488403
test_protein_4370,0.0055365501902997494
test_protein_4373,0.47353971004486084
test_protein_4376,0.32911667227745056
test_protein_4381,0.30519774556159973
test_protein_4378,0.26420184969902039
test_protein_4379,0.42853838205337524
test_protein_4377,0.44597026705741882
test_protein_4380,0.11504935473203659
test_protein_4385,0.50877249240875244
test_protein_4382,0.45285013318061829
test_protein_4383,0.26132726669311523
test_protein_4386,0.48253965377807617
test_protein_4384,0.51468944549560547
test_protein_4390,0.55962586402893066
test_protein_4387,0.30997127294540405
test_protein_4389,0.48185217380523682
test_protein_4388,3.4181402952526696e-06
test_protein_4393,0.29678213596343994
test_protein_4392,0.51965939998626709
test_protein_4391,0.45708233118057251
test_protein_4397,0.65813589096069336
test_protein_4394,0.69949758052825928
test_protein_4395,2.5895860744640231e-07
test_protein_4398,0.50254929065704346
test_protein_4396,0.57066959142684937
test_protein_4400,0.063273407518863678
test_protein_4399,0.40066444873809814
test_protein_4403,0.14730969071388245
test_protein_4402,0.082715481519699097
test_protein_4407,0.045443110167980194
test_protein_4406,0.35604342818260193
test_protein_4404,0.00022918680042494088
test_protein_4405,0.18965207040309906
test_protein_4408,0.036667235195636749
test_protein_4401,0.0047148773446679115
test_protein_4410,0.30013439059257507
test_protein_4409,0.4538695216178894
test_protein_4411,0.46364858746528625
test_protein_4413,0.18814238905906677
test_protein_4414,0.32076594233512878
test_protein_4412,0.69465631246566772
test_protein_4415,0.52899688482284546
test_protein_4416,0.41184914112091064
test_protein_4417,0.32564520835876465
test_protein_4420,0.33245253562927246
test_protein_4421,0.19764569401741028
test_protein_4424,0.27484086155891418
test_protein_4419,0.33161032199859619
test_protein_4418,0.63388758897781372
test_protein_4423,0.3838324248790741
test_protein_4422,0.16026894748210907
test_protein_4429,0.36676105856895447
test_protein_4430,0.78738737106323242
test_protein_4425,0.17931991815567017
test_protein_4428,0.403066486120224
test_protein_4426,0.39071965217590332
test_protein_4433,0.0056122550740838051
test_protein_4431,0.5707588791847229
test_protein_4427,0.090430118143558502
test_protein_4432,0.36789879202842712
test_protein_4434,0.3608076274394989
test_protein_4435,0.11474049836397171
test_protein_4438,0.61581748723983765
test_protein_4436,0.19135402143001556
test_protein_4437,0.48709428310394287
test_protein_4443,0.60516166687011719
test_protein_4439,0.42421358823776245
test_protein_4440,0.76206511259078979
test_protein_4441,0.66067051887512207
test_protein_4442,0.50988519191741943
test_protein_4446,0.27256917953491211
test_protein_4444,0.73211401700973511
test_protein_4445,0.3297332227230072
test_protein_4447,0.35464629530906677
test_protein_4448,0.15178558230400085
test_protein_4453,0.74137920141220093
test_protein_4451,0.4941689670085907
test_protein_4450,0.203656867146492
test_protein_4452,0.94136428833007812
test_protein_4449,0.43548619747161865
test_protein_4455,1.3068602200405621e-08
test_protein_4457,0.2588045597076416
test_protein_4456,5.9212129599472973e-07
test_protein_4454,0.67011171579360962
test_protein_4458,0.42008095979690552
test_protein_4459,0.01622416079044342
test_protein_4462,0.76792621612548828
test_protein_4464,0.19020801782608032
test_protein_4463,0.77126967906951904
test_protein_4461,0.59418106079101562
test_protein_4460,0.42191615700721741
test_protein_4465,0.06226087361574173
test_protein_4467,0.32330691814422607
test_protein_4471,0.13371409475803375
test_protein_4466,0.31116482615470886
test_protein_4470,0.083516255021095276
test_protein_4472,0.0010238151298835874
test_protein_4469,0.052748557180166245
test_protein_4468,0.65980106592178345
test_protein_4476,0.52730661630630493
test_protein_4477,0.49344921112060547
test_protein_4475,0.45871871709823608
test_protein_4473,0.0054179891012609005
test_protein_4474,0.33008566498756409
test_protein_4480,4.8923277518042596e-07
test_protein_4478,4.1583233384434592e-11
test_protein_4482,0.44047921895980835
test_protein_4483,0.4463779628276825
test_protein_4479,0.15814048051834106
test_protein_4481,0.44461148977279663
test_protein_4485,0.00012056385457981378
test_protein_4484,0.35767915844917297
test_protein_4486,0.56363791227340698
test_protein_4487,0.44788038730621338
test_protein_4490,0.87114626169204712
test_protein_4488,0.45351982116699219
test_protein_4491,0.062712870538234711
test_protein_4489,0.6406438946723938
test_protein_4495,0.39443725347518921
test_protein_4494,0.15371505916118622
test_protein_4492,0.077469520270824432
test_protein_4493,0.026781812310218811
test_protein_4497,0.78541100025177002
test_protein_4496,0.38968315720558167
test_protein_4498,0.28748762607574463
test_protein_4499,0.30972996354103088
test_protein_4500,0.55711990594863892
test_protein_4501,0.22880874574184418
test_protein_4502,0.33598917722702026
test_protein_4503,0.76812124252319336
test_protein_4504,0.39431002736091614
test_protein_4507,0.41334086656570435
test_protein_4508,0.55227798223495483
test_protein_4505,0.036051083356142044
test_protein_4506,0.3304697573184967
test_protein_4510,0.40375623106956482
test_protein_4509,0.78002446889877319
test_protein_4512,8.0445815342500282e-08
test_protein_4511,0.22343288362026215
test_protein_4513,0.47140070796012878
test_protein_4515,0.40999463200569153
test_protein_4517,1.0613066478981636e-05
test_protein_4514,0.82113391160964966
test_protein_4520,0.38509777188301086
test_protein_4516,0.23282977938652039
test_protein_4518,0.3170611560344696
test_protein_4519,0.44882398843765259
test_protein_4521,0.19554269313812256
test_protein_4523,0.67143219709396362
test_protein_4525,0.58685833215713501
test_protein_4524,0.35193508863449097
test_protein_4526,0.045081295073032379
test_protein_4522,3.2735650279391848e-07
test_protein_4527,0.37903770804405212
test_protein_4528,0.67959004640579224
test_protein_4529,0.57024478912353516
test_protein_4533,0.63647925853729248
test_protein_4530,0.44991844892501831
test_protein_4532,0.52760893106460571
test_protein_4531,0.48499038815498352
test_protein_4537,0.4227217435836792
test_protein_4535,0.10093516856431961
test_protein_4539,0.061559908092021942
test_protein_4534,0.19461823999881744
test_protein_4538,0.60307437181472778
test_protein_4536,0.34847509860992432
test_protein_4540,0.46360772848129272
test_protein_4541,0.41419598460197449
test_protein_4542,0.41947409510612488
test_protein_4544,2.0579256670316681e-05
test_protein_4543,0.23847822844982147
test_protein_4548,0.41206187009811401
test_protein_4545,0.37742865085601807
test_protein_4547,0.58984643220901489
test_protein_4546,0.82504701614379883
test_protein_4549,0.34130039811134338
test_protein_4550,0.010321340523660183
test_protein_4553,0.19381695985794067
test_protein_4557,0.7924501895904541
test_protein_4554,0.3564794659614563
test_protein_4551,0.5961340069770813
test_protein_4552,1.2741206489863544e-07
test_protein_4558,0.50864732265472412
test_protein_4556,0.0075820903293788433
test_protein_4555,0.62267923355102539
test_protein_4559,0.20116676390171051
test_protein_4560,0.085586011409759521
test_protein_4561,0.31890091300010681
test_protein_4562,0.15510527789592743
test_protein_4564,0.34367942810058594
test_protein_4566,0.1055767759680748
test_protein_4567,0.4531867504119873
test_protein_4563,0.26391801238059998
test_protein_4565,0.29395228624343872
test_protein_4568,0.094718091189861298
test_protein_4569,0.33960646390914917
test_protein_4573,0.61193621158599854
test_protein_4572,0.36290568113327026
test_protein_4570,0.084365509450435638
test_protein_4571,0.40439385175704956
test_protein_4575,0.20791403949260712
test_protein_4578,0.1929294615983963
test_protein_4577,0.11644706130027771
test_protein_4581,0.21852953732013702
test_protein_4574,0.91732925176620483
test_protein_4580,0.006025038193911314
test_protein_4576,0.15391670167446136
test_protein_4582,0.49909037351608276
test_protein_4579,0.29973223805427551
test_protein_4590,0.99003779888153076
test_protein_4586,0.72847360372543335
test_protein_4592,0.81775325536727905
test_protein_4585,0.68707579374313354
test_protein_4587,0.34475237131118774
test_protein_4597,0.95407706499099731
test_protein_4591,0.8799673318862915
test_protein_4583,0.3108254075050354
test_protein_4589,0.26388630270957947
test_protein_4584,0.5057329535484314
test_protein_4588,0.88933300971984863
test_protein_4595,0.9956587553024292
test_protein_4594,0.71125006675720215
test_protein_4596,0.99874794483184814
test_protein_4599,0.88839751482009888
test_protein_4602,0.90528452396392822
test_protein_4603,0.98842734098434448
test_protein_4593,0.77616018056869507
test_protein_4606,0.99991691112518311
test_protein_4607,0.9696844220161438
test_protein_4600,0.96851378679275513
test_protein_4605,0.91582149267196655
test_protein_4604,0.84578132629394531
test_protein_4598,0.97751277685165405
test_protein_4601,0.76726067066192627
test_protein_4608,0.39199027419090271
test_protein_4614,0.69038277864456177
test_protein_4609,0.47269091010093689
test_protein_4610,0.2368759959936142
test_protein_4613,0.52075231075286865
test_protein_4612,0.71172147989273071
test_protein_4615,0.87597554922103882
test_protein_4618,0.67426395416259766
test_protein_4616,0.39333432912826538
test_protein_4617,0.86070877313613892
test_protein_4619,0.82116663455963135
test_protein_4611,0.30014896392822266
test_protein_4620,0.95441269874572754
test_protein_4625,0.6870000958442688
test_protein_4626,0.86864668130874634
test_protein_4623,0.80906528234481812
test_protein_4627,0.95754700899124146
test_protein_4622,0.88757789134979248
test_protein_4624,0.70649778842926025
test_protein_4621,0.99042141437530518
test_protein_4631,6.1630555592273595e-07
test_protein_4628,0.98174744844436646
test_protein_4629,0.2370738685131073
test_protein_4632,0.60022717714309692
test_protein_4635,0.059581957757472992
test_protein_4634,0.21322472393512726
test_protein_4630,0.74071836471557617
test_protein_4633,0.24259482324123383
test_protein_4640,0.60242211818695068
test_protein_4638,0.032765209674835205
test_protein_4639,0.001304490608163178
test_protein_4636,0.22001080214977264
test_protein_4637,0.20317685604095459
test_protein_4641,0.39513695240020752
test_protein_4645,0.62351816892623901
test_protein_4642,0.013195598497986794
test_protein_4643,0.55365639925003052
test_protein_4646,3.3928936318261549e-05
test_protein_4644,0.53235775232315063
test_protein_4651,0.51712429523468018
test_protein_4649,0.13135574758052826
test_protein_4650,0.082847870886325836
test_protein_4647,6.8961355736973928e-08
test_protein_4648,5.7904558161681052e-06
test_protein_4653,0.19996602833271027
test_protein_4652,0.19542498886585236
test_protein_4655,0.37541890144348145
test_protein_4659,2.1039497255515016e-07
test_protein_4654,0.13102366030216217
test_protein_4658,0.54171031713485718
test_protein_4660,0.38985449075698853
test_protein_4656,0.29380625486373901
test_protein_4657,0.51604986190795898
test_protein_4661,0.54315972328186035
test_protein_4663,0.46756380796432495
test_protein_4662,0.043872982263565063
test_protein_4664,0.084418490529060364
test_protein_4666,0.82510268688201904
test_protein_4665,0.20927594602108002
test_protein_4667,0.027928974479436874
test_protein_4668,0.37748530507087708
test_protein_4670,0.31375217437744141
test_protein_4674,0.3117946982383728
test_protein_4672,2.4667442630743608e-05
test_protein_4671,0.29075083136558533
test_protein_4675,0.28809618949890137
test_protein_4678,0.9351574182510376
test_protein_4669,0.5148845911026001
test_protein_4673,0.00034299134858883917
test_protein_4679,0.65796142816543579
test_protein_4680,7.479429041268304e-05
test_protein_4677,0.33716779947280884
test_protein_4676,0.51660490036010742
test_protein_4682,0.53666090965270996
test_protein_4681,0.30443230271339417
test_protein_4684,0.66770565509796143
test_protein_4683,0.29528915882110596
test_protein_4687,1.6375268785395747e-07
test_protein_4689,0.6164509654045105
test_protein_4685,0.4435027539730072
test_protein_4686,0.20311985909938812
test_protein_4688,5.3158655646257102e-05
test_protein_4690,0.10055192559957504
test_protein_4691,0.56632894277572632
test_protein_4692,0.25234207510948181
test_protein_4693,0.89769566059112549
test_protein_4694,0.00012113161210436374
test_protein_4695,0.31802448630332947
test_protein_4696,0.48268014192581177
test_protein_4700,0.45690703392028809
test_protein_4698,0.53791368007659912
test_protein_4697,8.5169422163744457e-06
test_protein_4699,0.24969638884067535
test_protein_4701,0.61024081707000732
test_protein_4702,0.39461901783943176
test_protein_4703,0.72424757480621338
test_protein_4707,0.42806476354598999
test_protein_4709,0.435630202293396
test_protein_4704,0.51706969738006592
test_protein_4705,0.61520534753799438
test_protein_4711,0.52729958295822144
test_protein_4708,0.51311653852462769
test_protein_4706,0.3152841329574585
test_protein_4710,0.34696444869041443
test_protein_4712,0.077455669641494751
test_protein_4716,0.24739500880241394
test_protein_4717,0.4600537121295929
test_protein_4713,1.4030213435489713e-07
test_protein_4715,0.33989048004150391
test_protein_4714,5.3770690122689757e-09
test_protein_4722,0.61227667331695557
test_protein_4720,0.7247239351272583
test_protein_4718,6.689793252689924e-08
test_protein_4721,0.13955233991146088
test_protein_4719,0.55988931655883789
test_protein_4723,0.21522510051727295
test_protein_4724,0.72542369365692139
test_protein_4725,0.2940574586391449
test_protein_4726,0.29203373193740845
test_protein_4727,0.32410821318626404
test_protein_4729,0.26709192991256714
test_protein_4730,0.23272746801376343
test_protein_4731,0.59630882740020752
test_protein_4728,0.47573685646057129
test_protein_4734,0.077836222946643829
test_protein_4733,9.415474622187503e-09
test_protein_4732,0.072084546089172363
test_protein_4735,0.39297440648078918
test_protein_4737,0.39527282118797302
test_protein_4736,0.68512517213821411
test_protein_4738,0.70991456508636475
test_protein_4741,0.33284038305282593
test_protein_4740,0.76597988605499268
test_protein_4744,0.18987448513507843
test_protein_4739,0.56495451927185059
test_protein_4742,0.51528239250183105
test_protein_4743,3.7416952869406828e-10
test_protein_4746,0.31830701231956482
test_protein_4748,0.32734248042106628
test_protein_4745,2.5578756321920082e-05
test_protein_4749,0.11326757818460464
test_protein_4750,0.0019588777795433998
test_protein_4753,0.86520791053771973
test_protein_4752,0.5572509765625
test_protein_4751,0.15813575685024261
test_protein_4747,0.36973118782043457
test_protein_4755,0.19850637018680573
test_protein_4754,7.9810861279838718e-06
test_protein_4756,0.5483253002166748
test_protein_4758,0.33553013205528259
test_protein_4760,0.32029691338539124
test_protein_4757,0.2522752583026886
test_protein_4763,0.61453914642333984
test_protein_4759,0.23830358684062958
test_protein_4764,0.57189899682998657
test_protein_4761,0.44332998991012573
test_protein_4766,0.34435334801673889
test_protein_4765,0.55366623401641846
test_protein_4762,0.32806935906410217
test_protein_4769,0.64217889308929443
test_protein_4767,0.0058737886138260365
test_protein_4774,0.045362945646047592
test_protein_4770,0.61548292636871338
test_protein_4772,0.4528275728225708
test_protein_4771,0.61885136365890503
test_protein_4768,0.56750214099884033
test_protein_4775,0.082771964371204376
test_protein_4776,0.15732978284358978
test_protein_4773,0.20407615602016449
test_protein_4777,0.045143593102693558
test_protein_4779,0.29877889156341553
test_protein_4778,0.23423424363136292
test_protein_4780,0.477681964635849
test_protein_4782,0.30740919709205627
test_protein_4784,0.20592164993286133
test_protein_4788,0.44032090902328491
test_protein_4781,0.34546235203742981
test_protein_4783,4.8363130389361686e-08
test_protein_4785,4.7969924708013423e-06
test_protein_4787,0.014664219692349434
test_protein_4789,0.84546327590942383
test_protein_4786,0.013624859973788261
test_protein_4792,0.57760787010192871
test_protein_4791,0.50703233480453491
test_protein_4794,0.25359675288200378
test_protein_4793,0.41996237635612488
test_protein_4790,0.035138122737407684
test_protein_4795,0.48358625173568726
test_protein_4796,0.67847555875778198
test_protein_4799,0.25366201996803284
test_protein_4800,0.27549514174461365
test_protein_4797,0.69698303937911987
test_protein_4798,0.32890337705612183
test_protein_4801,0.48778769373893738
test_protein_4804,0.19765861332416534
test_protein_4806,0.44617825746536255
test_protein_4807,0.13481688499450684
test_protein_4802,0.39720353484153748
test_protein_4803,0.56817334890365601
test_protein_4809,0.062728457152843475
test_protein_4805,0.63211297988891602
test_protein_4808,0.0031565185636281967
test_protein_4810,0.10559473931789398
test_protein_4811,0.0001246918982360512
test_protein_4815,0.43207216262817383
test_protein_4812,0.13810883462429047
test_protein_4818,0.036049425601959229
test_protein_4814,0.22099477052688599
test_protein_4813,0.16000576317310333
test_protein_4817,0.0051338751800358295
test_protein_4816,0.23325358331203461
test_protein_4820,0.43977358937263489
test_protein_4819,0.42010647058486938
test_protein_4821,0.13067647814750671
test_protein_4823,0.23160046339035034
test_protein_4822,0.50937676429748535
test_protein_4825,0.32590126991271973
test_protein_4826,0.41535621881484985
test_protein_4830,1.6905743223105674e-06
test_protein_4824,0.11676590889692307
test_protein_4829,0.25763499736785889
test_protein_4831,0.23602963984012604
test_protein_4834,0.25780421495437622
test_protein_4828,0.64196598529815674
test_protein_4832,0.6873924732208252
test_protein_4827,0.075402870774269104
test_protein_4833,0.24993549287319183
test_protein_4838,0.29482331871986389
test_protein_4835,0.12377097457647324
test_protein_4836,0.43251708149909973
test_protein_4841,0.33022332191467285
test_protein_4839,3.4350218225398521e-09
test_protein_4842,0.2089076042175293
test_protein_4840,0.26300027966499329
test_protein_4845,0.38626965880393982
test_protein_4843,0.22282300889492035
test_protein_4837,0.36396932601928711
test_protein_4847,0.35429757833480835
test_protein_4849,0.32240268588066101
test_protein_4844,0.02485286071896553
test_protein_4846,0.16825008392333984
test_protein_4850,0.55710828304290771
test_protein_4848,0.51271224021911621
test_protein_4851,0.047740776091814041
test_protein_4852,0.68133777379989624
test_protein_4853,0.44852042198181152
test_protein_4854,0.27994444966316223
test_protein_4855,0.31044784188270569
test_protein_4858,0.035453084856271744
test_protein_4856,0.91727423667907715
test_protein_4859,0.16068902611732483
test_protein_4857,0.40328243374824524
test_protein_4863,0.40819823741912842
test_protein_4862,0.125475212931633
test_protein_4860,0.13456498086452484
test_protein_4866,0.075860083103179932
test_protein_4865,0.56564974784851074
test_protein_4861,0.33434051275253296
test_protein_4864,0.21778501570224762
test_protein_4870,0.58676481246948242
test_protein_4867,4.5403151460732261e-08
test_protein_4874,1.4106773960520513e-05
test_protein_4868,0.97628897428512573
test_protein_4875,0.3924279510974884
test_protein_4873,0.36180311441421509
test_protein_4872,0.41815942525863647
test_protein_4869,0.068646520376205444
test_protein_4871,0.0013841399922966957
test_protein_4876,0.3043321967124939
test_protein_4879,0.36019837856292725
test_protein_4880,0.43043607473373413
test_protein_4884,0.57858508825302124
test_protein_4877,0.33051300048828125
test_protein_4878,0.55662357807159424
test_protein_4881,0.15821591019630432
test_protein_4882,0.64798933267593384
test_protein_4885,0.83466744422912598
test_protein_4883,3.5716343660396888e-08
test_protein_4886,0.22206838428974152
test_protein_4888,4.4216981223144103e-06
test_protein_4887,0.10463406145572662
test_protein_4889,0.63244426250457764
test_protein_4892,0.26009950041770935
test_protein_4891,0.34847882390022278
test_protein_4893,3.7893663318300241e-08
test_protein_4894,0.23810863494873047
test_protein_4890,2.6146074105781736e-06
test_protein_4895,0.5827707052230835
test_protein_4896,0.19475461542606354
test_protein_4898,0.14549714326858521
test_protein_4897,1.4758707322926057e-07
test_protein_4900,0.11003715544939041
test_protein_4899,0.2849658727645874
test_protein_4904,0.31426092982292175
test_protein_4901,0.53469783067703247
test_protein_4906,0.3495924174785614
test_protein_4903,0.50333982706069946
test_protein_4902,0.49364808201789856
test_protein_4910,0.301207035779953
test_protein_4905,0.081005267798900604
test_protein_4908,0.044143263250589371
test_protein_4912,0.39877912402153015
test_protein_4907,0.21040938794612885
test_protein_4913,0.035861734300851822
test_protein_4909,0.1258968710899353
test_protein_4911,0.361031174659729
test_protein_4918,1.8909476011685911e-06
test_protein_4917,0.84091269969940186
test_protein_4916,0.16647802293300629
test_protein_4915,0.57516688108444214
test_protein_4920,0.3577941358089447
test_protein_4914,0.15759214758872986
test_protein_4921,0.20683209598064423
test_protein_4922,0.091179177165031433
test_protein_4923,0.1639735996723175
test_protein_4919,0.17745991051197052
test_protein_4927,0.56668972969055176
test_protein_4924,0.48218187689781189
test_protein_4925,0.029227541759610176
test_protein_4928,0.74807822704315186
test_protein_4926,0.1582942008972168
test_protein_4931,0.57691675424575806
test_protein_4933,3.4005913107648666e-07
test_protein_4932,0.29022756218910217
test_protein_4934,0.99894005060195923
test_protein_4929,0.63149940967559814
test_protein_4930,0.7480311393737793
test_protein_4938,0.55568879842758179
test_protein_4935,0.52434366941452026
test_protein_4937,0.64362263679504395
test_protein_4936,0.36469772458076477
test_protein_4939,1.0425698526717042e-08
test_protein_4942,0.43009611964225769
test_protein_4943,0.21831810474395752
test_protein_4947,0.51690500974655151
test_protein_4941,0.30234444141387939
test_protein_4940,0.69402074813842773
test_protein_4944,1.7204362934286621e-11
test_protein_4945,0.025323061272501945
test_protein_4948,0.22291003167629242
test_protein_4946,0.74410682916641235
test_protein_4951,0.53274857997894287
test_protein_4950,0.35197719931602478
test_protein_4953,0.32203581929206848
test_protein_4949,0.0090911136940121651
test_protein_4952,0.03081873245537281
test_protein_4957,0.030256491154432297
test_protein_4956,0.086761735379695892
test_protein_4958,0.49395433068275452
test_protein_4954,0.34979957342147827
test_protein_4959,0.00010237147944280878
test_protein_4962,0.50009334087371826
test_protein_4965,0.22943218052387238
test_protein_4961,0.65731847286224365
test_protein_4955,0.61902308464050293
test_protein_4967,0.3912995457649231
test_protein_4966,1.061858068140964e-08
test_protein_4960,0.50460821390151978
test_protein_4964,0.28105035424232483
test_protein_4963,0.31247508525848389
test_protein_4969,0.0043472792021930218
test_protein_4970,0.10527514666318893
test_protein_4971,0.66074144840240479
test_protein_4968,3.7403506070177173e-08
test_protein_4974,0.61596566438674927
test_protein_4973,0.41236093640327454
test_protein_4972,0.51633256673812866
test_protein_4980,6.2294382985328411e-08
test_protein_4975,0.35080611705780029
test_protein_4979,0.37446823716163635
test_protein_4976,0.59399896860122681
test_protein_4981,0.00031811054213903844
test_protein_4983,7.6755563016561723e-10
test_protein_4977,0.0058881565928459167
test_protein_4986,0.4244365394115448
test_protein_4984,0.60638302564620972
test_protein_4988,0.45238357782363892
test_protein_4978,0.44675898551940918
test_protein_4987,0.87046307325363159
test_protein_4982,0.45142075419425964
test_protein_4989,0.29332220554351807
test_protein_4985,0.36921682953834534
test_protein_4991,0.29110965132713318
test_protein_4990,0.51706671714782715
test_protein_4994,0.032025188207626343
test_protein_4995,0.25311920046806335
test_protein_4992,0.22447675466537476
test_protein_4996,0.35250529646873474
test_protein_4997,0.38439518213272095
test_protein_4999,0.57408756017684937
test_protein_4993,1.3792839126836043e-05
test_protein_5001,0.69355630874633789
test_protein_5002,0.52613675594329834
test_protein_4998,0.1732727438211441
test_protein_5000,0.3933638334274292
test_protein_5005,0.45703443884849548
test_protein_5009,0.067058660089969635
test_protein_5003,0.026015253737568855
test_protein_5007,0.1548229455947876
test_protein_5006,0.17102509737014771
test_protein_5008,0.0013394888956099749
test_protein_5004,1.4384657333721407e-05
test_protein_5010,0.48692214488983154
test_protein_5011,0.0020494421478360891
test_protein_5013,0.23387652635574341
test_protein_5012,0.30414801836013794
test_protein_5014,0.42424300312995911
test_protein_5015,0.62159699201583862
test_protein_5016,0.17975631356239319
test_protein_5017,0.2909894585609436
test_protein_5018,0.44198459386825562
test_protein_5019,0.49373555183410645
test_protein_5021,0.32470092177391052
test_protein_5022,0.48878580331802368
test_protein_5020,0.39650818705558777
test_protein_5023,4.6552968342439272e-06
test_protein_5024,0.011785748414695263
test_protein_5025,0.57284212112426758
test_protein_5027,0.3026508092880249
test_protein_5028,0.14074648916721344
test_protein_5026,2.6415518661337956e-08
test_protein_5029,0.020159630104899406
test_protein_5033,0.49239212274551392
test_protein_5031,0.11588501930236816
test_protein_5036,0.047824673354625702
test_protein_5038,0.38480570912361145
test_protein_5034,0.35672181844711304
test_protein_5030,0.16086573898792267
test_protein_5032,0.20666028559207916
test_protein_5035,0.61833757162094116
test_protein_5037,6.439953903480955e-09
test_protein_5039,0.52783364057540894
test_protein_5041,0.53129112720489502
test_protein_5042,2.1081589807181444e-08
test_protein_5040,0.27001184225082397
test_protein_5049,0.52657026052474976
test_protein_5043,0.17845742404460907
test_protein_5046,0.68792915344238281
test_protein_5045,6.6831738365635829e-08
test_protein_5044,0.24939650297164917
test_protein_5048,0.40620324015617371
test_protein_5047,0.2817290723323822
test_protein_5051,0.56579995155334473
test_protein_5052,0.51070547103881836
test_protein_5053,0.43608495593070984
test_protein_5050,0.6774478554725647
test_protein_5055,0.0018763837870210409
test_protein_5054,0.15556740760803223
test_protein_5056,0.74391466379165649
test_protein_5057,0.22913514077663422
test_protein_5058,0.29878354072570801
test_protein_5060,1.9250741445375752e-07
test_protein_5059,0.63498908281326294
test_protein_5064,0.44812476634979248
test_protein_5063,0.78657644987106323
test_protein_5061,9.3228003095191525e-09
test_protein_5062,0.3397107720375061
test_protein_5065,0.54896736145019531
test_protein_5067,0.42595323920249939
test_protein_5068,0.42545196413993835
test_protein_5069,0.33260110020637512
test_protein_5066,0.00078399630729109049
test_protein_5073,0.41925063729286194
test_protein_5070,0.54056954383850098
test_protein_5071,0.4951617419719696
test_protein_5075,0.37787362933158875
test_protein_5074,0.27878686785697937
test_protein_5072,0.20365887880325317
test_protein_5077,0.69385921955108643
test_protein_5076,0.49142441153526306
test_protein_5078,0.5178108811378479
test_protein_5082,0.54622793197631836
test_protein_5083,0.72369915246963501
test_protein_5080,0.16169427335262299
test_protein_5079,0.51815402507781982
test_protein_5081,0.62273222208023071
test_protein_5088,0.00074666168075054884
test_protein_5085,0.47034403681755066
test_protein_5087,0.40767115354537964
test_protein_5086,4.4725806391809897e-10
test_protein_5084,0.51979148387908936
test_protein_5092,0.18642668426036835
test_protein_5090,0.61315959692001343
test_protein_5094,1.2212699740388189e-09
test_protein_5091,0.13931424915790558
test_protein_5093,4.1376653825864196e-05
test_protein_5089,0.22572556138038635
test_protein_5095,0.12456534057855606
test_protein_5098,0.5473785400390625
test_protein_5096,0.49404817819595337
test_protein_5097,0.00013373997353482991
test_protein_5099,0.32341691851615906
test_protein_5100,1.6228625554504106e-08
test_protein_5101,0.46430358290672302
test_protein_5102,0.65955835580825806
test_protein_5104,0.37480250000953674
test_protein_5103,0.60878676176071167
test_protein_5105,0.60614633560180664
test_protein_5106,0.0058229127898812294
test_protein_5110,0.30420255661010742
test_protein_5109,0.64484477043151855
test_protein_5107,0.19685155153274536
test_protein_5108,0.079532206058502197
test_protein_5113,0.03615063801407814
test_protein_5111,0.048150863498449326
test_protein_5112,0.35959222912788391
test_protein_5115,0.00014011315943207592
test_protein_5114,0.25338387489318848
test_protein_5117,0.04945724830031395
test_protein_5119,0.080038547515869141
test_protein_5118,0.47863900661468506
test_protein_5120,0.23976443707942963
test_protein_5116,4.6168842970928381e-08
test_protein_5122,0.11524182558059692
test_protein_5121,0.5290411114692688
test_protein_5123,0.33357521891593933
test_protein_5124,0.42829635739326477
test_protein_5125,0.43846657872200012
test_protein_5126,7.0558216975769028e-06
test_protein_5127,0.043468941003084183
test_protein_5129,0.16732679307460785
test_protein_5128,0.58258306980133057
test_protein_5131,0.043036248534917831
test_protein_5130,0.073060184717178345
test_protein_5138,0.4108106791973114
test_protein_5134,0.028360683470964432
test_protein_5133,0.31781983375549316
test_protein_5136,0.47566786408424377
test_protein_5139,0.72973728179931641
test_protein_5135,0.48988759517669678
test_protein_5137,0.38893952965736389
test_protein_5132,0.66817945241928101
test_protein_5144,0.52164775133132935
test_protein_5147,0.27038288116455078
test_protein_5140,0.46890264749526978
test_protein_5141,0.49126774072647095
test_protein_5145,0.48343899846076965
test_protein_5146,0.47952231764793396
test_protein_5151,0.40265923738479614
test_protein_5143,0.27119013667106628
test_protein_5149,0.65382176637649536
test_protein_5148,0.046979110687971115
test_protein_5150,0.69251811504364014
test_protein_5142,0.45599815249443054
test_protein_5152,0.56737172603607178
test_protein_5153,0.34045332670211792
test_protein_5156,0.91498619318008423
test_protein_5155,5.1048738153314233e-11
test_protein_5154,0.15276777744293213
test_protein_5158,0.55280756950378418
test_protein_5159,0.19822300970554352
test_protein_5157,0.00087364524370059371
test_protein_5162,0.022795315831899643
test_protein_5161,0.17617161571979523
test_protein_5160,0.26583421230316162
test_protein_5164,2.7270243663224392e-07
test_protein_5163,0.07093222439289093
test_protein_5165,0.18291114270687103
test_protein_5169,0.092140175402164459
test_protein_5167,0.55446219444274902
test_protein_5166,0.48931920528411865
test_protein_5170,0.45918360352516174
test_protein_5168,0.34947043657302856
test_protein_5173,0.53629374504089355
test_protein_5171,0.57589435577392578
test_protein_5172,0.023810544982552528
test_protein_5174,0.060093548148870468
test_protein_5176,0.25783607363700867
test_protein_5178,0.45118629932403564
test_protein_5175,0.064370080828666687
test_protein_5177,0.094083838164806366
test_protein_5179,0.5166582465171814
test_protein_5183,0.401314377784729
test_protein_5180,0.054088111966848373
test_protein_5184,0.11279593408107758
test_protein_5182,7.2628786540462897e-08
test_protein_5185,0.12124177068471909
test_protein_5181,0.31884720921516418
test_protein_5186,0.78033822774887085
test_protein_5189,0.059257734566926956
test_protein_5187,0.51134294271469116
test_protein_5188,0.73405647277832031
test_protein_5190,0.21675074100494385
test_protein_5196,0.28842830657958984
test_protein_5195,0.59495705366134644
test_protein_5194,0.20069395005702972
test_protein_5192,0.19139038026332855
test_protein_5191,0.044000584632158279
test_protein_5199,0.45065510272979736
test_protein_5193,0.58133584260940552
test_protein_5197,0.10739106684923172
test_protein_5198,0.20030096173286438
test_protein_5202,0.054314088076353073
test_protein_5203,0.34269237518310547
test_protein_5201,0.72829574346542358
test_protein_5200,0.00012519561278168112
test_protein_5204,0.36177009344100952
test_protein_5206,1.4790769498063128e-08
test_protein_5205,1.9364106265129521e-06
test_protein_5209,0.47691714763641357
test_protein_5207,0.25045573711395264
test_protein_5210,0.43776229023933411
test_protein_5208,0.30985042452812195
test_protein_5213,0.62388139963150024
test_protein_5211,0.45321077108383179
test_protein_5212,0.39621403813362122
test_protein_5215,8.2326723713777028e-06
test_protein_5216,0.51170367002487183
test_protein_5214,0.28136849403381348
test_protein_5220,1.6832507753861137e-05
test_protein_5218,0.073227837681770325
test_protein_5221,0.56541538238525391
test_protein_5222,0.12825113534927368
test_protein_5217,0.49192643165588379
test_protein_5219,4.4596967541110644e-07
test_protein_5225,0.65616303682327271
test_protein_5224,0.70193082094192505
test_protein_5223,0.93755865097045898
test_protein_5226,0.67695444822311401
test_protein_5229,0.4597632884979248
test_protein_5227,0.35513979196548462
test_protein_5230,0.22440026700496674
test_protein_5228,0.22975221276283264
test_protein_5231,0.28032132983207703
test_protein_5235,0.11272723972797394
test_protein_5232,0.10682541131973267
test_protein_5233,0.96906238794326782
test_protein_5240,0.33219230175018311
test_protein_5234,0.33736890554428101
test_protein_5236,0.11331907659769058
test_protein_5237,0.55060082674026489
test_protein_5239,0.79112392663955688
test_protein_5244,0.27275997400283813
test_protein_5241,0.37047472596168518
test_protein_5242,0.00035773750278167427
test_protein_5238,0.39661914110183716
test_protein_5245,0.48166653513908386
test_protein_5243,0.16633684933185577
test_protein_5247,6.9724887907796074e-07
test_protein_5246,0.52969133853912354
test_protein_5249,0.44124907255172729
test_protein_5248,0.39280915260314941
test_protein_5252,0.53336113691329956
test_protein_5250,0.42606237530708313
test_protein_5251,0.46866986155509949
test_protein_5255,1.45198782774969e-07
test_protein_5256,0.41879144310951233
test_protein_5254,0.00058751867618411779
test_protein_5253,0.13162529468536377
test_protein_5257,0.48997411131858826
test_protein_5258,0.0031355631072074175
test_protein_5260,0.41982582211494446
test_protein_5261,0.08292786031961441
test_protein_5259,0.089764952659606934
test_protein_5263,0.35192146897315979
test_protein_5264,3.8790046730241556e-09
test_protein_5262,0.49447986483573914
test_protein_5266,0.026448648422956467
test_protein_5268,0.0165561493486166
test_protein_5267,0.13419809937477112
test_protein_5269,0.025347797200083733
test_protein_5265,1.1359957170498092e-05
test_protein_5273,2.7093580001746886e-07
test_protein_5271,0.19666020572185516
test_protein_5270,0.51980429887771606
test_protein_5272,0.73043137788772583
test_protein_5274,0.25029224157333374
test_protein_5277,1.9614310076576658e-05
test_protein_5280,0.05395909771323204
test_protein_5275,0.099067851901054382
test_protein_5278,0.5048338770866394
test_protein_5281,3.5800287179199586e-09
test_protein_5282,0.16308517754077911
test_protein_5276,2.7851362167062577e-13
test_protein_5284,0.025200560688972473
test_protein_5283,0.55159682035446167
test_protein_5279,0.42502638697624207
test_protein_5285,0.0023834784515202045
test_protein_5287,0.55891233682632446
test_protein_5289,0.14994724094867706
test_protein_5286,0.13536843657493591
test_protein_5288,1.3797592408881787e-11
test_protein_5295,0.16058127582073212
test_protein_5290,8.448977314401418e-05
test_protein_5296,0.11689633876085281
test_protein_5292,0.00011983625881839544
test_protein_5294,0.42640429735183716
test_protein_5293,0.55935513973236084
test_protein_5291,7.158411108321161e-08
test_protein_5297,0.47860187292098999
test_protein_5299,0.20970612764358521
test_protein_5300,0.42193272709846497
test_protein_5298,0.33037561178207397
test_protein_5303,0.075025372207164764
test_protein_5304,0.012582750990986824
test_protein_5301,0.15787014365196228
test_protein_5302,0.13002035021781921
test_protein_5305,0.39498111605644226
test_protein_5306,0.053351745009422302
test_protein_5309,0.42311069369316101
test_protein_5308,0.38421040773391724
test_protein_5307,2.0455829144339077e-05
test_protein_5310,0.3685910701751709
test_protein_5311,0.46511462330818176
test_protein_5313,0.28609248995780945
test_protein_5312,0.5952298641204834
test_protein_5314,0.54153138399124146
test_protein_5315,0.15161040425300598
test_protein_5317,1.5330784663092345e-05
test_protein_5320,0.55296772718429565
test_protein_5321,0.087869554758071899
test_protein_5316,0.14099420607089996
test_protein_5319,0.14154466986656189
test_protein_5322,0.098342783749103546
test_protein_5325,0.3389056921005249
test_protein_5324,0.0012472111266106367
test_protein_5326,0.041182216256856918
test_protein_5323,0.61910820007324219
test_protein_5327,0.59998857975006104
test_protein_5318,0.37697836756706238
test_protein_5329,0.44651126861572266
test_protein_5328,0.55751132965087891
test_protein_5334,0.53350728750228882
test_protein_5335,1.4873544387228321e-05
test_protein_5333,0.14594261348247528
test_protein_5332,0.70380878448486328
test_protein_5331,0.23571251332759857
test_protein_5330,1.0110572475241497e-05
test_protein_5338,2.5471149456279818e-07
test_protein_5337,0.55066102743148804
test_protein_5336,0.18513457477092743
test_protein_5341,0.46589958667755127
test_protein_5339,0.027810700237751007
test_protein_5340,0.29567202925682068
test_protein_5342,0.68434256315231323
test_protein_5344,0.56860971450805664
test_protein_5343,0.15385943651199341
test_protein_5345,0.56148624420166016
test_protein_5349,0.25051426887512207
test_protein_5351,0.72201842069625854
test_protein_5346,0.48544600605964661
test_protein_5352,0.00083653343608602881
test_protein_5348,0.11320452392101288
test_protein_5347,0.53333020210266113
test_protein_5350,0.4087601900100708
test_protein_5353,0.00088890705956146121
test_protein_5354,0.2482689768075943
test_protein_5356,0.32251793146133423
test_protein_5357,3.7114044971531257e-05
test_protein_5355,0.28514972329139709
test_protein_5358,0.156185582280159
test_protein_5364,1.3044943443674129e-05
test_protein_5362,0.2089444100856781
test_protein_5359,8.9063551058643498e-06
test_protein_5361,0.45296949148178101
test_protein_5365,0.21155834197998047
test_protein_5366,0.46243980526924133
test_protein_5363,0.4345613420009613
test_protein_5367,0.23955883085727692
test_protein_5370,0.51552993059158325
test_protein_5368,0.26307037472724915
test_protein_5360,0.26539820432662964
test_protein_5369,0.00075480330269783735
test_protein_5371,0.00029308741795830429
test_protein_5373,0.0056639080867171288
test_protein_5372,0.12505084276199341
test_protein_5377,0.3685699999332428
test_protein_5378,0.35958176851272583
test_protein_5375,0.13663797080516815
test_protein_5374,0.024565225467085838
test_protein_5376,0.017448624595999718
test_protein_5381,0.10105950385332108
test_protein_5380,0.51972681283950806
test_protein_5386,1.3267955409901333e-06
test_protein_5379,7.3762921601883136e-06
test_protein_5383,4.5982704932612251e-07
test_protein_5387,2.705988117668312e-05
test_protein_5385,0.26349121332168579
test_protein_5384,0.43456974625587463
test_protein_5382,0.64136892557144165
test_protein_5388,0.058133263140916824
test_protein_5389,0.52182799577713013
test_protein_5390,1.0899628932747873e-07
test_protein_5391,0.00033263344084843993
test_protein_5394,0.028522010892629623
test_protein_5393,1.3814860713723398e-12
test_protein_5392,0.59903037548065186
test_protein_5398,0.06953805685043335
test_protein_5395,0.026834988966584206
test_protein_5396,0.42108744382858276
test_protein_5399,0.23561397194862366
test_protein_5397,0.33454537391662598
test_protein_5400,0.51822137832641602
test_protein_5403,0.76814353466033936
test_protein_5402,0.14531181752681732
test_protein_5404,0.35402035713195801
test_protein_5401,0.4559689462184906
test_protein_5407,0.13746210932731628
test_protein_5405,0.053106348961591721
test_protein_5411,0.0012342940317466855
test_protein_5408,0.52298080921173096
test_protein_5406,0.0035575563088059425
test_protein_5409,0.61123323440551758
test_protein_5410,0.032650269567966461
test_protein_5413,1.4227617306517004e-08
test_protein_5416,0.1129324808716774
test_protein_5415,2.8713378696920699e-07
test_protein_5412,0.028277430683374405
test_protein_5414,0.00062052073189988732
test_protein_5417,0.1295248419046402
test_protein_5419,0.11503919959068298
test_protein_5418,0.17895478010177612
test_protein_5420,0.25397515296936035
test_protein_5422,0.15889856219291687
test_protein_5421,0.27717670798301697
test_protein_5423,0.46414464712142944
test_protein_5425,0.20098774135112762
test_protein_5428,0.059055745601654053
test_protein_5430,0.055737901479005814
test_protein_5424,0.0013316592667251825
test_protein_5429,6.7535222569858888e-07
test_protein_5426,0.37549751996994019
test_protein_5427,0.10160985589027405
test_protein_5431,0.56084704399108887
test_protein_5433,0.38787940144538879
test_protein_5434,0.16161209344863892
test_protein_5432,0.3596668541431427
test_protein_5438,0.56187224388122559
test_protein_5441,0.43679529428482056
test_protein_5437,0.1056772843003273
test_protein_5435,0.078510604798793793
test_protein_5436,0.0012982818298041821
test_protein_5439,0.42696642875671387
test_protein_5440,0.023605545982718468
test_protein_5444,0.39838564395904541
test_protein_5446,0.52035748958587646
test_protein_5443,0.38367235660552979
test_protein_5442,0.62079071998596191
test_protein_5447,0.33500522375106812
test_protein_5445,0.25848895311355591
test_protein_5448,0.40736696124076843
test_protein_5449,0.00011839264334412292
test_protein_5450,2.0024680524866056e-10
test_protein_5453,0.31047815084457397
test_protein_5456,0.31429314613342285
test_protein_5457,0.27171823382377625
test_protein_5451,1.3324938663572539e-07
test_protein_5452,0.66263997554779053
test_protein_5455,0.30375543236732483
test_protein_5458,0.33410704135894775
test_protein_5454,0.03651529923081398
test_protein_5459,0.56234639883041382
test_protein_5461,0.5668444037437439
test_protein_5462,0.53677898645401001
test_protein_5460,3.1996853067539632e-05
test_protein_5463,0.66481292247772217
test_protein_5464,0.32268217206001282
test_protein_5467,0.59663140773773193
test_protein_5466,0.45356073975563049
test_protein_5465,0.46926432847976685
test_protein_5472,0.38185524940490723
test_protein_5468,0.13817635178565979
test_protein_5469,0.52299004793167114
test_protein_5470,0.00031870522070676088
test_protein_5471,3.0025035790970378e-09
test_protein_5477,0.0020150821655988693
test_protein_5474,0.17390468716621399
test_protein_5473,0.7778700590133667
test_protein_5475,0.67863768339157104
test_protein_5479,0.51925176382064819
test_protein_5476,0.047685686498880386
test_protein_5486,0.31964197754859924
test_protein_5483,0.0014353729784488678
test_protein_5478,0.05281616747379303
test_protein_5482,0.00078083848347887397
test_protein_5484,2.5316905521322042e-05
test_protein_5480,0.49725744128227234
test_protein_5487,0.082061365246772766
test_protein_5485,0.25199756026268005
test_protein_5481,0.0002946743625216186
test_protein_5488,0.44966775178909302
test_protein_5489,0.30025678873062134
test_protein_5490,0.0072862417437136173
test_protein_5492,0.10996215790510178
test_protein_5494,0.62153798341751099
test_protein_5493,0.54061025381088257
test_protein_5498,0.55382049083709717
test_protein_5497,0.00078810262493789196
test_protein_5495,0.20994961261749268
test_protein_5496,0.27914208173751831
test_protein_5491,0.072610437870025635
test_protein_5499,0.55369007587432861
test_protein_5506,6.0646947531495243e-05
test_protein_5502,0.5227656364440918
test_protein_5500,0.31555390357971191
test_protein_5503,0.022128308191895485
test_protein_5504,0.079806968569755554
test_protein_5505,0.25481647253036499
test_protein_5507,0.0068726208992302418
test_protein_5501,0.50987374782562256
test_protein_5509,0.38944438099861145
test_protein_5508,0.40984901785850525
test_protein_5510,0.24076998233795166
test_protein_5511,0.30904847383499146
test_protein_5514,0.0004327304195612669
test_protein_5513,0.62835448980331421
test_protein_5512,0.0021165532525628805
test_protein_5515,0.046243652701377869
test_protein_5519,0.024420967325568199
test_protein_5517,0.18561774492263794
test_protein_5516,0.23371116816997528
test_protein_5518,0.36142843961715698
test_protein_5520,0.30264535546302795
test_protein_5524,0.43463104963302612
test_protein_5522,0.02573850192129612
test_protein_5521,0.29118624329566956
test_protein_5523,0.19538028538227081
test_protein_5525,0.42428231239318848
test_protein_5527,0.44852334260940552
test_protein_5526,0.50274020433425903
test_protein_5528,0.27754169702529907
test_protein_5532,0.3226725161075592
test_protein_5533,0.045900456607341766
test_protein_5529,0.13726042211055756
test_protein_5530,0.12806797027587891
test_protein_5534,0.48104232549667358
test_protein_5531,0.11807546764612198
test_protein_5539,0.5301593542098999
test_protein_5536,0.16727492213249207
test_protein_5535,0.58735781908035278
test_protein_5537,0.55867153406143188
test_protein_5538,0.16470393538475037
test_protein_5540,0.40574160218238831
test_protein_5543,0.56394433975219727
test_protein_5544,0.86805009841918945
test_protein_5545,0.27700865268707275
test_protein_5542,0.41809585690498352
test_protein_5541,0.71039295196533203
test_protein_5546,0.54944378137588501
test_protein_5547,0.021578753367066383
test_protein_5552,0.1293933093547821
test_protein_5548,0.60246819257736206
test_protein_5549,0.61984062194824219
test_protein_5550,0.40011480450630188
test_protein_5553,0.21928204596042633
test_protein_5551,2.1016103346482851e-06
test_protein_5559,0.4321749210357666
test_protein_5555,0.78083425760269165
test_protein_5557,0.36701813340187073
test_protein_5556,0.25799241662025452
test_protein_5554,0.27787888050079346
test_protein_5558,0.46652010083198547
test_protein_5560,0.25402191281318665
test_protein_5561,0.080562718212604523
test_protein_5562,0.49509093165397644
test_protein_5564,0.64814180135726929
test_protein_5568,0.2961219847202301
test_protein_5563,0.60264086723327637
test_protein_5567,0.17246915400028229
test_protein_5566,4.3809119526505569e-11
test_protein_5565,9.7653464763425291e-05
test_protein_5569,0.36319205164909363
test_protein_5573,0.53157776594161987
test_protein_5572,0.5606042742729187
test_protein_5570,0.12083203345537186
test_protein_5571,0.36760795116424561
test_protein_5574,0.54685914516448975
test_protein_5576,0.1077701598405838
test_protein_5575,0.046744097024202347
test_protein_5579,0.016824828460812569
test_protein_5578,0.32063212990760803
test_protein_5580,4.3650954467011616e-05
test_protein_5582,4.4245771846362913e-07
test_protein_5577,0.63196426630020142
test_protein_5585,0.034198630601167679
test_protein_5584,0.2088758647441864
test_protein_5581,0.33709922432899475
test_protein_5583,0.11826469749212265
test_protein_5586,0.058893140405416489
test_protein_5587,0.78152298927307129
test_protein_5588,0.34534674882888794
test_protein_5591,0.567371666431427
test_protein_5589,0.57646000385284424
test_protein_5592,2.5106359657911526e-07
test_protein_5596,0.53669857978820801
test_protein_5590,0.5880170464515686
test_protein_5595,0.0010940363863483071
test_protein_5593,1.2960830645170063e-05
test_protein_5594,0.15780292451381683
test_protein_5598,0.95202010869979858
test_protein_5597,0.30704370141029358
test_protein_5603,0.018920702859759331
test_protein_5604,0.025833288207650185
test_protein_5602,0.42650169134140015
test_protein_5600,0.0029469833243638277
test_protein_5599,0.0022532017901539803
test_protein_5605,0.10604199767112732
test_protein_5606,0.38429990410804749
test_protein_5608,0.60479801893234253
test_protein_5601,0.1401827335357666
test_protein_5607,0.51454269886016846
test_protein_5609,0.22742366790771484
test_protein_5612,0.39595907926559448
test_protein_5613,0.046024639159440994
test_protein_5611,0.66172468662261963
test_protein_5615,0.18240870535373688
test_protein_5614,0.65589791536331177
test_protein_5610,0.24421553313732147
test_protein_5617,0.30654153227806091
test_protein_5616,0.031617972999811172
test_protein_5620,0.34368488192558289
test_protein_5618,0.26286208629608154
test_protein_5624,0.37382864952087402
test_protein_5619,0.0007053295848891139
test_protein_5625,0.29922279715538025
test_protein_5623,0.74308055639266968
test_protein_5621,0.51770544052124023
test_protein_5627,0.099703475832939148
test_protein_5622,0.35050207376480103
test_protein_5626,0.38689500093460083
test_protein_5628,0.46722632646560669
test_protein_5632,0.64145487546920776
test_protein_5636,0.25157567858695984
test_protein_5633,0.26816889643669128
test_protein_5634,0.58655709028244019
test_protein_5630,0.20516826212406158
test_protein_5629,0.13911786675453186
test_protein_5631,0.76249265670776367
test_protein_5635,0.38403695821762085
test_protein_5638,0.57491147518157959
test_protein_5637,0.058942727744579315
test_protein_5639,0.11660828441381454
test_protein_5641,0.041169837117195129
test_protein_5640,0.10246023535728455
test_protein_5642,0.37935513257980347
test_protein_5643,0.18721508979797363
test_protein_5644,0.36120063066482544
test_protein_5645,0.43635308742523193
test_protein_5646,0.48264491558074951
test_protein_5647,0.31222259998321533
test_protein_5649,0.32031375169754028
test_protein_5648,0.013172520324587822
test_protein_5650,0.080717191100120544
test_protein_5651,0.21093291044235229
test_protein_5652,0.24228280782699585
test_protein_5653,0.55765038728713989
test_protein_5655,0.044013291597366333
test_protein_5654,4.9745649448595941e-05
test_protein_5657,4.3842371155733417e-07
test_protein_5659,1.7966671705949011e-08
test_protein_5656,0.34404060244560242
test_protein_5658,0.60956668853759766
test_protein_5660,0.73319017887115479
test_protein_5661,0.16408845782279968
test_protein_5662,0.30307167768478394
test_protein_5665,0.49795219302177429
test_protein_5663,0.4796256422996521
test_protein_5664,0.76712906360626221
test_protein_5668,0.75405716896057129
test_protein_5667,0.26216745376586914
test_protein_5666,0.40803274512290955
test_protein_5671,0.30253878235816956
test_protein_5670,0.11173725128173828
test_protein_5669,0.37122759222984314
test_protein_5672,0.051618564873933792
test_protein_5674,0.41838863492012024
test_protein_5673,8.1441910992907651e-08
test_protein_5675,0.64782595634460449
test_protein_5678,0.4867975115776062
test_protein_5677,0.24980612099170685
test_protein_5676,0.071580298244953156
test_protein_5680,0.5095866322517395
test_protein_5681,0.066846318542957306
test_protein_5679,0.4556763768196106
test_protein_5684,1.4742894904884452e-07
test_protein_5683,0.50318336486816406
test_protein_5682,0.33337712287902832
test_protein_5687,0.13895392417907715
test_protein_5690,0.75381189584732056
test_protein_5685,2.1093162771990137e-09
test_protein_5689,0.55459499359130859
test_protein_5686,0.29906105995178223
test_protein_5688,0.57102906703948975
test_protein_5692,0.16548973321914673
test_protein_5691,0.61445701122283936
test_protein_5698,0.42115247249603271
test_protein_5696,0.39050391316413879
test_protein_5694,0.21187864243984222
test_protein_5693,0.17852863669395447
test_protein_5699,0.14715072512626648
test_protein_5695,0.29279312491416931
test_protein_5700,0.063362710177898407
test_protein_5697,0.26263430714607239
test_protein_5705,1.3129159697200521e-06
test_protein_5703,0.17609433829784393
test_protein_5702,0.24926359951496124
test_protein_5706,0.27346968650817871
test_protein_5701,0.41241440176963806
test_protein_5704,1.1941756383748725e-07
test_protein_5707,0.48222288489341736
test_protein_5708,0.46303579211235046
test_protein_5712,0.20822380483150482
test_protein_5709,0.18816520273685455
test_protein_5714,0.4501093327999115
test_protein_5710,0.34671545028686523
test_protein_5711,0.61194872856140137
test_protein_5716,1.0128484063898213e-05
test_protein_5713,0.48503375053405762
test_protein_5717,0.45042052865028381
test_protein_5715,0.11537861078977585
test_protein_5720,0.73053932189941406
test_protein_5718,0.19499829411506653
test_protein_5719,0.27229177951812744
test_protein_5721,0.26163038611412048
test_protein_5723,0.068019457161426544
test_protein_5729,0.69186979532241821
test_protein_5722,0.12199894338846207
test_protein_5731,0.77293729782104492
test_protein_5724,0.067022241652011871
test_protein_5726,0.46684375405311584
test_protein_5727,1.0645488828231464e-06
test_protein_5730,0.60957765579223633
test_protein_5728,0.40383842587471008
test_protein_5725,2.9264896062031198e-10
test_protein_5733,0.38951787352561951
test_protein_5732,0.22743278741836548
test_protein_5734,0.00011294214345980436
test_protein_5735,0.20261836051940918
test_protein_5736,0.037053328007459641
test_protein_5738,0.64152932167053223
test_protein_5739,0.39351323246955872
test_protein_5737,0.20478358864784241
test_protein_5740,0.51177978515625
test_protein_5741,4.898336101177847e-07
test_protein_5743,0.68736767768859863
test_protein_5742,0.35335639119148254
test_protein_5744,0.0083104008808732033
test_protein_5748,0.60395717620849609
test_protein_5745,3.2842356176843168e-06
test_protein_5746,0.00016526637773495167
test_protein_5749,0.00021648479741998017
test_protein_5751,0.54196935892105103
test_protein_5747,0.001660256995819509
test_protein_5750,0.55522578954696655
test_protein_5755,0.096853978931903839
test_protein_5752,0.25588655471801758
test_protein_5754,0.20544353127479553
test_protein_5753,0.30100700259208679
test_protein_5759,0.27752828598022461
test_protein_5758,0.023026684299111366
test_protein_5756,0.086215034127235413
test_protein_5757,0.051795363426208496
test_protein_5762,0.043799612671136856
test_protein_5760,0.33087152242660522
test_protein_5761,0.019408734515309334
test_protein_5770,0.24375484883785248
test_protein_5763,0.22091363370418549
test_protein_5764,4.5023838879387768e-07
test_protein_5765,1.5658560670317456e-08
test_protein_5766,0.38019534945487976
test_protein_5769,0.0058420677669346333
test_protein_5768,0.48430892825126648
test_protein_5767,0.33957281708717346
test_protein_5776,0.25279659032821655
test_protein_5773,0.31059634685516357
test_protein_5771,0.072409912943840027
test_protein_5772,0.14896984398365021
test_protein_5774,0.31435993313789368
test_protein_5775,0.44261285662651062
test_protein_5777,0.74803751707077026
test_protein_5778,0.37189844250679016
test_protein_5779,0.6589168906211853
test_protein_5781,0.47376266121864319
test_protein_5780,0.012572222389280796
test_protein_5783,0.62011271715164185
test_protein_5785,0.17060810327529907
test_protein_5787,0.017481205984950066
test_protein_5782,0.44396942853927612
test_protein_5786,0.26881864666938782
test_protein_5784,0.1348595917224884
test_protein_5788,0.1540045291185379
test_protein_5789,0.29799777269363403
test_protein_6061,0.47712072730064392
test_protein_5790,0.25911766290664673
test_protein_5792,5.3864425808569649e-07
test_protein_5793,0.10090000927448273
test_protein_6060,0.019082143902778625
test_protein_5795,0.022538721561431885
test_protein_5791,0.14510893821716309
test_protein_5794,0.42835277318954468
test_protein_6062,0.53470033407211304
test_protein_6066,0.99738627672195435
test_protein_6069,0.066285021603107452
test_protein_6063,0.00016975404287222773
test_protein_6070,0.25012215971946716
test_protein_6064,0.4981611967086792
test_protein_6067,0.50429493188858032
test_protein_6073,0.17955142259597778
test_protein_6068,0.61553889513015747
test_protein_6072,0.024245897307991982
test_protein_6065,0.28726997971534729
test_protein_6071,0.25333556532859802
test_protein_6078,0.3948974609375
test_protein_6076,0.30758759379386902
test_protein_6080,0.35390868782997131
test_protein_6074,0.062191668897867203
test_protein_6079,0.35059827566146851
test_protein_6084,0.46143421530723572
test_protein_6075,0.20015749335289001
test_protein_6077,0.21663033962249756
test_protein_6085,0.023368000984191895
test_protein_6081,0.34661206603050232
test_protein_6091,0.28194898366928101
test_protein_6082,0.40754193067550659
test_protein_6086,0.40939342975616455
test_protein_6083,0.16300772130489349
test_protein_6092,0.73543626070022583
test_protein_6087,0.43584766983985901
test_protein_6090,0.030918747186660767
test_protein_6088,0.10603643208742142
test_protein_6095,0.28254318237304688
test_protein_6094,0.48369023203849792
test_protein_6097,0.69319117069244385
test_protein_6096,0.57162231206893921
test_protein_6103,0.11380119621753693
test_protein_6099,0.36061808466911316
test_protein_6093,0.4495394229888916
test_protein_6100,0.0035566859878599644
test_protein_6098,0.40280672907829285
test_protein_6101,0.45130929350852966
test_protein_6089,0.18226031959056854
test_protein_6102,0.0006900392472743988
test_protein_6108,0.35886111855506897
test_protein_6106,0.38470533490180969
test_protein_6110,0.47204923629760742
test_protein_6104,0.6509629487991333
test_protein_6111,0.44894683361053467
test_protein_6112,0.18061742186546326
test_protein_6107,0.29438474774360657
test_protein_6109,0.63268202543258667
test_protein_6105,0.047291826456785202
test_protein_6121,0.38842767477035522
test_protein_6114,0.3118196427822113
test_protein_6113,0.089546866714954376
test_protein_6116,0.076303504407405853
test_protein_6122,0.00027392088668420911
test_protein_6119,0.36418944597244263
test_protein_6123,0.24744011461734772
test_protein_6120,0.45278695225715637
test_protein_6115,0.58857560157775879
test_protein_6118,0.53306466341018677
test_protein_6125,0.051711041480302811
test_protein_6128,0.53326869010925293
test_protein_6130,0.06585528701543808
test_protein_6117,0.98461931943893433
test_protein_6124,0.19449952244758606
test_protein_6127,0.55346101522445679
test_protein_6129,0.052764821797609329
test_protein_6126,0.6986544132232666
test_protein_6132,0.11122617125511169
test_protein_6138,0.66592973470687866
test_protein_6131,0.17328538000583649
test_protein_6133,0.24264252185821533
test_protein_6134,0.27240747213363647
test_protein_6135,0.30312758684158325
test_protein_6140,0.32511276006698608
test_protein_6137,0.36968326568603516
test_protein_6139,0.27183803915977478
test_protein_6142,0.033615939319133759
test_protein_6136,0.30254516005516052
test_protein_6141,0.65934181213378906
test_protein_6143,0.54796773195266724
test_protein_6144,0.12597091495990753
test_protein_6145,0.18685711920261383
test_protein_6149,0.13770119845867157
test_protein_6146,0.43702211976051331
test_protein_6147,0.49063098430633545
test_protein_6153,0.18222977221012115
test_protein_6148,0.0002168308274121955
test_protein_6151,0.0039524175226688385
test_protein_6150,0.061639543622732162
test_protein_6152,0.8212311863899231
test_protein_6154,0.2672494649887085
test_protein_6155,0.46732395887374878
test_protein_6158,0.54755467176437378
test_protein_6160,0.40933603048324585
test_protein_6159,0.14005018770694733
test_protein_6164,0.018751395866274834
test_protein_6156,0.18988753855228424
test_protein_6157,0.36395108699798584
test_protein_6163,0.33087256550788879
test_protein_6162,0.36686840653419495
test_protein_6161,0.39809772372245789
test_protein_6167,0.75642287731170654
test_protein_6170,0.0051913531497120857
test_protein_6165,0.40989470481872559
test_protein_6166,0.46294128894805908
test_protein_6168,0.47251155972480774
test_protein_6172,0.30372780561447144
test_protein_6173,0.3303774893283844
test_protein_6169,0.1331515908241272
test_protein_6171,0.19702634215354919
test_protein_6174,0.14192058145999908
test_protein_6175,0.019686911255121231
test_protein_6177,0.079920344054698944
test_protein_6176,0.072450838983058929
test_protein_6179,0.22048516571521759
test_protein_6178,0.20582030713558197
test_protein_6183,0.044543340802192688
test_protein_6184,0.76158046722412109
test_protein_6182,0.27527666091918945
test_protein_6181,0.31175866723060608
test_protein_6187,0.52754789590835571
test_protein_6180,0.32760840654373169
test_protein_6186,0.29928961396217346
test_protein_6185,0.18467907607555389
test_protein_6189,0.15068291127681732
test_protein_6188,0.14520613849163055
test_protein_6190,0.043543379753828049
test_protein_6193,0.069594033062458038
test_protein_6192,0.26932892203330994
test_protein_6191,0.036545988172292709
test_protein_6194,0.61355489492416382
test_protein_6195,0.39395368099212646
test_protein_6198,0.13536719977855682
test_protein_6196,0.084884747862815857
test_protein_6197,0.17752024531364441
test_protein_6199,0.62857162952423096
test_protein_6200,0.72223585844039917
test_protein_6203,0.39920443296432495
test_protein_6201,0.11594223976135254
test_protein_6208,0.46468698978424072
test_protein_6206,0.050071801990270615
test_protein_6202,0.0098750237375497818
test_protein_6205,0.43349152803421021
test_protein_6204,0.059506930410861969
test_protein_6207,0.10167543590068817
test_protein_6209,0.37795063853263855
test_protein_6210,0.48495194315910339
test_protein_6211,0.18333660066127777
test_protein_6214,0.0089287310838699341
test_protein_6215,0.085772000253200531
test_protein_6212,0.082840129733085632
test_protein_6216,0.33940514922142029
test_protein_6213,0.16073514521121979
test_protein_6218,0.059745334088802338
test_protein_6217,0.35631886124610901
test_protein_6220,0.48621118068695068
test_protein_6219,0.18312142789363861
test_protein_6221,0.2253849059343338
test_protein_6224,0.023188546299934387
test_protein_6226,0.11797255277633667
test_protein_6227,0.095817513763904572
test_protein_6222,0.32194462418556213
test_protein_6225,0.23018002510070801
test_protein_6229,0.23609229922294617
test_protein_6232,0.1382058709859848
test_protein_6223,0.0076421806588768959
test_protein_6231,0.024299822747707367
test_protein_6230,0.70640015602111816
test_protein_6228,0.43539386987686157
test_protein_6235,0.017367631196975708
test_protein_6233,0.26540762186050415
test_protein_6237,0.15469859540462494
test_protein_6234,0.022746367380023003
test_protein_6239,0.095211029052734375
test_protein_6238,0.20567505061626434
test_protein_6243,0.15423208475112915
test_protein_6240,0.79665458202362061
test_protein_6236,0.27898043394088745
test_protein_6241,0.13096070289611816
test_protein_6242,0.62308907508850098
test_protein_6250,0.20226401090621948
test_protein_6248,0.052128434181213379
test_protein_6244,0.15152934193611145
test_protein_6247,0.64130115509033203
test_protein_6246,0.29836863279342651
test_protein_6249,0.44620558619499207
test_protein_6251,0.52039575576782227
test_protein_6253,0.10617503523826599
test_protein_6252,0.00025625308626331389
test_protein_6245,0.012421895749866962
test_protein_6254,0.1538921594619751
test_protein_6255,0.12913146615028381
test_protein_6258,0.039091166108846664
test_protein_6259,0.1038244366645813
test_protein_6256,0.035723794251680374
test_protein_6260,0.28038990497589111
test_protein_6265,0.021977569907903671
test_protein_6261,0.35004797577857971
test_protein_6263,0.034749578684568405
test_protein_6257,0.17424973845481873
test_protein_6264,0.3168635368347168
test_protein_6262,0.25788325071334839
test_protein_6267,0.43464356660842896
test_protein_6270,0.114955835044384
test_protein_6268,0.12999781966209412
test_protein_6266,0.003239847719669342
test_protein_6269,0.11950084567070007
test_protein_6272,0.49607902765274048
test_protein_6271,0.33811405301094055
test_protein_6274,0.23919165134429932
test_protein_6273,0.63211715221405029
test_protein_6275,0.86931335926055908
test_protein_6277,0.022980410605669022
test_protein_6276,0.18585951626300812
test_protein_6278,0.093044519424438477
test_protein_6279,0.043178614228963852
test_protein_6280,0.56876194477081299
test_protein_6283,0.18122589588165283
test_protein_6281,0.32433867454528809
test_protein_6288,3.6218655168340774e-06
test_protein_6282,0.21667395532131195
test_protein_6289,0.0011846962152048945
test_protein_6286,0.36530828475952148
test_protein_6287,0.14712831377983093
test_protein_6285,0.228494793176651
test_protein_6284,0.010280195623636246
test_protein_6291,0.20870450139045715
test_protein_6290,0.088877886533737183
test_protein_6296,0.12622764706611633
test_protein_6294,0.14168554544448853
test_protein_6293,0.33670809864997864
test_protein_6292,0.30626440048217773
test_protein_6299,0.0089386226609349251
test_protein_6301,0.012525301426649094
test_protein_6300,0.39185008406639099
test_protein_6295,0.57695281505584717
test_protein_6297,0.038320943713188171
test_protein_6298,0.11230926215648651
test_protein_6302,0.53526103496551514
test_protein_6304,0.35137850046157837
test_protein_6305,0.3295762836933136
test_protein_6306,0.30297741293907166
test_protein_6307,0.047776393592357635
test_protein_6308,0.074454881250858307
test_protein_6303,0.46182075142860413
test_protein_6312,0.11488226056098938
test_protein_6309,0.03403022512793541
test_protein_6313,0.48842737078666687
test_protein_6311,0.46517238020896912
test_protein_6310,0.19367741048336029
test_protein_6317,0.043478637933731079
test_protein_6314,0.53949195146560669
test_protein_6316,0.25923678278923035
test_protein_6319,0.080490842461585999
test_protein_6323,0.20132757723331451
test_protein_6318,0.34441486001014709
test_protein_6315,0.3368416428565979
test_protein_6320,0.67336684465408325
test_protein_6321,0.092299297451972961
test_protein_6325,0.45967650413513184
test_protein_6322,0.14058667421340942
test_protein_6324,0.26343134045600891
test_protein_6328,0.42376923561096191
test_protein_6333,0.16410350799560547
test_protein_6327,0.20385457575321198
test_protein_6330,2.0652531020459719e-05
test_protein_6326,0.25371986627578735
test_protein_6329,0.051114771515130997
test_protein_6337,0.45060765743255615
test_protein_6331,0.018354149535298347
test_protein_6332,0.34862151741981506
test_protein_6335,0.59400957822799683
test_protein_6334,0.49616235494613647
test_protein_6336,0.11871704459190369
test_protein_6340,0.016300864517688751
test_protein_6342,0.06097075343132019
test_protein_6339,0.069850482046604156
test_protein_6343,0.34251680970191956
test_protein_6338,0.29036229848861694
test_protein_6341,0.18490934371948242
test_protein_6345,0.013965518213808537
test_protein_6344,0.207773357629776
test_protein_6349,0.18705916404724121
test_protein_6348,8.6145576005947078e-08
test_protein_6346,0.056310065090656281
test_protein_6347,0.13989640772342682
test_protein_6351,0.38624918460845947
test_protein_6352,0.12302952259778976
test_protein_6356,0.051383625715970993
test_protein_6357,0.33206415176391602
test_protein_6350,0.11882004141807556
test_protein_6353,0.10622003674507141
test_protein_6355,0.72019010782241821
test_protein_6354,0.11848631501197815
test_protein_6360,0.54688453674316406
test_protein_6359,0.55436104536056519
test_protein_6358,0.82474750280380249
test_protein_6361,0.34220117330551147
test_protein_6366,0.55112588405609131
test_protein_6364,0.12440060079097748
test_protein_6362,0.088490426540374756
test_protein_6363,0.011863921768963337
test_protein_6365,0.21495164930820465
test_protein_6369,0.25745934247970581
test_protein_6368,0.025585178285837173
test_protein_6370,0.42715403437614441
test_protein_6372,0.41916894912719727
test_protein_6371,0.066008813679218292
test_protein_6367,0.0801372230052948
test_protein_6373,0.38413232564926147
test_protein_6376,0.0079139303416013718
test_protein_6374,0.074770539999008179
test_protein_6375,0.44118651747703552
test_protein_6378,0.35062104463577271
test_protein_6377,0.51273924112319946
test_protein_6380,0.032005757093429565
test_protein_6381,0.1739184558391571
test_protein_6382,0.039074812084436417
test_protein_6379,0.023961421102285385
test_protein_6383,0.016010476276278496
test_protein_6384,0.18285030126571655
test_protein_6386,0.30153915286064148
test_protein_6388,0.20650094747543335
test_protein_6385,0.19948883354663849
test_protein_6391,0.061310190707445145
test_protein_6389,0.14274635910987854
test_protein_6387,0.65149849653244019
test_protein_6390,0.562774658203125
test_protein_6393,0.41561233997344971
test_protein_6392,0.016240082681179047
test_protein_6395,0.45784813165664673
test_protein_6396,0.28517025709152222
test_protein_6394,0.36398172378540039
test_protein_6397,0.31139642000198364
test_protein_6399,0.36395850777626038
test_protein_6398,0.37743279337882996
test_protein_6400,0.20742030441761017
test_protein_6403,0.08425130695104599
test_protein_6401,0.22898657619953156
test_protein_6405,0.14305129647254944
test_protein_6404,0.53975445032119751
test_protein_6407,0.29005658626556396
test_protein_6402,0.40309345722198486
test_protein_6409,0.49492630362510681
test_protein_6406,0.062605634331703186
test_protein_6408,0.97044855356216431
test_protein_6410,0.29170325398445129
test_protein_6412,0.024915868416428566
test_protein_6411,0.41916587948799133
test_protein_6416,0.0018852519569918513
test_protein_6413,0.89933609962463379
test_protein_6414,0.58201277256011963
test_protein_6421,0.10945690423250198
test_protein_6415,0.67893427610397339
test_protein_6417,0.66204577684402466
test_protein_6420,0.087908171117305756
test_protein_6419,0.463306725025177
test_protein_6424,0.40852415561676025
test_protein_6422,0.31316277384757996
test_protein_6418,0.11533041298389435
test_protein_6427,0.16741923987865448
test_protein_6423,0.091203942894935608
test_protein_6425,0.096817605197429657
test_protein_6426,0.1603238433599472
test_protein_6428,0.28033813834190369
test_protein_6433,0.071867875754833221
test_protein_6431,0.15970703959465027
test_protein_6429,1.201500890601892e-05
test_protein_6440,0.53754842281341553
test_protein_6434,0.50385749340057373
test_protein_6438,0.11025848239660263
test_protein_6435,0.066293917596340179
test_protein_6432,0.98292714357376099
test_protein_6430,0.36461088061332703
test_protein_6436,0.54190760850906372
test_protein_6441,0.16625268757343292
test_protein_6439,0.19499669969081879
test_protein_6437,0.26334476470947266
test_protein_6443,0.0079254023730754852
test_protein_6447,0.1940765380859375
test_protein_6442,0.022084245458245277
test_protein_6445,0.031940031796693802
test_protein_6444,0.15820243954658508
test_protein_6448,0.034043241292238235
test_protein_6446,0.13515451550483704
test_protein_6450,0.36145699024200439
test_protein_6452,0.16241362690925598
test_protein_6449,0.45219862461090088
test_protein_6455,0.56378281116485596
test_protein_6453,0.37101712822914124
test_protein_6451,0.0068916385062038898
test_protein_6456,0.022890841588377953
test_protein_6454,0.020335705950856209
test_protein_6457,0.1438109278678894
test_protein_6458,0.20981799066066742
test_protein_6460,0.71796536445617676
test_protein_6462,0.59179925918579102
test_protein_6465,0.30344781279563904
test_protein_6459,0.012119211256504059
test_protein_6463,0.096581093966960907
test_protein_6468,0.45995891094207764
test_protein_6467,0.24937652051448822
test_protein_6466,0.12133760005235672
test_protein_6464,0.47479385137557983
test_protein_6461,0.036118321120738983
test_protein_6470,0.45587408542633057
test_protein_6471,0.45299604535102844
test_protein_6469,0.066249929368495941
test_protein_6476,0.032140124589204788
test_protein_6472,0.48362019658088684
test_protein_6475,0.60224556922912598
test_protein_6473,0.14945374429225922
test_protein_6477,0.76780295372009277
test_protein_6478,0.14624862372875214
test_protein_6479,0.15766476094722748
test_protein_6483,0.26755797863006592
test_protein_6474,0.7291865348815918
test_protein_6484,0.043603379279375076
test_protein_6480,0.95830386877059937
test_protein_6486,0.39584609866142273
test_protein_6482,0.29319703578948975
test_protein_6481,0.21570141613483429
test_protein_6485,0.22550505399703979
test_protein_6488,0.51927852630615234
test_protein_6489,0.17034569382667542
test_protein_6487,0.2955811619758606
test_protein_6495,0.48842999339103699
test_protein_6492,0.47318503260612488
test_protein_6490,0.51538997888565063
test_protein_6491,0.1963321715593338
test_protein_6494,0.73162245750427246
test_protein_6498,0.18279075622558594
test_protein_6493,0.027783313766121864
test_protein_6496,0.75323343276977539
test_protein_6501,0.32138055562973022
test_protein_6499,0.52992212772369385
test_protein_6500,0.00098802719730883837
test_protein_6497,0.098193883895874023
test_protein_6502,0.1138727143406868
test_protein_6506,0.50910663604736328
test_protein_6503,0.23293633759021759
test_protein_6507,0.20196668803691864
test_protein_6509,0.63215643167495728
test_protein_6504,0.065111875534057617
test_protein_6505,0.79422050714492798
test_protein_6508,0.18115931749343872
test_protein_6511,0.79440057277679443
test_protein_6510,0.66835516691207886
test_protein_6513,0.052640277892351151
test_protein_6512,0.29719555377960205
test_protein_6516,0.25406137108802795
test_protein_6514,0.29973983764648438
test_protein_6515,0.044324900954961777
test_protein_6517,0.21959085762500763
test_protein_6520,0.43220874667167664
test_protein_6521,0.33827957510948181
test_protein_6519,0.077199742197990417
test_protein_6518,0.53015232086181641
test_protein_6522,0.57472264766693115
test_protein_6523,0.018136534839868546
test_protein_6526,0.43715614080429077
test_protein_6524,0.1774783581495285
test_protein_6525,0.10756319761276245
test_protein_6530,0.46427851915359497
test_protein_6527,0.24576230347156525
test_protein_6529,0.043770752847194672
test_protein_6528,0.56178909540176392
test_protein_6532,0.31820118427276611
test_protein_6533,0.43732169270515442
test_protein_6539,0.033734045922756195
test_protein_6534,0.29761853814125061
test_protein_6536,0.5649753212928772
test_protein_6531,0.17394308745861053
test_protein_6535,0.22789065539836884
test_protein_6537,0.01174713671207428
test_protein_6542,0.35482528805732727
test_protein_6538,0.077786743640899658
test_protein_6540,0.40765672922134399
test_protein_6544,0.066843830049037933
test_protein_6543,0.27091553807258606
test_protein_6541,0.39313188195228577
test_protein_6550,0.27310490608215332
test_protein_6546,0.35039368271827698
test_protein_6551,0.016188047826290131
test_protein_6545,0.47403037548065186
test_protein_6547,0.066435568034648895
test_protein_6549,0.030060265213251114
test_protein_6548,0.14479619264602661
test_protein_6554,0.029817121103405952
test_protein_6555,0.49736395478248596
test_protein_6552,0.017384719103574753
test_protein_6553,0.45472609996795654
test_protein_6558,0.03275173157453537
test_protein_6559,0.057391129434108734
test_protein_6557,0.1333821713924408
test_protein_6556,0.1686863899230957
test_protein_6563,0.54602116346359253
test_protein_6560,0.4876563549041748
test_protein_6562,0.11793611198663712
test_protein_6564,0.48710834980010986
test_protein_6565,0.55247104167938232
test_protein_6561,0.18905633687973022
test_protein_6569,0.061433225870132446
test_protein_6566,0.099867574870586395
test_protein_6570,0.44820266962051392
test_protein_6571,0.35661563277244568
test_protein_6567,0.32122877240180969
test_protein_6572,0.16728408634662628
test_protein_6568,0.30664360523223877
test_protein_6574,0.097733691334724426
test_protein_6573,0.25503772497177124
test_protein_6575,0.098205089569091797
test_protein_6577,0.3746584951877594
test_protein_6579,0.18082594871520996
test_protein_6576,0.56431126594543457
test_protein_6581,0.45361414551734924
test_protein_6580,0.082432970404624939
test_protein_6578,0.27665635943412781
test_protein_6582,0.57907438278198242
test_protein_6583,0.063022904098033905
test_protein_6584,0.022412201389670372
test_protein_6585,0.21473000943660736
test_protein_6586,0.11136794835329056
test_protein_6590,0.022503538057208061
test_protein_6587,0.0047458214685320854
test_protein_6588,0.19943171739578247
test_protein_6591,0.224994957447052
test_protein_6589,0.33161112666130066
test_protein_6592,0.21330246329307556
test_protein_6593,0.16511708498001099
test_protein_6595,0.39218634366989136
test_protein_6596,0.1296079158782959
test_protein_6594,0.139267697930336
test_protein_6598,0.043248899281024933
test_protein_6599,0.0243381317704916
test_protein_6597,0.53161823749542236
test_protein_6601,0.23415787518024445
test_protein_6600,0.11244103312492371
test_protein_6603,0.31375688314437866
test_protein_6604,0.24346880614757538
test_protein_6605,0.14887523651123047
test_protein_6602,0.27419355511665344
test_protein_6606,0.062257867306470871
test_protein_6607,0.059706315398216248
test_protein_6609,0.078115031123161316
test_protein_6608,0.19552868604660034
test_protein_6611,0.12994551658630371
test_protein_6613,0.010484583675861359
test_protein_6610,0.056425467133522034
test_protein_6612,0.52052146196365356
test_protein_6615,0.17042681574821472
test_protein_6614,0.08186659961938858
test_protein_6618,0.060303527861833572
test_protein_6616,0.23877747356891632
test_protein_6617,0.070501238107681274
test_protein_6620,0.052867062389850616
test_protein_6619,0.20930826663970947
test_protein_6622,0.42816156148910522
test_protein_6626,0.4575287401676178
test_protein_6623,0.16329938173294067
test_protein_6621,0.23439931869506836
test_protein_6624,0.94341635704040527
test_protein_6629,0.0064579593017697334
test_protein_6636,0.058584548532962799
test_protein_6628,0.46664521098136902
test_protein_6625,0.98739337921142578
test_protein_6627,0.87034028768539429
test_protein_6631,0.0024435471277683973
test_protein_6632,0.72832655906677246
test_protein_6633,0.84576946496963501
test_protein_6637,0.32711979746818542
test_protein_6630,0.63547724485397339
test_protein_6634,0.65562522411346436
test_protein_6638,0.2453010231256485
test_protein_6635,0.019470762461423874
test_protein_6640,0.29014003276824951
test_protein_6639,0.48342591524124146
test_protein_6643,0.12033985555171967
test_protein_6641,0.52780067920684814
test_protein_6642,0.36253628134727478
test_protein_6644,0.026173233985900879
test_protein_6645,0.51742064952850342
test_protein_6646,0.6423715353012085
test_protein_6648,0.13903267681598663
test_protein_6647,0.34405812621116638
test_protein_6652,0.65447318553924561
test_protein_6650,0.11454854160547256
test_protein_6651,0.37545156478881836
test_protein_6649,0.35382044315338135
test_protein_6653,0.47692209482192993
test_protein_6654,0.44982907176017761
test_protein_6655,0.36741822957992554
test_protein_6656,0.31530719995498657
test_protein_6660,0.054503459483385086
test_protein_6657,0.83191025257110596
test_protein_6659,0.065238803625106812
test_protein_6661,0.09352516382932663
test_protein_6658,0.20824672281742096
test_protein_6662,0.40045714378356934
test_protein_6664,0.14404396712779999
test_protein_6663,0.2915654182434082
test_protein_6669,0.71738559007644653
test_protein_6666,0.32909798622131348
test_protein_6668,0.44643720984458923
test_protein_6665,0.17423778772354126
test_protein_6667,0.34579020738601685
test_protein_6670,0.076184682548046112
test_protein_6674,0.2375832200050354
test_protein_6673,0.287933349609375
test_protein_6671,0.050972271710634232
test_protein_6675,0.65608435869216919
test_protein_6677,0.39102855324745178
test_protein_6672,0.0030763936229050159
test_protein_6676,0.41011485457420349
test_protein_6678,0.6324995756149292
test_protein_6679,0.052623007446527481
test_protein_6681,0.29073947668075562
test_protein_6683,0.15725088119506836
test_protein_6680,0.34192216396331787
test_protein_6682,0.17713329195976257
test_protein_6687,0.17979344725608826
test_protein_6684,0.025791428983211517
test_protein_6685,0.46572214365005493
test_protein_6686,0.16145186126232147
test_protein_6688,0.0011650181841105223
test_protein_6689,0.11492103338241577
test_protein_6691,0.024683348834514618
test_protein_6690,0.52283358573913574
test_protein_6693,0.24066095054149628
test_protein_6694,0.34798669815063477
test_protein_6692,0.45977741479873657
test_protein_6695,0.49899289011955261
test_protein_6696,0.14562246203422546
test_protein_6697,0.76807886362075806
test_protein_6699,0.25987309217453003
test_protein_6704,0.15548522770404816
test_protein_6705,0.1314568817615509
test_protein_6698,0.6379777193069458
test_protein_6700,0.66036653518676758
test_protein_6701,0.23062744736671448
test_protein_6702,0.50835853815078735
test_protein_6703,0.67386007308959961
test_protein_6706,0.062052261084318161
test_protein_6708,0.25749042630195618
test_protein_6707,0.30964964628219604
test_protein_6709,0.0184442438185215
test_protein_6712,0.5465625524520874
test_protein_6714,0.10563801974058151
test_protein_6713,0.32319250702857971
test_protein_6711,0.43244248628616333
test_protein_6710,0.46619543433189392
test_protein_6715,0.02432711236178875
test_protein_6717,0.48381543159484863
test_protein_6719,0.21940460801124573
test_protein_6718,0.51067656278610229
test_protein_6716,0.57724946737289429
test_protein_6723,0.099569991230964661
test_protein_6722,0.17077697813510895
test_protein_6720,0.23030875623226166
test_protein_6721,0.21694114804267883
test_protein_6724,0.28013956546783447
test_protein_6725,0.32233500480651855
test_protein_6727,0.32691022753715515
test_protein_6730,0.51040053367614746
test_protein_6726,0.36528778076171875
test_protein_6729,0.33823186159133911
test_protein_6728,0.38712885975837708
test_protein_6732,0.035583171993494034
test_protein_6731,0.36290070414543152
test_protein_6733,0.45428508520126343
test_protein_6734,0.32825189828872681
test_protein_6735,0.039161998778581619
test_protein_6740,0.82892537117004395
test_protein_6738,0.24280577898025513
test_protein_6737,0.24306210875511169
test_protein_6736,0.25669848918914795
test_protein_6739,0.40787523984909058
test_protein_6741,0.40203791856765747
test_protein_6743,0.46061241626739502
test_protein_6742,0.048657100647687912
test_protein_6746,0.057780593633651733
test_protein_6745,0.33320498466491699
test_protein_6744,0.54512983560562134
test_protein_6750,0.33049306273460388
test_protein_6747,0.3463667631149292
test_protein_6749,0.11379292607307434
test_protein_6748,0.73243647813796997
test_protein_6755,0.49561697244644165
test_protein_6753,0.79411780834197998
test_protein_6751,0.1165873259305954
test_protein_6752,0.015440411865711212
test_protein_6754,0.31416189670562744
test_protein_6756,0.43161210417747498
test_protein_6757,0.23239190876483917
test_protein_6758,0.32228061556816101
test_protein_6759,0.3021833598613739
test_protein_6760,0.34061464667320251
test_protein_6761,0.46329736709594727
test_protein_6764,0.29099413752555847
test_protein_6762,0.73100972175598145
test_protein_6763,0.35305315256118774
test_protein_6765,0.18520525097846985
test_protein_6766,0.10140550136566162
test_protein_6767,0.0011385005200281739
test_protein_6768,0.071841537952423096
test_protein_6769,0.039987791329622269
test_protein_6770,0.36800357699394226
test_protein_6771,0.1572730541229248
test_protein_6772,0.093751184642314911
test_protein_6773,0.14267593622207642
test_protein_6775,0.035853784531354904
test_protein_6774,0.39762747287750244
test_protein_6777,0.34139549732208252
test_protein_6776,0.34162721037864685
test_protein_6778,0.27111819386482239
test_protein_6779,0.2893136739730835
test_protein_6783,0.23075000941753387
test_protein_6780,0.26896464824676514
test_protein_6782,0.48362505435943604
test_protein_6781,0.12857964634895325
test_protein_6784,0.18797242641448975
test_protein_6785,0.16050006449222565
test_protein_6786,0.18697835505008698
test_protein_6787,0.57889330387115479
test_protein_6790,0.52303415536880493
test_protein_6788,0.74070721864700317
test_protein_6789,0.074972242116928101
test_protein_6791,0.23550359904766083
test_protein_6793,0.75945001840591431
test_protein_6794,0.091559574007987976
test_protein_6792,0.41788983345031738
test_protein_6799,0.32201722264289856
test_protein_6796,0.29631990194320679
test_protein_6798,0.30454623699188232
test_protein_6801,0.65353673696517944
test_protein_6795,0.54595434665679932
test_protein_6803,0.30055874586105347
test_protein_6797,0.39257270097732544
test_protein_6802,0.44605192542076111
test_protein_6800,0.45204433798789978
test_protein_6805,0.36483246088027954
test_protein_6806,0.31870034337043762
test_protein_6804,0.79631572961807251
test_protein_6808,0.21347576379776001
test_protein_6812,0.22688193619251251
test_protein_6807,0.00026512285694479942
test_protein_6810,0.20659524202346802
test_protein_6813,0.46406382322311401
test_protein_6809,0.26023176312446594
test_protein_6811,0.51078110933303833
test_protein_6815,0.67854011058807373
test_protein_6817,0.19697132706642151
test_protein_6816,0.26794707775115967
test_protein_6814,0.49956721067428589
test_protein_6820,0.80922162532806396
test_protein_6819,0.50745195150375366
test_protein_6825,0.40533608198165894
test_protein_6818,0.63424009084701538
test_protein_6824,4.7920816541591194e-06
test_protein_6827,0.18200473487377167
test_protein_6821,0.065194256603717804
test_protein_6822,0.075891315937042236
test_protein_6823,0.52960431575775146
test_protein_6828,0.70563805103302002
test_protein_6826,0.12699246406555176
test_protein_6830,0.38204824924468994
test_protein_6832,0.53657174110412598
test_protein_6834,0.16931688785552979
test_protein_6829,0.077392987906932831
test_protein_6835,0.54161053895950317
test_protein_6833,0.33455732464790344
test_protein_6837,0.1773783415555954
test_protein_6836,0.51585119962692261
test_protein_6838,0.83280879259109497
test_protein_6839,0.99557161331176758
test_protein_6831,0.24264530837535858
test_protein_6840,0.052273597568273544
test_protein_6853,0.393697589635849
test_protein_6843,0.14031212031841278
test_protein_6841,0.10193272680044174
test_protein_6844,0.41132423281669617
test_protein_6845,0.16122178733348846
test_protein_6850,0.46586400270462036
test_protein_6842,0.610970139503479
test_protein_6848,0.46160438656806946
test_protein_6846,0.24450758099555969
test_protein_6855,0.2585904598236084
test_protein_6849,0.39634063839912415
test_protein_6847,0.2874172031879425
test_protein_6852,0.43931326270103455
test_protein_6851,0.35096961259841919
test_protein_6857,0.49083444476127625
test_protein_6854,0.18128900229930878
test_protein_6859,0.005777786485850811
test_protein_6856,0.35808455944061279
test_protein_6866,0.70788079500198364
test_protein_6863,0.2235487699508667
test_protein_6858,0.33229842782020569
test_protein_6860,0.060968168079853058
test_protein_6864,0.089329458773136139
test_protein_6862,0.57470864057540894
test_protein_6861,0.45929050445556641
test_protein_6868,0.18670609593391418
test_protein_6869,0.3480188250541687
test_protein_6865,0.42429426312446594
test_protein_6867,0.26352596282958984
test_protein_6874,0.016868384554982185
test_protein_6875,0.63437497615814209
test_protein_6870,0.80021482706069946
test_protein_6872,0.1987123042345047
test_protein_6871,8.655064448248595e-06
test_protein_6873,0.60674160718917847
test_protein_6877,0.037804137915372849
test_protein_6876,0.36877873539924622
test_protein_6879,0.36472567915916443
test_protein_6881,0.066974319517612457
test_protein_6880,0.51351451873779297
test_protein_6882,0.2499459981918335
test_protein_6878,0.61669939756393433
test_protein_6886,0.14544376730918884
test_protein_6883,0.64652067422866821
test_protein_6884,0.18278592824935913
test_protein_6885,0.002578639192506671
test_protein_6890,0.51295572519302368
test_protein_6893,0.15972518920898438
test_protein_6888,0.52616679668426514
test_protein_6891,0.36698350310325623
test_protein_6896,0.87433630228042603
test_protein_6887,0.29883787035942078
test_protein_6889,0.051958564668893814
test_protein_6894,0.79095816612243652
test_protein_6892,0.19544349610805511
test_protein_6897,0.39935263991355896
test_protein_6895,0.97048509120941162
test_protein_6898,0.6850094199180603
test_protein_6906,0.36219212412834167
test_protein_6905,0.47487550973892212
test_protein_6909,0.14722920954227448
test_protein_6900,0.81478399038314819
test_protein_6901,0.10143040120601654
test_protein_6899,0.25784587860107422
test_protein_6904,0.40292215347290039
test_protein_6902,0.16932611167430878
test_protein_6903,0.81883925199508667
test_protein_6908,0.24674718081951141
test_protein_6911,0.98507070541381836
test_protein_6913,0.80065423250198364
test_protein_6914,0.42330482602119446
test_protein_6915,0.85688763856887817
test_protein_6907,0.010099835693836212
test_protein_6917,0.50540214776992798
test_protein_6916,0.51280367374420166
test_protein_6912,0.44048050045967102
test_protein_6910,0.00051168689969927073
test_protein_6918,0.69518798589706421
test_protein_6922,0.39677724242210388
test_protein_6923,0.058561429381370544
test_protein_6920,0.1090918555855751
test_protein_6926,0.085049830377101898
test_protein_6921,0.46067830920219421
test_protein_6919,0.6082603931427002
test_protein_6924,0.48879748582839966
test_protein_6925,0.58908587694168091
test_protein_6928,0.29296398162841797
test_protein_6927,0.1670277863740921
test_protein_6931,0.31230461597442627
test_protein_6934,0.16848774254322052
test_protein_6935,0.44082912802696228
test_protein_6937,0.22290873527526855
test_protein_6933,0.49255040287971497
test_protein_6930,0.47230464220046997
test_protein_6932,0.48267987370491028
test_protein_6929,0.050923623144626617
test_protein_6940,0.36098742485046387
test_protein_6944,0.43167397379875183
test_protein_6936,0.095210686326026917
test_protein_6941,0.4037909209728241
test_protein_6947,0.45551285147666931
test_protein_6938,0.3945334255695343
test_protein_6939,0.932483971118927
test_protein_6943,0.37965083122253418
test_protein_6942,0.25230094790458679
test_protein_6954,0.5893215537071228
test_protein_6946,0.67046427726745605
test_protein_6951,0.45030960440635681
test_protein_6950,0.27746608853340149
test_protein_6953,0.79110735654830933
test_protein_6957,0.66206806898117065
test_protein_6952,0.037045121192932129
test_protein_6948,0.7123485803604126
test_protein_6956,0.83947485685348511
test_protein_6949,0.50730997323989868
test_protein_6955,0.15551990270614624
test_protein_6945,0.43985146284103394
test_protein_6963,0.044957719743251801
test_protein_6961,0.46131154894828796
test_protein_6962,0.0051705162040889263
test_protein_6959,0.51345539093017578
test_protein_6958,0.80833292007446289
test_protein_6964,0.3076290488243103
test_protein_6960,0.3545110821723938
test_protein_6968,0.12846173346042633
test_protein_6965,0.31346386671066284
test_protein_6969,0.41210135817527771
test_protein_6970,0.10389324277639389
test_protein_6972,0.41903588175773621
test_protein_6967,0.3068634569644928
test_protein_6966,0.16715149581432343
test_protein_6971,0.53884422779083252
test_protein_6975,0.4798719584941864
test_protein_6974,0.45302304625511169
test_protein_6978,0.57579481601715088
test_protein_6977,0.04516378790140152
test_protein_6983,0.30381929874420166
test_protein_6980,0.3865543007850647
test_protein_6979,0.17462821304798126
test_protein_6973,0.85152453184127808
test_protein_6984,0.44006061553955078
test_protein_6982,0.3422834575176239
test_protein_6976,0.3108641505241394
test_protein_6981,0.39567458629608154
test_protein_6986,0.60428792238235474
test_protein_6985,0.58277446031570435
test_protein_6989,0.14837093651294708
test_protein_6993,0.52507072687149048
test_protein_6990,0.61367601156234741
test_protein_6992,0.47430449724197388
test_protein_6995,0.57883250713348389
test_protein_6988,0.50076109170913696
test_protein_6987,0.41763284802436829
test_protein_6994,0.00029312484548427165
test_protein_6991,0.51850074529647827
test_protein_6996,0.55424511432647705
test_protein_6997,0.73055589199066162
test_protein_7001,0.34951713681221008
test_protein_6998,0.57267868518829346
test_protein_7011,0.50638812780380249
test_protein_7005,0.74043923616409302
test_protein_7010,0.47097647190093994
test_protein_7004,0.20247139036655426
test_protein_7002,0.0050751371309161186
test_protein_6999,0.87010204792022705
test_protein_7000,0.015703605487942696
test_protein_7009,0.6816137433052063
test_protein_7012,0.23116843402385712
test_protein_7006,0.78979295492172241
test_protein_7003,0.6734917163848877
test_protein_7014,0.0019475178560242057
test_protein_7007,0.49664327502250671
test_protein_7013,0.37813732028007507
test_protein_7008,0.40760430693626404
test_protein_7015,0.31180474162101746
test_protein_7021,0.83116650581359863
test_protein_7019,0.97021007537841797
test_protein_7020,0.5478668212890625
test_protein_7017,0.57833677530288696
test_protein_7016,0.12100990116596222
test_protein_7022,0.5553354024887085
test_protein_7018,0.48130166530609131
test_protein_7023,0.096335418522357941
test_protein_7024,0.032774515450000763
test_protein_7026,0.25596386194229126
test_protein_7032,0.18637575209140778
test_protein_7028,0.67740648984909058
test_protein_7030,0.42107635736465454
test_protein_7033,0.073066756129264832
test_protein_7025,0.6317216157913208
test_protein_7037,0.98370897769927979
test_protein_7029,0.45863500237464905
test_protein_7034,0.53543078899383545
test_protein_7027,0.11516747623682022
test_protein_7038,0.838889479637146
test_protein_7035,0.43943420052528381
test_protein_7031,0.094215169548988342
test_protein_7036,0.80106586217880249
test_protein_7040,0.30360203981399536
test_protein_7042,0.71495962142944336
test_protein_7041,0.10261499881744385
test_protein_7039,0.0076876622624695301
test_protein_7046,0.15562106668949127
test_protein_7047,0.011883938685059547
test_protein_7044,0.081805691123008728
test_protein_7048,0.46524590253829956
test_protein_7043,0.38901138305664062
test_protein_7045,0.10537248104810715
test_protein_7050,0.61940377950668335
test_protein_7054,0.37344971299171448
test_protein_7052,0.16605426371097565
test_protein_7051,0.30494806170463562
test_protein_7049,0.32095411419868469
test_protein_7055,0.65994179248809814
test_protein_7053,0.30380851030349731
test_protein_7058,0.55262589454650879
test_protein_7059,0.018150815740227699
test_protein_7056,0.49997296929359436
test_protein_7057,0.14884433150291443
test_protein_7062,0.30151203274726868
test_protein_7060,0.36346623301506042
test_protein_7064,0.037713322788476944
test_protein_7066,0.05139053612947464
test_protein_7063,0.067103005945682526
test_protein_7061,0.51345628499984741
test_protein_7067,0.27580571174621582
test_protein_7070,0.56153678894042969
test_protein_7065,0.32089206576347351
test_protein_7069,0.49317103624343872
test_protein_7068,0.26650246977806091
test_protein_7072,0.83386802673339844
test_protein_7074,0.20822928845882416
test_protein_7076,0.12493648380041122
test_protein_7075,0.3782060444355011
test_protein_7071,0.36904442310333252
test_protein_7073,0.60830479860305786
test_protein_7077,0.42205643653869629
test_protein_7078,0.27258357405662537
test_protein_7080,0.06215871125459671
test_protein_7079,0.07669106125831604
test_protein_7081,0.34300199151039124
test_protein_7083,0.26725715398788452
test_protein_7082,0.065373770892620087
test_protein_7087,0.43744191527366638
test_protein_7085,0.096029512584209442
test_protein_7084,0.011952660046517849
test_protein_7092,0.55350279808044434
test_protein_7086,0.078858993947505951
test_protein_7088,0.2619958221912384
test_protein_7090,0.42175880074501038
test_protein_7093,0.50359499454498291
test_protein_7091,0.60819357633590698
test_protein_7089,0.33457404375076294
test_protein_7094,0.27456039190292358
test_protein_7095,0.13793624937534332
test_protein_7097,0.14117416739463806
test_protein_7098,0.9132733941078186
test_protein_7096,0.33364933729171753
test_protein_7099,0.018352353945374489
test_protein_7100,0.43451628088951111
test_protein_7102,0.37125247716903687
test_protein_7104,0.20533798635005951
test_protein_7103,0.22325946390628815
test_protein_7105,0.14570006728172302
test_protein_7101,0.48538583517074585
test_protein_7106,0.027354087680578232
test_protein_7111,0.33098131418228149
test_protein_7107,0.30283838510513306
test_protein_7112,0.60293692350387573
test_protein_7110,0.53173816204071045
test_protein_7109,0.066598325967788696
test_protein_7113,0.014943435788154602
test_protein_7114,0.031663898378610611
test_protein_7116,0.33199894428253174
test_protein_7108,0.38360089063644409
test_protein_7115,0.31602126359939575
test_protein_7117,0.10851382464170456
test_protein_7120,0.17582489550113678
test_protein_7118,0.41556432843208313
test_protein_7119,0.25980722904205322
test_protein_7123,0.21551609039306641
test_protein_7122,0.26208910346031189
test_protein_7124,0.39565855264663696
test_protein_7125,0.90014064311981201
test_protein_7121,0.2016860693693161
test_protein_7126,0.20599251985549927
test_protein_7127,0.58634370565414429
test_protein_7128,0.29034239053726196
test_protein_7130,0.020856158807873726
test_protein_7129,0.67159801721572876
test_protein_7131,0.19999359548091888
test_protein_7134,0.70075452327728271
test_protein_7132,0.17432302236557007
test_protein_7135,0.07327454537153244
test_protein_7133,0.14657220244407654
test_protein_7136,0.21670134365558624
test_protein_7137,0.41416427493095398
test_protein_7138,0.25786915421485901
test_protein_7139,0.069492772221565247
test_protein_7141,0.35690361261367798
test_protein_7144,0.12792722880840302
test_protein_7140,0.4885384738445282
test_protein_7145,0.70675051212310791
test_protein_7146,0.40771430730819702
test_protein_7149,0.43472382426261902
test_protein_7143,0.37623965740203857
test_protein_7142,0.2754482626914978
test_protein_7148,0.18662837147712708
test_protein_7147,0.43328207731246948
test_protein_7150,0.33868804574012756
test_protein_7152,0.44612520933151245
test_protein_7155,0.18086737394332886
test_protein_7153,0.33348053693771362
test_protein_7154,0.72818964719772339
test_protein_7156,0.15276280045509338
test_protein_7159,0.50879037380218506
test_protein_7157,0.38125467300415039
test_protein_7151,0.39106655120849609
test_protein_7158,0.50132155418395996
test_protein_7160,0.087179191410541534
test_protein_7161,0.2844618558883667
test_protein_7162,0.7427361011505127
test_protein_7164,0.50692570209503174
test_protein_7163,0.081121131777763367
test_protein_7165,0.22539989650249481
test_protein_7171,0.007986883632838726
test_protein_7169,0.34934923052787781
test_protein_7166,0.38379994034767151
test_protein_7168,0.26163393259048462
test_protein_7167,0.39223533868789673
test_protein_7172,0.47819322347640991
test_protein_7170,0.014481173828244209
test_protein_7173,0.37757766246795654
test_protein_7174,0.67698627710342407
test_protein_7179,0.29395565390586853
test_protein_7176,0.21656018495559692
test_protein_7177,0.36661559343338013
test_protein_7175,0.37109926342964172
test_protein_7178,0.37086060643196106
test_protein_7180,0.035307224839925766
test_protein_7181,0.040191389620304108
test_protein_7184,0.3683338463306427
test_protein_7182,0.21417504549026489
test_protein_7183,0.61927700042724609
test_protein_7185,0.023420164361596107
test_protein_7187,0.30233359336853027
test_protein_7186,0.37198585271835327
test_protein_7190,0.30977723002433777
test_protein_7189,0.51544106006622314
test_protein_7188,0.63725662231445312
test_protein_7191,0.099943451583385468
test_protein_7192,0.17040722072124481
test_protein_7193,0.57240068912506104
test_protein_7195,0.51849061250686646
test_protein_7196,0.22848407924175262
test_protein_7194,0.58686679601669312
test_protein_7197,0.15210071206092834
test_protein_7201,0.47294697165489197
test_protein_7199,0.0060560693964362144
test_protein_7200,0.38765373826026917
test_protein_7203,0.12306106090545654
test_protein_7202,0.45664593577384949
test_protein_7206,0.51191955804824829
test_protein_7198,0.04706588014960289
test_protein_7204,0.30000746250152588
test_protein_7207,0.036636631935834885
test_protein_7205,0.44328328967094421
test_protein_7208,0.035643279552459717
test_protein_7210,0.20938858389854431
test_protein_7212,0.10178510844707489
test_protein_7209,0.099761851131916046
test_protein_7213,0.094540230929851532
test_protein_7214,0.37153840065002441
test_protein_7211,0.093287475407123566
test_protein_7215,0.15892517566680908
test_protein_7217,0.40326708555221558
test_protein_7218,0.32488003373146057
test_protein_7216,0.39050847291946411
test_protein_7219,0.16241215169429779
test_protein_7222,0.55898547172546387
test_protein_7221,0.43338152766227722
test_protein_7220,0.34752807021141052
test_protein_7224,0.40052086114883423
test_protein_7226,0.3236006498336792
test_protein_7228,0.13854221999645233
test_protein_7223,0.3742077648639679
test_protein_7229,0.25908780097961426
test_protein_7227,0.70900774002075195
test_protein_7225,0.045468445867300034
test_protein_7230,0.79206544160842896
test_protein_7232,0.04598386213183403
test_protein_7231,0.095777720212936401
test_protein_7233,0.0077354032546281815
test_protein_7236,0.13640591502189636
test_protein_7234,0.36488965153694153
test_protein_7235,0.043036960065364838
test_protein_7237,0.43933248519897461
test_protein_7241,0.55241769552230835
test_protein_7240,0.021625299006700516
test_protein_7239,0.080055125057697296
test_protein_7238,0.3310968279838562
test_protein_7244,0.22593604028224945
test_protein_7247,0.19264787435531616
test_protein_7243,0.010202368721365929
test_protein_7242,0.81856882572174072
test_protein_7249,0.40618738532066345
test_protein_7245,0.74709397554397583
test_protein_7246,0.55595272779464722
test_protein_7251,0.47316247224807739
test_protein_7248,0.64147043228149414
test_protein_7252,0.028266990557312965
test_protein_7250,0.22506889700889587
test_protein_7253,0.16045196354389191
test_protein_7254,3.3523424036729921e-08
test_protein_7255,0.52011078596115112
test_protein_7258,0.050568994134664536
test_protein_7256,0.25915777683258057
test_protein_7259,0.2895435094833374
test_protein_7260,0.39582064747810364
test_protein_7263,0.13138708472251892
test_protein_7257,0.82065844535827637
test_protein_7261,0.0086148791015148163
test_protein_7262,0.32804775238037109
test_protein_7267,0.09471014142036438
test_protein_7264,0.36871084570884705
test_protein_7265,0.10877463966608047
test_protein_7266,0.10970484465360641
test_protein_7271,0.30655699968338013
test_protein_7268,0.35431215167045593
test_protein_7275,0.38954049348831177
test_protein_7269,0.38055938482284546
test_protein_7270,0.22471605241298676
test_protein_7273,0.18137650191783905
test_protein_7274,0.20495355129241943
test_protein_7272,0.49089351296424866
test_protein_7276,0.39141395688056946
test_protein_7277,0.6303519606590271
test_protein_7282,0.40166336297988892
test_protein_7278,0.55809533596038818
test_protein_7280,0.46207964420318604
test_protein_7279,0.15294425189495087
test_protein_7281,0.038040909916162491
test_protein_7283,0.065146781504154205
test_protein_7284,0.38599249720573425
test_protein_7287,0.18131454288959503
test_protein_7286,0.28063094615936279
test_protein_7285,0.16890335083007812
test_protein_7288,0.72167611122131348
test_protein_7289,0.082651861011981964
test_protein_7291,0.16634361445903778
test_protein_7295,0.34205576777458191
test_protein_7290,4.4624226575251669e-05
test_protein_7297,0.50553804636001587
test_protein_7293,0.017734548076987267
test_protein_7298,0.0014566114405170083
test_protein_7294,0.91938644647598267
test_protein_7296,0.43914416432380676
test_protein_7292,0.28333351016044617
test_protein_7301,0.30354702472686768
test_protein_7299,0.30055561661720276
test_protein_7302,0.022408993914723396
test_protein_7300,0.81971335411071777
test_protein_7303,0.26369854807853699
test_protein_7304,0.37641984224319458
test_protein_7305,0.30207690596580505
test_protein_7308,0.36911788582801819
test_protein_7307,0.10385828465223312
test_protein_7311,0.17907331883907318
test_protein_7306,0.093938879668712616
test_protein_7309,0.52259427309036255
test_protein_7310,0.030365094542503357
test_protein_7312,0.029673697426915169
test_protein_7315,0.18917194008827209
test_protein_7317,0.10119851678609848
test_protein_7318,0.31706482172012329
test_protein_7313,0.39937171339988708
test_protein_7314,0.34402221441268921
test_protein_7319,0.043729927390813828
test_protein_7316,0.27974951267242432
test_protein_7323,0.034675825387239456
test_protein_7324,0.044774286448955536
test_protein_7325,0.36673074960708618
test_protein_7321,0.21889236569404602
test_protein_7322,0.26066985726356506
test_protein_7320,0.16202205419540405
test_protein_7326,0.026289800181984901
test_protein_7328,0.1192375048995018
test_protein_7327,0.38727405667304993
test_protein_7329,0.43722525238990784
test_protein_7330,0.09567839652299881
test_protein_7333,0.097513444721698761
test_protein_7334,0.51058334112167358
test_protein_7336,0.30316194891929626
test_protein_7332,0.0097196735441684723
test_protein_7338,0.46058723330497742
test_protein_7335,0.33051204681396484
test_protein_7331,0.20273514091968536
test_protein_7339,0.48191526532173157
test_protein_7340,0.37962865829467773
test_protein_7342,0.13168485462665558
test_protein_7341,0.050929643213748932
test_protein_7337,0.18402589857578278
test_protein_7345,0.61987262964248657
test_protein_7343,0.022261969745159149
test_protein_7344,0.065349854528903961
test_protein_7349,0.53654652833938599
test_protein_7346,0.10686937719583511
test_protein_7347,0.66639548540115356
test_protein_7350,0.12600797414779663
test_protein_7348,0.41943457722663879
test_protein_7352,0.28064465522766113
test_protein_7354,0.45853647589683533
test_protein_7351,0.011056206189095974
test_protein_7353,0.54117441177368164
test_protein_7356,0.20134802162647247
test_protein_7357,0.26269832253456116
test_protein_7355,0.17230542004108429
test_protein_7358,0.27964702248573303
test_protein_7360,0.13128992915153503
test_protein_7362,0.073390521109104156
test_protein_7359,0.60493457317352295
test_protein_7361,0.083696894347667694
test_protein_7365,0.25528353452682495
test_protein_7363,0.6114659309387207
test_protein_7366,0.23596793413162231
test_protein_7369,0.20551344752311707
test_protein_7368,0.16193968057632446
test_protein_7364,0.30849292874336243
test_protein_7372,0.078234270215034485
test_protein_7371,0.37181437015533447
test_protein_7367,0.78240257501602173
test_protein_7370,0.20109407603740692
test_protein_7373,0.79612332582473755
test_protein_7374,0.24192105233669281
test_protein_7375,0.43835332989692688
test_protein_7378,0.11362983286380768
test_protein_7383,0.89176362752914429
test_protein_7377,0.0036360076628625393
test_protein_7385,0.96893554925918579
test_protein_7384,0.52560824155807495
test_protein_7379,0.46777060627937317
test_protein_7376,0.0011808037525042892
test_protein_7386,0.38996684551239014
test_protein_7380,0.18151600658893585
test_protein_7382,0.26758375763893127
test_protein_7387,0.3737996518611908
test_protein_7381,0.2437966912984848
test_protein_7389,0.62403148412704468
test_protein_7388,0.06516139954328537
test_protein_7390,0.97474491596221924
test_protein_7391,0.55372160673141479
test_protein_7398,0.063958577811717987
test_protein_7394,0.68404108285903931
test_protein_7392,0.72282910346984863
test_protein_7396,0.0026924323756247759
test_protein_7395,0.46645271778106689
test_protein_7393,0.60467308759689331
test_protein_7401,0.32451522350311279
test_protein_7397,0.05785047635436058
test_protein_7399,0.056336231529712677
test_protein_7402,0.0093696760013699532
test_protein_7400,0.77545875310897827
test_protein_7403,0.20902210474014282
test_protein_7406,0.19239693880081177
test_protein_7407,0.10852255672216415
test_protein_7408,0.70388197898864746
test_protein_7412,0.47438707947731018
test_protein_7410,0.093425378203392029
test_protein_7404,0.24232475459575653
test_protein_7409,0.41029411554336548
test_protein_7411,0.25520703196525574
test_protein_7405,0.054438207298517227
test_protein_7413,0.37165307998657227
test_protein_7414,0.026767779141664505
test_protein_7417,0.20554789900779724
test_protein_7416,0.14602462947368622
test_protein_7415,0.13929012417793274
test_protein_7422,0.13396890461444855
test_protein_7419,0.11791115254163742
test_protein_7418,0.41737228631973267
test_protein_7424,0.195100337266922
test_protein_7425,0.32467317581176758
test_protein_7423,0.79470318555831909
test_protein_7420,0.0036140948068350554
test_protein_7421,0.5965111255645752
test_protein_7431,0.54049181938171387
test_protein_7427,0.00094489590264856815
test_protein_7432,0.57866472005844116
test_protein_7429,0.033372487872838974
test_protein_7426,0.41330069303512573
test_protein_7430,0.56962543725967407
test_protein_7428,0.4475628137588501
test_protein_7433,0.082814648747444153
test_protein_7439,0.39355731010437012
test_protein_7437,0.44961419701576233
test_protein_7435,0.25706145167350769
test_protein_7436,0.1744706779718399
test_protein_7438,0.11792005598545074
test_protein_7440,0.75847852230072021
test_protein_7434,0.11179308593273163
test_protein_7445,0.014924580231308937
test_protein_7444,0.11064152419567108
test_protein_7442,0.67221224308013916
test_protein_7443,0.19339141249656677
test_protein_7441,0.28383129835128784
test_protein_7447,0.46335634589195251
test_protein_7446,0.47535973787307739
test_protein_7448,0.15796089172363281
test_protein_7449,0.011218591593205929
test_protein_7451,0.58694136142730713
test_protein_7450,0.05583321675658226
test_protein_7455,0.43755820393562317
test_protein_7452,0.30414789915084839
test_protein_7456,0.38229331374168396
test_protein_7454,0.21169762313365936
test_protein_7461,0.69751805067062378
test_protein_7453,0.16869744658470154
test_protein_7458,0.058856479823589325
test_protein_7457,0.17870000004768372
test_protein_7460,0.74614918231964111
test_protein_7462,0.079586856067180634
test_protein_7459,0.12926462292671204
test_protein_7463,0.23973987996578217
test_protein_7467,0.62936663627624512
test_protein_7464,0.59794694185256958
test_protein_7469,0.62480306625366211
test_protein_7466,0.44716721773147583
test_protein_7465,0.21095456182956696
test_protein_7471,0.27198144793510437
test_protein_7468,0.048070088028907776
test_protein_7470,0.27125585079193115
test_protein_7477,0.77405399084091187
test_protein_7475,0.31913042068481445
test_protein_7472,0.68066924810409546
test_protein_7474,0.47353500127792358
test_protein_7473,0.51244580745697021
test_protein_7476,0.16261284053325653
test_protein_7480,0.06878662109375
test_protein_7478,0.28373011946678162
test_protein_7479,0.41620948910713196
test_protein_7481,0.1577451080083847
test_protein_7483,0.019822822883725166
test_protein_7485,0.46897232532501221
test_protein_7482,0.23988990485668182
test_protein_7484,0.67160820960998535
test_protein_7487,0.36799806356430054
test_protein_7489,0.68082088232040405
test_protein_7486,0.12630611658096313
test_protein_7490,0.54299443960189819
test_protein_7488,0.26200845837593079
test_protein_7492,0.9889531135559082
test_protein_7494,0.22580918669700623
test_protein_7493,0.26952746510505676
test_protein_7491,0.80884081125259399
test_protein_7497,0.17432709038257599
test_protein_7495,0.14186505973339081
test_protein_7496,0.14352239668369293
test_protein_7499,0.025710379704833031
test_protein_7503,0.087484344840049744
test_protein_7502,0.66947019100189209
test_protein_7498,0.053052470088005066
test_protein_7501,0.062878496944904327
test_protein_7508,0.62129819393157959
test_protein_7500,0.27504220604896545
test_protein_7505,0.57680362462997437
test_protein_7506,0.37646591663360596
test_protein_7504,0.39398229122161865
test_protein_7509,0.25231796503067017
test_protein_7507,0.17156848311424255
test_protein_7510,0.5921289324760437
test_protein_7513,0.14956051111221313
test_protein_7511,0.36445477604866028
test_protein_7512,0.9315066933631897
test_protein_7514,0.17292140424251556
test_protein_7515,0.29424247145652771
test_protein_7517,0.26275038719177246
test_protein_7521,0.45371705293655396
test_protein_7516,0.25306150317192078
test_protein_7523,0.24284829199314117
test_protein_7520,0.080808669328689575
test_protein_7522,0.019734971225261688
test_protein_7519,0.51314705610275269
test_protein_7518,0.093402527272701263
test_protein_7524,0.65125876665115356
test_protein_7527,0.21764874458312988
test_protein_7525,1.8336415052999655e-08
test_protein_7528,0.27930960059165955
test_protein_7526,0.02848464623093605
test_protein_7529,0.55104613304138184
test_protein_7533,0.46792900562286377
test_protein_7531,0.89145767688751221
test_protein_7537,0.45181915163993835
test_protein_7535,0.25582963228225708
test_protein_7536,0.47880643606185913
test_protein_7530,0.33182016015052795
test_protein_7534,0.053148865699768066
test_protein_7532,0.31377714872360229
test_protein_7538,0.42023816704750061
test_protein_7541,0.038134533911943436
test_protein_7539,0.24818800389766693
test_protein_7540,0.57512283325195312
test_protein_7542,0.37082609534263611
test_protein_7547,0.32945480942726135
test_protein_7544,0.3498111367225647
test_protein_7543,0.10799989104270935
test_protein_7546,0.42969101667404175
test_protein_7549,0.37214276194572449
test_protein_7545,0.7235601544380188
test_protein_7550,0.010703902691602707
test_protein_7552,0.28293895721435547
test_protein_7551,0.039244450628757477
test_protein_7548,0.2028300017118454
test_protein_7553,0.14578121900558472
test_protein_7555,0.99978750944137573
test_protein_7557,2.121070065186359e-05
test_protein_7556,0.74951726198196411
test_protein_7554,0.0014709564857184887
test_protein_7561,0.32839581370353699
test_protein_7559,0.014695753343403339
test_protein_7565,0.35696807503700256
test_protein_7558,0.11083631217479706
test_protein_7567,0.53406959772109985
test_protein_7562,0.043371904641389847
test_protein_7560,0.0029702191241085529
test_protein_7563,0.36267709732055664
test_protein_7564,0.040617465972900391
test_protein_7569,0.066840462386608124
test_protein_7568,0.27781057357788086
test_protein_7566,0.44635257124900818
test_protein_7571,0.24789007008075714
test_protein_7573,0.15181310474872589
test_protein_7574,0.0081412103027105331
test_protein_7570,0.13124440610408783
test_protein_7572,0.33968636393547058
test_protein_7578,0.34167182445526123
test_protein_7575,0.58022165298461914
test_protein_7577,0.57611227035522461
test_protein_7576,0.004926296416670084
test_protein_7580,0.46983441710472107
test_protein_7581,0.13767409324645996
test_protein_7583,0.085473477840423584
test_protein_7582,0.043656207621097565
test_protein_7579,0.91069042682647705
test_protein_7584,0.5417817234992981
test_protein_7585,0.42775160074234009
test_protein_7588,0.20456099510192871
test_protein_7587,0.10237199068069458
test_protein_7586,0.18087887763977051
test_protein_7591,0.2190483957529068
test_protein_7590,0.25809934735298157
test_protein_7589,0.14430691301822662
test_protein_7592,0.31362724304199219
test_protein_7593,0.22504200041294098
test_protein_7594,0.046166926622390747
test_protein_7598,0.11765769869089127
test_protein_7595,0.59980839490890503
test_protein_7597,0.49584144353866577
test_protein_7596,0.59999972581863403
test_protein_7599,0.48729074001312256
test_protein_7600,0.25088837742805481
test_protein_7602,0.034326408058404922
test_protein_7601,0.457326740026474
test_protein_7604,0.75607317686080933
test_protein_7603,0.35858842730522156
test_protein_7605,0.54018056392669678
test_protein_7606,0.2752825915813446
test_protein_7611,0.47700396180152893
test_protein_7607,0.38526526093482971
test_protein_7610,0.11896025389432907
test_protein_7608,0.36742633581161499
test_protein_7609,0.71115142107009888
test_protein_7612,0.0011603600578382611
test_protein_7613,0.24797038733959198
test_protein_7615,0.23153446614742279
test_protein_7614,0.61202055215835571
test_protein_7619,0.22882993519306183
test_protein_7617,0.70114880800247192
test_protein_7616,0.4177778959274292
test_protein_7618,0.92874139547348022
test_protein_7620,0.050779502838850021
test_protein_7624,0.2042488306760788
test_protein_7621,0.55693620443344116
test_protein_7622,0.022748278453946114
test_protein_7623,0.040455985814332962
test_protein_7627,0.4758571982383728
test_protein_7629,0.78413259983062744
test_protein_7628,0.63133323192596436
test_protein_7625,0.19213952124118805
test_protein_7631,0.18540497124195099
test_protein_7626,0.25982001423835754
test_protein_7630,0.39353382587432861
test_protein_7634,0.52112257480621338
test_protein_7635,0.10166380554437637
test_protein_7633,0.72867584228515625
test_protein_7636,0.44575986266136169
test_protein_7632,0.41882607340812683
test_protein_7643,0.20016145706176758
test_protein_7637,0.22002702951431274
test_protein_7639,0.45308959484100342
test_protein_7646,0.17179527878761292
test_protein_7644,0.29123824834823608
test_protein_7641,0.94419395923614502
test_protein_7642,0.96357452869415283
test_protein_7638,0.64060705900192261
test_protein_7640,0.95113009214401245
test_protein_7647,0.60958635807037354
test_protein_7645,0.98197740316390991
test_protein_7649,0.15037792921066284
test_protein_7650,0.0010681123239919543
test_protein_7648,0.23681837320327759
test_protein_7652,0.86930912733078003
test_protein_7655,0.95388698577880859
test_protein_7651,0.17157907783985138
test_protein_7663,0.27274596691131592
test_protein_7661,0.42194265127182007
test_protein_7662,0.73865896463394165
test_protein_7664,0.63474929332733154
test_protein_7653,0.15780515968799591
test_protein_7657,0.2530817985534668
test_protein_7654,0.78725188970565796
test_protein_7656,0.22324009239673615
test_protein_7660,0.33242315053939819
test_protein_7659,0.23679988086223602
test_protein_7658,0.1394781768321991
test_protein_7667,0.5655292272567749
test_protein_7669,0.050897661596536636
test_protein_7668,0.67798352241516113
test_protein_7671,0.3863004744052887
test_protein_7666,0.00065747223561629653
test_protein_7679,0.76954305171966553
test_protein_7665,0.063265614211559296
test_protein_7674,0.42522764205932617
test_protein_7675,0.99872392416000366
test_protein_7676,0.54371988773345947
test_protein_7673,0.65387517213821411
test_protein_7678,0.3458208441734314
test_protein_7677,0.31809276342391968
test_protein_7685,0.17516270279884338
test_protein_7682,0.74140423536300659
test_protein_7680,0.62457782030105591
test_protein_7670,0.97757154703140259
test_protein_7683,0.0013599045341834426
test_protein_7672,0.41948100924491882
test_protein_7684,0.80706578493118286
test_protein_7681,0.20114244520664215
test_protein_7688,0.13167668879032135
test_protein_7687,0.45965167880058289
test_protein_7686,0.48618385195732117
test_protein_7690,0.8170015811920166
test_protein_7689,0.16722641885280609
test_protein_7691,0.14188626408576965
test_protein_7693,0.085764825344085693
test_protein_7692,0.61333262920379639
test_protein_7696,0.054205447435379028
test_protein_7697,0.21860387921333313
test_protein_7695,0.033945251256227493
test_protein_7699,0.14514158666133881
test_protein_7698,0.11326903104782104
test_protein_7694,0.26025483012199402
test_protein_7700,0.58371347188949585
test_protein_7701,0.13131482899188995
test_protein_7704,0.20129889249801636
test_protein_7702,0.82702726125717163
test_protein_7703,0.46705716848373413
test_protein_7705,0.41370341181755066
test_protein_7708,0.059767436236143112
test_protein_7707,0.28957453370094299
test_protein_7706,0.48645594716072083
test_protein_7709,0.38992434740066528
test_protein_7710,0.42331230640411377
test_protein_7712,0.066578105092048645
test_protein_7714,0.4200325608253479
test_protein_7713,0.88519138097763062
test_protein_7711,0.23083207011222839
test_protein_7716,0.58425325155258179
test_protein_7715,0.093630976974964142
test_protein_7718,0.037719905376434326
test_protein_7717,0.15864302217960358
test_protein_7724,0.014976671896874905
test_protein_7721,0.39928030967712402
test_protein_7723,0.44018244743347168
test_protein_7719,0.013722727075219154
test_protein_7722,0.44607394933700562
test_protein_7720,0.59584611654281616
test_protein_7728,0.14540262520313263
test_protein_7725,0.43982896208763123
test_protein_7729,0.39175906777381897
test_protein_7727,0.47881665825843811
test_protein_7726,0.3032538890838623
test_protein_7730,0.54158926010131836
test_protein_7733,0.60424965620040894
test_protein_7731,0.37868243455886841
test_protein_7732,0.57474035024642944
test_protein_7737,0.30917444825172424
test_protein_7736,0.73392611742019653
test_protein_7738,0.17113788425922394
test_protein_7735,0.8203539252281189
test_protein_7734,0.36645451188087463
test_protein_7740,0.23167464137077332
test_protein_7739,0.25126856565475464
test_protein_7741,0.60788494348526001
test_protein_7742,0.39902251958847046
test_protein_7744,0.014215855859220028
test_protein_7743,0.2492896169424057
test_protein_7748,0.2178654819726944
test_protein_7746,0.94565600156784058
test_protein_7745,0.34119492769241333
test_protein_7749,0.44883835315704346
test_protein_7750,0.70900809764862061
test_protein_7747,0.26787057518959045
test_protein_7752,0.4867127537727356
test_protein_7754,0.58265101909637451
test_protein_7751,0.62142312526702881
test_protein_7753,0.30794697999954224
test_protein_7755,0.053825721144676208
test_protein_7756,0.11732946336269379
test_protein_7757,0.41002357006072998
test_protein_7758,0.18521894514560699
test_protein_7762,0.13587303459644318
test_protein_7759,0.10996914654970169
test_protein_7764,0.028125682845711708
test_protein_7761,0.09048076719045639
test_protein_7763,0.039699621498584747
test_protein_7766,0.0081160282716155052
test_protein_7760,0.28714796900749207
test_protein_7765,0.15958845615386963
test_protein_7767,0.0078884605318307877
test_protein_7771,0.51238846778869629
test_protein_7769,0.50851023197174072
test_protein_7768,0.25884601473808289
test_protein_7772,0.051728144288063049
test_protein_7773,0.22683894634246826
test_protein_7774,0.49807614088058472
test_protein_7770,0.41414782404899597
test_protein_7776,0.36986693739891052
test_protein_7775,0.42898645997047424
test_protein_7777,0.22387146949768066
test_protein_7778,0.10085524618625641
test_protein_7779,0.062420237809419632
test_protein_7781,0.60836100578308105
test_protein_7780,0.24951192736625671
test_protein_7782,0.60738003253936768
test_protein_7784,0.35777175426483154
test_protein_7783,0.4252396821975708
test_protein_7785,0.44609859585762024
test_protein_7786,0.59027820825576782
test_protein_7787,0.18505150079727173
test_protein_7789,0.58636820316314697
test_protein_7788,0.48021009564399719
test_protein_7790,0.1748066246509552
test_protein_7791,0.71128237247467041
test_protein_7793,0.61312603950500488
test_protein_7794,0.45593443512916565
test_protein_7792,0.43663263320922852
test_protein_7795,0.32357895374298096
test_protein_7797,0.28758570551872253
test_protein_7798,0.18676790595054626
test_protein_7796,0.41681119799613953
test_protein_7799,0.038675963878631592
test_protein_7800,0.021146697923541069
test_protein_7802,0.25620180368423462
test_protein_7801,0.24562020599842072
test_protein_7803,0.076891183853149414
test_protein_7804,0.25824499130249023
test_protein_7805,0.47526603937149048
test_protein_7810,0.077168919146060944
test_protein_7806,0.26385095715522766
test_protein_7809,0.11433838307857513
test_protein_7808,0.20624783635139465
test_protein_7811,0.22903589904308319
test_protein_7807,0.11379563063383102
test_protein_7812,0.86858785152435303
test_protein_7814,0.22774159908294678
test_protein_7813,0.33067631721496582
test_protein_7817,4.87814122607233e-06
test_protein_7815,0.19213806092739105
test_protein_7816,0.38070350885391235
test_protein_7821,0.57490038871765137
test_protein_7820,0.64078760147094727
test_protein_7819,0.12879712879657745
test_protein_7818,0.3893750011920929
test_protein_7822,0.14311219751834869
test_protein_7826,0.16310057044029236
test_protein_7823,0.65092575550079346
test_protein_7824,0.20664495229721069
test_protein_7825,0.13757263123989105
test_protein_7827,0.35877692699432373
test_protein_7828,0.14593625068664551
test_protein_7829,0.14968112111091614
test_protein_7830,0.12458539009094238
test_protein_7835,0.0080613503232598305
test_protein_7832,0.00011982893920503557
test_protein_7831,0.77065789699554443
test_protein_7833,0.25619727373123169
test_protein_7834,0.48207610845565796
test_protein_7837,0.25692468881607056
test_protein_7839,0.63464367389678955
test_protein_7838,0.47292697429656982
test_protein_7836,0.26193216443061829
test_protein_7840,0.12563826143741608
test_protein_7841,0.62454289197921753
test_protein_7843,0.082497209310531616
test_protein_7842,0.18181660771369934
