name,prob_pos
test_protein_2,0.08731573075056076
test_protein_1,0.088056772947311401
test_protein_3,0.41263288259506226
test_protein_4,0.042361196130514145
test_protein_8,0.77462673187255859
test_protein_9,0.44955804944038391
test_protein_7,0.97520589828491211
test_protein_5,0.15965990722179413
test_protein_6,0.99009889364242554
test_protein_12,0.39275729656219482
test_protein_18,0.41654190421104431
test_protein_10,0.25320532917976379
test_protein_13,0.6065869927406311
test_protein_24,0.20467633008956909
test_protein_20,0.10473207384347916
test_protein_11,0.71763080358505249
test_protein_21,0.24608239531517029
test_protein_19,0.44797250628471375
test_protein_22,0.4641021192073822
test_protein_14,0.27826878428459167
test_protein_23,0.30691155791282654
test_protein_17,0.24852706491947174
test_protein_15,0.028145473450422287
test_protein_16,0.13377465307712555
test_protein_32,0.051901116967201233
test_protein_25,0.20340181887149811
test_protein_30,0.6100119948387146
test_protein_26,0.40009117126464844
test_protein_29,0.90590381622314453
test_protein_31,0.50232726335525513
test_protein_34,0.11497130990028381
test_protein_27,0.46172425150871277
test_protein_28,0.30138632655143738
test_protein_33,0.15044771134853363
test_protein_38,0.92342066764831543
test_protein_39,0.066258251667022705
test_protein_35,0.25690746307373047
test_protein_37,0.4063258171081543
test_protein_40,0.085147418081760406
test_protein_41,0.43370053172111511
test_protein_43,0.31637224555015564
test_protein_44,0.25897327065467834
test_protein_42,0.68908458948135376
test_protein_36,0.1103464812040329
test_protein_45,0.27931180596351624
test_protein_52,0.41030353307723999
test_protein_47,0.27425530552864075
test_protein_56,0.0003036280395463109
test_protein_57,0.14477863907814026
test_protein_51,0.42740929126739502
test_protein_50,0.095626518130302429
test_protein_46,0.073691368103027344
test_protein_49,0.094762139022350311
test_protein_48,0.43310299515724182
test_protein_55,0.010747241787612438
test_protein_54,0.017456522211432457
test_protein_61,0.27450037002563477
test_protein_60,0.20919005572795868
test_protein_53,0.0024477364495396614
test_protein_59,0.4621894359588623
test_protein_58,0.12207689136266708
test_protein_63,0.068094834685325623
test_protein_62,0.2034456878900528
test_protein_64,0.30933636426925659
test_protein_65,0.41634401679039001
test_protein_66,0.17048852145671844
test_protein_70,0.12899778783321381
test_protein_67,0.18197308480739594
test_protein_73,0.49983251094818115
test_protein_69,0.15654529631137848
test_protein_68,0.089316457509994507
test_protein_76,0.50983536243438721
test_protein_75,0.014791417866945267
test_protein_71,0.16479063034057617
test_protein_77,0.31394326686859131
test_protein_72,0.081603556871414185
test_protein_78,0.69383853673934937
test_protein_74,0.04355170950293541
test_protein_91,0.60351437330245972
test_protein_92,0.9738699197769165
test_protein_81,0.94958752393722534
test_protein_85,0.37359923124313354
test_protein_88,0.088682547211647034
test_protein_83,0.33626553416252136
test_protein_87,0.018138879910111427
test_protein_82,0.93026643991470337
test_protein_79,0.055899668484926224
test_protein_90,0.32032853364944458
test_protein_86,0.00065277639077976346
test_protein_93,0.1374351978302002
test_protein_80,0.81550085544586182
test_protein_84,0.0013956018956378102
test_protein_94,0.81165838241577148
test_protein_95,0.446573406457901
test_protein_96,0.0025030085816979408
test_protein_89,0.18538938462734222
test_protein_97,0.5726773738861084
test_protein_106,0.068306982517242432
test_protein_103,0.21292456984519958
test_protein_100,0.00074900517938658595
test_protein_99,0.35585522651672363
test_protein_101,0.14405140280723572
test_protein_98,0.35622823238372803
test_protein_104,0.26260092854499817
test_protein_102,0.16964590549468994
test_protein_110,0.2722143828868866
test_protein_108,0.041389122605323792
test_protein_111,0.041209995746612549
test_protein_113,0.02118704654276371
test_protein_114,0.040734462440013885
test_protein_107,0.12491808086633682
test_protein_105,0.15928402543067932
test_protein_112,0.52760308980941772
test_protein_109,0.53890061378479004
test_protein_115,0.14978614449501038
test_protein_116,0.025811050087213516
test_protein_117,0.015483506955206394
test_protein_118,0.8909451961517334
test_protein_122,0.0084315147250890732
test_protein_121,0.23065657913684845
test_protein_126,8.0879348388407379e-05
test_protein_120,0.023693205788731575
test_protein_129,0.58616912364959717
test_protein_123,0.35905161499977112
test_protein_128,0.71114569902420044
test_protein_124,0.51674956083297729
test_protein_125,0.0027856710366904736
test_protein_119,0.081504598259925842
test_protein_131,0.062535218894481659
test_protein_133,0.54864364862442017
test_protein_132,0.54134494066238403
test_protein_127,0.4536283016204834
test_protein_134,0.38187295198440552
test_protein_130,0.42012321949005127
test_protein_136,0.061840292066335678
test_protein_135,0.29505249857902527
test_protein_138,0.43665596842765808
test_protein_137,0.018730174750089645
test_protein_139,0.062606722116470337
test_protein_140,0.46344828605651855
test_protein_145,0.28805619478225708
test_protein_147,0.046478394418954849
test_protein_143,0.22981594502925873
test_protein_144,0.28522908687591553
test_protein_142,0.25164785981178284
test_protein_141,0.14082740247249603
test_protein_149,0.14790470898151398
test_protein_146,0.86604911088943481
test_protein_148,0.18248984217643738
test_protein_150,0.078880414366722107
test_protein_152,0.7088586688041687
test_protein_151,0.18074981868267059
test_protein_154,0.78069370985031128
test_protein_155,0.090119324624538422
test_protein_157,0.0079200873151421547
test_protein_161,0.36546209454536438
test_protein_163,0.12771603465080261
test_protein_153,0.15988452732563019
test_protein_160,0.86538499593734741
test_protein_162,0.50570327043533325
test_protein_158,0.30260011553764343
test_protein_156,0.0091921230778098106
test_protein_159,0.79306590557098389
test_protein_164,0.19022259116172791
test_protein_173,0.10640543699264526
test_protein_169,0.24840743839740753
test_protein_168,0.00014377140905708075
test_protein_171,0.48802450299263
test_protein_166,0.007213604636490345
test_protein_165,0.085353963077068329
test_protein_170,0.20539760589599609
test_protein_178,0.59959119558334351
test_protein_172,0.93525218963623047
test_protein_174,0.2579253613948822
test_protein_167,0.0016205242136493325
test_protein_176,0.39398562908172607
test_protein_175,0.65025722980499268
test_protein_180,0.47776037454605103
test_protein_177,0.088504940271377563
test_protein_179,0.00076927361078560352
test_protein_182,0.016130510717630386
test_protein_181,0.25204765796661377
test_protein_183,0.35480299592018127
test_protein_184,0.59775465726852417
test_protein_186,0.2556518018245697
test_protein_187,0.28814128041267395
test_protein_189,0.20849855244159698
test_protein_188,0.97508120536804199
test_protein_191,0.22724857926368713
test_protein_185,0.32267209887504578
test_protein_190,0.26408094167709351
test_protein_196,0.2339799702167511
test_protein_195,0.28827512264251709
test_protein_199,0.14569170773029327
test_protein_192,0.2194640040397644
test_protein_193,0.22770126163959503
test_protein_198,0.29493865370750427
test_protein_204,0.088668905198574066
test_protein_200,0.34365808963775635
test_protein_197,0.29113250970840454
test_protein_203,0.51803117990493774
test_protein_194,0.37974196672439575
test_protein_202,0.3338904082775116
test_protein_201,0.20179100334644318
test_protein_213,0.49905788898468018
test_protein_207,0.33091464638710022
test_protein_208,0.10949055850505829
test_protein_206,0.17971821129322052
test_protein_205,0.24522581696510315
test_protein_212,0.22103412449359894
test_protein_210,0.0046559358015656471
test_protein_211,0.95718079805374146
test_protein_209,0.47679808735847473
test_protein_220,0.067720070481300354
test_protein_214,0.13282722234725952
test_protein_223,0.12191333621740341
test_protein_215,0.55144912004470825
test_protein_216,0.41615405678749084
test_protein_217,0.16184431314468384
test_protein_221,0.065902993083000183
test_protein_219,0.14537495374679565
test_protein_218,0.18175946176052094
test_protein_225,0.78543752431869507
test_protein_222,0.11290405690670013
test_protein_227,0.65980333089828491
test_protein_226,0.46951672434806824
test_protein_224,0.080354467034339905
test_protein_229,0.24267183244228363
test_protein_228,0.13263441622257233
test_protein_232,0.63301211595535278
test_protein_230,0.43853083252906799
test_protein_231,0.50305444002151489
test_protein_234,0.43304270505905151
test_protein_236,0.67378485202789307
test_protein_235,0.48189231753349304
test_protein_233,0.59296101331710815
test_protein_245,0.32715684175491333
test_protein_240,0.041319370269775391
test_protein_237,0.022315504029393196
test_protein_239,0.02939239889383316
test_protein_238,0.36292201280593872
test_protein_242,0.44828242063522339
test_protein_241,0.20358987152576447
test_protein_246,0.11258949339389801
test_protein_251,0.56590896844863892
test_protein_244,0.03300982341170311
test_protein_249,0.14072114229202271
test_protein_247,0.071949146687984467
test_protein_250,0.22361662983894348
test_protein_243,0.031483281403779984
test_protein_248,0.12729845941066742
test_protein_257,0.03674982488155365
test_protein_256,0.39901080727577209
test_protein_252,0.12484107166528702
test_protein_255,0.57036691904067993
test_protein_253,0.48499879240989685
test_protein_259,0.33408951759338379
test_protein_258,0.56691837310791016
test_protein_262,0.14002293348312378
test_protein_263,0.44241887331008911
test_protein_261,0.33542045950889587
test_protein_264,0.38006505370140076
test_protein_260,0.0013457797467708588
test_protein_273,0.074946388602256775
test_protein_271,0.40785655379295349
test_protein_269,0.35193091630935669
test_protein_270,0.86076933145523071
test_protein_265,0.36683878302574158
test_protein_254,0.22424465417861938
test_protein_266,0.0048548504710197449
test_protein_268,0.13179750740528107
test_protein_267,0.44158953428268433
test_protein_275,0.24204438924789429
test_protein_272,0.31911772489547729
test_protein_274,0.27548131346702576
test_protein_277,0.22364237904548645
test_protein_284,0.37136891484260559
test_protein_279,0.12792891263961792
test_protein_278,0.37959235906600952
test_protein_283,0.7177051305770874
test_protein_276,0.3243032693862915
test_protein_281,0.0012755965581163764
test_protein_282,0.51318717002868652
test_protein_285,0.032756008207798004
test_protein_287,0.41111370921134949
test_protein_290,0.0350525863468647
test_protein_286,0.4154626727104187
test_protein_280,0.00031182105885818601
test_protein_289,0.11674554646015167
test_protein_291,0.2125539630651474
test_protein_288,0.60716497898101807
test_protein_292,0.14971302449703217
test_protein_297,0.098351508378982544
test_protein_296,0.20566459000110626
test_protein_299,0.15556183457374573
test_protein_295,0.20987346768379211
test_protein_294,0.18833185732364655
test_protein_293,0.14178997278213501
test_protein_298,0.13704456388950348
test_protein_300,0.15750092267990112
test_protein_302,0.019481562077999115
test_protein_303,0.035837478935718536
test_protein_305,0.71234130859375
test_protein_307,0.13568517565727234
test_protein_313,0.32931604981422424
test_protein_304,0.63921952247619629
test_protein_315,0.1124604344367981
test_protein_310,0.0015961560420691967
test_protein_314,0.77697509527206421
test_protein_308,0.74254846572875977
test_protein_312,0.37347817420959473
test_protein_306,0.041570723056793213
test_protein_309,0.41755872964859009
test_protein_301,0.017205052077770233
test_protein_311,0.033352959901094437
test_protein_317,0.037056729197502136
test_protein_316,0.64736276865005493
test_protein_321,0.24615956842899323
test_protein_320,0.21197669208049774
test_protein_322,0.35100781917572021
test_protein_319,0.19401879608631134
test_protein_318,0.093114197254180908
test_protein_326,0.1677030622959137
test_protein_323,0.11578509956598282
test_protein_327,0.17944291234016418
test_protein_324,0.14515799283981323
test_protein_334,0.64352911710739136
test_protein_330,0.1493404358625412
test_protein_328,0.14944438636302948
test_protein_325,0.41336178779602051
test_protein_336,0.17536132037639618
test_protein_331,0.40075212717056274
test_protein_332,0.38987064361572266
test_protein_329,0.15226039290428162
test_protein_338,0.22328820824623108
test_protein_335,0.12882332503795624
test_protein_337,0.19658634066581726
test_protein_333,0.44969016313552856
test_protein_340,0.54885721206665039
test_protein_345,0.41339689493179321
test_protein_343,0.46392300724983215
test_protein_341,0.33324882388114929
test_protein_339,0.57015013694763184
test_protein_346,0.54302024841308594
test_protein_344,0.19473287463188171
test_protein_342,0.6280285120010376
test_protein_348,0.4218229353427887
test_protein_351,0.053452186286449432
test_protein_350,0.50530064105987549
test_protein_347,0.087161749601364136
test_protein_352,0.6097901463508606
test_protein_349,0.52618342638015747
test_protein_354,0.43009856343269348
test_protein_355,0.31493324041366577
test_protein_359,0.49245685338973999
test_protein_360,0.088397696614265442
test_protein_356,0.43803989887237549
test_protein_357,0.54773837327957153
test_protein_353,0.51652032136917114
test_protein_358,0.61079096794128418
test_protein_365,0.59617602825164795
test_protein_361,0.33345797657966614
test_protein_364,0.68159264326095581
test_protein_362,0.50568127632141113
test_protein_368,0.070986121892929077
test_protein_367,0.081132009625434875
test_protein_363,0.73696225881576538
test_protein_371,0.64714568853378296
test_protein_366,0.11075378209352493
test_protein_370,0.63538479804992676
test_protein_369,0.41124415397644043
test_protein_376,0.69060796499252319
test_protein_373,0.55822992324829102
test_protein_375,0.068969421088695526
test_protein_380,0.25140634179115295
test_protein_382,0.0022433781996369362
test_protein_372,0.61681592464447021
test_protein_374,0.31481963396072388
test_protein_379,0.13024452328681946
test_protein_377,0.69798320531845093
test_protein_378,0.30292516946792603
test_protein_381,0.16171689331531525
test_protein_383,0.0080926474183797836
test_protein_385,5.7633187680039555e-05
test_protein_384,0.0040213586762547493
test_protein_387,0.25351357460021973
test_protein_391,0.25635787844657898
test_protein_392,0.27379146218299866
test_protein_388,0.54017364978790283
test_protein_386,0.0025202133692800999
test_protein_393,0.1092907041311264
test_protein_389,0.24657554924488068
test_protein_390,0.50952404737472534
test_protein_395,0.5296141505241394
test_protein_394,0.03182283416390419
test_protein_397,0.55515956878662109
test_protein_396,0.22602789103984833
test_protein_402,0.36436495184898376
test_protein_404,0.29530903697013855
test_protein_405,0.023799646645784378
test_protein_410,0.32545149326324463
test_protein_398,0.035376239567995071
test_protein_406,0.0010448357788845897
test_protein_401,0.71858447790145874
test_protein_400,0.57493507862091064
test_protein_403,0.30494320392608643
test_protein_409,0.22343127429485321
test_protein_408,0.44836053252220154
test_protein_411,0.390920490026474
test_protein_407,0.76024746894836426
test_protein_399,0.32282572984695435
test_protein_417,0.049915295094251633
test_protein_414,0.40962660312652588
test_protein_412,0.062756873667240143
test_protein_415,0.56131738424301147
test_protein_416,0.14209067821502686
test_protein_413,0.51526153087615967
test_protein_425,0.36660441756248474
test_protein_424,0.63812607526779175
test_protein_419,0.048730701208114624
test_protein_418,0.37378105521202087
test_protein_420,0.59092122316360474
test_protein_423,0.66837549209594727
test_protein_421,0.15026326477527618
test_protein_422,0.067859470844268799
test_protein_431,0.067868776619434357
test_protein_430,0.26416462659835815
test_protein_428,0.95244157314300537
test_protein_426,0.29016324877738953
test_protein_429,0.17946282029151917
test_protein_432,0.22278846800327301
test_protein_434,0.43519112467765808
test_protein_433,0.062059842050075531
test_protein_435,0.18561595678329468
test_protein_438,0.013687792234122753
test_protein_439,0.29414838552474976
test_protein_427,0.24438007175922394
test_protein_436,0.13615317642688751
test_protein_437,0.1309581995010376
test_protein_441,0.0052563920617103577
test_protein_442,0.72936594486236572
test_protein_444,0.14417177438735962
test_protein_448,0.034186936914920807
test_protein_440,0.37456417083740234
test_protein_443,0.57886219024658203
test_protein_445,0.58315485715866089
test_protein_446,0.69624203443527222
test_protein_447,0.063653692603111267
test_protein_454,0.17149326205253601
test_protein_449,0.021825371310114861
test_protein_452,0.25765979290008545
test_protein_451,0.69588696956634521
test_protein_456,0.39781543612480164
test_protein_455,0.31825515627861023
test_protein_453,0.20570226013660431
test_protein_458,0.56103760004043579
test_protein_460,0.21600143611431122
test_protein_450,0.31010547280311584
test_protein_459,0.55600607395172119
test_protein_463,0.38020339608192444
test_protein_464,0.36954537034034729
test_protein_465,0.10517629235982895
test_protein_462,0.019786324352025986
test_protein_466,0.30190983414649963
test_protein_457,0.22808139026165009
test_protein_461,0.56914389133453369
test_protein_473,0.52519339323043823
test_protein_468,0.33532619476318359
test_protein_470,0.40897136926651001
test_protein_471,0.43193650245666504
test_protein_467,0.00094671075930818915
test_protein_469,0.023598508909344673
test_protein_472,0.00014546213787980378
test_protein_475,0.024866610765457153
test_protein_474,0.43828436732292175
test_protein_480,0.017329279333353043
test_protein_479,0.044975318014621735
test_protein_478,0.075508631765842438
test_protein_476,0.26655137538909912
test_protein_477,0.41538023948669434
test_protein_482,0.27813059091567993
test_protein_481,0.043702121824026108
test_protein_490,0.066158011555671692
test_protein_484,0.68340837955474854
test_protein_483,0.070951774716377258
test_protein_491,0.32868897914886475
test_protein_488,0.63632506132125854
test_protein_495,0.71799290180206299
test_protein_486,0.028742864727973938
test_protein_496,0.069511204957962036
test_protein_492,0.57132846117019653
test_protein_489,0.028139181435108185
test_protein_497,0.31040039658546448
test_protein_487,0.5315508246421814
test_protein_485,0.42283499240875244
test_protein_498,0.73748886585235596
test_protein_494,0.12560544908046722
test_protein_493,0.13270342350006104
test_protein_500,0.12306693941354752
test_protein_504,0.081085927784442902
test_protein_503,0.084489762783050537
test_protein_499,0.32726216316223145
test_protein_502,0.12267302721738815
test_protein_507,0.23079906404018402
test_protein_506,0.030412120744585991
test_protein_501,0.10915094614028931
test_protein_505,0.60836762189865112
test_protein_515,0.12215198576450348
test_protein_513,0.29456213116645813
test_protein_517,0.59605836868286133
test_protein_512,0.56832855939865112
test_protein_510,0.14862534403800964
test_protein_511,0.21731160581111908
test_protein_509,0.32702872157096863
test_protein_518,0.40976741909980774
test_protein_508,0.001584811951033771
test_protein_516,0.8653528094291687
test_protein_521,0.54645037651062012
test_protein_519,0.44379732012748718
test_protein_520,0.47695243358612061
test_protein_522,0.55885744094848633
test_protein_514,0.65640848875045776
test_protein_523,0.052282974123954773
test_protein_528,0.68404465913772583
test_protein_529,0.068192243576049805
test_protein_525,0.017528712749481201
test_protein_527,0.0095859924331307411
test_protein_524,0.0066590798087418079
test_protein_531,0.18852502107620239
test_protein_533,0.046644166111946106
test_protein_530,0.36832690238952637
test_protein_532,0.12783166766166687
test_protein_537,0.32422360777854919
test_protein_526,0.0076103224419057369
test_protein_535,0.31071287393569946
test_protein_536,0.17481014132499695
test_protein_534,0.35803857445716858
test_protein_538,0.55468684434890747
test_protein_539,0.32077080011367798
test_protein_541,0.20123930275440216
test_protein_542,0.9218488335609436
test_protein_543,0.26810294389724731
test_protein_540,0.65625858306884766
test_protein_545,0.82183724641799927
test_protein_547,0.72045332193374634
test_protein_546,0.18371136486530304
test_protein_544,0.41075140237808228
test_protein_550,0.44693714380264282
test_protein_549,0.9561469554901123
test_protein_548,0.50273215770721436
test_protein_554,0.30691021680831909
test_protein_555,0.0021034900564700365
test_protein_552,0.53058552742004395
test_protein_558,0.49409216642379761
test_protein_551,0.17949526011943817
test_protein_553,0.43607601523399353
test_protein_556,0.2987859845161438
test_protein_557,0.20428529381752014
test_protein_559,0.53208386898040771
test_protein_560,0.023366127163171768
test_protein_562,0.14597396552562714
test_protein_561,0.79830211400985718
test_protein_566,0.59069418907165527
test_protein_573,0.32085418701171875
test_protein_564,0.12465555965900421
test_protein_563,0.15759709477424622
test_protein_568,0.41586333513259888
test_protein_569,0.41226789355278015
test_protein_571,0.076739363372325897
test_protein_572,0.4310208261013031
test_protein_565,0.46781128644943237
test_protein_574,0.55991703271865845
test_protein_578,0.28717121481895447
test_protein_577,0.61992818117141724
test_protein_567,0.4470459520816803
test_protein_575,0.043394986540079117
test_protein_570,0.46390751004219055
test_protein_576,0.74469888210296631
test_protein_586,0.64006251096725464
test_protein_581,0.30957114696502686
test_protein_582,0.29842635989189148
test_protein_580,0.63974499702453613
test_protein_584,0.79323309659957886
test_protein_585,0.40898483991622925
test_protein_583,0.20543606579303741
test_protein_579,0.0013712699292227626
test_protein_587,0.43262922763824463
test_protein_588,0.70878124237060547
test_protein_589,0.55651581287384033
test_protein_590,0.3911043107509613
test_protein_592,0.12766732275485992
test_protein_591,0.39903935790061951
test_protein_593,0.23438453674316406
test_protein_600,0.51615709066390991
test_protein_595,0.70576220750808716
test_protein_597,0.04492657259106636
test_protein_599,0.035065177828073502
test_protein_602,0.2462858110666275
test_protein_596,0.06610870361328125
test_protein_601,0.64862316846847534
test_protein_603,0.7481536865234375
test_protein_594,0.35231393575668335
test_protein_598,0.71700894832611084
test_protein_604,0.77488619089126587
test_protein_608,0.022776925936341286
test_protein_605,0.068676650524139404
test_protein_606,0.293426513671875
test_protein_607,0.035917144268751144
test_protein_617,0.0013431085972115397
test_protein_614,0.20339199900627136
test_protein_613,0.41890004277229309
test_protein_612,0.52965182065963745
test_protein_609,0.14702412486076355
test_protein_610,0.0071592284366488457
test_protein_616,0.529865562915802
test_protein_622,0.60146951675415039
test_protein_621,0.3997577428817749
test_protein_615,0.98172241449356079
test_protein_611,0.10299905389547348
test_protein_627,0.16682471334934235
test_protein_623,0.14515386521816254
test_protein_618,0.019182248041033745
test_protein_619,0.052894692867994308
test_protein_625,0.031548541039228439
test_protein_620,0.51202595233917236
test_protein_629,0.16747571527957916
test_protein_626,0.52819663286209106
test_protein_632,0.19812682271003723
test_protein_631,0.78231358528137207
test_protein_628,0.34032392501831055
test_protein_630,0.9501349925994873
test_protein_633,0.32844984531402588
test_protein_624,0.37650123238563538
test_protein_637,0.50831699371337891
test_protein_638,0.40465745329856873
test_protein_634,0.41495275497436523
test_protein_640,0.27529993653297424
test_protein_636,0.04993860051035881
test_protein_644,0.034500867128372192
test_protein_635,0.81062430143356323
test_protein_641,0.33423316478729248
test_protein_642,0.12026757001876831
test_protein_647,0.016780596226453781
test_protein_646,0.77510398626327515
test_protein_643,0.06994473934173584
test_protein_639,0.073629699647426605
test_protein_645,0.025249339640140533
test_protein_651,0.49226737022399902
test_protein_653,0.03249741718173027
test_protein_648,0.0067053777165710926
test_protein_650,0.093921251595020294
test_protein_655,0.26522856950759888
test_protein_649,0.1326482743024826
test_protein_656,0.017611432820558548
test_protein_652,0.016610380262136459
test_protein_654,0.17844226956367493
test_protein_658,0.65970301628112793
test_protein_659,0.1227446123957634
test_protein_660,0.017656169831752777
test_protein_662,0.054786060005426407
test_protein_661,0.072134479880332947
test_protein_663,0.74718731641769409
test_protein_668,0.056439951062202454
test_protein_666,0.23747725784778595
test_protein_664,0.94528907537460327
test_protein_667,0.40220525860786438
test_protein_657,0.049479085952043533
test_protein_676,0.012062504887580872
test_protein_670,0.025288371369242668
test_protein_665,0.63132047653198242
test_protein_669,0.030935361981391907
test_protein_677,0.46292385458946228
test_protein_678,0.82129156589508057
test_protein_673,0.40222394466400146
test_protein_671,0.58256566524505615
test_protein_675,0.045877736061811447
test_protein_680,0.29546362161636353
test_protein_681,0.042643271386623383
test_protein_679,0.16933912038803101
test_protein_672,0.80337929725646973
test_protein_683,0.023969139903783798
test_protein_682,0.076315015554428101
test_protein_674,0.55531048774719238
test_protein_684,0.09116363525390625
test_protein_693,0.021744009107351303
test_protein_685,0.23549461364746094
test_protein_694,0.33830153942108154
test_protein_688,0.071135945618152618
test_protein_691,0.23691746592521667
test_protein_690,0.50168138742446899
test_protein_687,0.016689460724592209
test_protein_686,0.035242818295955658
test_protein_697,0.019661147147417068
test_protein_696,0.63951528072357178
test_protein_689,0.66205525398254395
test_protein_699,0.045646786689758301
test_protein_692,0.58754366636276245
test_protein_702,0.4907781183719635
test_protein_695,0.018526256084442139
test_protein_704,0.19201548397541046
test_protein_701,0.023995827883481979
test_protein_700,0.053614057600498199
test_protein_698,0.068018823862075806
test_protein_705,0.3201446533203125
test_protein_703,0.21332718431949615
test_protein_706,0.14473544061183929
test_protein_707,0.49763685464859009
test_protein_711,0.24434828758239746
test_protein_708,0.76336866617202759
test_protein_713,0.052018292248249054
test_protein_710,0.50144916772842407
test_protein_712,0.045253217220306396
test_protein_709,0.24925120174884796
test_protein_719,0.37121981382369995
test_protein_714,0.015321253798902035
test_protein_715,0.026513954624533653
test_protein_718,0.7183150053024292
test_protein_723,0.40639030933380127
test_protein_720,0.020051250234246254
test_protein_716,0.30373454093933105
test_protein_721,0.65467655658721924
test_protein_717,0.040684737265110016
test_protein_727,0.46461382508277893
test_protein_728,0.69390255212783813
test_protein_725,0.14616937935352325
test_protein_724,0.63981062173843384
test_protein_726,0.20776914060115814
test_protein_722,0.66772449016571045
test_protein_730,0.35309344530105591
test_protein_732,0.36757597327232361
test_protein_733,0.74663382768630981
test_protein_731,0.46174332499504089
test_protein_729,0.48383218050003052
test_protein_738,0.16218087077140808
test_protein_734,0.53245306015014648
test_protein_736,0.0082664163783192635
test_protein_737,0.47867485880851746
test_protein_735,0.065891817212104797
test_protein_742,0.18823294341564178
test_protein_739,0.32075396180152893
test_protein_741,0.52466326951980591
test_protein_744,0.13386735320091248
test_protein_740,0.57276809215545654
test_protein_743,0.10065732896327972
test_protein_746,0.025678578764200211
test_protein_745,0.11674211919307709
test_protein_748,0.39105290174484253
test_protein_749,0.67464655637741089
test_protein_747,0.61861401796340942
test_protein_757,0.41826155781745911
test_protein_751,0.27475693821907043
test_protein_752,0.80683743953704834
test_protein_755,0.11070717126131058
test_protein_754,0.55330175161361694
test_protein_753,0.99934905767440796
test_protein_750,0.67803388833999634
test_protein_756,0.54993903636932373
test_protein_762,0.11611145734786987
test_protein_759,0.27493354678153992
test_protein_758,0.66200131177902222
test_protein_763,0.62623918056488037
test_protein_760,0.055869493633508682
test_protein_767,0.29476600885391235
test_protein_761,0.12738555669784546
test_protein_766,0.018273929134011269
test_protein_765,0.64193671941757202
test_protein_764,0.3489970862865448
test_protein_771,0.74310857057571411
test_protein_773,0.014744691550731659
test_protein_768,0.075015775859355927
test_protein_778,0.44833698868751526
test_protein_769,0.24637608230113983
test_protein_772,0.59272205829620361
test_protein_777,0.90491390228271484
test_protein_776,0.72303879261016846
test_protein_774,0.28702247142791748
test_protein_775,0.92766761779785156
test_protein_770,0.48291623592376709
test_protein_779,0.97578328847885132
test_protein_787,0.32594051957130432
test_protein_784,0.88627594709396362
test_protein_781,0.72088932991027832
test_protein_788,0.26860859990119934
test_protein_783,0.7034575343132019
test_protein_780,0.90130358934402466
test_protein_782,0.97402161359786987
test_protein_786,0.34064808487892151
test_protein_785,0.14137308299541473
test_protein_789,0.43619886040687561
test_protein_790,0.37683740258216858
test_protein_793,0.73313701152801514
test_protein_791,0.24617768824100494
test_protein_792,0.067161969840526581
test_protein_794,0.014141334220767021
test_protein_799,0.86179238557815552
test_protein_795,0.033369220793247223
test_protein_797,0.32137152552604675
test_protein_800,0.034583352506160736
test_protein_796,0.72231209278106689
test_protein_808,0.48132795095443726
test_protein_798,0.18822626769542694
test_protein_802,0.25236746668815613
test_protein_801,0.1740088015794754
test_protein_803,0.34863266348838806
test_protein_806,0.13803647458553314
test_protein_805,0.34456875920295715
test_protein_810,0.051591672003269196
test_protein_807,0.61503994464874268
test_protein_804,0.074656613171100616
test_protein_809,0.035888910293579102
test_protein_812,0.56279897689819336
test_protein_814,0.032939448952674866
test_protein_817,0.10498123615980148
test_protein_813,0.070632457733154297
test_protein_815,0.05040552094578743
test_protein_811,0.03384796530008316
test_protein_816,0.0026537852827459574
test_protein_821,0.22118230164051056
test_protein_819,0.53065997362136841
test_protein_818,0.88622987270355225
test_protein_824,0.0060433708131313324
test_protein_822,0.13956341147422791
test_protein_823,0.08570447564125061
test_protein_832,0.063152804970741272
test_protein_826,0.12636354565620422
test_protein_830,0.039387952536344528
test_protein_829,0.01262028981000185
test_protein_827,0.0031126032117754221
test_protein_828,0.24047891795635223
test_protein_831,0.54695099592208862
test_protein_820,0.72202199697494507
test_protein_825,0.17553018033504486
test_protein_833,0.15576076507568359
test_protein_840,0.062605485320091248
test_protein_841,0.082679696381092072
test_protein_838,0.0082133971154689789
test_protein_844,0.021712560206651688
test_protein_842,0.25240010023117065
test_protein_835,0.13602150976657867
test_protein_839,0.04271673783659935
test_protein_836,0.34756326675415039
test_protein_837,0.3586871325969696
test_protein_834,0.30368700623512268
test_protein_845,0.054513934999704361
test_protein_843,0.012523267418146133
test_protein_849,0.0015233887825161219
test_protein_846,0.33254560828208923
test_protein_848,0.00080392125528305769
test_protein_851,0.38890641927719116
test_protein_853,0.07677064836025238
test_protein_850,0.012200683355331421
test_protein_855,0.2398097962141037
test_protein_847,0.40678673982620239
test_protein_852,0.14019562304019928
test_protein_854,0.011789815500378609
test_protein_868,0.034948769956827164
test_protein_860,0.56250053644180298
test_protein_859,0.061234001070261002
test_protein_861,0.72384154796600342
test_protein_863,0.24226738512516022
test_protein_856,0.53112947940826416
test_protein_858,0.16144454479217529
test_protein_857,0.15505771338939667
test_protein_869,0.34736621379852295
test_protein_865,0.46577587723731995
test_protein_862,0.62464696168899536
test_protein_867,0.4594024121761322
test_protein_864,0.43288281559944153
test_protein_872,0.66784548759460449
test_protein_871,0.25232139229774475
test_protein_874,0.07862970232963562
test_protein_875,0.13855618238449097
test_protein_878,0.19195911288261414
test_protein_866,0.30617138743400574
test_protein_873,0.026416260749101639
test_protein_876,0.23119859397411346
test_protein_870,0.024101812392473221
test_protein_879,0.50715404748916626
test_protein_877,0.59506320953369141
test_protein_881,0.35345986485481262
test_protein_888,0.97938239574432373
test_protein_880,0.20161673426628113
test_protein_883,0.012987125664949417
test_protein_882,0.45788246393203735
test_protein_885,0.16016232967376709
test_protein_886,0.61623841524124146
test_protein_887,0.54146260023117065
test_protein_884,0.013546988368034363
test_protein_892,0.69094622135162354
test_protein_889,0.44356781244277954
test_protein_891,0.82989448308944702
test_protein_897,0.84896433353424072
test_protein_895,0.49087044596672058
test_protein_899,0.35572353005409241
test_protein_893,0.069931976497173309
test_protein_890,0.093866162002086639
test_protein_896,0.83830082416534424
test_protein_902,0.60549962520599365
test_protein_900,0.29710367321968079
test_protein_894,0.50859928131103516
test_protein_903,0.67565715312957764
test_protein_898,0.99718225002288818
test_protein_904,0.43234449625015259
test_protein_901,0.26310551166534424
test_protein_907,0.44036933779716492
test_protein_906,0.20568843185901642
test_protein_912,0.52554929256439209
test_protein_909,0.27781814336776733
test_protein_905,0.50759124755859375
test_protein_911,0.99515092372894287
test_protein_908,0.042552996426820755
test_protein_916,0.0014921479159966111
test_protein_917,0.27714335918426514
test_protein_915,0.012071770615875721
test_protein_910,0.14573055505752563
test_protein_922,0.78855639696121216
test_protein_913,0.28484588861465454
test_protein_920,0.19603407382965088
test_protein_914,0.2530466616153717
test_protein_918,0.40422919392585754
test_protein_927,0.10009969770908356
test_protein_923,0.084914550185203552
test_protein_924,0.10553454607725143
test_protein_921,0.69929343461990356
test_protein_926,0.13009731471538544
test_protein_919,0.44385716319084167
test_protein_925,0.21221394836902618
test_protein_933,0.40934982895851135
test_protein_932,0.39806497097015381
test_protein_931,0.48930233716964722
test_protein_928,0.30044016242027283
test_protein_929,0.38334497809410095
test_protein_930,0.38637104630470276
test_protein_937,0.39506873488426208
test_protein_935,0.16864219307899475
test_protein_938,0.39199709892272949
test_protein_934,0.35827043652534485
test_protein_941,0.98273450136184692
test_protein_936,0.68845760822296143
test_protein_939,0.081734307110309601
test_protein_942,0.55418980121612549
test_protein_945,0.22509357333183289
test_protein_948,0.040587149560451508
test_protein_940,0.16753897070884705
test_protein_943,0.62027043104171753
test_protein_947,0.46805480122566223
test_protein_950,0.32568168640136719
test_protein_951,0.74569833278656006
test_protein_946,0.00021149821986909956
test_protein_944,0.26160785555839539
test_protein_949,0.45529767870903015
test_protein_958,0.15568026900291443
test_protein_955,0.75762820243835449
test_protein_961,0.42953383922576904
test_protein_954,0.39469227194786072
test_protein_956,0.86012911796569824
test_protein_953,0.36468985676765442
test_protein_952,0.37464514374732971
test_protein_957,0.15221682190895081
test_protein_959,0.74361568689346313
test_protein_960,9.5673196483403444e-05
test_protein_962,0.57910436391830444
test_protein_963,0.42914053797721863
test_protein_964,0.5572211742401123
test_protein_968,0.65757620334625244
test_protein_966,0.24893274903297424
test_protein_976,0.22519606351852417
test_protein_972,0.96984338760375977
test_protein_970,0.034822147339582443
test_protein_973,0.00016288248298224062
test_protein_965,0.31735050678253174
test_protein_975,0.0048340964131057262
test_protein_971,0.57774591445922852
test_protein_969,0.66554605960845947
test_protein_967,0.27329400181770325
test_protein_974,0.38683006167411804
test_protein_977,0.50915205478668213
test_protein_979,0.11574593186378479
test_protein_978,0.11348294466733932
test_protein_980,0.38071998953819275
test_protein_994,0.96295344829559326
test_protein_992,0.65108120441436768
test_protein_983,0.29613012075424194
test_protein_982,0.18641465902328491
test_protein_981,0.12485592812299728
test_protein_986,0.44479849934577942
test_protein_990,0.091722398996353149
test_protein_995,0.13163222372531891
test_protein_991,0.66592615842819214
test_protein_985,0.71475422382354736
test_protein_984,0.46208688616752625
test_protein_987,0.73011612892150879
test_protein_988,0.37768247723579407
test_protein_999,0.22389160096645355
test_protein_996,0.13172714412212372
test_protein_993,0.81687647104263306
test_protein_989,0.098292544484138489
test_protein_1000,0.2400030642747879
test_protein_998,0.75949937105178833
test_protein_1004,0.36118093132972717
test_protein_1002,0.070834800601005554
test_protein_1003,0.47318392992019653
test_protein_1001,0.081356331706047058
test_protein_997,0.03167189285159111
test_protein_1007,0.48710742592811584
test_protein_1009,0.0050340117886662483
test_protein_1011,0.068380549550056458
test_protein_1005,0.27174070477485657
test_protein_1006,0.63579767942428589
test_protein_1015,0.21064415574073792
test_protein_1008,0.30013257265090942
test_protein_1012,0.020754262804985046
test_protein_1014,0.0026658992283046246
test_protein_1010,0.2162487804889679
test_protein_1016,0.24648174643516541
test_protein_1018,0.19031220674514771
test_protein_1013,0.30213510990142822
test_protein_1017,0.63315469026565552
test_protein_1019,0.35801079869270325
test_protein_1021,0.86865001916885376
test_protein_1025,0.44913464784622192
test_protein_1023,0.35656160116195679
test_protein_1028,0.13466697931289673
test_protein_1029,0.35792887210845947
test_protein_1026,0.91349202394485474
test_protein_1024,0.00035388008109293878
test_protein_1020,0.61135023832321167
test_protein_1027,0.2181214839220047
test_protein_1022,0.030276505276560783
test_protein_1030,0.61597257852554321
test_protein_1036,0.45360952615737915
test_protein_1032,0.50797247886657715
test_protein_1031,0.13954155147075653
test_protein_1034,0.41203585267066956
test_protein_1039,0.84960049390792847
test_protein_1037,0.093700557947158813
test_protein_1033,0.1525733470916748
test_protein_1040,0.96988511085510254
test_protein_1035,0.086054019629955292
test_protein_1038,0.27734458446502686
test_protein_1041,0.33753809332847595
test_protein_1047,0.43057575821876526
test_protein_1044,0.37099546194076538
test_protein_1042,0.34991225600242615
test_protein_1045,0.34993472695350647
test_protein_1046,0.61127227544784546
test_protein_1048,0.33303487300872803
test_protein_1043,0.34615901112556458
test_protein_1049,0.21921069920063019
test_protein_1055,0.80927807092666626
test_protein_1054,0.17984564602375031
test_protein_1050,0.20001548528671265
test_protein_1051,0.25744915008544922
test_protein_1052,0.092836752533912659
test_protein_1053,0.11358433961868286
test_protein_1061,0.10351141542196274
test_protein_1060,0.24685457348823547
test_protein_1059,0.86471778154373169
test_protein_1056,0.30417197942733765
test_protein_1057,0.086733482778072357
test_protein_1062,0.119635209441185
test_protein_1063,0.046973586082458496
test_protein_1058,0.078434914350509644
test_protein_1064,0.3383382260799408
test_protein_1066,0.05653756856918335
test_protein_1069,0.4072013795375824
test_protein_1075,0.0021843474823981524
test_protein_1077,0.012276293709874153
test_protein_1070,0.030922127887606621
test_protein_1071,0.97237610816955566
test_protein_1067,0.31564676761627197
test_protein_1076,0.52254205942153931
test_protein_1072,0.22003307938575745
test_protein_1065,0.88235777616500854
test_protein_1078,0.46625739336013794
test_protein_1074,0.041184473782777786
test_protein_1079,0.89624875783920288
test_protein_1068,0.1433158814907074
test_protein_1073,0.043881595134735107
test_protein_1082,0.085018552839756012
test_protein_1081,0.5688280463218689
test_protein_1080,0.56258553266525269
test_protein_1084,0.60022741556167603
test_protein_1085,0.5957329273223877
test_protein_1083,0.56758439540863037
test_protein_1088,0.8766024112701416
test_protein_1087,0.45620071887969971
test_protein_1086,0.49224171042442322
test_protein_1090,0.72271573543548584
test_protein_1092,0.38070389628410339
test_protein_1094,0.10579068958759308
test_protein_1091,0.46164032816886902
test_protein_1097,0.39101353287696838
test_protein_1102,0.53208476305007935
test_protein_1098,0.39101344347000122
test_protein_1101,0.62736660242080688
test_protein_1089,0.54815918207168579
test_protein_1100,0.49715116620063782
test_protein_1093,0.42521849274635315
test_protein_1096,0.62015581130981445
test_protein_1099,0.46395659446716309
test_protein_1095,0.37594759464263916
test_protein_1105,0.21576271951198578
test_protein_1103,0.45202520489692688
test_protein_1108,0.86614298820495605
test_protein_1104,0.57522338628768921
test_protein_1106,0.78900957107543945
test_protein_1107,0.53610366582870483
test_protein_1115,0.11822336912155151
test_protein_1111,0.045907221734523773
test_protein_1116,0.31711813807487488
test_protein_1112,0.21178436279296875
test_protein_1113,0.22639442980289459
test_protein_1110,0.70791304111480713
test_protein_1114,0.088882714509963989
test_protein_1109,0.68252658843994141
test_protein_1118,0.13501961529254913
test_protein_1119,0.044361386448144913
test_protein_1121,0.90233451128005981
test_protein_1120,0.18354867398738861
test_protein_1117,0.13248257339000702
test_protein_1122,0.0036811609752476215
test_protein_1125,0.0016155113698914647
test_protein_1123,0.21619221568107605
test_protein_1124,0.0019487045938149095
test_protein_1127,0.49400812387466431
test_protein_1129,0.0023856053594499826
test_protein_1130,0.3579658567905426
test_protein_1126,0.17498902976512909
test_protein_1132,0.45990970730781555
test_protein_1131,0.99164068698883057
test_protein_1135,0.37463536858558655
test_protein_1133,0.36918562650680542
test_protein_1134,0.22492676973342896
test_protein_1128,0.00027108044014312327
test_protein_1136,0.24124738574028015
test_protein_1138,0.041308373212814331
test_protein_1140,0.062661990523338318
test_protein_1143,0.48548018932342529
test_protein_1139,0.69156926870346069
test_protein_1137,0.026393728330731392
test_protein_1142,0.72947311401367188
test_protein_1141,0.48889943957328796
test_protein_1144,0.66644901037216187
test_protein_1146,0.95270419120788574
test_protein_1145,0.61363810300827026
test_protein_1148,0.31233838200569153
test_protein_1147,0.32548853754997253
test_protein_1149,0.15429006516933441
test_protein_1150,0.051054421812295914
test_protein_1151,0.32583346962928772
test_protein_1152,0.99910765886306763
test_protein_1154,0.58411818742752075
test_protein_1157,0.76262348890304565
test_protein_1153,0.47360005974769592
test_protein_1155,0.3797752857208252
test_protein_1158,0.53437590599060059
test_protein_1163,0.13775378465652466
test_protein_1164,0.48792320489883423
test_protein_1159,0.22277961671352386
test_protein_1156,0.095802538096904755
test_protein_1161,0.22838644683361053
test_protein_1160,0.27553105354309082
test_protein_1162,0.20952998101711273
test_protein_1167,0.04428645595908165
test_protein_1166,0.46021285653114319
test_protein_1165,0.10075670480728149
test_protein_1172,0.44694837927818298
test_protein_1168,0.077116295695304871
test_protein_1170,0.38270136713981628
test_protein_1171,0.28997072577476501
test_protein_1169,0.28837090730667114
test_protein_1177,0.12829115986824036
test_protein_1179,0.61754304170608521
test_protein_1175,0.29064050316810608
test_protein_1178,0.13896986842155457
test_protein_1180,0.40802159905433655
test_protein_1181,0.057060830295085907
test_protein_1176,0.0014151575742289424
test_protein_1173,0.00098441552836447954
test_protein_1182,0.38628453016281128
test_protein_1183,0.1772163063287735
test_protein_1184,0.0082274600863456726
test_protein_1174,0.00038205165765248239
test_protein_1189,0.20138479769229889
test_protein_1192,0.51588726043701172
test_protein_1186,0.3157598078250885
test_protein_1190,0.2598344087600708
test_protein_1187,0.99356836080551147
test_protein_1185,0.74615281820297241
test_protein_1188,0.72339493036270142
test_protein_1191,0.50176388025283813
test_protein_1194,0.11805518716573715
test_protein_1195,0.94926828145980835
test_protein_1193,0.44465288519859314
test_protein_1199,0.59412825107574463
test_protein_1196,0.9669034481048584
test_protein_1198,0.20616932213306427
test_protein_1197,0.28675436973571777
test_protein_1200,0.070269204676151276
test_protein_1203,0.079581305384635925
test_protein_1205,0.42872542142868042
test_protein_1201,0.103749118745327
test_protein_1204,0.25376135110855103
test_protein_1207,0.46432629227638245
test_protein_1208,0.8868865966796875
test_protein_1210,0.66370946168899536
test_protein_1209,0.069668211042881012
test_protein_1202,0.29398968815803528
test_protein_1211,0.19846948981285095
test_protein_1213,0.67731702327728271
test_protein_1212,0.90718066692352295
test_protein_1206,0.03115907683968544
test_protein_1215,0.72751438617706299
test_protein_1216,0.57717400789260864
test_protein_1217,0.89157253503799438
test_protein_1220,0.21303072571754456
test_protein_1214,0.016825480386614799
test_protein_1218,0.051671206951141357
test_protein_1219,0.58020883798599243
test_protein_1222,0.083520814776420593
test_protein_1221,0.99201452732086182
test_protein_1224,0.041479125618934631
test_protein_1223,0.78295516967773438
test_protein_1226,0.42059209942817688
test_protein_1229,0.92743039131164551
test_protein_1228,0.5259251594543457
test_protein_1231,0.536521315574646
test_protein_1227,0.90281921625137329
test_protein_1233,0.59936797618865967
test_protein_1230,0.93383032083511353
test_protein_1232,0.44830501079559326
test_protein_1225,0.2124112993478775
test_protein_1236,0.99335563182830811
test_protein_1235,0.80857473611831665
test_protein_1234,0.1548544317483902
test_protein_1240,0.25836461782455444
test_protein_1237,0.51971429586410522
test_protein_1243,0.8226044774055481
test_protein_1238,0.85881561040878296
test_protein_1242,0.083562508225440979
test_protein_1241,0.28865641355514526
test_protein_1244,0.72456693649291992
test_protein_1239,0.17083060741424561
test_protein_1249,0.93579745292663574
test_protein_1247,0.36858031153678894
test_protein_1250,0.52702325582504272
test_protein_1251,0.47514805197715759
test_protein_1246,0.60692059993743896
test_protein_1245,0.76339071989059448
test_protein_1248,0.72883623838424683
test_protein_1255,0.081274993717670441
test_protein_1253,0.039883177727460861
test_protein_1252,0.00073977839201688766
test_protein_1254,0.0081777861341834068
test_protein_1258,0.32530161738395691
test_protein_1256,0.06088748574256897
test_protein_1257,0.41116121411323547
test_protein_1259,0.23681597411632538
test_protein_1261,0.45378789305686951
test_protein_1265,0.05034966766834259
test_protein_1260,0.71917915344238281
test_protein_1263,0.36075285077095032
test_protein_1269,0.00074912939453497529
test_protein_1264,0.16051526367664337
test_protein_1266,0.55821859836578369
test_protein_1262,0.088304087519645691
test_protein_1270,0.46716353297233582
test_protein_1267,0.38304513692855835
test_protein_1272,0.32143932580947876
test_protein_1275,0.32621505856513977
test_protein_1274,0.017000826075673103
test_protein_1278,0.5624840259552002
test_protein_1273,0.039648625999689102
test_protein_1277,0.41823744773864746
test_protein_1271,0.29071295261383057
test_protein_1268,0.00047447989345528185
test_protein_1276,0.40662238001823425
test_protein_1280,0.46069446206092834
test_protein_1282,0.13900204002857208
test_protein_1284,0.64322513341903687
test_protein_1279,0.42567425966262817
test_protein_1281,0.25895357131958008
test_protein_1287,0.77956634759902954
test_protein_1289,0.38073176145553589
test_protein_1283,0.081934012472629547
test_protein_1291,0.20468714833259583
test_protein_1285,0.52572107315063477
test_protein_1293,0.0039936583489179611
test_protein_1286,0.21876902878284454
test_protein_1288,0.1002172976732254
test_protein_1297,0.0016840188764035702
test_protein_1298,0.3424033522605896
test_protein_1292,0.00018212210852652788
test_protein_1290,0.74762642383575439
test_protein_1296,0.28441736102104187
test_protein_1294,0.054368335753679276
test_protein_1295,0.24832902848720551
test_protein_1300,0.40640920400619507
test_protein_1299,0.44612076878547668
test_protein_1301,0.36169973015785217
test_protein_1308,0.42810219526290894
test_protein_1304,0.33185720443725586
test_protein_1303,0.45660504698753357
test_protein_1307,0.079071842133998871
test_protein_1302,0.34912732243537903
test_protein_1305,0.32299286127090454
test_protein_1306,0.14979934692382812
test_protein_1312,0.3024565577507019
test_protein_1309,0.26114651560783386
test_protein_1310,0.047102075070142746
test_protein_1311,0.12795943021774292
test_protein_1324,0.16484633088111877
test_protein_1314,0.40180167555809021
test_protein_1318,0.027421610429883003
test_protein_1315,0.2841288149356842
test_protein_1313,0.17758893966674805
test_protein_1321,0.10968770831823349
test_protein_1320,0.08203519880771637
test_protein_1323,0.18959856033325195
test_protein_1316,0.42316517233848572
test_protein_1319,0.30567944049835205
test_protein_1317,0.11827985197305679
test_protein_1322,0.069592610001564026
test_protein_1325,0.43969365954399109
test_protein_1331,0.70235937833786011
test_protein_1327,0.67428559064865112
test_protein_1328,0.182262122631073
test_protein_1332,0.1246158629655838
test_protein_1329,0.19479309022426605
test_protein_1330,0.1508864164352417
test_protein_1326,0.49622097611427307
test_protein_1333,0.81278800964355469
test_protein_1336,0.47104352712631226
test_protein_1334,0.47860953211784363
test_protein_1335,0.331673264503479
test_protein_1339,0.74385404586791992
test_protein_1341,0.02697264775633812
test_protein_1337,0.30917027592658997
test_protein_1346,0.52296286821365356
test_protein_1340,0.25652730464935303
test_protein_1343,0.57220327854156494
test_protein_1338,0.32567435503005981
test_protein_1344,0.68809598684310913
test_protein_1347,0.56582450866699219
test_protein_1342,0.39611837267875671
test_protein_1345,0.35847356915473938
test_protein_1352,0.54640597105026245
test_protein_1348,0.36627423763275146
test_protein_1349,0.35542386770248413
test_protein_1353,0.12454907596111298
test_protein_1350,0.1717212051153183
test_protein_1351,0.29971092939376831
test_protein_1354,0.18453900516033173
test_protein_1358,0.4079291820526123
test_protein_1359,0.39320164918899536
test_protein_1355,0.42642542719841003
test_protein_1366,0.73770910501480103
test_protein_1356,0.31784704327583313
test_protein_1362,0.41736605763435364
test_protein_1357,0.34688976407051086
test_protein_1367,0.20973040163516998
test_protein_1361,0.018806912004947662
test_protein_1364,0.26501047611236572
test_protein_1363,0.10202279686927795
test_protein_1360,0.23755961656570435
test_protein_1370,0.47320792078971863
test_protein_1371,0.094168774783611298
test_protein_1368,0.40187108516693115
test_protein_1369,0.35323464870452881
test_protein_1373,0.32715058326721191
test_protein_1372,0.19227258861064911
test_protein_1365,0.31840172410011292
test_protein_1375,0.5168081521987915
test_protein_1374,0.3129558265209198
test_protein_1376,0.0067968135699629784
test_protein_1377,0.27009245753288269
test_protein_1378,0.36898130178451538
test_protein_1381,0.65679377317428589
test_protein_1379,0.60822099447250366
test_protein_1382,0.43308523297309875
test_protein_1383,0.1328810453414917
test_protein_1387,0.65022081136703491
test_protein_1385,0.38776087760925293
test_protein_1380,0.00041196509846486151
test_protein_1388,0.42121374607086182
test_protein_1389,0.10119978338479996
test_protein_1390,0.15730443596839905
test_protein_1393,0.77441161870956421
test_protein_1386,0.48542267084121704
test_protein_1384,0.010954197496175766
test_protein_1391,0.21645426750183105
test_protein_1392,0.36098724603652954
test_protein_1399,0.39432144165039062
test_protein_1395,0.62441021203994751
test_protein_1397,0.71659368276596069
test_protein_1396,0.053358100354671478
test_protein_1398,0.30718037486076355
test_protein_1394,0.11601600795984268
test_protein_1400,0.39821150898933411
test_protein_1403,0.22487986087799072
test_protein_1406,0.19187796115875244
test_protein_1401,0.32100650668144226
test_protein_1409,0.7105100154876709
test_protein_1404,0.13582728803157806
test_protein_1405,0.0062631168402731419
test_protein_1414,0.41520333290100098
test_protein_1402,0.48773536086082458
test_protein_1411,0.043828979134559631
test_protein_1410,0.022790724411606789
test_protein_1408,0.62665838003158569
test_protein_1412,0.26246491074562073
test_protein_1415,0.2451774924993515
test_protein_1413,0.22614426910877228
test_protein_1407,0.6933935284614563
test_protein_1416,0.33738216757774353
test_protein_1417,0.16889363527297974
test_protein_1418,0.57325440645217896
test_protein_1421,0.28445369005203247
test_protein_1419,0.37854701280593872
test_protein_1422,0.0062322244048118591
test_protein_1420,0.39689886569976807
test_protein_1423,0.025511359795928001
test_protein_1424,0.62192195653915405
test_protein_1426,0.57966899871826172
test_protein_1430,0.023470165207982063
test_protein_1427,0.14927694201469421
test_protein_1434,0.67580187320709229
test_protein_1429,0.22491014003753662
test_protein_1437,0.63818472623825073
test_protein_1433,0.7112119197845459
test_protein_1436,0.65100878477096558
test_protein_1431,0.053092401474714279
test_protein_1425,0.43949717283248901
test_protein_1432,0.71877491474151611
test_protein_1435,0.66544413566589355
test_protein_1438,0.61775100231170654
test_protein_1428,0.023439409211277962
test_protein_1442,0.45539131760597229
test_protein_1439,0.3446827232837677
test_protein_1443,0.0025218680966645479
test_protein_1441,0.46961230039596558
test_protein_1440,0.56605815887451172
test_protein_1445,0.35518917441368103
test_protein_1456,0.16685450077056885
test_protein_1450,0.11245524138212204
test_protein_1448,0.23575560748577118
test_protein_1446,0.0040079401805996895
test_protein_1444,0.1699051558971405
test_protein_1449,0.43732893466949463
test_protein_1447,0.47615242004394531
test_protein_1451,0.18800896406173706
test_protein_1457,0.0049366573803126812
test_protein_1455,0.29677954316139221
test_protein_1452,0.053691655397415161
test_protein_1462,0.73710829019546509
test_protein_1459,0.13706283271312714
test_protein_1460,0.27072682976722717
test_protein_1453,0.1305546909570694
test_protein_1463,0.30574366450309753
test_protein_1464,0.98724991083145142
test_protein_1465,0.41299852728843689
test_protein_1458,0.30900713801383972
test_protein_1467,0.47689014673233032
test_protein_1454,0.5848313570022583
test_protein_1461,0.34537205100059509
test_protein_1466,0.031838294118642807
test_protein_1468,0.23296353220939636
test_protein_1469,0.35089036822319031
test_protein_1471,0.035947989672422409
test_protein_1470,0.038548287004232407
test_protein_1472,0.023482659831643105
test_protein_1473,0.20475243031978607
test_protein_1475,0.14675889909267426
test_protein_1483,0.12939177453517914
test_protein_1482,0.30976083874702454
test_protein_1479,0.11064384132623672
test_protein_1474,0.8294295072555542
test_protein_1478,0.43144556879997253
test_protein_1477,0.38109692931175232
test_protein_1476,0.1744285374879837
test_protein_1481,0.037685096263885498
test_protein_1480,0.53473550081253052
test_protein_1488,0.99695658683776855
test_protein_1485,0.78534835577011108
test_protein_1487,0.41178736090660095
test_protein_1495,0.42215800285339355
test_protein_1489,0.98386937379837036
test_protein_1486,0.50824570655822754
test_protein_1493,0.13565920293331146
test_protein_1490,0.6926041841506958
test_protein_1492,0.014150637201964855
test_protein_1496,0.28637078404426575
test_protein_1484,0.052458498626947403
test_protein_1491,0.64830726385116577
test_protein_1501,0.0013303402811288834
test_protein_1500,0.00025847027427516878
test_protein_1498,0.0001487953559262678
test_protein_1502,0.76845955848693848
test_protein_1503,0.024486720561981201
test_protein_1499,0.30857774615287781
test_protein_1497,0.099434420466423035
test_protein_1507,0.91098099946975708
test_protein_1494,0.67164105176925659
test_protein_1504,0.38784545660018921
test_protein_1505,0.81473153829574585
test_protein_1506,0.85164856910705566
test_protein_1508,0.0030751654412597418
test_protein_1509,0.42918550968170166
test_protein_1519,0.046225275844335556
test_protein_1513,0.14535899460315704
test_protein_1514,0.56288164854049683
test_protein_1520,0.090897306799888611
test_protein_1515,0.60187971591949463
test_protein_1511,0.50996160507202148
test_protein_1512,0.13635319471359253
test_protein_1510,0.069685786962509155
test_protein_1518,0.37718662619590759
test_protein_1517,0.23167084157466888
test_protein_1523,0.61553812026977539
test_protein_1521,0.30697578191757202
test_protein_1522,0.0014032083563506603
test_protein_1516,0.3078254759311676
test_protein_1526,0.49638214707374573
test_protein_1529,0.83467108011245728
test_protein_1527,0.68823707103729248
test_protein_1525,0.21335192024707794
test_protein_1528,0.68448418378829956
test_protein_1530,0.23884804546833038
test_protein_1531,0.043363321572542191
test_protein_1524,0.32683995366096497
test_protein_1532,0.97417449951171875
test_protein_1533,0.0014274128479883075
test_protein_1534,0.69030922651290894
test_protein_1535,0.68877404928207397
test_protein_1540,0.039580047130584717
test_protein_1538,0.066292688250541687
test_protein_1537,0.397754967212677
test_protein_1536,0.49966597557067871
test_protein_1539,0.19077968597412109
test_protein_1546,0.26336789131164551
test_protein_1543,0.837208092212677
test_protein_1541,0.03612244501709938
test_protein_1548,7.6365417044144124e-05
test_protein_1542,0.53200733661651611
test_protein_1545,0.13656222820281982
test_protein_1544,0.57143270969390869
test_protein_1547,0.62290769815444946
test_protein_1551,0.75097906589508057
test_protein_1549,0.22837013006210327
test_protein_1552,0.39307880401611328
test_protein_1553,0.53160256147384644
test_protein_1554,0.29464715719223022
test_protein_1557,0.35122361779212952
test_protein_1550,0.30955961346626282
test_protein_1556,0.2133033275604248
test_protein_1558,0.16469156742095947
test_protein_1559,0.41703331470489502
test_protein_1555,0.26956960558891296
test_protein_1561,0.076993398368358612
test_protein_1560,0.064491815865039825
test_protein_1563,0.87328809499740601
test_protein_1562,0.15809987485408783
test_protein_1565,0.18778659403324127
test_protein_1564,0.21840800344944
test_protein_1568,0.1090499609708786
test_protein_1567,0.1740700751543045
test_protein_1569,0.1072423979640007
test_protein_1566,0.37139344215393066
test_protein_1571,0.050843577831983566
test_protein_1573,0.029468746855854988
test_protein_1570,0.063576802611351013
test_protein_1574,0.074727103114128113
test_protein_1572,0.040905620902776718
test_protein_1577,0.5985150933265686
test_protein_1582,0.10631812363862991
test_protein_1583,0.20653432607650757
test_protein_1575,0.35916292667388916
test_protein_1579,0.4910394549369812
test_protein_1580,0.11418026685714722
test_protein_1576,0.40662878751754761
test_protein_1578,0.35946083068847656
test_protein_1581,0.0019723600707948208
test_protein_1588,0.30883854627609253
test_protein_1590,0.11663871258497238
test_protein_1585,0.36137905716896057
test_protein_1587,0.68643683195114136
test_protein_1589,0.55052685737609863
test_protein_1584,0.010659780353307724
test_protein_1586,0.16881152987480164
test_protein_1593,0.01800919882953167
test_protein_1591,0.14102554321289062
test_protein_1596,0.11766748130321503
test_protein_1592,0.5956118106842041
test_protein_1595,0.81969231367111206
test_protein_1597,0.032103851437568665
test_protein_1598,0.43144112825393677
test_protein_1594,0.093500956892967224
test_protein_1599,0.07130046933889389
test_protein_1603,0.090744994580745697
test_protein_1600,0.7340274453163147
test_protein_1609,0.69782489538192749
test_protein_1606,0.41108298301696777
test_protein_1611,0.21411409974098206
test_protein_1610,0.99639928340911865
test_protein_1602,0.066105984151363373
test_protein_1604,0.56121975183486938
test_protein_1607,0.00084159953985363245
test_protein_1605,0.80122721195220947
test_protein_1608,0.86466330289840698
test_protein_1601,0.62869065999984741
test_protein_1612,0.57358020544052124
test_protein_1616,0.096947610378265381
test_protein_1614,0.33572056889533997
test_protein_1621,0.35099408030509949
test_protein_1613,0.15429666638374329
test_protein_1622,0.00045332533773034811
test_protein_1617,0.79013723134994507
test_protein_1615,0.23227196931838989
test_protein_1618,0.34250536561012268
test_protein_1623,0.089367769658565521
test_protein_1619,0.44772312045097351
test_protein_1625,0.0026559960097074509
test_protein_1624,0.062833167612552643
test_protein_1620,0.5672842264175415
test_protein_1626,0.26838842034339905
test_protein_1631,0.19637897610664368
test_protein_1632,0.0031022632028907537
test_protein_1627,0.68336820602416992
test_protein_1630,0.038761463016271591
test_protein_1628,0.018993321806192398
test_protein_1634,0.20702621340751648
test_protein_1629,0.49485373497009277
test_protein_1633,0.26498129963874817
test_protein_1635,0.48854431509971619
test_protein_1636,0.45036476850509644
test_protein_1648,0.031461942940950394
test_protein_1639,0.062056340277194977
test_protein_1644,0.48050695657730103
test_protein_1637,0.31748470664024353
test_protein_1638,0.29576310515403748
test_protein_1641,0.43051919341087341
test_protein_1645,0.50585812330245972
test_protein_1643,0.52521932125091553
test_protein_1642,0.070292919874191284
test_protein_1640,0.69240760803222656
test_protein_1646,0.3618226945400238
test_protein_1649,0.5754539966583252
test_protein_1650,0.21654839813709259
test_protein_1647,0.00021800040849484503
test_protein_1654,0.042704418301582336
test_protein_1653,0.24735961854457855
test_protein_1652,0.57686549425125122
test_protein_1661,0.15791997313499451
test_protein_1657,0.064361371099948883
test_protein_1656,0.15598712861537933
test_protein_1659,0.016554122790694237
test_protein_1655,0.15418820083141327
test_protein_1660,0.40803855657577515
test_protein_1651,0.23281118273735046
test_protein_1658,0.33310791850090027
test_protein_1663,0.0015556812286376953
test_protein_1664,0.91793912649154663
test_protein_1662,0.41488486528396606
test_protein_1665,0.017431201413273811
test_protein_1666,0.23349767923355103
test_protein_1668,0.23020552098751068
test_protein_1670,0.70861148834228516
test_protein_1667,0.053045295178890228
test_protein_1673,0.42930185794830322
test_protein_1669,0.18810652196407318
test_protein_1672,0.48238563537597656
test_protein_1677,0.21677827835083008
test_protein_1671,0.75540649890899658
test_protein_1676,0.59228062629699707
test_protein_1680,0.59244853258132935
test_protein_1679,0.24447685480117798
test_protein_1675,0.29894149303436279
test_protein_1681,0.66610997915267944
test_protein_1674,0.38878718018531799
test_protein_1682,0.54218041896820068
test_protein_1684,0.084997564554214478
test_protein_1678,0.26843559741973877
test_protein_1683,0.076879031956195831
test_protein_1685,0.69085735082626343
test_protein_1688,0.3361334502696991
test_protein_1687,0.029432855546474457
test_protein_1686,0.79942655563354492
test_protein_1690,0.28625360131263733
test_protein_1691,0.003133243415504694
test_protein_1692,0.70018231868743896
test_protein_1689,0.77359974384307861
test_protein_1694,0.45193022489547729
test_protein_1695,0.0017519572284072638
test_protein_1699,0.22971495985984802
test_protein_1693,0.00063635042170062661
test_protein_1697,0.40039557218551636
test_protein_1696,0.64342033863067627
test_protein_1705,0.20028650760650635
test_protein_1700,0.3633493185043335
test_protein_1703,0.39571672677993774
test_protein_1706,0.11291895806789398
test_protein_1702,0.5473746657371521
test_protein_1710,0.18651092052459717
test_protein_1704,0.028210291638970375
test_protein_1707,0.54450607299804688
test_protein_1698,0.69109582901000977
test_protein_1701,0.061045035719871521
test_protein_1708,0.0011830199509859085
test_protein_1709,0.0016616216162219644
test_protein_1714,0.92263108491897583
test_protein_1718,0.1465369313955307
test_protein_1716,0.41771337389945984
test_protein_1720,0.043685164302587509
test_protein_1711,0.31213116645812988
test_protein_1715,0.95741951465606689
test_protein_1719,0.16619107127189636
test_protein_1713,0.035241052508354187
test_protein_1712,0.0008535828092135489
test_protein_1717,0.12845635414123535
test_protein_1723,0.76409202814102173
test_protein_1722,0.66683167219161987
test_protein_1721,0.24135512113571167
test_protein_1724,0.86987823247909546
test_protein_1733,0.53924089670181274
test_protein_1725,0.16663536429405212
test_protein_1730,0.060526028275489807
test_protein_1726,0.33853408694267273
test_protein_1732,0.020834498107433319
test_protein_1735,0.041576452553272247
test_protein_1734,0.4958152174949646
test_protein_1729,0.58892852067947388
test_protein_1727,0.031516443938016891
test_protein_1736,0.52284842729568481
test_protein_1728,0.48435863852500916
test_protein_1731,0.38553735613822937
test_protein_1738,0.34160163998603821
test_protein_1746,0.34938850998878479
test_protein_1749,0.48876556754112244
test_protein_1742,0.66123390197753906
test_protein_1739,0.54677879810333252
test_protein_1740,0.73085379600524902
test_protein_1737,0.57232868671417236
test_protein_1743,0.14580270648002625
test_protein_1741,0.97795116901397705
test_protein_1747,0.33733344078063965
test_protein_1745,0.052675891667604446
test_protein_1748,0.17419211566448212
test_protein_1744,0.34191021323204041
test_protein_1753,0.034490339457988739
test_protein_1750,0.38264083862304688
test_protein_1755,0.63528907299041748
test_protein_1751,0.27450162172317505
test_protein_1752,0.54822993278503418
test_protein_1758,0.13559280335903168
test_protein_1754,0.60065686702728271
test_protein_1757,0.43989768624305725
test_protein_1759,0.93064355850219727
test_protein_1760,0.00077857961878180504
test_protein_1761,0.37467342615127563
test_protein_1756,0.13292784988880157
test_protein_1763,0.82632607221603394
test_protein_1762,0.90776330232620239
test_protein_1764,0.60108089447021484
test_protein_1771,0.18687988817691803
test_protein_1768,0.42754346132278442
test_protein_1765,0.42627117037773132
test_protein_1769,0.41529753804206848
test_protein_1766,0.18486344814300537
test_protein_1770,0.23008587956428528
test_protein_1767,0.32912188768386841
test_protein_1774,0.68511641025543213
test_protein_1773,0.3430541455745697
test_protein_1775,0.33612442016601562
test_protein_1781,0.44189935922622681
test_protein_1778,0.97535091638565063
test_protein_1772,0.59838652610778809
test_protein_1776,0.34359905123710632
test_protein_1777,0.41627746820449829
test_protein_1784,0.16286146640777588
test_protein_1779,0.41294023394584656
test_protein_1780,0.35955825448036194
test_protein_1783,0.39242091774940491
test_protein_1785,0.43553444743156433
test_protein_1782,0.47566860914230347
test_protein_1789,0.49076351523399353
test_protein_1792,0.8329157829284668
test_protein_1786,0.36196267604827881
test_protein_1788,0.52309882640838623
test_protein_1793,0.80756795406341553
test_protein_1790,0.42399910092353821
test_protein_1794,0.52555996179580688
test_protein_1787,0.70674872398376465
test_protein_1791,0.2994711697101593
test_protein_1798,0.2844947874546051
test_protein_1795,0.2712651789188385
test_protein_1796,0.29537308216094971
test_protein_1799,0.148847296833992
test_protein_1803,0.4683096706867218
test_protein_1804,0.31769952178001404
test_protein_1800,0.24792911112308502
test_protein_1801,0.096995458006858826
test_protein_1805,0.50094407796859741
test_protein_1807,0.0015735706547275186
test_protein_1797,0.3568912148475647
test_protein_1808,0.20360182225704193
test_protein_1802,0.15040281414985657
test_protein_1806,0.59653657674789429
test_protein_1814,0.15085916221141815
test_protein_1809,0.084080152213573456
test_protein_1811,0.68597638607025146
test_protein_1810,0.027379440143704414
test_protein_1813,0.13274815678596497
test_protein_1812,0.70820379257202148
test_protein_1817,0.06669984757900238
test_protein_1816,0.014532800763845444
test_protein_1824,0.35846337676048279
test_protein_1819,0.23378090560436249
test_protein_1821,0.64807283878326416
test_protein_1822,0.098480112850666046
test_protein_1820,0.61271697282791138
test_protein_1815,0.52016127109527588
test_protein_1823,0.13639178872108459
test_protein_1818,0.2385898232460022
test_protein_1834,0.94715648889541626
test_protein_1835,0.98147016763687134
test_protein_1831,0.52388578653335571
test_protein_1827,0.26611161231994629
test_protein_1832,0.89933621883392334
test_protein_1829,0.45618930459022522
test_protein_1836,0.93075817823410034
test_protein_1826,0.092918060719966888
test_protein_1833,0.90506970882415771
test_protein_1825,0.46775329113006592
test_protein_1828,0.58723270893096924
test_protein_1830,0.19721460342407227
test_protein_1837,0.68135571479797363
test_protein_1839,0.57881039381027222
test_protein_1840,0.51745563745498657
test_protein_1843,0.023621894419193268
test_protein_1841,0.67465674877166748
test_protein_1844,0.054093964397907257
test_protein_1838,0.52883565425872803
test_protein_1842,0.0012736067874357104
test_protein_1847,0.00016305079043377191
test_protein_1850,0.67558854818344116
test_protein_1848,0.39054110646247864
test_protein_1846,0.0012092152610421181
test_protein_1845,6.3223349570762366e-05
test_protein_1849,0.1976514607667923
test_protein_1853,0.47150352597236633
test_protein_1857,0.72259271144866943
test_protein_1858,0.0017337375320494175
test_protein_1852,0.71382927894592285
test_protein_1854,0.3474753201007843
test_protein_1851,0.53888612985610962
test_protein_1856,0.65822762250900269
test_protein_1855,0.29150685667991638
test_protein_1866,0.55732065439224243
test_protein_1864,0.1112523227930069
test_protein_1860,0.060843642801046371
test_protein_1865,0.48391398787498474
test_protein_1863,0.42140957713127136
test_protein_1862,0.47504055500030518
test_protein_1859,0.36065056920051575
test_protein_1861,0.044689387083053589
test_protein_1868,0.46350777149200439
test_protein_1870,0.36092990636825562
test_protein_1867,0.57379096746444702
test_protein_1869,0.2449381947517395
test_protein_1871,0.095770731568336487
test_protein_1872,0.81289571523666382
test_protein_1878,0.29275938868522644
test_protein_1873,0.34346634149551392
test_protein_1880,0.12434788793325424
test_protein_1877,0.26613855361938477
test_protein_1876,0.71387076377868652
test_protein_1875,0.13925720751285553
test_protein_1879,0.51992648839950562
test_protein_1874,0.046198435127735138
test_protein_1881,0.43939027190208435
test_protein_1886,0.78846508264541626
test_protein_1887,0.054603036493062973
test_protein_1882,0.45876622200012207
test_protein_1885,0.70311480760574341
test_protein_1884,0.2585909366607666
test_protein_1888,0.39043432474136353
test_protein_1889,0.21770307421684265
test_protein_1883,0.35574033856391907
test_protein_1890,0.57862836122512817
test_protein_1891,0.10808830708265305
test_protein_1893,0.78860414028167725
test_protein_1892,0.31325873732566833
test_protein_1895,0.50395381450653076
test_protein_1898,0.61635321378707886
test_protein_1900,0.90896028280258179
test_protein_1894,0.88461577892303467
test_protein_1897,0.49805173277854919
test_protein_1899,0.4256083071231842
test_protein_1896,0.93289625644683838
test_protein_1909,0.59164291620254517
test_protein_1902,0.52579760551452637
test_protein_1904,0.0066119898110628128
test_protein_1905,0.42977631092071533
test_protein_1901,0.84075939655303955
test_protein_1903,0.56442886590957642
test_protein_1911,0.29984480142593384
test_protein_1907,0.062344476580619812
test_protein_1912,0.34397608041763306
test_protein_1910,0.58640009164810181
test_protein_1908,0.00021923417807556689
test_protein_1906,0.37812677025794983
test_protein_1913,0.41617566347122192
test_protein_1920,0.48790201544761658
test_protein_1915,0.026343772187829018
test_protein_1918,0.40964105725288391
test_protein_1916,0.144466832280159
test_protein_1914,0.0019353301031515002
test_protein_1921,0.15162833034992218
test_protein_1917,0.26387569308280945
test_protein_1922,0.57402151823043823
test_protein_1919,0.0022372195962816477
test_protein_1923,0.15463371574878693
test_protein_1924,0.16425611078739166
test_protein_1932,0.71574151515960693
test_protein_1929,0.20903423428535461
test_protein_1927,0.49121329188346863
test_protein_1925,0.21548449993133545
test_protein_1934,0.57980525493621826
test_protein_1931,0.61060798168182373
test_protein_1926,0.088615164160728455
test_protein_1933,0.039117272943258286
test_protein_1928,0.44387602806091309
test_protein_1935,0.035085435956716537
test_protein_1930,0.97730278968811035
test_protein_1936,0.0175059475004673
test_protein_1937,0.0017362053040415049
test_protein_1944,0.28866147994995117
test_protein_1941,0.38003456592559814
test_protein_1938,0.066667534410953522
test_protein_1946,0.068296454846858978
test_protein_1950,0.13205793499946594
test_protein_1942,0.45670589804649353
test_protein_1940,0.24548067152500153
test_protein_1948,0.3259633481502533
test_protein_1939,0.30404126644134521
test_protein_1945,0.40399539470672607
test_protein_1943,0.625632643699646
test_protein_1957,0.54084056615829468
test_protein_1951,0.12855945527553558
test_protein_1954,0.74782532453536987
test_protein_1959,0.47127345204353333
test_protein_1955,0.80580675601959229
test_protein_1956,0.62082183361053467
test_protein_1953,0.53345131874084473
test_protein_1947,0.4561876654624939
test_protein_1960,0.45594674348831177
test_protein_1961,0.95885705947875977
test_protein_1949,0.65124475955963135
test_protein_1958,0.70290440320968628
test_protein_1952,0.5652390718460083
test_protein_1964,0.35872438549995422
test_protein_1962,0.39812779426574707
test_protein_1968,0.60316860675811768
test_protein_1963,0.39445683360099792
test_protein_1971,0.33822214603424072
test_protein_1965,0.59530627727508545
test_protein_1969,0.45353910326957703
test_protein_1972,0.043751630932092667
test_protein_1975,0.62204021215438843
test_protein_1967,0.24283190071582794
test_protein_1978,0.23893468081951141
test_protein_1970,0.56932812929153442
test_protein_1966,0.68086588382720947
test_protein_1976,0.48663622140884399
test_protein_1977,0.53056979179382324
test_protein_1973,0.53272348642349243
test_protein_1979,0.5231364369392395
test_protein_1974,0.71010619401931763
test_protein_1981,0.15869642794132233
test_protein_1982,0.3650815486907959
test_protein_1980,0.53666675090789795
test_protein_1983,0.49630585312843323
test_protein_1984,0.55389714241027832
test_protein_1988,0.59987115859985352
test_protein_1986,0.91354572772979736
test_protein_1989,0.54638755321502686
test_protein_1985,0.7597317099571228
test_protein_1990,0.60692912340164185
test_protein_1987,0.37684923410415649
test_protein_1998,0.035891879349946976
test_protein_1993,0.96163022518157959
test_protein_1992,0.44940531253814697
test_protein_1997,0.33530545234680176
test_protein_1999,0.074777394533157349
test_protein_2000,0.52762722969055176
test_protein_1994,0.77825927734375
test_protein_1995,0.89592611789703369
test_protein_1991,0.59082150459289551
test_protein_2005,0.21734404563903809
test_protein_2004,0.55254119634628296
test_protein_1996,0.65687030553817749
test_protein_2002,0.021630201488733292
test_protein_2001,0.0025356416590511799
test_protein_2006,0.54741120338439941
test_protein_2013,0.33585822582244873
test_protein_2007,0.00069767062086611986
test_protein_2010,0.40082347393035889
test_protein_2003,0.0924224853515625
test_protein_2009,0.62313336133956909
test_protein_2011,0.66441118717193604
test_protein_2012,0.36158591508865356
test_protein_2008,0.2435198575258255
test_protein_2019,0.44799742102622986
test_protein_2015,0.39700117707252502
test_protein_2017,0.79157173633575439
test_protein_2014,0.50268489122390747
test_protein_2016,0.56293118000030518
test_protein_2018,0.34156578779220581
test_protein_2021,0.26151278614997864
test_protein_2020,0.55995690822601318
test_protein_2028,0.86179631948471069
test_protein_2025,0.61370962858200073
test_protein_2022,0.82547825574874878
test_protein_2023,0.60128521919250488
test_protein_2024,0.45231050252914429
test_protein_2034,0.33421829342842102
test_protein_2033,0.44248756766319275
test_protein_2031,0.22458617389202118
test_protein_2029,0.58513516187667847
test_protein_2035,0.056853700429201126
test_protein_2027,0.36122691631317139
test_protein_2036,0.025704707950353622
test_protein_2030,0.49059835076332092
test_protein_2037,0.65196377038955688
test_protein_2026,0.74063706398010254
test_protein_2032,0.36472177505493164
test_protein_2039,0.39062625169754028
test_protein_2042,0.69737702608108521
test_protein_2040,0.86419457197189331
test_protein_2043,0.67969512939453125
test_protein_2038,0.49790352582931519
test_protein_2041,0.54694128036499023
test_protein_2051,0.58752381801605225
test_protein_2046,0.43035504221916199
test_protein_2048,0.15257671475410461
test_protein_2049,0.16086623072624207
test_protein_2044,0.71009993553161621
test_protein_2045,0.30075246095657349
test_protein_2047,0.62295150756835938
test_protein_2050,0.15234345197677612
test_protein_2056,0.63663756847381592
test_protein_2057,0.70332205295562744
test_protein_2052,0.94271183013916016
test_protein_2053,0.9029812216758728
test_protein_2058,0.36058050394058228
test_protein_2061,0.38511893153190613
test_protein_2059,0.60949361324310303
test_protein_2055,0.58320719003677368
test_protein_2054,0.39144501090049744
test_protein_2060,0.70459955930709839
test_protein_2063,0.0053011458367109299
test_protein_2064,0.23889261484146118
test_protein_2062,0.77770179510116577
test_protein_2073,0.44130235910415649
test_protein_2068,0.56362998485565186
test_protein_2074,0.96503144502639771
test_protein_2065,0.37275680899620056
test_protein_2072,0.28491067886352539
test_protein_2066,0.51198822259902954
test_protein_2070,0.44262728095054626
test_protein_2078,0.15603747963905334
test_protein_2077,0.104526586830616
test_protein_2069,0.54499584436416626
test_protein_2075,0.97470349073410034
test_protein_2071,0.37794899940490723
test_protein_2067,0.48495814204216003
test_protein_2079,0.40046614408493042
test_protein_2076,0.29172667860984802
test_protein_2080,0.44846880435943604
test_protein_2083,0.37397792935371399
test_protein_2082,0.081377521157264709
test_protein_2081,0.22564660012722015
test_protein_2084,0.071836985647678375
test_protein_2089,0.61164647340774536
test_protein_2086,0.15218359231948853
test_protein_2090,0.53219747543334961
test_protein_2087,0.13956458866596222
test_protein_2091,0.11692195385694504
test_protein_2085,0.23695981502532959
test_protein_2088,0.59696108102798462
test_protein_2092,0.64997738599777222
test_protein_2098,0.58630001544952393
test_protein_2096,0.28324225544929504
test_protein_2094,0.10263950377702713
test_protein_2097,0.2052072286605835
test_protein_2100,0.21791742742061615
test_protein_2099,0.37653070688247681
test_protein_2106,0.72788232564926147
test_protein_2095,0.7276647686958313
test_protein_2103,0.53794831037521362
test_protein_2105,0.75970542430877686
test_protein_2093,0.6353721022605896
test_protein_2101,0.64966827630996704
test_protein_2102,0.33033958077430725
test_protein_2104,0.23774585127830505
test_protein_2107,0.81548154354095459
test_protein_2109,0.15740841627120972
test_protein_2110,0.33572956919670105
test_protein_2108,0.10412726551294327
test_protein_2115,0.055851761251688004
test_protein_2111,0.34176427125930786
test_protein_2113,0.39189353585243225
test_protein_2119,0.40729975700378418
test_protein_2112,0.66172021627426147
test_protein_2114,0.58033961057662964
test_protein_2116,0.088759683072566986
test_protein_2123,0.64540243148803711
test_protein_2122,0.5896415114402771
test_protein_2120,0.027663405984640121
test_protein_2124,0.47113209962844849
test_protein_2117,0.025075523182749748
test_protein_2121,0.071544148027896881
test_protein_2128,0.60963213443756104
test_protein_2127,0.61817073822021484
test_protein_2125,0.10934492945671082
test_protein_2126,0.54017376899719238
test_protein_2129,0.59836232662200928
test_protein_2118,0.46443307399749756
test_protein_2130,0.62674349546432495
test_protein_2131,0.93821674585342407
test_protein_2135,0.19656498730182648
test_protein_2133,2.5421661121072248e-05
test_protein_2132,0.40857940912246704
test_protein_2136,0.13078844547271729
test_protein_2137,0.6955750584602356
test_protein_2134,0.46089577674865723
test_protein_2139,0.24331220984458923
test_protein_2138,0.43629974126815796
test_protein_2143,0.44752278923988342
test_protein_2140,0.27288529276847839
test_protein_2141,0.57640373706817627
test_protein_2144,0.54442393779754639
test_protein_2145,0.49051478505134583
test_protein_2142,0.59669560194015503
test_protein_2150,0.65421676635742188
test_protein_2152,0.38461437821388245
test_protein_2146,0.34100610017776489
test_protein_2149,0.54975908994674683
test_protein_2151,0.73435497283935547
test_protein_2148,0.49305486679077148
test_protein_2147,0.36415493488311768
test_protein_2153,0.61074435710906982
test_protein_2155,0.5272325873374939
test_protein_2161,0.16990102827548981
test_protein_2154,0.57320147752761841
test_protein_2156,0.60503524541854858
test_protein_2157,0.65506076812744141
test_protein_2158,0.84259629249572754
test_protein_2162,0.0024014189839363098
test_protein_2159,0.33924248814582825
test_protein_2160,0.58685249090194702
test_protein_2166,0.48905190825462341
test_protein_2164,0.31632286310195923
test_protein_2168,0.63805896043777466
test_protein_2167,0.32302892208099365
test_protein_2163,0.28445661067962646
test_protein_2165,0.41686326265335083
test_protein_2174,0.80383551120758057
test_protein_2170,0.64905071258544922
test_protein_2171,0.78534829616546631
test_protein_2176,0.26108589768409729
test_protein_2169,0.73475784063339233
test_protein_2173,0.42456004023551941
test_protein_2172,0.7184033989906311
test_protein_2177,0.57374846935272217
test_protein_2175,0.079109735786914825
test_protein_2180,0.2720048725605011
test_protein_2181,0.1364118903875351
test_protein_2179,0.33791857957839966
test_protein_2178,0.48665660619735718
test_protein_2182,0.27180612087249756
test_protein_2183,0.05436968058347702
test_protein_2186,0.051085349172353745
test_protein_2189,0.25075790286064148
test_protein_2185,0.51409006118774414
test_protein_2192,0.63858652114868164
test_protein_2187,0.043535247445106506
test_protein_2191,0.074712611734867096
test_protein_2190,0.50609081983566284
test_protein_2188,0.26009905338287354
test_protein_2184,0.11456563323736191
test_protein_2197,0.59616363048553467
test_protein_2196,0.38744810223579407
test_protein_2198,0.28647541999816895
test_protein_2193,0.15589390695095062
test_protein_2195,0.46590349078178406
test_protein_2194,0.48386606574058533
test_protein_2199,0.58401751518249512
test_protein_2201,0.51585245132446289
test_protein_2206,0.47014579176902771
test_protein_2202,0.88606154918670654
test_protein_2204,0.65767616033554077
test_protein_2208,0.54438680410385132
test_protein_2203,0.013400356285274029
test_protein_2200,0.031340669840574265
test_protein_2207,0.10595659166574478
test_protein_2205,0.035306692123413086
test_protein_2215,0.23713266849517822
test_protein_2209,0.60677480697631836
test_protein_2213,0.61147570610046387
test_protein_2217,0.10412197560071945
test_protein_2210,0.67985785007476807
test_protein_2211,0.62152403593063354
test_protein_2214,0.22266533970832825
test_protein_2216,0.14802716672420502
test_protein_2218,0.04702308401465416
test_protein_2212,0.48627912998199463
test_protein_2219,0.15477529168128967
test_protein_2220,0.55845242738723755
test_protein_2222,0.50921458005905151
test_protein_2223,0.7567933201789856
test_protein_2221,0.69151383638381958
test_protein_2225,0.38288182020187378
test_protein_2228,0.57587569952011108
test_protein_2224,0.33725908398628235
test_protein_2227,0.59029167890548706
test_protein_2230,0.17086933553218842
test_protein_2226,0.4950282871723175
test_protein_2235,0.19782724976539612
test_protein_2232,0.48497706651687622
test_protein_2234,0.6516907811164856
test_protein_2236,0.24569703638553619
test_protein_2229,0.67060893774032593
test_protein_2237,0.64283961057662964
test_protein_2238,0.5376894474029541
test_protein_2231,0.36036437749862671
test_protein_2239,0.34049016237258911
test_protein_2243,0.77768832445144653
test_protein_2242,0.36345347762107849
test_protein_2245,0.72303980588912964
test_protein_2233,0.71774226427078247
test_protein_2244,0.62872666120529175
test_protein_2240,0.26314359903335571
test_protein_2241,0.4059416651725769
test_protein_2246,0.30883577466011047
test_protein_2249,0.51197737455368042
test_protein_2257,0.5022045373916626
test_protein_2252,0.20689678192138672
test_protein_2250,0.046771857887506485
test_protein_2247,0.39425984025001526
test_protein_2248,0.54696744680404663
test_protein_2259,0.4311557412147522
test_protein_2254,0.85432195663452148
test_protein_2256,0.39652025699615479
test_protein_2255,0.50580227375030518
test_protein_2253,0.01807752251625061
test_protein_2260,0.46496719121932983
test_protein_2251,0.262846440076828
test_protein_2258,0.77230411767959595
test_protein_2261,0.58547008037567139
test_protein_2263,0.3106902539730072
test_protein_2264,0.22227509319782257
test_protein_2262,0.5885775089263916
test_protein_2266,0.68391269445419312
test_protein_2265,0.45181781053543091
test_protein_2267,0.60732978582382202
test_protein_2268,0.40831556916236877
test_protein_2271,0.68621253967285156
test_protein_2269,0.69579833745956421
test_protein_2270,0.4773881733417511
test_protein_2272,0.16357669234275818
test_protein_2274,0.67179560661315918
test_protein_2273,0.0051807891577482224
test_protein_2275,0.23724110424518585
test_protein_2278,0.75084447860717773
test_protein_2276,0.05784301832318306
test_protein_2280,0.29162874817848206
test_protein_2279,0.52431946992874146
test_protein_2277,0.4714253842830658
test_protein_2284,0.72923022508621216
test_protein_2285,0.92206287384033203
test_protein_2281,0.74540728330612183
test_protein_2292,0.42559614777565002
test_protein_2290,0.1726391464471817
test_protein_2286,0.7119375467300415
test_protein_2282,0.92330294847488403
test_protein_2287,0.22953502833843231
test_protein_2283,0.78244352340698242
test_protein_2295,0.38882032036781311
test_protein_2294,0.32619616389274597
test_protein_2288,0.51628744602203369
test_protein_2289,0.3691231906414032
test_protein_2293,0.19433134794235229
test_protein_2291,0.075423195958137512
test_protein_2296,0.70215439796447754
test_protein_2299,0.77168470621109009
test_protein_2300,0.45294532179832458
test_protein_2301,0.061295770108699799
test_protein_2298,0.23463833332061768
test_protein_2297,0.57632750272750854
test_protein_2304,0.6097293496131897
test_protein_2312,0.61963164806365967
test_protein_2306,0.46315208077430725
test_protein_2307,0.52936971187591553
test_protein_2302,0.36116856336593628
test_protein_2305,0.61728447675704956
test_protein_2303,0.57589715719223022
test_protein_2309,0.33212873339653015
test_protein_2308,0.55685549974441528
test_protein_2314,0.62406927347183228
test_protein_2310,0.33127003908157349
test_protein_2315,0.69383245706558228
test_protein_2313,0.023680629208683968
test_protein_2318,0.41547563672065735
test_protein_2321,0.48814144730567932
test_protein_2316,0.52027887105941772
test_protein_2311,0.32141828536987305
test_protein_2317,0.6751905083656311
test_protein_2319,0.63104540109634399
test_protein_2323,0.78426086902618408
test_protein_2322,0.5323486328125
test_protein_2320,0.41520079970359802
test_protein_2324,0.63217788934707642
test_protein_2329,0.12478217482566833
test_protein_2325,0.067783020436763763
test_protein_2326,0.48442745208740234
test_protein_2327,0.57003533840179443
test_protein_2333,0.061333529651165009
test_protein_2330,0.50711417198181152
test_protein_2332,0.70158964395523071
test_protein_2337,0.57004475593566895
test_protein_2331,0.15605689585208893
test_protein_2335,0.30815359950065613
test_protein_2328,0.96471911668777466
test_protein_2339,0.35967570543289185
test_protein_2341,0.49181878566741943
test_protein_2338,0.029891125857830048
test_protein_2334,0.41666126251220703
test_protein_2340,0.63877493143081665
test_protein_2342,0.61897319555282593
test_protein_2345,0.45056593418121338
test_protein_2344,0.67335349321365356
test_protein_2336,0.33004382252693176
test_protein_2346,0.27073755860328674
test_protein_2343,0.18225222826004028
test_protein_2351,0.54415076971054077
test_protein_2348,0.76816582679748535
test_protein_2347,0.51689285039901733
test_protein_2349,0.31327402591705322
test_protein_2350,0.64341217279434204
test_protein_2353,0.4337993860244751
test_protein_2355,0.4956631064414978
test_protein_2352,0.56176984310150146
test_protein_2360,0.48427671194076538
test_protein_2357,0.52314078807830811
test_protein_2359,0.55407124757766724
test_protein_2356,0.69883555173873901
test_protein_2367,0.28073930740356445
test_protein_2368,0.69858372211456299
test_protein_2362,0.24382886290550232
test_protein_2354,0.33749619126319885
test_protein_2358,0.58346378803253174
test_protein_2365,0.21203343570232391
test_protein_2363,0.64614742994308472
test_protein_2364,0.45573833584785461
test_protein_2371,0.1594931036233902
test_protein_2366,0.0086964741349220276
test_protein_2369,0.47827830910682678
test_protein_2361,0.66670346260070801
test_protein_2370,0.64081919193267822
test_protein_2378,0.49578514695167542
test_protein_2376,0.31945976614952087
test_protein_2377,0.2719636857509613
test_protein_2373,0.5340922474861145
test_protein_2372,0.34502464532852173
test_protein_2374,0.29437369108200073
test_protein_2375,0.1068778783082962
test_protein_2381,0.091111063957214355
test_protein_2387,0.019638665020465851
test_protein_2385,0.0071286200545728207
test_protein_2382,0.37534007430076599
test_protein_2380,0.39455825090408325
test_protein_2384,0.0019825310446321964
test_protein_2386,0.18425849080085754
test_protein_2379,0.46963945031166077
test_protein_2390,0.57408255338668823
test_protein_2389,0.41144046187400818
test_protein_2383,0.5809822678565979
test_protein_2391,0.081593729555606842
test_protein_2392,0.25657480955123901
test_protein_2388,0.58931583166122437
test_protein_2393,0.14180490374565125
test_protein_2399,0.20609970390796661
test_protein_2401,0.98632949590682983
test_protein_2395,0.5870736837387085
test_protein_2398,0.001400394830852747
test_protein_2394,0.35325473546981812
test_protein_2397,0.93923646211624146
test_protein_2396,0.7021404504776001
test_protein_2400,0.036843731999397278
test_protein_2404,0.00069990131305530667
test_protein_2402,0.51320135593414307
test_protein_2406,0.027942067012190819
test_protein_2403,0.032638054341077805
test_protein_2405,0.28016719222068787
test_protein_2412,0.55672001838684082
test_protein_2409,0.056903183460235596
test_protein_2411,0.11253565549850464
test_protein_2407,0.54770362377166748
test_protein_2408,0.26020520925521851
test_protein_2410,0.39698538184165955
test_protein_2414,0.63554394245147705
test_protein_2413,0.44878959655761719
test_protein_2416,0.041889816522598267
test_protein_2415,0.60938155651092529
test_protein_2425,0.88569670915603638
test_protein_2418,0.43485516309738159
test_protein_2420,0.64582020044326782
test_protein_2417,0.50590461492538452
test_protein_2423,0.26971554756164551
test_protein_2421,0.49990212917327881
test_protein_2424,0.79389715194702148
test_protein_2426,0.59160155057907104
test_protein_2429,0.60284948348999023
test_protein_2422,0.1148400753736496
test_protein_2419,0.3976987898349762
test_protein_2427,0.57551652193069458
test_protein_2428,0.34410172700881958
test_protein_2430,0.45492097735404968
test_protein_2434,0.39010334014892578
test_protein_2437,0.44224825501441956
test_protein_2435,0.45972675085067749
test_protein_2432,0.67330735921859741
test_protein_2433,0.56796056032180786
test_protein_2438,0.70905601978302002
test_protein_2439,0.53709572553634644
test_protein_2431,0.58065414428710938
test_protein_2436,0.72926169633865356
test_protein_2440,0.47049954533576965
test_protein_2441,0.51111465692520142
test_protein_2446,0.31859317421913147
test_protein_2443,0.15117751061916351
test_protein_2444,0.0062990831211209297
test_protein_2442,0.45491096377372742
test_protein_2447,0.47640174627304077
test_protein_2445,0.25486952066421509
test_protein_2450,0.047543004155158997
test_protein_2452,0.027665914967656136
test_protein_2449,0.4638877809047699
test_protein_2451,0.0060390066355466843
test_protein_2448,0.73444360494613647
test_protein_2453,0.86476355791091919
test_protein_2460,0.48645195364952087
test_protein_2459,0.44407004117965698
test_protein_2457,0.40107196569442749
test_protein_2458,0.91086071729660034
test_protein_2463,0.72254765033721924
test_protein_2455,0.30096223950386047
test_protein_2462,0.46134558320045471
test_protein_2461,0.6079632043838501
test_protein_2454,0.038271483033895493
test_protein_2456,0.16267411410808563
test_protein_2465,0.53850924968719482
test_protein_2464,0.51013845205307007
test_protein_2466,0.59892338514328003
test_protein_2470,0.31556805968284607
test_protein_2467,0.40004050731658936
test_protein_2471,0.046198520809412003
test_protein_2468,0.2512337863445282
test_protein_2469,0.09278859943151474
test_protein_2473,0.78919887542724609
test_protein_2476,0.52472829818725586
test_protein_2474,0.48400598764419556
test_protein_2483,0.88842761516571045
test_protein_2481,0.30439889430999756
test_protein_2472,0.025570031255483627
test_protein_2480,0.15317912399768829
test_protein_2475,0.020491933450102806
test_protein_2478,0.60037428140640259
test_protein_2477,0.36767375469207764
test_protein_2482,0.35670474171638489
test_protein_2479,0.36975651979446411
test_protein_2489,0.071756765246391296
test_protein_2485,0.60505807399749756
test_protein_2492,0.56423342227935791
test_protein_2494,0.68919157981872559
test_protein_2486,0.2333621084690094
test_protein_2490,0.52001625299453735
test_protein_2484,0.30002671480178833
test_protein_2495,0.59869194030761719
test_protein_2488,0.67450517416000366
test_protein_2496,0.4890083372592926
test_protein_2497,0.21154418587684631
test_protein_2491,0.54033315181732178
test_protein_2493,0.54165679216384888
test_protein_2487,0.47530847787857056
test_protein_2499,0.29717949032783508
test_protein_2498,0.049923069775104523
test_protein_2500,0.23881325125694275
test_protein_2508,0.36098772287368774
test_protein_2507,0.3205530047416687
test_protein_2503,0.46676930785179138
test_protein_2502,0.13511916995048523
test_protein_2506,0.6819303035736084
test_protein_2501,0.75118261575698853
test_protein_2509,0.71412110328674316
test_protein_2505,0.4074653685092926
test_protein_2504,0.60508942604064941
test_protein_2510,0.21514430642127991
test_protein_2511,0.069036506116390228
test_protein_2512,0.44079017639160156
test_protein_2514,0.15895529091358185
test_protein_2517,0.63567250967025757
test_protein_2513,0.62068229913711548
test_protein_2515,0.5380709171295166
test_protein_2516,0.22761580348014832
test_protein_2520,0.099761620163917542
test_protein_2518,0.17172481119632721
test_protein_2522,0.5391160249710083
test_protein_2525,0.11818560212850571
test_protein_2524,0.4052070677280426
test_protein_2523,0.53861826658248901
test_protein_2526,0.55061584711074829
test_protein_2521,0.039402466267347336
test_protein_2529,0.51415377855300903
test_protein_2531,0.3107917308807373
test_protein_2519,0.22110003232955933
test_protein_2528,0.55088126659393311
test_protein_2530,0.35522761940956116
test_protein_2536,0.45803019404411316
test_protein_2532,0.21651619672775269
test_protein_2534,0.045269530266523361
test_protein_2527,0.84930366277694702
test_protein_2533,0.00016133213648572564
test_protein_2535,0.066562183201313019
test_protein_2537,0.11399678140878677
test_protein_2538,0.53164786100387573
test_protein_2541,0.15278580784797668
test_protein_2543,0.059230655431747437
test_protein_2539,0.57357680797576904
test_protein_2542,0.15323460102081299
test_protein_2544,0.32855427265167236
test_protein_2546,0.75154542922973633
test_protein_2540,0.39837849140167236
test_protein_2545,0.10444115847349167
test_protein_2551,0.85364276170730591
test_protein_2549,0.45224449038505554
test_protein_2547,0.64357805252075195
test_protein_2556,0.49798810482025146
test_protein_2550,0.64548671245574951
test_protein_2552,0.53593754768371582
test_protein_2557,0.9136664867401123
test_protein_2548,0.0007972444873303175
test_protein_2554,0.50459730625152588
test_protein_2555,0.39621967077255249
test_protein_2561,0.033314414322376251
test_protein_2562,0.084945656359195709
test_protein_2560,0.069312863051891327
test_protein_2558,0.086579106748104095
test_protein_2559,0.77739369869232178
test_protein_2563,0.98740315437316895
test_protein_2553,0.81914079189300537
test_protein_2564,0.99733316898345947
test_protein_2568,0.86039501428604126
test_protein_2570,0.72206181287765503
test_protein_2575,0.16082848608493805
test_protein_2566,0.13888391852378845
test_protein_2577,0.061796102672815323
test_protein_2565,0.54659831523895264
test_protein_2576,0.28082799911499023
test_protein_2569,0.68836486339569092
test_protein_2572,0.72629272937774658
test_protein_2571,0.54070615768432617
test_protein_2574,0.65805941820144653
test_protein_2579,0.24457770586013794
test_protein_2567,0.10202044993638992
test_protein_2578,0.44777926802635193
test_protein_2580,0.081107266247272491
test_protein_2573,0.57707136869430542
test_protein_2583,0.59386664628982544
test_protein_2581,0.015501508489251137
test_protein_2582,0.017088409513235092
test_protein_2587,0.69492483139038086
test_protein_2586,0.55587100982666016
test_protein_2584,0.18988776206970215
test_protein_2588,0.010764714330434799
test_protein_2596,0.42806103825569153
test_protein_2589,0.14536051452159882
test_protein_2585,0.42164662480354309
test_protein_2591,0.5287395715713501
test_protein_2593,0.4355284571647644
test_protein_2592,0.0027127191424369812
test_protein_2599,0.095843955874443054
test_protein_2597,0.60420733690261841
test_protein_2590,0.48282098770141602
test_protein_2600,0.65819168090820312
test_protein_2602,0.6306842565536499
test_protein_2604,0.52402973175048828
test_protein_2598,0.011948724277317524
test_protein_2595,0.28678381443023682
test_protein_2594,0.21750640869140625
test_protein_2603,0.45957735180854797
test_protein_2601,0.70505607128143311
test_protein_2606,0.14210899174213409
test_protein_2609,0.93149501085281372
test_protein_2608,0.60588371753692627
test_protein_2605,0.34918710589408875
test_protein_2607,0.50766593217849731
test_protein_2614,0.62021112442016602
test_protein_2617,0.56935238838195801
test_protein_2610,0.40197965502738953
test_protein_2613,0.85713082551956177
test_protein_2612,0.14177529513835907
test_protein_2611,0.45851099491119385
test_protein_2616,0.51689976453781128
test_protein_2622,0.33435025811195374
test_protein_2623,0.61500489711761475
test_protein_2615,0.94310140609741211
test_protein_2620,0.50710773468017578
test_protein_2621,0.1619112491607666
test_protein_2619,0.3922191858291626
test_protein_2624,0.18632964789867401
test_protein_2618,0.36553406715393066
test_protein_2625,0.68605351448059082
test_protein_2628,0.86184048652648926
test_protein_2627,0.72446680068969727
test_protein_2626,0.62788641452789307
test_protein_2631,0.027995677664875984
test_protein_2629,0.040619507431983948
test_protein_2634,0.45389288663864136
test_protein_2632,0.36101162433624268
test_protein_2630,0.71761947870254517
test_protein_2641,0.87200164794921875
test_protein_2637,0.51397180557250977
test_protein_2633,0.52164691686630249
test_protein_2636,0.12397194653749466
test_protein_2644,0.45619386434555054
test_protein_2643,0.10523360967636108
test_protein_2635,0.54595738649368286
test_protein_2638,0.12708184123039246
test_protein_2642,0.99495148658752441
test_protein_2640,0.64552122354507446
test_protein_2645,0.48483332991600037
test_protein_2639,0.17884387075901031
test_protein_2646,0.058082137256860733
test_protein_2648,0.66755968332290649
test_protein_2650,0.42271816730499268
test_protein_2652,0.58048707246780396
test_protein_2647,0.63458961248397827
test_protein_2654,0.067014805972576141
test_protein_2653,0.5000312328338623
test_protein_2651,0.51277685165405273
test_protein_2655,0.083056442439556122
test_protein_2649,0.48524695634841919
test_protein_2656,0.33887919783592224
test_protein_2658,0.64164602756500244
test_protein_2657,0.10662585496902466
test_protein_2660,0.50356227159500122
test_protein_2659,0.59197151660919189
test_protein_2661,0.30540335178375244
test_protein_2665,0.50004589557647705
test_protein_2667,0.62022882699966431
test_protein_2666,0.35436072945594788
test_protein_2664,0.6910240650177002
test_protein_2663,0.59804749488830566
test_protein_2668,0.56653308868408203
test_protein_2662,0.62833768129348755
test_protein_2669,0.52594584226608276
test_protein_2672,0.36716273427009583
test_protein_2671,0.67178523540496826
test_protein_2674,0.62152838706970215
test_protein_2673,0.3986685574054718
test_protein_2670,0.4432988166809082
test_protein_2675,0.65082532167434692
test_protein_2677,0.42259347438812256
test_protein_2680,0.62883532047271729
test_protein_2679,0.88501262664794922
test_protein_2676,0.29104596376419067
test_protein_2678,0.3924577534198761
test_protein_2681,0.76629996299743652
test_protein_2689,0.60391223430633545
test_protein_2685,0.75565516948699951
test_protein_2682,0.44381842017173767
test_protein_2684,0.73013484477996826
test_protein_2686,0.75136005878448486
test_protein_2692,0.45544582605361938
test_protein_2690,0.63482040166854858
test_protein_2683,0.73769402503967285
test_protein_2694,0.72256845235824585
test_protein_2688,0.48940691351890564
test_protein_2693,0.58866637945175171
test_protein_2691,0.013947052881121635
test_protein_2687,0.52457982301712036
test_protein_2695,0.30577588081359863
test_protein_2696,0.42182591557502747
test_protein_2697,0.30535769462585449
test_protein_2698,0.0070477565750479698
test_protein_2702,0.57849937677383423
test_protein_2699,0.37999105453491211
test_protein_2704,0.40907859802246094
test_protein_2703,0.27071097493171692
test_protein_2700,0.45809152722358704
test_protein_2705,0.5993618369102478
test_protein_2701,0.00035688691423274577
test_protein_2707,0.41719695925712585
test_protein_2708,0.015338354744017124
test_protein_2710,0.14392267167568207
test_protein_2706,0.48870193958282471
test_protein_2709,0.42840734124183655
test_protein_2713,0.90227842330932617
test_protein_2714,0.08814442902803421
test_protein_2711,0.67734217643737793
test_protein_2715,0.3001956045627594
test_protein_2716,0.68907135725021362
test_protein_2719,0.34806078672409058
test_protein_2721,0.75806993246078491
test_protein_2717,0.64533263444900513
test_protein_2718,0.91435748338699341
test_protein_2712,0.19010017812252045
test_protein_2720,0.76138997077941895
test_protein_2726,0.50418245792388916
test_protein_2724,0.6660611629486084
test_protein_2723,0.46736389398574829
test_protein_2727,0.070908285677433014
test_protein_2722,0.40539112687110901
test_protein_2729,0.5284389853477478
test_protein_2725,0.28857254981994629
test_protein_2728,0.74068468809127808
test_protein_2731,0.4718267023563385
test_protein_2730,0.90329569578170776
test_protein_2732,0.69362390041351318
test_protein_2733,0.30885308980941772
test_protein_2734,0.071556828916072845
test_protein_2740,0.35509160161018372
test_protein_2748,0.24866396188735962
test_protein_2736,0.65498208999633789
test_protein_2735,0.7046552300453186
test_protein_2741,0.034414533525705338
test_protein_2737,0.11877840012311935
test_protein_2739,0.16852259635925293
test_protein_2738,0.1772555410861969
test_protein_2744,0.62345516681671143
test_protein_2745,0.66062593460083008
test_protein_2747,0.4802146852016449
test_protein_2743,0.10524037480354309
test_protein_2746,0.23773986101150513
test_protein_2750,0.35580733418464661
test_protein_2742,0.97489899396896362
test_protein_2749,0.064306817948818207
test_protein_2752,0.9778560996055603
test_protein_2756,0.69086581468582153
test_protein_2755,0.61713385581970215
test_protein_2759,0.87950849533081055
test_protein_2757,0.63084304332733154
test_protein_2753,0.74742221832275391
test_protein_2754,0.43289327621459961
test_protein_2758,0.77930289506912231
test_protein_2760,0.71691268682479858
test_protein_2751,0.012018421664834023
test_protein_2762,0.62059009075164795
test_protein_2771,0.92450439929962158
test_protein_2766,0.56060600280761719
test_protein_2761,0.82473784685134888
test_protein_2765,0.64368671178817749
test_protein_2763,0.33514314889907837
test_protein_2769,0.36672559380531311
test_protein_2767,0.091386325657367706
test_protein_2774,0.14956098794937134
test_protein_2768,0.46813562512397766
test_protein_2773,0.26808011531829834
test_protein_2772,0.77054464817047119
test_protein_2764,0.5160677433013916
test_protein_2770,0.044836916029453278
test_protein_2777,0.36507490277290344
test_protein_2775,0.17324182391166687
test_protein_2780,0.87971532344818115
test_protein_2776,0.86040419340133667
test_protein_2778,0.49326679110527039
test_protein_2779,0.13862159848213196
test_protein_2782,0.20549067854881287
test_protein_2781,0.14821293950080872
test_protein_2784,0.71173089742660522
test_protein_2785,0.30600664019584656
test_protein_2787,0.11638699471950531
test_protein_2783,0.66627401113510132
test_protein_2790,0.45199570059776306
test_protein_2795,0.55244648456573486
test_protein_2793,0.083125829696655273
test_protein_2786,0.69365066289901733
test_protein_2789,0.42801123857498169
test_protein_2791,0.6819605827331543
test_protein_2794,0.25924620032310486
test_protein_2788,0.75495344400405884
test_protein_2796,0.05145905539393425
test_protein_2792,0.021894467994570732
test_protein_2797,0.00073427759343758225
test_protein_2804,0.56489360332489014
test_protein_2806,0.070629984140396118
test_protein_2799,0.010686666704714298
test_protein_2801,0.56028705835342407
test_protein_2800,0.61914122104644775
test_protein_2802,0.0013727883342653513
test_protein_2798,0.52679294347763062
test_protein_2803,0.74339687824249268
test_protein_2805,0.55314087867736816
test_protein_2813,0.3189978301525116
test_protein_2808,0.87652653455734253
test_protein_2810,0.018272420391440392
test_protein_2815,0.0012877733679488301
test_protein_2807,0.39008885622024536
test_protein_2819,0.10054852068424225
test_protein_2817,0.46036669611930847
test_protein_2818,0.64536046981811523
test_protein_2816,0.82724094390869141
test_protein_2809,0.4798882007598877
test_protein_2814,0.96798843145370483
test_protein_2812,0.59714424610137939
test_protein_2811,0.44177153706550598
test_protein_2821,0.62551295757293701
test_protein_2820,0.91456490755081177
test_protein_2822,0.58776551485061646
test_protein_2823,0.10690845549106598
test_protein_2826,0.0056333760730922222
test_protein_2825,0.62426501512527466
test_protein_2829,0.59542191028594971
test_protein_2828,0.67148619890213013
test_protein_2831,0.95246511697769165
test_protein_2832,0.63369077444076538
test_protein_2836,0.75469523668289185
test_protein_2827,0.017118029296398163
test_protein_2830,0.74670076370239258
test_protein_2839,0.23942282795906067
test_protein_2834,0.48313060402870178
test_protein_2833,0.18708716332912445
test_protein_2835,0.41836449503898621
test_protein_2824,0.059764459729194641
test_protein_2837,0.97516769170761108
test_protein_2838,0.48941612243652344
test_protein_2841,0.26602306962013245
test_protein_2844,0.0015654541784897447
test_protein_2845,0.25361311435699463
test_protein_2848,0.00046008877689018846
test_protein_2846,0.00050183921121060848
test_protein_2843,0.44843876361846924
test_protein_2840,0.22462384402751923
test_protein_2842,0.011006608605384827
test_protein_2847,0.40858086943626404
test_protein_2853,0.24406024813652039
test_protein_2849,0.57217967510223389
test_protein_2851,0.11106222867965698
test_protein_2850,0.16638077795505524
test_protein_2855,0.038312837481498718
test_protein_2854,0.036792978644371033
test_protein_2852,0.30679857730865479
test_protein_2856,0.13490872085094452
test_protein_2861,0.95450770854949951
test_protein_2862,0.12337855249643326
test_protein_2871,0.37816596031188965
test_protein_2858,0.25276681780815125
test_protein_2859,0.55583572387695312
test_protein_2860,0.16069546341896057
test_protein_2857,0.86091262102127075
test_protein_2863,0.30505910515785217
test_protein_2866,0.14944189786911011
test_protein_2864,0.6874154806137085
test_protein_2870,0.47532284259796143
test_protein_2869,0.2496790736913681
test_protein_2867,0.33015474677085876
test_protein_2868,0.72212809324264526
test_protein_2865,0.46969741582870483
test_protein_2872,0.42605853080749512
test_protein_2874,0.91807657480239868
test_protein_2873,0.084116257727146149
test_protein_2876,0.6202622652053833
test_protein_2880,0.072250038385391235
test_protein_2878,0.034198742359876633
test_protein_2879,0.66742902994155884
test_protein_2881,0.29111060500144958
test_protein_2888,0.17290422320365906
test_protein_2877,0.36847233772277832
test_protein_2882,0.79506558179855347
test_protein_2887,0.68573081493377686
test_protein_2885,0.36970597505569458
test_protein_2889,0.52573549747467041
test_protein_2883,0.20364879071712494
test_protein_2886,0.020719537511467934
test_protein_2896,0.061631426215171814
test_protein_2875,0.3368600606918335
test_protein_2892,0.054999325424432755
test_protein_2893,0.027087045833468437
test_protein_2884,0.57291293144226074
test_protein_2891,0.45585668087005615
test_protein_2895,0.43981057405471802
test_protein_2899,0.878348708152771
test_protein_2897,0.5270230770111084
test_protein_2894,0.21094377338886261
test_protein_2890,0.080298677086830139
test_protein_2900,0.018669292330741882
test_protein_2898,0.18730287253856659
test_protein_2902,0.92312592267990112
test_protein_2901,0.21998359262943268
test_protein_2906,0.42626437544822693
test_protein_2905,0.12416204810142517
test_protein_2903,0.033638264983892441
test_protein_2904,0.64919036626815796
test_protein_2908,0.19253270328044891
test_protein_2909,0.3742750883102417
test_protein_2912,0.025288786739110947
test_protein_2914,0.70876544713973999
test_protein_2907,0.30851861834526062
test_protein_2917,0.89174020290374756
test_protein_2916,0.037410847842693329
test_protein_2910,0.081275947391986847
test_protein_2918,0.056327469646930695
test_protein_2915,0.23106274008750916
test_protein_2920,0.011080287396907806
test_protein_2911,0.45828273892402649
test_protein_2913,0.56799322366714478
test_protein_2919,0.81881427764892578
test_protein_2925,0.41410422325134277
test_protein_2922,0.74482184648513794
test_protein_2921,0.030964100733399391
test_protein_2923,0.39784815907478333
test_protein_2924,0.53802961111068726
test_protein_2927,0.52917242050170898
test_protein_2930,0.574424147605896
test_protein_2926,0.41288015246391296
test_protein_2928,0.17556962370872498
test_protein_2932,0.74834805727005005
test_protein_2929,0.43196827173233032
test_protein_2933,0.47316339612007141
test_protein_2934,0.41940885782241821
test_protein_2935,0.53798985481262207
test_protein_2937,0.87370157241821289
test_protein_2940,0.22728058695793152
test_protein_2931,0.39648500084877014
test_protein_2942,0.71589142084121704
test_protein_2936,0.57926630973815918
test_protein_2939,0.094066813588142395
test_protein_2938,0.96148627996444702
test_protein_2941,0.72078025341033936
test_protein_2947,0.94473743438720703
test_protein_2945,0.1415325403213501
test_protein_2943,0.82296133041381836
test_protein_2944,0.57544302940368652
test_protein_2946,0.66963237524032593
test_protein_2951,0.7356109619140625
test_protein_2949,0.66538053750991821
test_protein_2953,0.26709809899330139
test_protein_2950,0.96697080135345459
test_protein_2954,0.27894356846809387
test_protein_2948,0.92552614212036133
test_protein_2955,0.032816879451274872
test_protein_2957,0.32245305180549622
test_protein_2952,0.56476771831512451
test_protein_2959,0.34378218650817871
test_protein_2961,0.0020726958755403757
test_protein_2960,0.36016300320625305
test_protein_2958,0.2929975688457489
test_protein_2956,0.47025364637374878
test_protein_2966,0.31977826356887817
test_protein_2962,0.22941295802593231
test_protein_2965,0.026606505736708641
test_protein_2970,0.046944297850131989
test_protein_2963,0.068347476422786713
test_protein_2964,0.068040557205677032
test_protein_2973,0.43054226040840149
test_protein_2967,0.39875876903533936
test_protein_2974,0.13492512702941895
test_protein_2968,0.040771953761577606
test_protein_2972,0.47567695379257202
test_protein_2971,0.43543869256973267
test_protein_2969,0.43291515111923218
test_protein_2975,0.74336856603622437
test_protein_2980,0.35267341136932373
test_protein_2979,0.95680034160614014
test_protein_2977,0.057709276676177979
test_protein_2978,0.67133933305740356
test_protein_2976,0.11509494483470917
test_protein_2984,0.62199556827545166
test_protein_2982,0.56469130516052246
test_protein_2985,0.8916974663734436
test_protein_2986,0.63324320316314697
test_protein_2989,0.11259175837039948
test_protein_2992,0.81947934627532959
test_protein_2981,0.55646288394927979
test_protein_2987,0.025913208723068237
test_protein_2993,0.83037108182907104
test_protein_2996,0.50873637199401855
test_protein_2994,0.49955037236213684
test_protein_2983,0.73923617601394653
test_protein_2990,0.70264440774917603
test_protein_2991,0.067606963217258453
test_protein_2988,0.67810964584350586
test_protein_2995,0.4072258472442627
test_protein_2997,0.13398280739784241
test_protein_2998,0.35973373055458069
test_protein_3009,0.35634657740592957
test_protein_3006,0.5333670973777771
test_protein_3001,0.90614378452301025
test_protein_2999,0.95518940687179565
test_protein_3002,0.42680945992469788
test_protein_3000,0.7476198673248291
test_protein_3005,0.9793885350227356
test_protein_3003,0.62165826559066772
test_protein_3004,0.51763677597045898
test_protein_3008,0.58734959363937378
test_protein_3007,0.17651475965976715
test_protein_3011,0.023881103843450546
test_protein_3014,0.050187099725008011
test_protein_3013,0.96888399124145508
test_protein_3010,0.80461889505386353
test_protein_3020,0.55843347311019897
test_protein_3018,0.90127700567245483
test_protein_3016,0.034545563161373138
test_protein_3017,0.60154181718826294
test_protein_3021,0.9137910008430481
test_protein_3012,0.23268091678619385
test_protein_3015,0.87050533294677734
test_protein_3019,0.93683487176895142
test_protein_3024,0.71352159976959229
test_protein_3028,0.86223453283309937
test_protein_3022,0.67857009172439575
test_protein_3023,0.53405559062957764
test_protein_3027,0.96543079614639282
test_protein_3025,0.3572232723236084
test_protein_3030,0.98844075202941895
test_protein_3031,0.70356166362762451
test_protein_3032,0.06896645575761795
test_protein_3026,0.15020546317100525
test_protein_3033,0.72530394792556763
test_protein_3029,0.66562432050704956
test_protein_3034,0.99368071556091309
test_protein_3035,0.99999892711639404
test_protein_3036,0.99945360422134399
test_protein_3037,0.51841682195663452
test_protein_3044,0.98638063669204712
test_protein_3038,0.14673061668872833
test_protein_3041,0.46464169025421143
test_protein_3045,0.70258927345275879
test_protein_3040,0.94266647100448608
test_protein_3046,0.65593504905700684
test_protein_3047,0.14234341681003571
test_protein_3039,0.99973064661026001
test_protein_3043,0.93338090181350708
test_protein_3042,0.33239725232124329
test_protein_3051,0.89248085021972656
test_protein_3048,0.99470633268356323
test_protein_3049,0.20358395576477051
test_protein_3052,0.33893218636512756
test_protein_3050,0.91537606716156006
test_protein_3054,0.99851244688034058
test_protein_3060,0.99999439716339111
test_protein_3058,0.58057337999343872
test_protein_3053,0.98659569025039673
test_protein_3062,0.82068330049514771
test_protein_3061,0.78145873546600342
test_protein_3056,0.51062101125717163
test_protein_3064,0.74780356884002686
test_protein_3055,0.4552648663520813
test_protein_3059,0.77418094873428345
test_protein_3069,0.92602676153182983
test_protein_3063,0.97861367464065552
test_protein_3066,0.48688837885856628
test_protein_3067,0.64435184001922607
test_protein_3065,0.495624840259552
test_protein_3057,0.99039256572723389
test_protein_3070,0.98371016979217529
test_protein_3072,0.67942243814468384
test_protein_3076,0.60507184267044067
test_protein_3075,0.98662400245666504
test_protein_3074,0.99857676029205322
test_protein_3068,0.89888691902160645
test_protein_3079,0.41371792554855347
test_protein_3073,0.99752694368362427
test_protein_3071,0.47287470102310181
test_protein_3078,0.25247880816459656
test_protein_3077,0.43884250521659851
test_protein_3087,0.12718535959720612
test_protein_3080,0.98669993877410889
test_protein_3082,0.38762548565864563
test_protein_3083,0.75947535037994385
test_protein_3088,0.85784059762954712
test_protein_3084,0.39777755737304688
test_protein_3085,0.4615778923034668
test_protein_3081,0.6864476203918457
test_protein_3090,0.96634477376937866
test_protein_3089,0.98955732583999634
test_protein_3092,0.63786572217941284
test_protein_3094,0.86868447065353394
test_protein_3091,0.81463056802749634
test_protein_3095,0.91647624969482422
test_protein_3096,0.92111527919769287
test_protein_3086,0.83535599708557129
test_protein_3099,0.65040129423141479
test_protein_3098,0.53303265571594238
test_protein_3093,0.60499334335327148
test_protein_3097,0.018296625465154648
test_protein_3104,0.091640010476112366
test_protein_3102,0.33089789748191833
test_protein_3103,0.80728530883789062
test_protein_3101,0.026332566514611244
test_protein_3100,0.53514784574508667
test_protein_3105,0.482511967420578
test_protein_3106,0.058296918869018555
test_protein_3110,0.093579553067684174
test_protein_3107,0.36628556251525879
test_protein_3108,0.94288939237594604
test_protein_3112,0.35432004928588867
test_protein_3116,0.27663087844848633
test_protein_3118,0.043508373200893402
test_protein_3111,0.18505679070949554
test_protein_3120,0.038140874356031418
test_protein_3109,0.050179824233055115
test_protein_3113,0.032769028097391129
test_protein_3117,0.5172964334487915
test_protein_3115,0.19746893644332886
test_protein_3114,0.77813667058944702
test_protein_3119,0.044748652726411819
test_protein_3122,0.078636281192302704
test_protein_3124,0.73671501874923706
test_protein_3123,0.13841375708580017
test_protein_3121,0.32494410872459412
test_protein_3125,0.11170608550310135
test_protein_3126,0.036016710102558136
test_protein_3128,0.36392009258270264
test_protein_3129,0.24048283696174622
test_protein_3127,0.47125464677810669
test_protein_3130,0.077940009534358978
test_protein_3131,0.19122830033302307
test_protein_3134,0.5652880072593689
test_protein_3133,0.79280149936676025
test_protein_3135,0.40558063983917236
test_protein_3137,0.057735685259103775
test_protein_3136,0.55592054128646851
test_protein_3132,0.43987077474594116
test_protein_3139,0.15560077130794525
test_protein_3143,0.25066941976547241
test_protein_3140,0.22483395040035248
test_protein_3141,0.037332747131586075
test_protein_3142,0.53410881757736206
test_protein_3145,0.032226774841547012
test_protein_3146,0.22835826873779297
test_protein_3138,0.018847441300749779
test_protein_3144,0.39932167530059814
test_protein_3147,0.6134299635887146
test_protein_3148,0.43991827964782715
test_protein_3149,0.67592543363571167
test_protein_3151,0.49467778205871582
test_protein_3150,0.9854353666305542
test_protein_3154,0.0016200460959225893
test_protein_3153,0.36847326159477234
test_protein_3157,0.63777250051498413
test_protein_3156,0.27261006832122803
test_protein_3152,0.19919754564762115
test_protein_3158,0.15684351325035095
test_protein_3161,0.27337214350700378
test_protein_3155,0.46936222910881042
test_protein_3159,0.57073837518692017
test_protein_3162,0.69128823280334473
test_protein_3166,0.51028090715408325
test_protein_3160,0.45927166938781738
test_protein_3163,0.57555830478668213
test_protein_3167,0.15147489309310913
test_protein_3164,0.43454083800315857
test_protein_3171,0.23741059005260468
test_protein_3165,0.57379245758056641
test_protein_3169,0.052251476794481277
test_protein_3172,0.43152710795402527
test_protein_3173,0.068607069551944733
test_protein_3168,0.28688016533851624
test_protein_3170,0.025043560191988945
test_protein_3174,0.35068395733833313
test_protein_3177,0.064847908914089203
test_protein_3175,0.1553022563457489
test_protein_3179,0.54276794195175171
test_protein_3176,0.073033660650253296
test_protein_3187,0.25992712378501892
test_protein_3180,0.14354623854160309
test_protein_3182,0.23920390009880066
test_protein_3178,0.62421154975891113
test_protein_3183,0.044673241674900055
test_protein_3181,0.55036181211471558
test_protein_3186,0.62759965658187866
test_protein_3189,0.68786603212356567
test_protein_3188,0.3052402138710022
test_protein_3184,0.2903936505317688
test_protein_3190,0.22129489481449127
test_protein_3192,0.31308591365814209
test_protein_3191,0.53470879793167114
test_protein_3185,0.4996790885925293
test_protein_3198,0.99318283796310425
test_protein_3195,0.64032304286956787
test_protein_3194,0.061921864748001099
test_protein_3193,0.70530492067337036
test_protein_3196,0.67470121383666992
test_protein_3200,0.35877764225006104
test_protein_3199,0.54522478580474854
test_protein_3197,0.35575824975967407
test_protein_3208,0.55242824554443359
test_protein_3205,0.53147262334823608
test_protein_3201,0.33488574624061584
test_protein_3207,0.44612565636634827
test_protein_3203,0.94580632448196411
test_protein_3202,0.632499098777771
test_protein_3204,0.66471266746520996
test_protein_3206,0.51756978034973145
test_protein_3211,0.0016466963570564985
test_protein_3209,0.10358869284391403
test_protein_3210,0.50335109233856201
test_protein_3214,0.15097419917583466
test_protein_3213,0.083963669836521149
test_protein_3217,0.065064631402492523
test_protein_3218,0.5208696722984314
test_protein_3216,0.12622198462486267
test_protein_3212,0.30565115809440613
test_protein_3220,0.56962329149246216
test_protein_3219,0.52802836894989014
test_protein_3215,0.64149445295333862
test_protein_3221,0.55346119403839111
test_protein_3227,0.13243004679679871
test_protein_3225,0.043801348656415939
test_protein_3226,0.41596943140029907
test_protein_3222,0.50539541244506836
test_protein_3223,0.4310581386089325
test_protein_3224,0.69630330801010132
test_protein_3240,0.94633960723876953
test_protein_3235,0.41480216383934021
test_protein_3230,0.3638041615486145
test_protein_3234,0.51395529508590698
test_protein_3229,0.15991747379302979
test_protein_3228,0.00018659526540432125
test_protein_3232,0.014216369949281216
test_protein_3237,0.34409269690513611
test_protein_3231,0.5588144063949585
test_protein_3233,0.58860719203948975
test_protein_3238,0.11018078774213791
test_protein_3239,0.81788444519042969
test_protein_3236,0.50753074884414673
test_protein_3245,0.6262509822845459
test_protein_3242,0.98920667171478271
test_protein_3241,0.81643432378768921
test_protein_3247,0.10287404805421829
test_protein_3249,0.52013194561004639
test_protein_3243,0.68480753898620605
test_protein_3251,0.93523740768432617
test_protein_3248,0.4508858323097229
test_protein_3244,0.63939094543457031
test_protein_3250,0.94141888618469238
test_protein_3246,0.33927571773529053
test_protein_3252,0.95036935806274414
test_protein_3256,0.04519965872168541
test_protein_3254,0.5657925009727478
test_protein_3255,0.31547603011131287
test_protein_3257,0.79399991035461426
test_protein_3258,0.5146138072013855
test_protein_3253,0.97147142887115479
test_protein_3260,0.55350703001022339
test_protein_3259,0.57071596384048462
test_protein_3262,0.69499832391738892
test_protein_3266,0.61476624011993408
test_protein_3272,0.74294215440750122
test_protein_3261,0.59242850542068481
test_protein_3275,0.71010816097259521
test_protein_3267,0.58890193700790405
test_protein_3270,0.74277973175048828
test_protein_3263,0.22021371126174927
test_protein_3264,0.53010988235473633
test_protein_3269,0.7483983039855957
test_protein_3265,0.47480165958404541
test_protein_3271,0.63320004940032959
test_protein_3274,0.6638675332069397
test_protein_3273,0.64090722799301147
test_protein_3268,0.71269524097442627
test_protein_3284,0.64704304933547974
test_protein_3279,0.36045548319816589
test_protein_3282,0.52155786752700806
test_protein_3280,0.7271382212638855
test_protein_3281,0.55763447284698486
test_protein_3277,0.60079145431518555
test_protein_3278,0.5579647421836853
test_protein_3276,0.68228673934936523
test_protein_3283,0.25990471243858337
test_protein_3286,0.7862282395362854
test_protein_3289,0.58110660314559937
test_protein_3291,0.56330567598342896
test_protein_3285,0.51756823062896729
test_protein_3296,0.62593096494674683
test_protein_3294,0.3282896876335144
test_protein_3287,0.54414111375808716
test_protein_3290,0.5990259051322937
test_protein_3288,0.18571478128433228
test_protein_3292,0.68578845262527466
test_protein_3295,0.7450905442237854
test_protein_3297,0.41745314002037048
test_protein_3293,0.47602882981300354
test_protein_3302,0.49102446436882019
test_protein_3298,0.51129317283630371
test_protein_3299,0.59785032272338867
test_protein_3304,0.41438496112823486
test_protein_3300,0.30439022183418274
test_protein_3303,0.60858172178268433
test_protein_3301,0.47760558128356934
test_protein_3305,0.33128350973129272
test_protein_3308,0.27103087306022644
test_protein_3313,0.078101545572280884
test_protein_3307,0.55798286199569702
test_protein_3310,0.40007910132408142
test_protein_3309,0.56171190738677979
test_protein_3312,0.51542067527770996
test_protein_3315,0.3552946150302887
test_protein_3306,0.52465903759002686
test_protein_3314,0.19993425905704498
test_protein_3316,0.037422750145196915
test_protein_3311,0.26615434885025024
test_protein_3317,0.17620772123336792
test_protein_3324,0.64825671911239624
test_protein_3319,0.33586719632148743
test_protein_3318,0.43956521153450012
test_protein_3321,0.65903574228286743
test_protein_3322,0.88057965040206909
test_protein_3325,0.0017610428621992469
test_protein_3323,0.48292073607444763
test_protein_3327,0.33667528629302979
test_protein_3328,0.15904596447944641
test_protein_3330,0.52350544929504395
test_protein_3331,0.30733403563499451
test_protein_3336,0.62993425130844116
test_protein_3326,0.53190392255783081
test_protein_3329,0.7280961275100708
test_protein_3320,0.31897133588790894
test_protein_3333,0.28509509563446045
test_protein_3334,0.73654377460479736
test_protein_3335,0.4507162868976593
test_protein_3338,0.61129426956176758
test_protein_3337,0.22306358814239502
test_protein_3341,0.68497580289840698
test_protein_3332,0.52504706382751465
test_protein_3339,0.41224616765975952
test_protein_3342,0.68023353815078735
test_protein_3340,0.55235117673873901
test_protein_3344,0.38158458471298218
test_protein_3348,0.24241781234741211
test_protein_3345,0.3743768036365509
test_protein_3349,0.41966706514358521
test_protein_3343,0.74778240919113159
test_protein_3350,0.38917505741119385
test_protein_3353,0.54289722442626953
test_protein_3351,0.24494057893753052
test_protein_3347,0.54544627666473389
test_protein_3354,0.3213638961315155
test_protein_3346,0.48727458715438843
test_protein_3355,0.41081228852272034
test_protein_3357,0.69037413597106934
test_protein_3363,0.68352949619293213
test_protein_3358,0.59894686937332153
test_protein_3352,0.38599860668182373
test_protein_3362,0.28637099266052246
test_protein_3360,0.62166404724121094
test_protein_3356,0.46300145983695984
test_protein_3365,0.65728044509887695
test_protein_3361,0.54907983541488647
test_protein_3359,0.45477834343910217
test_protein_3366,0.40735796093940735
test_protein_3364,0.17841154336929321
test_protein_3369,0.43577703833580017
test_protein_3368,0.24784310162067413
test_protein_3371,0.4090619683265686
test_protein_3370,0.50403356552124023
test_protein_3367,0.51795899868011475
test_protein_3377,0.69310355186462402
test_protein_3382,0.51516932249069214
test_protein_3376,0.84315389394760132
test_protein_3372,0.54817205667495728
test_protein_3373,0.43104848265647888
test_protein_3375,0.77897638082504272
test_protein_3381,0.91103619337081909
test_protein_3387,0.47927418351173401
test_protein_3380,0.97145372629165649
test_protein_3379,0.52793174982070923
test_protein_3383,0.19084750115871429
test_protein_3374,0.47772547602653503
test_protein_3384,0.029084805399179459
test_protein_3385,0.29304054379463196
test_protein_3389,0.41347393393516541
test_protein_3378,0.45558762550354004
test_protein_3390,0.58526837825775146
test_protein_3386,0.36241871118545532
test_protein_3388,0.41357421875
test_protein_3391,0.37902268767356873
test_protein_3392,0.44263514876365662
test_protein_3394,0.55770492553710938
test_protein_3393,0.5739397406578064
test_protein_3395,0.9589352011680603
test_protein_3397,0.63979154825210571
test_protein_3405,0.047126952558755875
test_protein_3401,0.3690984845161438
test_protein_3408,0.58091443777084351
test_protein_3400,0.39842560887336731
test_protein_3396,0.93578702211380005
test_protein_3403,0.82593125104904175
test_protein_3398,0.21227379143238068
test_protein_3410,0.18284377455711365
test_protein_3407,0.13646870851516724
test_protein_3411,0.99762123823165894
test_protein_3399,0.39344927668571472
test_protein_3402,0.29798653721809387
test_protein_3404,0.91126596927642822
test_protein_3406,0.44683021306991577
test_protein_3412,0.097032226622104645
test_protein_3413,0.13401038944721222
test_protein_3417,0.014299176633358002
test_protein_3416,0.36769860982894897
test_protein_3409,0.045960627496242523
test_protein_3415,0.9351574182510376
test_protein_3418,0.43203434348106384
test_protein_3414,0.45299831032752991
test_protein_3421,0.97302407026290894
test_protein_3419,0.89237189292907715
test_protein_3423,0.77503138780593872
test_protein_3424,0.87464034557342529
test_protein_3422,0.8982011079788208
test_protein_3420,0.33354896306991577
test_protein_3429,0.61688697338104248
test_protein_3425,0.34605473279953003
test_protein_3428,0.69057053327560425
test_protein_3426,0.51611936092376709
test_protein_3430,0.31577801704406738
test_protein_3427,0.73870348930358887
test_protein_3433,0.65214645862579346
test_protein_3436,0.51168042421340942
test_protein_3432,0.56055176258087158
test_protein_3431,0.56164246797561646
test_protein_3435,0.53655093908309937
test_protein_3437,0.98731577396392822
test_protein_3434,0.79846769571304321
test_protein_3438,0.52793431282043457
test_protein_3442,0.46533668041229248
test_protein_3440,0.71827369928359985
test_protein_3446,0.48207110166549683
test_protein_3443,0.56542998552322388
test_protein_3439,0.38273721933364868
test_protein_3445,0.74729424715042114
test_protein_3444,0.45341864228248596
test_protein_3441,0.49689030647277832
test_protein_3447,0.5179474949836731
test_protein_3448,0.023528432473540306
test_protein_3451,0.53883039951324463
test_protein_3452,0.55478352308273315
test_protein_3453,0.6980629563331604
test_protein_3454,0.55540007352828979
test_protein_3449,0.2994321882724762
test_protein_3450,0.72202521562576294
test_protein_3457,0.43298059701919556
test_protein_3456,0.54411149024963379
test_protein_3462,0.07006429135799408
test_protein_3458,0.0058299028314650059
test_protein_3461,0.12523999810218811
test_protein_3455,0.056260392069816589
test_protein_3463,0.13909675180912018
test_protein_3468,0.97409069538116455
test_protein_3466,0.69913607835769653
test_protein_3470,0.70794612169265747
test_protein_3464,0.090155482292175293
test_protein_3472,0.028889056295156479
test_protein_3467,0.35136878490447998
test_protein_3473,0.61560779809951782
test_protein_3459,0.4691641628742218
test_protein_3465,0.015111257322132587
test_protein_3460,0.30025288462638855
test_protein_3471,0.13521651923656464
test_protein_3469,0.9131736159324646
test_protein_3474,0.25174501538276672
test_protein_3478,0.43831789493560791
test_protein_3476,0.81915128231048584
test_protein_3477,0.97878199815750122
test_protein_3479,0.32739239931106567
test_protein_3482,0.78793847560882568
test_protein_3481,0.91496282815933228
test_protein_3483,0.47860929369926453
test_protein_3488,0.8025544285774231
test_protein_3487,0.016466453671455383
test_protein_3484,0.2846774160861969
test_protein_3475,0.28030118346214294
test_protein_3485,0.30253231525421143
test_protein_3489,0.88397222757339478
test_protein_3486,0.015663310885429382
test_protein_3480,0.3349478542804718
test_protein_3493,0.68267834186553955
test_protein_3491,0.77725976705551147
test_protein_3490,0.70156854391098022
test_protein_3495,0.4911046028137207
test_protein_3496,0.99793648719787598
test_protein_3497,0.88429981470108032
test_protein_3498,0.46617254614830017
test_protein_3500,0.40206584334373474
test_protein_3492,0.74276435375213623
test_protein_3499,0.23996725678443909
test_protein_3494,0.86556261777877808
test_protein_3501,0.43895429372787476
test_protein_3503,0.80609285831451416
test_protein_3504,0.030252914875745773
test_protein_3502,0.40348219871520996
test_protein_3505,0.6215253472328186
test_protein_3511,0.95810568332672119
test_protein_3507,0.5855262279510498
test_protein_3512,0.83907401561737061
test_protein_3506,0.54818272590637207
test_protein_3513,0.46036258339881897
test_protein_3510,0.54696732759475708
test_protein_3509,0.64355766773223877
test_protein_3516,0.36101219058036804
test_protein_3508,0.5211980938911438
test_protein_3518,0.15458472073078156
test_protein_3519,0.079686425626277924
test_protein_3524,0.66826170682907104
test_protein_3515,0.90854460000991821
test_protein_3521,0.31897643208503723
test_protein_3525,0.6426348090171814
test_protein_3523,0.2642243504524231
test_protein_3520,0.28849881887435913
test_protein_3527,0.38058817386627197
test_protein_3517,0.14058530330657959
test_protein_3526,0.30504971742630005
test_protein_3514,0.68057477474212646
test_protein_3529,0.43424531817436218
test_protein_3522,0.39511460065841675
test_protein_3528,0.49864786863327026
test_protein_3530,0.43133646249771118
test_protein_3535,0.16266472637653351
test_protein_3536,0.71049076318740845
test_protein_3537,0.48045217990875244
test_protein_3534,0.50538516044616699
test_protein_3532,0.071836605668067932
test_protein_3533,0.6848750114440918
test_protein_3542,0.23740066587924957
test_protein_3531,0.74560695886611938
test_protein_3539,0.0021403427235782146
test_protein_3541,0.62462061643600464
test_protein_3543,0.66190105676651001
test_protein_3550,0.28021523356437683
test_protein_3538,0.20099198818206787
test_protein_3540,0.98116999864578247
test_protein_3549,0.028981706127524376
test_protein_3545,0.55550700426101685
test_protein_3548,0.61345231533050537
test_protein_3546,0.62761521339416504
test_protein_3547,0.73800981044769287
test_protein_3544,0.51943445205688477
test_protein_3552,0.52256929874420166
test_protein_3554,0.54355365037918091
test_protein_3551,0.15890860557556152
test_protein_3553,0.9288640022277832
test_protein_3556,0.76720821857452393
test_protein_3555,0.52594399452209473
test_protein_3560,0.35666024684906006
test_protein_3561,0.7882574200630188
test_protein_3563,0.76093518733978271
test_protein_3557,0.051383703947067261
test_protein_3559,0.15597563982009888
test_protein_3565,0.98604834079742432
test_protein_3558,0.22275082767009735
test_protein_3562,0.73082923889160156
test_protein_3566,0.79413896799087524
test_protein_3564,0.56148773431777954
test_protein_3571,0.55152368545532227
test_protein_3577,0.5016971230506897
test_protein_3578,0.80027252435684204
test_protein_3569,0.73309844732284546
test_protein_3580,0.4312136173248291
test_protein_3570,0.67522704601287842
test_protein_3576,0.93384331464767456
test_protein_3572,0.67240923643112183
test_protein_3568,0.58985459804534912
test_protein_3573,0.54673486948013306
test_protein_3567,0.86617225408554077
test_protein_3574,0.62728112936019897
test_protein_3581,0.87843739986419678
test_protein_3582,0.4420924186706543
test_protein_3584,0.7210620641708374
test_protein_3579,0.69065976142883301
test_protein_3583,0.71919703483581543
test_protein_3575,0.45543688535690308
test_protein_3585,0.69672930240631104
test_protein_3589,0.56780552864074707
test_protein_3587,0.58619189262390137
test_protein_3590,0.35589033365249634
test_protein_3586,0.56531304121017456
test_protein_3592,0.90224647521972656
test_protein_3588,0.63664901256561279
test_protein_3593,0.52711576223373413
test_protein_3596,0.33383557200431824
test_protein_3598,0.18619804084300995
test_protein_3591,0.7525327205657959
test_protein_3599,0.83925104141235352
test_protein_3595,0.74914532899856567
test_protein_3601,0.22424218058586121
test_protein_3600,0.061834674328565598
test_protein_3597,0.15161086618900299
test_protein_3594,0.85494863986968994
test_protein_3606,0.019790090620517731
test_protein_3602,0.23682187497615814
test_protein_3603,0.17748217284679413
test_protein_3604,0.17171864211559296
test_protein_3607,0.52197974920272827
test_protein_3605,0.039835043251514435
test_protein_3608,0.09213702380657196
test_protein_3609,0.66107910871505737
test_protein_3614,0.67923671007156372
test_protein_3611,0.51406627893447876
test_protein_3615,0.93619817495346069
test_protein_3610,0.031557526439428329
test_protein_3613,0.58739441633224487
test_protein_3612,0.69921427965164185
test_protein_3617,0.6287987232208252
test_protein_3616,0.54361701011657715
test_protein_3618,0.48215416073799133
test_protein_3620,0.066828258335590363
test_protein_3619,0.059419803321361542
test_protein_3623,0.21740414202213287
test_protein_3621,0.59925711154937744
test_protein_3629,0.0091549856588244438
test_protein_3622,0.453685462474823
test_protein_3626,0.63197791576385498
test_protein_3628,0.94377261400222778
test_protein_3631,0.04670209065079689
test_protein_3627,0.56402307748794556
test_protein_3624,0.57399564981460571
test_protein_3630,0.19697949290275574
test_protein_3625,0.2230965793132782
test_protein_3632,0.31657901406288147
test_protein_3633,0.028344776481389999
test_protein_3634,0.029031993821263313
test_protein_3637,0.026520872488617897
test_protein_3639,0.020080514252185822
test_protein_3635,0.041985820978879929
test_protein_3636,0.47541815042495728
test_protein_3638,0.042989872395992279
test_protein_3644,0.66450715065002441
test_protein_3640,0.021214734762907028
test_protein_3643,0.50565433502197266
test_protein_3642,0.25062277913093567
test_protein_3641,0.03918958455324173
test_protein_3645,0.52707123756408691
test_protein_3646,0.48663190007209778
test_protein_3649,0.41434067487716675
test_protein_3647,0.82475370168685913
test_protein_3652,0.48044407367706299
test_protein_3648,0.64769500494003296
test_protein_3653,0.31098228693008423
test_protein_3650,0.85605603456497192
test_protein_3654,0.23431406915187836
test_protein_3651,0.78076767921447754
test_protein_3656,0.53004074096679688
test_protein_3655,0.60237938165664673
test_protein_3657,0.25513988733291626
test_protein_3658,0.68688803911209106
test_protein_3661,0.000143889628816396
test_protein_3659,0.64005833864212036
test_protein_3660,0.73101258277893066
test_protein_3662,0.00138491066172719
test_protein_3663,0.34030935168266296
test_protein_3664,0.4751332700252533
test_protein_3666,0.70854967832565308
test_protein_3665,0.45051002502441406
test_protein_3667,0.54749923944473267
test_protein_3669,0.44985687732696533
test_protein_3668,0.78832238912582397
test_protein_3670,0.28801992535591125
test_protein_3672,0.68146592378616333
test_protein_3673,0.4755980372428894
test_protein_3671,0.66281300783157349
test_protein_3678,0.55475825071334839
test_protein_3674,0.30590423941612244
test_protein_3676,0.37459751963615417
test_protein_3675,0.42086270451545715
test_protein_3677,0.18355792760848999
test_protein_3679,0.2197200208902359
test_protein_3683,0.6498216986656189
test_protein_3684,0.73668891191482544
test_protein_3681,0.49335524439811707
test_protein_3686,0.20803803205490112
test_protein_3682,0.66004085540771484
test_protein_3688,0.40698671340942383
test_protein_3685,0.56749218702316284
test_protein_3687,0.6523817777633667
test_protein_3680,0.00045895163202658296
test_protein_3689,0.16189995408058167
test_protein_3690,0.4726051390171051
test_protein_3697,0.65226274728775024
test_protein_3693,0.56409478187561035
test_protein_3695,0.00015292370517272502
test_protein_3691,0.52646023035049438
test_protein_3692,0.63998264074325562
test_protein_3694,0.32937145233154297
test_protein_3700,0.52583777904510498
test_protein_3696,0.62046152353286743
test_protein_3699,0.39465978741645813
test_protein_3701,0.77516311407089233
test_protein_3698,0.71085476875305176
test_protein_3702,0.41850709915161133
test_protein_3704,0.4670126736164093
test_protein_3703,0.42466256022453308
test_protein_3706,0.54207849502563477
test_protein_3705,0.72557806968688965
test_protein_3707,0.30079549551010132
test_protein_3713,0.44315677881240845
test_protein_3710,1.6152114767464809e-05
test_protein_3711,0.60454010963439941
test_protein_3709,0.13055053353309631
test_protein_3715,0.50753492116928101
test_protein_3708,0.34134519100189209
test_protein_3712,5.6499331549275666e-05
test_protein_3714,0.71988523006439209
test_protein_3717,0.006750812754034996
test_protein_3721,0.4934590756893158
test_protein_3718,0.59998708963394165
test_protein_3716,0.11948449164628983
test_protein_3719,0.54926609992980957
test_protein_3722,0.64587312936782837
test_protein_3720,0.74711823463439941
test_protein_3724,0.60396933555603027
test_protein_3723,0.51957792043685913
test_protein_3725,0.53395837545394897
test_protein_3730,0.80709171295166016
test_protein_3726,0.35918694734573364
test_protein_3727,0.46538609266281128
test_protein_3735,0.50623303651809692
test_protein_3728,1.311540836468339e-05
test_protein_3736,0.28805267810821533
test_protein_3733,0.83454835414886475
test_protein_3732,0.046441301703453064
test_protein_3729,2.0072913684998639e-05
test_protein_3731,0.62421798706054688
test_protein_3734,0.64874809980392456
test_protein_3737,7.5216748882667162e-06
test_protein_3738,0.040741574019193649
test_protein_3741,0.33173990249633789
test_protein_3740,7.6544340117834508e-05
test_protein_3744,0.58369451761245728
test_protein_3743,0.42905929684638977
test_protein_3739,0.53544527292251587
test_protein_3745,0.67572736740112305
test_protein_3746,0.52002978324890137
test_protein_3742,0.6170036792755127
test_protein_3747,0.114955835044384
test_protein_3749,0.23666925728321075
test_protein_3751,0.27712646126747131
test_protein_3757,0.31499701738357544
test_protein_3753,0.15096952021121979
test_protein_3754,0.59531515836715698
test_protein_3750,0.5437050461769104
test_protein_3752,0.84737187623977661
test_protein_3758,0.84176009893417358
test_protein_3748,0.3702300488948822
test_protein_3759,0.47599244117736816
test_protein_3756,0.48023417592048645
test_protein_3755,0.68408757448196411
test_protein_3760,0.78194737434387207
test_protein_3762,0.0050939153879880905
test_protein_3761,0.47698876261711121
test_protein_3764,0.6916501522064209
test_protein_3763,0.40583303570747375
test_protein_3768,0.59403723478317261
test_protein_3769,0.71583658456802368
test_protein_3770,0.00069166714092716575
test_protein_3766,0.86935573816299438
test_protein_3772,0.27944689989089966
test_protein_3771,0.64918267726898193
test_protein_3765,0.38704997301101685
test_protein_3767,0.44726637005805969
test_protein_3773,0.54008972644805908
test_protein_3775,0.28239879012107849
test_protein_3779,0.56434231996536255
test_protein_3776,0.70480996370315552
test_protein_3774,0.44828227162361145
test_protein_3777,0.69758594036102295
test_protein_3778,0.77075260877609253
test_protein_3780,0.43035489320755005
test_protein_3787,0.51739388704299927
test_protein_3781,0.35657578706741333
test_protein_3782,0.45860609412193298
test_protein_3783,0.36240687966346741
test_protein_3785,0.82549393177032471
test_protein_3786,0.74680256843566895
test_protein_3784,0.44071662425994873
test_protein_3789,0.41499575972557068
test_protein_3788,0.59164708852767944
test_protein_3790,4.9412225052947178e-05
test_protein_3791,0.80122613906860352
test_protein_3795,0.28272935748100281
test_protein_3794,0.0047763334587216377
test_protein_3793,0.30714017152786255
test_protein_3796,0.26058474183082581
test_protein_3792,1.3761019545199815e-05
test_protein_3797,0.00012161400081822649
test_protein_3798,0.00011895868374267593
test_protein_3799,0.52084428071975708
test_protein_3800,0.17762111127376556
test_protein_3801,0.42501038312911987
test_protein_3807,0.68407440185546875
test_protein_3805,0.46498501300811768
test_protein_3806,0.92965590953826904
test_protein_3804,0.31344461441040039
test_protein_3811,0.58969771862030029
test_protein_3802,0.033649109303951263
test_protein_3809,0.7647055983543396
test_protein_3803,0.14516903460025787
test_protein_3810,0.8023601770401001
test_protein_3808,0.76963675022125244
test_protein_3812,0.35732308030128479
test_protein_3813,0.2673126757144928
test_protein_3815,0.32616961002349854
test_protein_3816,0.56911343336105347
test_protein_3817,0.00010750342335086316
test_protein_3814,5.3080042562214658e-05
test_protein_3820,0.50510966777801514
test_protein_3818,0.0076771783642470837
test_protein_3821,0.71401464939117432
test_protein_3819,0.34476864337921143
test_protein_3825,0.57242107391357422
test_protein_3823,0.22007746994495392
test_protein_3822,0.65888404846191406
test_protein_3824,0.52255362272262573
test_protein_3826,0.50224655866622925
test_protein_3828,3.4478740417398512e-05
test_protein_3830,0.13364633917808533
test_protein_3831,0.09036736935377121
test_protein_3832,0.42680984735488892
test_protein_3827,0.45230671763420105
test_protein_3829,0.00010919888882199302
test_protein_3834,0.45477902889251709
test_protein_3836,0.46730417013168335
test_protein_3833,0.37237277626991272
test_protein_3835,0.79067409038543701
test_protein_3837,0.10505114495754242
test_protein_3840,0.15962299704551697
test_protein_3841,2.6155923478654586e-05
test_protein_3844,3.2868098060134798e-05
test_protein_3839,0.51856952905654907
test_protein_3838,0.38613712787628174
test_protein_3846,0.25111359357833862
test_protein_3843,0.37456992268562317
test_protein_3847,0.039976179599761963
test_protein_3845,0.24526466429233551
test_protein_3842,0.56418019533157349
test_protein_3848,0.61295211315155029
test_protein_3849,0.62065547704696655
test_protein_3850,0.61604106426239014
test_protein_3853,0.44338250160217285
test_protein_3851,0.5783812403678894
test_protein_3852,0.53411489725112915
test_protein_3857,0.6281324028968811
test_protein_3854,0.77374285459518433
test_protein_3859,0.84877532720565796
test_protein_3856,0.73038184642791748
test_protein_3860,0.32660874724388123
test_protein_3858,0.27107691764831543
test_protein_3855,0.34124112129211426
test_protein_3861,5.3479085181606933e-05
test_protein_3863,0.002459787530824542
test_protein_3865,0.63834136724472046
test_protein_3862,0.57001960277557373
test_protein_3868,0.40421050786972046
test_protein_3866,0.55971115827560425
test_protein_3864,0.73961371183395386
test_protein_3869,0.90758609771728516
test_protein_3867,0.38612520694732666
test_protein_3872,0.58254969120025635
test_protein_3870,0.42907354235649109
test_protein_3871,0.71547847986221313
test_protein_3873,0.65811926126480103
test_protein_3874,0.40995499491691589
test_protein_3878,0.39111977815628052
test_protein_3877,0.31843036413192749
test_protein_3876,0.28959810733795166
test_protein_3879,3.5503424442140386e-05
test_protein_3875,1.0148110959562473e-05
test_protein_3880,0.14883065223693848
test_protein_3883,0.4753933846950531
test_protein_3882,0.00048472106573171914
test_protein_3886,0.34438866376876831
test_protein_3881,0.25112903118133545
test_protein_3884,0.37314349412918091
test_protein_3885,0.4040253758430481
test_protein_3887,1.4645218470832333e-05
test_protein_3890,0.40144449472427368
test_protein_3889,0.55207419395446777
test_protein_3888,0.60334646701812744
test_protein_3895,0.4683648943901062
test_protein_3891,0.31135451793670654
test_protein_3893,0.74678540229797363
test_protein_3898,0.0019877306185662746
test_protein_3894,0.40194550156593323
test_protein_3892,0.58829212188720703
test_protein_3896,0.57942777872085571
test_protein_3897,0.064666479825973511
test_protein_3900,0.30550229549407959
test_protein_3899,0.066917136311531067
test_protein_3901,0.700001060962677
test_protein_3902,0.42219564318656921
test_protein_3905,0.24956084787845612
test_protein_3904,0.13538898527622223
test_protein_3903,0.35359865427017212
test_protein_3907,0.052861180156469345
test_protein_3909,0.6170005202293396
test_protein_3908,0.36590740084648132
test_protein_3906,0.57916742563247681
test_protein_3910,0.66982424259185791
test_protein_3911,0.56492680311203003
test_protein_3912,0.6000409722328186
test_protein_3913,0.18941135704517365
test_protein_3914,0.62400054931640625
test_protein_3920,0.0058735855855047703
test_protein_3916,0.71063631772994995
test_protein_3921,0.40956056118011475
test_protein_3915,0.71142292022705078
test_protein_3918,0.4234391450881958
test_protein_3917,0.45104646682739258
test_protein_3922,0.70169228315353394
test_protein_3919,0.342336505651474
test_protein_3925,0.48677060008049011
test_protein_3924,0.66886764764785767
test_protein_3926,0.29502999782562256
test_protein_3923,0.57005816698074341
test_protein_3927,0.57975596189498901
test_protein_3934,0.74167340993881226
test_protein_3931,0.68955743312835693
test_protein_3932,0.35774853825569153
test_protein_3929,0.62936252355575562
test_protein_3928,0.7757871150970459
test_protein_3933,0.076127082109451294
test_protein_3930,0.44842863082885742
test_protein_3935,0.82283467054367065
test_protein_3936,0.56769520044326782
test_protein_3939,0.55479639768600464
test_protein_3937,0.25648361444473267
test_protein_3941,0.00011770430137403309
test_protein_3938,0.67592209577560425
test_protein_3942,0.51936477422714233
test_protein_3947,0.1132967472076416
test_protein_3940,0.41555666923522949
test_protein_3943,0.26201415061950684
test_protein_3946,9.7652628028299659e-05
test_protein_3948,0.63083547353744507
test_protein_3944,0.0033432217314839363
test_protein_3945,0.098937869071960449
test_protein_3951,0.28274768590927124
test_protein_3953,0.41572749614715576
test_protein_3949,3.6433306377148256e-05
test_protein_3954,0.57956492900848389
test_protein_3950,0.013307586312294006
test_protein_3955,0.43892863392829895
test_protein_3952,0.17581848800182343
test_protein_3959,0.53647565841674805
test_protein_3956,0.12505470216274261
test_protein_3957,0.070710740983486176
test_protein_3966,0.61369937658309937
test_protein_3958,0.24608232080936432
test_protein_3963,0.58247894048690796
test_protein_3961,0.10995659977197647
test_protein_3965,0.59967285394668579
test_protein_3962,0.01606590673327446
test_protein_3960,0.43840259313583374
test_protein_3964,0.013891720212996006
test_protein_3967,0.72047799825668335
test_protein_3969,0.61351537704467773
test_protein_3973,0.556346595287323
test_protein_3971,0.62408971786499023
test_protein_3970,0.071784965693950653
test_protein_3972,0.59979164600372314
test_protein_3968,0.5456961989402771
test_protein_3974,0.65274566411972046
test_protein_3975,0.20688615739345551
test_protein_3980,0.67161411046981812
test_protein_3978,0.80220317840576172
test_protein_3976,7.2044087573885918e-05
test_protein_3979,0.58254313468933105
test_protein_3977,0.67381072044372559
test_protein_3983,0.43993130326271057
test_protein_3982,0.6278267502784729
test_protein_3984,0.64602375030517578
test_protein_3981,0.7356497049331665
test_protein_3985,0.4811859130859375
test_protein_3986,0.47519174218177795
test_protein_3987,0.21512244641780853
test_protein_3993,0.49676233530044556
test_protein_3988,0.12670858204364777
test_protein_3994,0.42980918288230896
test_protein_3990,0.7228628396987915
test_protein_3996,0.42775684595108032
test_protein_3995,0.45658770203590393
test_protein_3991,0.68496817350387573
test_protein_3992,4.9372898502042517e-05
test_protein_3989,0.48953348398208618
test_protein_3999,0.78052383661270142
test_protein_3997,0.19790135324001312
test_protein_4002,0.013929200358688831
test_protein_4003,0.0042714835144579411
test_protein_4000,0.61486709117889404
test_protein_4001,0.59698319435119629
test_protein_4007,0.31246101856231689
test_protein_4008,0.75613337755203247
test_protein_4004,0.38268035650253296
test_protein_4005,0.33730503916740417
test_protein_4009,0.67095315456390381
test_protein_4006,0.48049697279930115
test_protein_3998,0.62042248249053955
test_protein_4011,0.0012503451434895396
test_protein_4010,0.46770936250686646
test_protein_4013,0.36441978812217712
test_protein_4014,0.40653514862060547
test_protein_4015,0.32945752143859863
test_protein_4012,0.58280754089355469
test_protein_4020,0.018177391961216927
test_protein_4018,0.056650459766387939
test_protein_4017,0.044935859739780426
test_protein_4016,0.32880553603172302
test_protein_4019,0.38954311609268188
test_protein_4021,0.0010706224711611867
test_protein_4023,0.038197778165340424
test_protein_4022,0.0069386516697704792
test_protein_4024,0.61049532890319824
test_protein_4027,0.48292291164398193
test_protein_4026,0.68138128519058228
test_protein_4025,0.45398613810539246
test_protein_4029,0.95637714862823486
test_protein_4032,0.45329493284225464
test_protein_4028,0.83766388893127441
test_protein_4031,0.61623823642730713
test_protein_4030,0.00053961772937327623
test_protein_4033,0.29975661635398865
test_protein_4036,0.34277269244194031
test_protein_4037,0.19525577127933502
test_protein_4035,0.67025023698806763
test_protein_4034,0.32786265015602112
test_protein_4040,0.41402599215507507
test_protein_4041,0.52400285005569458
test_protein_4038,0.59505271911621094
test_protein_4039,0.63760095834732056
test_protein_4043,0.63376545906066895
test_protein_4042,0.4309631884098053
test_protein_4044,0.26089009642601013
test_protein_4045,0.00025169216678477824
test_protein_4046,0.39275738596916199
test_protein_4047,0.2493322342634201
test_protein_4048,0.36321729421615601
test_protein_4049,0.49607929587364197
test_protein_4051,0.91227024793624878
test_protein_4052,0.54410171508789062
test_protein_4050,0.73151159286499023
test_protein_4054,0.098949559032917023
test_protein_4053,0.38531109690666199
test_protein_4055,0.58417165279388428
test_protein_4059,0.37479543685913086
test_protein_4056,0.42897248268127441
test_protein_4057,0.30391526222229004
test_protein_4061,0.57793015241622925
test_protein_4058,0.38294637203216553
test_protein_4060,0.62981164455413818
test_protein_4065,0.34005427360534668
test_protein_4063,0.42748978734016418
test_protein_4062,0.13451695442199707
test_protein_4068,0.46674323081970215
test_protein_4064,0.63362842798233032
test_protein_4066,0.57160985469818115
test_protein_4067,0.18427960574626923
test_protein_4071,0.63184612989425659
test_protein_4070,0.97468715906143188
test_protein_4069,0.39168408513069153
test_protein_4072,0.4200308620929718
test_protein_4073,0.3160320520401001
test_protein_4077,0.69333982467651367
test_protein_4078,0.70843112468719482
test_protein_4075,0.05111052468419075
test_protein_4074,0.34171995520591736
test_protein_4076,0.64920330047607422
test_protein_4079,0.11352607607841492
test_protein_4081,5.3433304856298491e-06
test_protein_4080,0.31478780508041382
test_protein_4083,0.32281389832496643
test_protein_4086,0.70640969276428223
test_protein_4082,0.70644110441207886
test_protein_4084,0.55042827129364014
test_protein_4087,0.61081820726394653
test_protein_4085,0.82824134826660156
test_protein_4088,0.35994306206703186
test_protein_4092,0.60778117179870605
test_protein_4089,0.59414583444595337
test_protein_4091,0.22778123617172241
test_protein_4090,9.544540080241859e-05
test_protein_4093,0.74598985910415649
test_protein_4096,0.48959064483642578
test_protein_4095,0.74667030572891235
test_protein_4094,0.44329670071601868
test_protein_4099,0.78856265544891357
test_protein_4098,0.65741640329360962
test_protein_4097,0.8929782509803772
test_protein_4101,0.23469553887844086
test_protein_4104,0.045909028500318527
test_protein_4102,0.44445961713790894
test_protein_4103,0.0062985513359308243
test_protein_4100,0.54986041784286499
test_protein_4105,0.40614178776741028
test_protein_4108,0.010702716186642647
test_protein_4107,0.052489578723907471
test_protein_4106,2.2757485567126423e-05
test_protein_4110,0.68484807014465332
test_protein_4109,0.65922689437866211
test_protein_4115,0.36993864178657532
test_protein_4113,0.36766067147254944
test_protein_4116,0.51844966411590576
test_protein_4112,0.64840853214263916
test_protein_4114,0.7039836049079895
test_protein_4111,0.34115031361579895
test_protein_4120,0.45960822701454163
test_protein_4119,0.3331245481967926
test_protein_4117,0.74776947498321533
test_protein_4121,0.51434284448623657
test_protein_4126,0.33999079465866089
test_protein_4122,0.3011784553527832
test_protein_4123,0.55267965793609619
test_protein_4118,0.35645335912704468
test_protein_4125,0.22517859935760498
test_protein_4127,0.49945604801177979
test_protein_4128,0.0022200834937393665
test_protein_4124,0.63957333564758301
test_protein_4133,0.75105178356170654
test_protein_4132,0.70661413669586182
test_protein_4131,0.76966780424118042
test_protein_4129,0.46046602725982666
test_protein_4135,0.50124663114547729
test_protein_4134,0.44640958309173584
test_protein_4136,0.40897300839424133
test_protein_4140,0.77404463291168213
test_protein_4137,0.50108367204666138
test_protein_4138,3.9659003959968686e-05
test_protein_4130,0.0025968961417675018
test_protein_4139,0.86176186800003052
test_protein_4143,0.65496939420700073
test_protein_4142,0.21864393353462219
test_protein_4144,0.43058940768241882
test_protein_4141,0.33333912491798401
test_protein_4145,0.55081760883331299
test_protein_4146,0.52207332849502563
test_protein_4147,0.59029883146286011
test_protein_4149,0.71392112970352173
test_protein_4150,0.77052903175354004
test_protein_4148,0.51325207948684692
test_protein_4152,0.6010553240776062
test_protein_4151,0.67103749513626099
test_protein_4153,0.0047394377179443836
test_protein_4158,0.32516449689865112
test_protein_4154,0.050012350082397461
test_protein_4161,0.28580039739608765
test_protein_4156,0.64559656381607056
test_protein_4155,0.70302343368530273
test_protein_4157,0.42825740575790405
test_protein_4163,0.68592357635498047
test_protein_4159,0.66234475374221802
test_protein_4162,0.66696226596832275
test_protein_4164,0.3907470703125
test_protein_4160,0.37994492053985596
test_protein_4166,0.26893937587738037
test_protein_4165,0.4133455753326416
test_protein_4168,0.12573763728141785
test_protein_4167,0.21457861363887787
test_protein_4170,0.32270830869674683
test_protein_4174,0.39196687936782837
test_protein_4169,0.18186298012733459
test_protein_4173,0.80179029703140259
test_protein_4172,0.44741600751876831
test_protein_4171,0.65193045139312744
test_protein_4175,0.7176520824432373
test_protein_4176,0.34304147958755493
test_protein_4178,0.19859004020690918
test_protein_4179,0.37050652503967285
test_protein_4181,0.39182105660438538
test_protein_4183,0.57890218496322632
test_protein_4177,0.36826106905937195
test_protein_4180,0.64924836158752441
test_protein_4186,0.58314543962478638
test_protein_4184,0.2647743821144104
test_protein_4185,0.56732177734375
test_protein_4182,0.58435553312301636
test_protein_4187,0.68104290962219238
test_protein_4191,0.62578392028808594
test_protein_4190,0.50523287057876587
test_protein_4188,0.66902345418930054
test_protein_4189,0.6770782470703125
test_protein_4192,0.29547256231307983
test_protein_4197,0.22086898982524872
test_protein_4193,0.36414295434951782
test_protein_4196,0.41422680020332336
test_protein_4198,0.69366335868835449
test_protein_4201,0.81231784820556641
test_protein_4194,0.94248640537261963
test_protein_4195,0.87863391637802124
test_protein_4199,0.72139477729797363
test_protein_4200,0.41828763484954834
test_protein_4202,0.35477355122566223
test_protein_4205,0.70653218030929565
test_protein_4206,0.1066291481256485
test_protein_4204,0.61763811111450195
test_protein_4203,0.34675481915473938
test_protein_4208,0.80417889356613159
test_protein_4211,0.075691342353820801
test_protein_4209,0.00011858855577884242
test_protein_4210,0.001473406795412302
test_protein_4207,0.6425703763961792
test_protein_4212,0.00033913005609065294
test_protein_4213,0.27626460790634155
test_protein_4215,0.43668153882026672
test_protein_4219,0.27895650267601013
test_protein_4214,0.61316317319869995
test_protein_4216,0.38591617345809937
test_protein_4218,0.7633088231086731
test_protein_4220,0.35334733128547668
test_protein_4217,0.32788687944412231
test_protein_4222,0.00019532517762854695
test_protein_4221,0.42664617300033569
test_protein_4223,0.54664105176925659
test_protein_4225,0.67275965213775635
test_protein_4224,0.72406876087188721
test_protein_4226,0.43617933988571167
test_protein_4228,0.61110252141952515
test_protein_4231,0.49586504697799683
test_protein_4229,4.4749922381015494e-06
test_protein_4227,0.71100872755050659
test_protein_4232,0.44536378979682922
test_protein_4230,0.15279725193977356
test_protein_4233,0.33792704343795776
test_protein_4236,0.27300149202346802
test_protein_4234,0.14434815943241119
test_protein_4241,0.26545947790145874
test_protein_4235,0.42344477772712708
test_protein_4237,0.13166581094264984
test_protein_4244,0.00015017481928225607
test_protein_4243,0.38556405901908875
test_protein_4238,0.68528252840042114
test_protein_4240,0.14668722450733185
test_protein_4242,4.9165981181431562e-05
test_protein_4239,9.3513750471174717e-05
test_protein_4247,0.5220215916633606
test_protein_4246,0.6086927056312561
test_protein_4245,0.63052326440811157
test_protein_4250,0.029649250209331512
test_protein_4248,0.46257990598678589
test_protein_4253,0.00011565094609977677
test_protein_4249,0.15318819880485535
test_protein_4252,0.44170540571212769
test_protein_4255,0.65371221303939819
test_protein_4256,0.78501492738723755
test_protein_4251,0.0066740154288709164
test_protein_4254,0.322733074426651
test_protein_4260,0.66343146562576294
test_protein_4257,0.74101132154464722
test_protein_4261,2.4598570234957151e-05
test_protein_4258,0.40344542264938354
test_protein_4259,0.37430644035339355
test_protein_4263,0.51367127895355225
test_protein_4266,0.40144059062004089
test_protein_4265,0.26784676313400269
test_protein_4262,0.66547125577926636
test_protein_4264,0.29108282923698425
test_protein_4269,0.00028549315175041556
test_protein_4268,0.28539472818374634
test_protein_4270,0.3445965051651001
test_protein_4267,0.12594540417194366
test_protein_4272,0.77126765251159668
test_protein_4273,0.001282059820368886
test_protein_4271,0.17836683988571167
test_protein_4274,0.21328556537628174
test_protein_4275,5.0227859901497141e-05
test_protein_4276,0.41607415676116943
test_protein_4279,0.74334651231765747
test_protein_4278,0.21989269554615021
test_protein_4282,0.2732175886631012
test_protein_4280,0.00010794863192131743
test_protein_4277,0.35390147566795349
test_protein_4283,0.00022416980937123299
test_protein_4281,3.2141721021616831e-05
test_protein_4285,0.3682323694229126
test_protein_4284,0.89521944522857666
test_protein_4287,0.48649683594703674
test_protein_4286,7.8777156886644661e-05
test_protein_4290,0.59444624185562134
test_protein_4291,0.44296810030937195
test_protein_4289,0.32344377040863037
test_protein_4288,0.41290423274040222
test_protein_4294,0.37663483619689941
test_protein_4293,0.45061412453651428
test_protein_4292,0.61907249689102173
test_protein_4295,0.43209901452064514
test_protein_4297,0.62169545888900757
test_protein_4296,0.49042534828186035
test_protein_4298,0.13157020509243011
test_protein_4301,0.41865447163581848
test_protein_4299,0.55883044004440308
test_protein_4302,0.93848174810409546
test_protein_4304,0.65126800537109375
test_protein_4306,0.65293872356414795
test_protein_4300,0.53235781192779541
test_protein_4308,0.28448504209518433
test_protein_4303,0.55004161596298218
test_protein_4305,0.59188234806060791
test_protein_4309,0.32317888736724854
test_protein_4311,0.2815990149974823
test_protein_4310,0.36386823654174805
test_protein_4307,0.47913962602615356
test_protein_4312,0.19682736694812775
test_protein_4317,0.44481447339057922
test_protein_4314,0.58085107803344727
test_protein_4318,0.72069364786148071
test_protein_4316,0.19912509620189667
test_protein_4313,0.2813740074634552
test_protein_4315,0.57611721754074097
test_protein_4321,0.34874367713928223
test_protein_4319,0.71695119142532349
test_protein_4320,0.48943954706192017
test_protein_4324,0.39042353630065918
test_protein_4322,0.00021183121134527028
test_protein_4325,0.3963543176651001
test_protein_4323,0.45753160119056702
test_protein_4327,0.62171286344528198
test_protein_4326,0.27521726489067078
test_protein_4330,0.034684814512729645
test_protein_4333,0.48835763335227966
test_protein_4331,0.0022254739888012409
test_protein_4332,0.71837067604064941
test_protein_4328,0.186520054936409
test_protein_4329,0.7071528434753418
test_protein_4334,2.7641535780276172e-05
test_protein_4336,0.58307754993438721
test_protein_4339,0.63176810741424561
test_protein_4338,0.0012470518704503775
test_protein_4335,0.84805041551589966
test_protein_4341,0.43336966633796692
test_protein_4343,0.62969672679901123
test_protein_4342,0.56345409154891968
test_protein_4345,0.47163861989974976
test_protein_4340,0.48445698618888855
test_protein_4337,0.0046475883573293686
test_protein_4346,0.37949162721633911
test_protein_4344,0.76668751239776611
test_protein_4349,0.40549683570861816
test_protein_4350,0.53330004215240479
test_protein_4351,0.39178097248077393
test_protein_4355,0.36132833361625671
test_protein_4348,4.002970308647491e-05
test_protein_4356,0.053831886500120163
test_protein_4347,0.79710930585861206
test_protein_4354,0.6196824312210083
test_protein_4352,0.37177184224128723
test_protein_4357,3.720011591212824e-05
test_protein_4353,0.0048894458450376987
test_protein_4358,0.52197742462158203
test_protein_4360,0.55085939168930054
test_protein_4362,0.47184509038925171
test_protein_4359,0.40881535410881042
test_protein_4361,0.52847284078598022
test_protein_4366,0.62551182508468628
test_protein_4364,0.44688114523887634
test_protein_4363,0.002632462652400136
test_protein_4365,0.51101171970367432
test_protein_4368,0.34670087695121765
test_protein_4369,0.71136331558227539
test_protein_4367,0.52042567729949951
test_protein_4372,0.41025754809379578
test_protein_4373,0.43651455640792847
test_protein_4371,0.0019467829260975122
test_protein_4375,0.77418404817581177
test_protein_4370,0.091001428663730621
test_protein_4374,0.27766671776771545
test_protein_4378,0.2496526688337326
test_protein_4379,0.15575781464576721
test_protein_4377,0.6576651930809021
test_protein_4376,0.66158854961395264
test_protein_4380,0.20963966846466064
test_protein_4385,0.23789845407009125
test_protein_4383,0.79858928918838501
test_protein_4382,0.6990702748298645
test_protein_4384,0.56943833827972412
test_protein_4381,0.46871286630630493
test_protein_4386,0.42257672548294067
test_protein_4387,0.24752615392208099
test_protein_4389,0.65335774421691895
test_protein_4390,0.36875879764556885
test_protein_4392,0.56774252653121948
test_protein_4388,0.0032304939813911915
test_protein_4391,0.5879664421081543
test_protein_4395,0.00029440087382681668
test_protein_4393,0.54231446981430054
test_protein_4394,0.43214961886405945
test_protein_4397,0.73700916767120361
test_protein_4398,0.73605614900588989
test_protein_4396,0.78500670194625854
test_protein_4399,0.81535619497299194
test_protein_4400,0.49199700355529785
test_protein_4403,0.16067534685134888
test_protein_4401,0.070993341505527496
test_protein_4402,0.21640515327453613
test_protein_4404,0.032271023839712143
test_protein_4406,0.37610936164855957
test_protein_4405,0.11442313343286514
test_protein_4408,0.1566988080739975
test_protein_4410,0.4654650092124939
test_protein_4409,0.38540786504745483
test_protein_4407,0.06840689480304718
test_protein_4411,0.33807593584060669
test_protein_4412,0.68982607126235962
test_protein_4415,0.59272760152816772
test_protein_4417,0.34798827767372131
test_protein_4414,0.42461490631103516
test_protein_4418,0.57263451814651489
test_protein_4420,0.49411121010780334
test_protein_4413,0.70062386989593506
test_protein_4424,0.49920746684074402
test_protein_4419,0.63009536266326904
test_protein_4416,0.67552196979522705
test_protein_4422,0.26054483652114868
test_protein_4423,0.37309864163398743
test_protein_4421,0.23921078443527222
test_protein_4425,0.34995508193969727
test_protein_4426,0.41863411664962769
test_protein_4429,0.22199106216430664
test_protein_4430,0.78838032484054565
test_protein_4431,0.82165050506591797
test_protein_4432,0.61796665191650391
test_protein_4428,0.30135893821716309
test_protein_4433,0.0051041650585830212
test_protein_4427,0.16230663657188416
test_protein_4436,0.29698476195335388
test_protein_4437,0.61034691333770752
test_protein_4434,0.28754636645317078
test_protein_4435,0.50568211078643799
test_protein_4439,0.34051930904388428
test_protein_4438,0.6132885217666626
test_protein_4441,0.55461150407791138
test_protein_4443,0.60362613201141357
test_protein_4442,0.78653764724731445
test_protein_4440,0.48955845832824707
test_protein_4444,0.66636353731155396
test_protein_4446,0.28160184621810913
test_protein_4447,0.69130289554595947
test_protein_4445,0.21448543667793274
test_protein_4448,0.26275071501731873
test_protein_4449,0.60156470537185669
test_protein_4452,0.69563734531402588
test_protein_4453,0.66523373126983643
test_protein_4450,0.10309521108865738
test_protein_4451,0.67497050762176514
test_protein_4454,0.67305213212966919
test_protein_4455,0.0018289500148966908
test_protein_4456,3.0238037652452476e-05
test_protein_4457,0.38908863067626953
test_protein_4465,0.23021449148654938
test_protein_4460,0.66017740964889526
test_protein_4459,0.061512816697359085
test_protein_4458,0.54815006256103516
test_protein_4462,0.72752231359481812
test_protein_4463,0.57286620140075684
test_protein_4464,0.17856967449188232
test_protein_4461,0.53041696548461914
test_protein_4466,0.27852198481559753
test_protein_4467,0.71308809518814087
test_protein_4469,0.22974739968776703
test_protein_4471,0.25890740752220154
test_protein_4468,0.34362247586250305
test_protein_4473,0.0098489085212349892
test_protein_4470,0.081287488341331482
test_protein_4475,0.47460839152336121
test_protein_4472,0.00059513159794732928
test_protein_4477,0.40548327565193176
test_protein_4474,0.61234241724014282
test_protein_4476,0.41213923692703247
test_protein_4478,1.723663262964692e-05
test_protein_4483,0.45121663808822632
test_protein_4480,0.0014703570632264018
test_protein_4479,0.075229182839393616
test_protein_4481,0.22444376349449158
test_protein_4484,0.70870423316955566
test_protein_4482,0.43607115745544434
test_protein_4485,0.003932400606572628
test_protein_4486,0.70439541339874268
test_protein_4487,0.43435183167457581
test_protein_4489,0.62969309091567993
test_protein_4491,0.16405986249446869
test_protein_4488,0.45155024528503418
test_protein_4493,0.68513226509094238
test_protein_4492,0.032614726573228836
test_protein_4495,0.37294173240661621
test_protein_4494,0.23411191999912262
test_protein_4496,0.19367735087871552
test_protein_4490,0.84143143892288208
test_protein_4497,0.50967907905578613
test_protein_4498,0.56265312433242798
test_protein_4499,0.75372028350830078
test_protein_4500,0.80059462785720825
test_protein_4504,0.43034452199935913
test_protein_4505,0.16535936295986176
test_protein_4506,0.60854518413543701
test_protein_4501,0.48966005444526672
test_protein_4509,0.71103000640869141
test_protein_4503,0.86854994297027588
test_protein_4502,0.81157541275024414
test_protein_4508,0.53191244602203369
test_protein_4507,0.41818323731422424
test_protein_4510,0.70472067594528198
test_protein_4511,0.48372569680213928
test_protein_4514,0.71758192777633667
test_protein_4513,0.62104946374893188
test_protein_4517,0.00010842689516721293
test_protein_4512,5.366489858715795e-05
test_protein_4518,0.47523495554924011
test_protein_4520,0.68747633695602417
test_protein_4515,0.68681973218917847
test_protein_4516,0.43432849645614624
test_protein_4519,0.27556008100509644
test_protein_4523,0.58433997631072998
test_protein_4525,0.64111483097076416
test_protein_4522,5.3926938562653959e-05
test_protein_4529,0.7321852445602417
test_protein_4527,0.64428120851516724
test_protein_4526,0.30739665031433105
test_protein_4528,0.62043565511703491
test_protein_4521,0.2736409604549408
test_protein_4524,0.60118424892425537
test_protein_4530,0.81907767057418823
test_protein_4533,0.74845492839813232
test_protein_4532,0.67260134220123291
test_protein_4535,0.28999379277229309
test_protein_4536,0.51241964101791382
test_protein_4531,0.66233283281326294
test_protein_4538,0.81011492013931274
test_protein_4537,0.57326918840408325
test_protein_4534,0.20145665109157562
test_protein_4539,0.15281972289085388
test_protein_4542,0.7291722297668457
test_protein_4544,5.7234788982896134e-05
test_protein_4540,0.61883765459060669
test_protein_4541,0.51750117540359497
test_protein_4543,0.40979814529418945
test_protein_4545,0.69854038953781128
test_protein_4547,0.51338398456573486
test_protein_4546,0.71972006559371948
test_protein_4549,0.38089677691459656
test_protein_4548,0.45645737648010254
test_protein_4550,0.0014425341505557299
test_protein_4555,0.40699043869972229
test_protein_4552,5.8572386478772387e-05
test_protein_4553,0.54273802042007446
test_protein_4554,0.4240838885307312
test_protein_4551,0.70488959550857544
test_protein_4558,0.64986652135848999
test_protein_4557,0.59043008089065552
test_protein_4556,0.00014228851068764925
test_protein_4559,0.37306156754493713
test_protein_4564,0.73612517118453979
test_protein_4561,0.50040680170059204
test_protein_4560,0.23461349308490753
test_protein_4562,0.37694984674453735
test_protein_4563,0.37294948101043701
test_protein_4566,0.65638887882232666
test_protein_4567,0.45553037524223328
test_protein_4568,0.33810877799987793
test_protein_4565,0.748180091381073
test_protein_4573,0.51340913772583008
test_protein_4571,0.7060774564743042
test_protein_4570,0.22775694727897644
test_protein_4574,0.63932919502258301
test_protein_4572,0.76569825410842896
test_protein_4575,0.44666185975074768
test_protein_4569,0.36447873711585999
test_protein_4576,0.32796764373779297
test_protein_4579,0.36743545532226562
test_protein_4582,0.53036141395568848
test_protein_4577,0.1185188964009285
test_protein_4578,0.57226425409317017
test_protein_4581,0.52249854803085327
test_protein_4580,0.0039607617072761059
test_protein_4584,0.26383942365646362
test_protein_4585,0.72557717561721802
test_protein_4583,0.67125755548477173
test_protein_4589,0.60841262340545654
test_protein_4590,0.93651843070983887
test_protein_4588,0.64229452610015869
test_protein_4592,0.57328915596008301
test_protein_4587,0.28844279050827026
test_protein_4586,0.73244047164916992
test_protein_4601,0.76801735162734985
test_protein_4595,0.98062700033187866
test_protein_4594,0.61452490091323853
test_protein_4593,0.80837363004684448
test_protein_4596,0.98852413892745972
test_protein_4600,0.91660892963409424
test_protein_4591,0.71075201034545898
test_protein_4605,0.86671262979507446
test_protein_4604,0.72755175828933716
test_protein_4599,0.66479510068893433
test_protein_4598,0.87660342454910278
test_protein_4597,0.72359365224838257
test_protein_4606,0.94602668285369873
test_protein_4603,0.89651745557785034
test_protein_4607,0.94923156499862671
test_protein_4602,0.80237865447998047
test_protein_4612,0.80653363466262817
test_protein_4610,0.4428274929523468
test_protein_4609,0.55197352170944214
test_protein_4608,0.64188277721405029
test_protein_4619,0.92068928480148315
test_protein_4616,0.50881338119506836
test_protein_4611,0.69704139232635498
test_protein_4613,0.91076004505157471
test_protein_4615,0.65759062767028809
test_protein_4622,0.97974956035614014
test_protein_4614,0.80574369430541992
test_protein_4617,0.28964537382125854
test_protein_4618,0.84223091602325439
test_protein_4627,0.90792697668075562
test_protein_4624,0.94773077964782715
test_protein_4626,0.77658426761627197
test_protein_4623,0.86353349685668945
test_protein_4621,0.8912474513053894
test_protein_4625,0.83412569761276245
test_protein_4620,0.84307640790939331
test_protein_4628,0.79448294639587402
test_protein_4629,0.4320848286151886
test_protein_4633,0.5150640606880188
test_protein_4631,0.00059749680804088712
test_protein_4632,0.57703483104705811
test_protein_4638,0.083959341049194336
test_protein_4634,0.19059781730175018
test_protein_4635,0.17591597139835358
test_protein_4637,0.38030925393104553
test_protein_4630,0.22292803227901459
test_protein_4636,0.30225497484207153
test_protein_4639,0.00445515476167202
test_protein_4640,0.70576226711273193
test_protein_4641,0.41100728511810303
test_protein_4642,0.00030220719054341316
test_protein_4643,0.69376969337463379
test_protein_4644,0.62469488382339478
test_protein_4645,0.74557101726531982
test_protein_4646,0.5024903416633606
test_protein_4647,7.2035982157103717e-05
test_protein_4648,0.00012085897469660267
test_protein_4649,0.21905279159545898
test_protein_4651,0.70456844568252563
test_protein_4650,0.1564352810382843
test_protein_4653,0.58187532424926758
test_protein_4652,0.45445522665977478
test_protein_4655,0.46625214815139771
test_protein_4656,0.45843347907066345
test_protein_4654,0.35448411107063293
test_protein_4658,0.74223774671554565
test_protein_4657,0.88263463973999023
test_protein_4659,0.0079469131305813789
test_protein_4662,0.6934240460395813
test_protein_4665,0.13994276523590088
test_protein_4664,0.10092081874608994
test_protein_4660,0.59288620948791504
test_protein_4666,0.67579889297485352
test_protein_4663,0.21628913283348083
test_protein_4661,0.71733695268630981
test_protein_4668,0.35479000210762024
test_protein_4671,0.31265753507614136
test_protein_4669,0.25917640328407288
test_protein_4667,0.14764347672462463
test_protein_4670,0.44773411750793457
test_protein_4672,0.00020365111413411796
test_protein_4674,0.41801047325134277
test_protein_4673,0.0013394219567999244
test_protein_4675,0.32904818654060364
test_protein_4676,0.48669528961181641
test_protein_4679,0.7094576358795166
test_protein_4678,0.8397681713104248
test_protein_4677,0.47566750645637512
test_protein_4680,0.0026496348436921835
test_protein_4684,0.44625130295753479
test_protein_4682,0.27044969797134399
test_protein_4681,0.39253008365631104
test_protein_4687,0.0016890704864636064
test_protein_4688,0.0040436927229166031
test_protein_4689,0.61983984708786011
test_protein_4686,0.75045645236968994
test_protein_4685,0.46767917275428772
test_protein_4683,0.43792665004730225
test_protein_4690,0.023682272061705589
test_protein_4691,0.55087321996688843
test_protein_4696,0.45336353778839111
test_protein_4693,0.74827313423156738
test_protein_4692,0.42728963494300842
test_protein_4695,0.29421931505203247
test_protein_4694,5.0110309530282393e-05
test_protein_4697,0.00041498371865600348
test_protein_4699,0.4896940290927887
test_protein_4698,0.46896103024482727
test_protein_4700,0.76591330766677856
test_protein_4701,0.7544788122177124
test_protein_4702,0.56804180145263672
test_protein_4703,0.80484992265701294
test_protein_4705,0.6609758734703064
test_protein_4707,0.28136178851127625
test_protein_4712,0.30543354153633118
test_protein_4704,0.68872946500778198
test_protein_4710,0.80890476703643799
test_protein_4708,0.065861038863658905
test_protein_4709,0.56581389904022217
test_protein_4706,0.54903584718704224
test_protein_4711,0.79395389556884766
test_protein_4715,0.35265567898750305
test_protein_4713,0.0018447627080604434
test_protein_4716,0.55118358135223389
test_protein_4714,0.0027300920337438583
test_protein_4718,0.00023850986326579005
test_protein_4717,0.38100841641426086
test_protein_4722,0.078031085431575775
test_protein_4721,0.46656394004821777
test_protein_4719,0.3902226984500885
test_protein_4723,0.73838293552398682
test_protein_4720,0.71559745073318481
test_protein_4724,0.78640478849411011
test_protein_4726,0.39549267292022705
test_protein_4725,0.40531575679779053
test_protein_4735,0.55450397729873657
test_protein_4730,0.41276252269744873
test_protein_4728,0.55332392454147339
test_protein_4733,1.9742747099371627e-05
test_protein_4734,0.36320954561233521
test_protein_4729,0.32518166303634644
test_protein_4731,0.5087926983833313
test_protein_4732,0.47309389710426331
test_protein_4727,0.56746590137481689
test_protein_4736,0.75335359573364258
test_protein_4737,0.54575508832931519
test_protein_4740,0.58320838212966919
test_protein_4739,0.70918989181518555
test_protein_4738,0.58869218826293945
test_protein_4741,0.3978271484375
test_protein_4742,0.61832600831985474
test_protein_4744,0.31678575277328491
test_protein_4743,2.7933159799431451e-05
test_protein_4748,0.37213870882987976
test_protein_4746,0.20784430205821991
test_protein_4745,0.010282884351909161
test_protein_4747,0.52427667379379272
test_protein_4749,0.28272706270217896
test_protein_4751,0.11324945092201233
test_protein_4753,0.21153199672698975
test_protein_4750,0.0083097610622644424
test_protein_4752,0.61468178033828735
test_protein_4756,0.62248295545578003
test_protein_4757,0.59636610746383667
test_protein_4754,0.00025915037258528173
test_protein_4755,0.25644215941429138
test_protein_4760,0.41593587398529053
test_protein_4758,0.46996584534645081
test_protein_4759,0.40616995096206665
test_protein_4764,0.89933496713638306
test_protein_4765,0.71822887659072876
test_protein_4761,0.67177903652191162
test_protein_4762,0.52720999717712402
test_protein_4763,0.81518769264221191
test_protein_4766,0.68486642837524414
test_protein_4770,0.83387267589569092
test_protein_4767,0.1458040326833725
test_protein_4768,0.50932693481445312
test_protein_4769,0.85207927227020264
test_protein_4771,0.37949579954147339
test_protein_4774,0.03603401780128479
test_protein_4775,0.22008347511291504
test_protein_4772,0.35282257199287415
test_protein_4773,0.41266936063766479
test_protein_4776,0.16032567620277405
test_protein_4780,0.73364132642745972
test_protein_4777,0.075901240110397339
test_protein_4783,0.00060337228933349252
test_protein_4779,0.24308045208454132
test_protein_4782,0.40467169880867004
test_protein_4784,0.23641990125179291
test_protein_4778,0.44597429037094116
test_protein_4787,0.41312792897224426
test_protein_4781,0.52943283319473267
test_protein_4785,0.0002010480675380677
test_protein_4788,0.64680337905883789
test_protein_4789,0.63238978385925293
test_protein_4786,0.01901639811694622
test_protein_4791,0.58276021480560303
test_protein_4792,0.5952218770980835
test_protein_4790,0.56934148073196411
test_protein_4796,0.82629913091659546
test_protein_4793,0.41599950194358826
test_protein_4799,0.59866517782211304
test_protein_4794,0.20055511593818665
test_protein_4797,0.43178606033325195
test_protein_4798,0.36600875854492188
test_protein_4800,0.55497938394546509
test_protein_4795,0.6220020055770874
test_protein_4801,0.57345795631408691
test_protein_4804,0.55303007364273071
test_protein_4807,0.046934887766838074
test_protein_4802,0.52806615829467773
test_protein_4803,0.7273070216178894
test_protein_4808,0.28199255466461182
test_protein_4810,0.084868282079696655
test_protein_4805,0.66479164361953735
test_protein_4809,0.18324197828769684
test_protein_4806,0.76272088289260864
test_protein_4811,0.013733075931668282
test_protein_4816,0.3541424572467804
test_protein_4813,0.10821292549371719
test_protein_4817,0.070719249546527863
test_protein_4812,0.014248636551201344
test_protein_4818,0.0036733290180563927
test_protein_4819,0.51075685024261475
test_protein_4815,0.81262832880020142
test_protein_4814,0.16060569882392883
test_protein_4820,0.64087814092636108
test_protein_4821,0.44413250684738159
test_protein_4822,0.66609388589859009
test_protein_4824,0.38583812117576599
test_protein_4825,0.53860968351364136
test_protein_4831,0.1152748316526413
test_protein_4823,0.26815959811210632
test_protein_4827,0.4235251247882843
test_protein_4828,0.66058957576751709
test_protein_4829,0.21839916706085205
test_protein_4830,0.0001375617430312559
test_protein_4833,0.43973729014396667
test_protein_4832,0.44175276160240173
test_protein_4834,0.54655551910400391
test_protein_4826,0.50349777936935425
test_protein_4838,0.43745279312133789
test_protein_4835,0.064579568803310394
test_protein_4836,0.24705539643764496
test_protein_4840,0.14932385087013245
test_protein_4837,0.16332638263702393
test_protein_4841,0.23042063415050507
test_protein_4842,0.21649461984634399
test_protein_4843,0.38924947381019592
test_protein_4845,0.42006519436836243
test_protein_4847,0.46536695957183838
test_protein_4844,0.28214329481124878
test_protein_4846,0.61964577436447144
test_protein_4839,9.0730572992470115e-06
test_protein_4851,0.26218506693840027
test_protein_4849,0.17272278666496277
test_protein_4848,0.38441148400306702
test_protein_4850,0.39820876717567444
test_protein_4852,0.34880563616752625
test_protein_4853,0.42174509167671204
test_protein_4855,0.47128039598464966
test_protein_4859,0.32371848821640015
test_protein_4856,0.34865173697471619
test_protein_4860,0.12933152914047241
test_protein_4863,0.3921482264995575
test_protein_4854,0.131177619099617
test_protein_4857,0.36201924085617065
test_protein_4858,0.025824913755059242
test_protein_4862,0.37102439999580383
test_protein_4865,0.55769073963165283
test_protein_4861,0.33528807759284973
test_protein_4866,0.063271008431911469
test_protein_4864,0.22442293167114258
test_protein_4868,0.56013238430023193
test_protein_4872,0.28797399997711182
test_protein_4869,0.49448424577713013
test_protein_4867,0.0001141360990004614
test_protein_4874,0.0044353441335260868
test_protein_4871,0.034771479666233063
test_protein_4870,0.62766581773757935
test_protein_4873,0.29398465156555176
test_protein_4875,0.68282818794250488
test_protein_4880,0.50166749954223633
test_protein_4883,0.00066993787186220288
test_protein_4879,0.63906490802764893
test_protein_4877,0.61911255121231079
test_protein_4878,0.80113214254379272
test_protein_4885,0.78935807943344116
test_protein_4882,0.72589296102523804
test_protein_4881,0.215727299451828
test_protein_4876,0.16088750958442688
test_protein_4884,0.60077422857284546
test_protein_4886,0.077073603868484497
test_protein_4887,0.26641315221786499
test_protein_4889,0.73770558834075928
test_protein_4888,0.00092878082068637013
test_protein_4893,0.001630895072594285
test_protein_4898,0.44366413354873657
test_protein_4895,0.97243809700012207
test_protein_4897,0.00078202731674537063
test_protein_4890,1.0407386980659794e-05
test_protein_4894,0.47127598524093628
test_protein_4891,0.33071452379226685
test_protein_4892,0.14175654947757721
test_protein_4896,0.65127444267272949
test_protein_4903,0.38309681415557861
test_protein_4902,0.3849835991859436
test_protein_4900,0.30663764476776123
test_protein_4901,0.48664179444313049
test_protein_4899,0.28826120495796204
test_protein_4905,0.74157828092575073
test_protein_4904,0.28139221668243408
test_protein_4907,0.79290175437927246
test_protein_4906,0.28065791726112366
test_protein_4910,0.22292341291904449
test_protein_4908,0.14123868942260742
test_protein_4909,0.17904037237167358
test_protein_4912,0.61058533191680908
test_protein_4911,0.10276497155427933
test_protein_4913,0.041528262197971344
test_protein_4917,0.58276736736297607
test_protein_4914,0.34498792886734009
test_protein_4916,0.20633411407470703
test_protein_4915,0.59169614315032959
test_protein_4919,0.17560647428035736
test_protein_4918,0.0044380482286214828
test_protein_4927,0.59643787145614624
test_protein_4926,0.382303386926651
test_protein_4923,0.50853884220123291
test_protein_4920,0.48346289992332458
test_protein_4925,0.031645055860280991
test_protein_4921,0.52867966890335083
test_protein_4922,0.2401164323091507
test_protein_4924,0.25926977396011353
test_protein_4928,0.29356849193572998
test_protein_4929,0.50358861684799194
test_protein_4934,0.99999582767486572
test_protein_4931,0.5496828556060791
test_protein_4930,0.73003363609313965
test_protein_4932,0.18539915978908539
test_protein_4938,0.92393660545349121
test_protein_4937,0.67196273803710938
test_protein_4933,2.3804939701221883e-05
test_protein_4936,0.55563938617706299
test_protein_4939,6.0825579566881061e-05
test_protein_4935,0.58439809083938599
test_protein_4942,0.64018571376800537
test_protein_4943,0.24124334752559662
test_protein_4941,0.36764693260192871
test_protein_4940,0.86422920227050781
test_protein_4944,0.0029568427707999945
test_protein_4945,0.050683744251728058
test_protein_4946,0.38648408651351929
test_protein_4948,0.069084823131561279
test_protein_4947,0.27323079109191895
test_protein_4950,0.22878922522068024
test_protein_4949,0.027258569374680519
test_protein_4951,0.56018918752670288
test_protein_4953,0.16592235863208771
test_protein_4952,0.25235381722450256
test_protein_4957,0.19514279067516327
test_protein_4959,0.00062622851692140102
test_protein_4956,0.1119164302945137
test_protein_4960,0.51787543296813965
test_protein_4955,0.57982122898101807
test_protein_4963,0.32786369323730469
test_protein_4961,0.61370265483856201
test_protein_4966,0.0071334615349769592
test_protein_4962,0.45498508214950562
test_protein_4964,0.54685366153717041
test_protein_4967,0.75913172960281372
test_protein_4965,0.34278115630149841
test_protein_4954,0.0011983817676082253
test_protein_4970,0.15169386565685272
test_protein_4968,8.6630006990162656e-06
test_protein_4958,0.28622150421142578
test_protein_4969,0.01934349350631237
test_protein_4971,0.39348828792572021
test_protein_4974,0.52269816398620605
test_protein_4972,0.66422140598297119
test_protein_4978,0.3202718198299408
test_protein_4973,0.31750303506851196
test_protein_4981,0.012299442663788795
test_protein_4980,3.4530006814748049e-05
test_protein_4975,0.46275606751441956
test_protein_4984,0.8634108304977417
test_protein_4976,0.58558523654937744
test_protein_4983,0.0002930094487965107
test_protein_4982,0.65064185857772827
test_protein_4977,0.04959455132484436
test_protein_4986,0.64746177196502686
test_protein_4985,0.36116063594818115
test_protein_4988,0.52102905511856079
test_protein_4987,0.7415010929107666
test_protein_4979,0.49758210778236389
test_protein_4989,0.24489583075046539
test_protein_4994,0.23485039174556732
test_protein_4992,0.26392439007759094
test_protein_4991,0.32116925716400146
test_protein_4990,0.61475205421447754
test_protein_4995,0.20192369818687439
test_protein_4993,0.0022088554687798023
test_protein_5002,0.65843027830123901
test_protein_4996,0.34990313649177551
test_protein_5001,0.80582547187805176
test_protein_4997,0.58591729402542114
test_protein_4999,0.077356629073619843
test_protein_4998,0.45514371991157532
test_protein_5000,0.60023671388626099
test_protein_5005,0.54429620504379272
test_protein_5006,0.064952388405799866
test_protein_5008,0.016931215301156044
test_protein_5003,0.10385037958621979
test_protein_5009,0.1323564201593399
test_protein_5007,0.31637674570083618
test_protein_5004,0.0027889739722013474
test_protein_5013,0.8199806809425354
test_protein_5011,0.028961149975657463
test_protein_5014,0.49442201852798462
test_protein_5012,0.28913062810897827
test_protein_5010,0.3356831967830658
test_protein_5017,0.5530167818069458
test_protein_5016,0.21270288527011871
test_protein_5018,0.83391106128692627
test_protein_5019,0.43895316123962402
test_protein_5022,0.66296601295471191
test_protein_5023,0.00014354907034430653
test_protein_5020,0.30784329771995544
test_protein_5015,0.99863415956497192
test_protein_5021,0.40960586071014404
test_protein_5024,0.017935274168848991
test_protein_5026,1.1208750038349535e-05
test_protein_5027,0.062891878187656403
test_protein_5030,0.17882384359836578
test_protein_5028,0.48150479793548584
test_protein_5029,0.27449524402618408
test_protein_5031,0.13417091965675354
test_protein_5034,0.64120781421661377
test_protein_5025,0.35914438962936401
test_protein_5035,0.72066295146942139
test_protein_5037,4.7685378376627341e-05
test_protein_5032,0.45376822352409363
test_protein_5038,0.091114304959774017
test_protein_5036,0.40160423517227173
test_protein_5033,0.61203831434249878
test_protein_5039,0.44817668199539185
test_protein_5040,0.30025333166122437
test_protein_5042,0.037325669080018997
test_protein_5044,0.37488207221031189
test_protein_5041,0.35023894906044006
test_protein_5043,0.36363640427589417
test_protein_5048,0.67026364803314209
test_protein_5046,0.79232758283615112
test_protein_5047,0.69882082939147949
test_protein_5045,0.00011641327000688761
test_protein_5049,0.55289053916931152
test_protein_5056,0.43744131922721863
test_protein_5053,0.43534800410270691
test_protein_5054,0.25496774911880493
test_protein_5050,0.41784697771072388
test_protein_5051,0.43792229890823364
test_protein_5052,0.60111171007156372
test_protein_5057,0.45564350485801697
test_protein_5058,0.51962220668792725
test_protein_5055,0.079694256186485291
test_protein_5059,0.60755491256713867
test_protein_5060,0.00038379160105250776
test_protein_5066,0.00028944743098691106
test_protein_5061,5.2717855396622326e-06
test_protein_5062,0.42858803272247314
test_protein_5063,0.240229532122612
test_protein_5067,0.65822386741638184
test_protein_5064,0.56109756231307983
test_protein_5065,0.49732241034507751
test_protein_5068,0.36016124486923218
test_protein_5073,0.41858381032943726
test_protein_5075,0.77284485101699829
test_protein_5074,0.11892442405223846
test_protein_5069,0.50994163751602173
test_protein_5071,0.6048930287361145
test_protein_5072,0.18241426348686218
test_protein_5070,0.4849134087562561
test_protein_5076,0.33969244360923767
test_protein_5082,0.73468863964080811
test_protein_5077,0.65767490863800049
test_protein_5078,0.73068559169769287
test_protein_5080,0.38155105710029602
test_protein_5081,0.51098686456680298
test_protein_5085,0.26355633139610291
test_protein_5086,3.8872793084010482e-05
test_protein_5090,0.59510719776153564
test_protein_5088,0.00077225937275215983
test_protein_5089,0.35518014430999756
test_protein_5079,0.70682132244110107
test_protein_5084,0.52311587333679199
test_protein_5087,0.71718758344650269
test_protein_5091,0.28575539588928223
test_protein_5092,0.10763336718082428
test_protein_5094,2.6698764486354776e-05
test_protein_5083,0.58281183242797852
test_protein_5093,5.9278598200762644e-05
test_protein_5096,0.24055479466915131
test_protein_5095,0.19160407781600952
test_protein_5097,0.0054383878596127033
test_protein_5100,0.00011104689474450424
test_protein_5099,0.5483018159866333
test_protein_5098,0.5816078782081604
test_protein_5104,0.39003497362136841
test_protein_5105,0.67330670356750488
test_protein_5103,0.23202726244926453
test_protein_5101,0.097624465823173523
test_protein_5102,0.62079876661300659
test_protein_5109,0.35653996467590332
test_protein_5106,0.056302156299352646
test_protein_5111,0.47483712434768677
test_protein_5107,0.33542931079864502
test_protein_5110,0.68335586786270142
test_protein_5112,0.34062325954437256
test_protein_5108,0.44986662268638611
test_protein_5113,0.095496736466884613
test_protein_5114,0.32565590739250183
test_protein_5115,0.002585375914350152
test_protein_5116,7.0419540861621499e-05
test_protein_5118,0.43709865212440491
test_protein_5119,0.10319013893604279
test_protein_5117,0.15869145095348358
test_protein_5123,0.12518604099750519
test_protein_5120,0.36755830049514771
test_protein_5122,0.3979240357875824
test_protein_5121,0.76007580757141113
test_protein_5124,0.67927205562591553
test_protein_5125,0.52521443367004395
test_protein_5127,0.013813378289341927
test_protein_5132,0.79428935050964355
test_protein_5129,0.11178423464298248
test_protein_5131,0.11667592078447342
test_protein_5126,0.00024230375129263848
test_protein_5128,0.21219120919704437
test_protein_5130,0.090304210782051086
test_protein_5135,0.17992430925369263
test_protein_5133,0.63510042428970337
test_protein_5137,0.32275760173797607
test_protein_5139,0.75371646881103516
test_protein_5138,0.39712220430374146
test_protein_5136,0.21463927626609802
test_protein_5134,0.10050198435783386
test_protein_5144,0.59099328517913818
test_protein_5142,0.57277500629425049
test_protein_5145,0.36752781271934509
test_protein_5143,0.35138040781021118
test_protein_5141,0.67105460166931152
test_protein_5140,0.49707067012786865
test_protein_5146,0.51951056718826294
test_protein_5150,0.66174876689910889
test_protein_5148,0.20070479810237885
test_protein_5147,0.042942281812429428
test_protein_5149,0.56435531377792358
test_protein_5151,0.61251199245452881
test_protein_5152,0.69141554832458496
test_protein_5158,0.40691757202148438
test_protein_5154,0.29061305522918701
test_protein_5155,1.1041280231438577e-05
test_protein_5159,0.32139715552330017
test_protein_5156,0.73416709899902344
test_protein_5157,0.010577768087387085
test_protein_5153,0.20083475112915039
test_protein_5160,0.38891586661338806
test_protein_5163,0.065439604222774506
test_protein_5165,0.33477798104286194
test_protein_5161,0.38962623476982117
test_protein_5166,0.2338731586933136
test_protein_5171,0.71825629472732544
test_protein_5168,0.39662653207778931
test_protein_5162,0.046873196959495544
test_protein_5167,0.54845166206359863
test_protein_5164,0.0023718306329101324
test_protein_5172,0.040171150118112564
test_protein_5170,0.21594955027103424
test_protein_5173,0.66066735982894897
test_protein_5174,0.19867093861103058
test_protein_5169,0.090752840042114258
test_protein_5175,0.23766309022903442
test_protein_5177,0.13015294075012207
test_protein_5178,0.31776222586631775
test_protein_5176,0.53516870737075806
test_protein_5179,0.54271829128265381
test_protein_5180,0.021325506269931793
test_protein_5181,0.51895064115524292
test_protein_5183,0.70071125030517578
test_protein_5185,0.27993375062942505
test_protein_5184,0.38466987013816833
test_protein_5182,0.00034699647221714258
test_protein_5187,0.52093833684921265
test_protein_5191,0.23203487694263458
test_protein_5189,0.22569361329078674
test_protein_5192,0.43832129240036011
test_protein_5193,0.52500224113464355
test_protein_5190,0.28478667140007019
test_protein_5188,0.64218598604202271
test_protein_5186,0.65821182727813721
test_protein_5194,0.3213748037815094
test_protein_5197,0.22995607554912567
test_protein_5195,0.67321747541427612
test_protein_5199,0.2673804759979248
test_protein_5198,0.42359071969985962
test_protein_5196,0.75247091054916382
test_protein_5201,0.40583664178848267
test_protein_5200,0.00010660287080099806
test_protein_5207,0.39706799387931824
test_protein_5202,0.03054768405854702
test_protein_5206,9.8823300504591316e-05
test_protein_5210,0.44809070229530334
test_protein_5205,0.0011574499076232314
test_protein_5204,0.66018915176391602
test_protein_5212,0.41720890998840332
test_protein_5203,0.74402427673339844
test_protein_5209,0.29030305147171021
test_protein_5208,0.42831739783287048
test_protein_5213,0.99105513095855713
test_protein_5211,0.62695062160491943
test_protein_5218,0.06191953644156456
test_protein_5216,0.50445050001144409
test_protein_5215,0.0028421299066394567
test_protein_5219,0.00082267750985920429
test_protein_5214,0.079047732055187225
test_protein_5217,0.34643349051475525
test_protein_5225,0.78574609756469727
test_protein_5228,0.15626977384090424
test_protein_5223,0.87030166387557983
test_protein_5224,0.55841547250747681
test_protein_5220,0.0014116604579612613
test_protein_5221,0.56853121519088745
test_protein_5226,0.54385143518447876
test_protein_5231,0.31700938940048218
test_protein_5222,0.39285233616828918
test_protein_5227,0.57073414325714111
test_protein_5230,0.24902118742465973
test_protein_5229,0.25790783762931824
test_protein_5233,0.76083433628082275
test_protein_5232,0.51805824041366577
test_protein_5234,0.15270079672336578
test_protein_5236,0.13974614441394806
test_protein_5239,0.54488801956176758
test_protein_5240,0.55772250890731812
test_protein_5235,0.37869623303413391
test_protein_5242,0.16424427926540375
test_protein_5238,0.36724606156349182
test_protein_5245,0.76719808578491211
test_protein_5241,0.29666686058044434
test_protein_5237,0.26325169205665588
test_protein_5247,1.2227842489664908e-05
test_protein_5244,0.35549402236938477
test_protein_5243,0.20084230601787567
test_protein_5246,0.58078950643539429
test_protein_5250,0.44202765822410583
test_protein_5249,0.6013481616973877
test_protein_5248,0.35885277390480042
test_protein_5257,0.35481551289558411
test_protein_5251,0.17207199335098267
test_protein_5252,0.75992679595947266
test_protein_5254,0.0001149817107943818
test_protein_5256,0.61241698265075684
test_protein_5255,2.8909231332363561e-05
test_protein_5253,0.17341925203800201
test_protein_5258,0.0053656343370676041
test_protein_5259,0.30960893630981445
test_protein_5262,0.35539796948432922
test_protein_5260,0.53201287984848022
test_protein_5261,0.067651309072971344
test_protein_5263,0.18608163297176361
test_protein_5266,0.10593026131391525
test_protein_5264,7.8066586866043508e-06
test_protein_5265,0.0076905027963221073
test_protein_5267,0.3315664529800415
test_protein_5268,0.020485583692789078
test_protein_5269,0.14425583183765411
test_protein_5273,0.00086914218263700604
test_protein_5272,0.39418771862983704
test_protein_5274,0.23124442994594574
test_protein_5275,0.06453811377286911
test_protein_5279,0.57191437482833862
test_protein_5270,0.57009023427963257
test_protein_5281,0.073964163661003113
test_protein_5278,0.64615821838378906
test_protein_5277,0.011126340366899967
test_protein_5280,0.026781758293509483
test_protein_5276,0.00049875164404511452
test_protein_5285,0.014483739621937275
test_protein_5271,0.32946151494979858
test_protein_5282,0.11165396124124527
test_protein_5283,0.43781024217605591
test_protein_5284,0.051718618720769882
test_protein_5287,0.66332203149795532
test_protein_5289,0.22112266719341278
test_protein_5286,0.3863605260848999
test_protein_5290,5.6199816754087806e-05
test_protein_5291,5.349459115677746e-06
test_protein_5292,0.0032693955581635237
test_protein_5288,0.00053030607523396611
test_protein_5294,0.44776228070259094
test_protein_5296,0.036451824009418488
test_protein_5300,0.44212636351585388
test_protein_5293,0.53479814529418945
test_protein_5297,0.31405931711196899
test_protein_5299,0.31481987237930298
test_protein_5295,0.45824196934700012
test_protein_5298,0.1975066065788269
test_protein_5302,0.22756111621856689
test_protein_5303,0.064713642001152039
test_protein_5301,0.45018652081489563
test_protein_5307,0.0002870663593057543
test_protein_5305,0.58818143606185913
test_protein_5312,0.47734999656677246
test_protein_5306,0.16362494230270386
test_protein_5304,0.0018434198573231697
test_protein_5310,0.47819703817367554
test_protein_5313,0.41753232479095459
test_protein_5309,0.36446186900138855
test_protein_5308,0.43316397070884705
test_protein_5311,0.4354231059551239
test_protein_5314,0.4132581353187561
test_protein_5315,0.52583587169647217
test_protein_5316,0.27306833863258362
test_protein_5318,0.26062944531440735
test_protein_5319,0.22349323332309723
test_protein_5321,0.081282392144203186
test_protein_5317,0.014594258740544319
test_protein_5320,0.34318408370018005
test_protein_5325,0.66687518358230591
test_protein_5328,0.35818684101104736
test_protein_5324,0.00012216165487188846
test_protein_5323,0.17758205533027649
test_protein_5327,0.38837862014770508
test_protein_5326,0.023114174604415894
test_protein_5322,0.64731299877166748
test_protein_5329,0.49159994721412659
test_protein_5330,8.1083926488645375e-05
test_protein_5332,0.50127518177032471
test_protein_5331,0.77783167362213135
test_protein_5334,0.49065190553665161
test_protein_5338,0.011220025829970837
test_protein_5335,0.025467120110988617
test_protein_5337,0.10079003125429153
test_protein_5336,0.3294219970703125
test_protein_5333,0.23161576688289642
test_protein_5341,0.64105546474456787
test_protein_5344,0.60002517700195312
test_protein_5342,0.66760623455047607
test_protein_5343,0.21310082077980042
test_protein_5340,0.37740102410316467
test_protein_5339,0.084208518266677856
test_protein_5345,0.67991769313812256
test_protein_5348,0.28229102492332458
test_protein_5352,0.00025738184922374785
test_protein_5351,0.56702297925949097
test_protein_5346,0.62326300144195557
test_protein_5349,0.37276214361190796
test_protein_5347,0.48116210103034973
test_protein_5355,0.22976389527320862
test_protein_5356,0.1480463445186615
test_protein_5358,0.33185765147209167
test_protein_5350,0.5460045337677002
test_protein_5357,8.1685699115041643e-05
test_protein_5353,0.0086739975959062576
test_protein_5354,0.49247315526008606
test_protein_5359,0.013575552962720394
test_protein_5361,0.40744253993034363
test_protein_5364,0.0057287472300231457
test_protein_5367,0.48763108253479004
test_protein_5360,0.2712397575378418
test_protein_5362,0.55638110637664795
test_protein_5363,0.33091652393341064
test_protein_5366,0.52887946367263794
test_protein_5370,0.47689586877822876
test_protein_5365,0.38889417052268982
test_protein_5368,0.63906663656234741
test_protein_5372,0.24230511486530304
test_protein_5369,0.0010038643376901746
test_protein_5371,0.00019692575733643025
test_protein_5373,0.00082617258885875344
test_protein_5377,0.91458266973495483
test_protein_5378,0.34332767128944397
test_protein_5375,0.21556389331817627
test_protein_5374,0.0053271600045263767
test_protein_5379,0.0030390501488000154
test_protein_5376,0.029105573892593384
test_protein_5387,0.0067189144901931286
test_protein_5382,0.856273353099823
test_protein_5381,0.057536520063877106
test_protein_5380,0.41778901219367981
test_protein_5383,0.011586593464016914
test_protein_5388,0.074000880122184753
test_protein_5385,0.11580013483762741
test_protein_5389,0.44898688793182373
test_protein_5393,1.4334511433844455e-05
test_protein_5386,0.0037275904323905706
test_protein_5390,0.0010680812411010265
test_protein_5391,0.016551578417420387
test_protein_5392,0.54655176401138306
test_protein_5394,0.088477231562137604
test_protein_5384,0.43548497557640076
test_protein_5397,0.42044523358345032
test_protein_5399,0.19553989171981812
test_protein_5395,0.02065470814704895
test_protein_5398,0.18903639912605286
test_protein_5403,0.56360048055648804
test_protein_5401,0.42105868458747864
test_protein_5404,0.12463492900133133
test_protein_5402,0.39409580826759338
test_protein_5396,0.49773317575454712
test_protein_5400,0.53992068767547607
test_protein_5405,0.20022396743297577
test_protein_5410,0.0010446272790431976
test_protein_5409,0.6345527172088623
test_protein_5406,0.00020015313930343837
test_protein_5407,0.41147613525390625
test_protein_5408,0.77312737703323364
test_protein_5413,3.065272539970465e-05
test_protein_5414,0.0010981261730194092
test_protein_5415,0.00015735912893433124
test_protein_5411,0.0011588543420657516
test_protein_5412,0.090079948306083679
test_protein_5417,0.35820689797401428
test_protein_5416,0.0014075542567297816
test_protein_5418,0.34197312593460083
test_protein_5419,0.30827495455741882
test_protein_5420,0.097274944186210632
test_protein_5426,0.36300155520439148
test_protein_5424,0.089277282357215881
test_protein_5427,0.28091743588447571
test_protein_5421,0.11701509356498718
test_protein_5422,0.26055014133453369
test_protein_5429,0.0047382060438394547
test_protein_5428,0.32029229402542114
test_protein_5431,0.50137680768966675
test_protein_5430,0.21208183467388153
test_protein_5425,0.8642418384552002
test_protein_5423,0.41847893595695496
test_protein_5432,0.6453711986541748
test_protein_5436,0.0046139364130795002
test_protein_5434,0.27433604001998901
test_protein_5435,0.12110500782728195
test_protein_5437,0.10284117609262466
test_protein_5433,0.58795559406280518
test_protein_5439,0.54310888051986694
test_protein_5440,0.002703007310628891
test_protein_5438,0.75115084648132324
test_protein_5444,0.36791670322418213
test_protein_5445,0.68053305149078369
test_protein_5441,0.30741339921951294
test_protein_5446,0.78256231546401978
test_protein_5443,0.17492741346359253
test_protein_5447,0.21307149529457092
test_protein_5442,0.59153455495834351
test_protein_5449,0.00091108243213966489
test_protein_5450,0.00011613786045927554
test_protein_5448,0.11365623027086258
test_protein_5451,0.00016023199714254588
test_protein_5453,0.77374178171157837
test_protein_5452,0.6229444146156311
test_protein_5455,0.20116466283798218
test_protein_5454,0.12978196144104004
test_protein_5456,0.32492786645889282
test_protein_5459,0.70057833194732666
test_protein_5457,0.13453441858291626
test_protein_5458,0.17392928898334503
test_protein_5462,0.81853252649307251
test_protein_5460,0.00013881881022825837
test_protein_5463,0.69608646631240845
test_protein_5461,0.58287692070007324
test_protein_5464,0.43672245740890503
test_protein_5466,0.99301844835281372
test_protein_5467,0.57432395219802856
test_protein_5468,0.3226725161075592
test_protein_5470,0.08707023411989212
test_protein_5465,0.10902084410190582
test_protein_5469,0.72604942321777344
test_protein_5472,0.61232709884643555
test_protein_5471,4.9107311497209594e-05
test_protein_5476,0.27960729598999023
test_protein_5474,0.21537907421588898
test_protein_5473,0.95997685194015503
test_protein_5477,0.00066533638164401054
test_protein_5480,0.64245647192001343
test_protein_5475,0.89815741777420044
test_protein_5487,0.0090752430260181427
test_protein_5479,0.60938769578933716
test_protein_5482,0.00089599890634417534
test_protein_5483,0.028602998703718185
test_protein_5484,0.0021813428029417992
test_protein_5478,0.25282430648803711
test_protein_5481,0.0046975496225059032
test_protein_5485,0.70292997360229492
test_protein_5486,0.20132848620414734
test_protein_5488,0.5573880672454834
test_protein_5491,0.00096734758699312806
test_protein_5489,0.36597117781639099
test_protein_5494,0.20173393189907074
test_protein_5492,0.2016865462064743
test_protein_5493,0.51415979862213135
test_protein_5495,0.51123052835464478
test_protein_5490,0.16267769038677216
test_protein_5498,0.71057963371276855
test_protein_5497,0.00017431947344448417
test_protein_5496,0.2677704393863678
test_protein_5500,0.093104943633079529
test_protein_5501,0.66633492708206177
test_protein_5499,0.71219629049301147
test_protein_5503,0.12439814209938049
test_protein_5504,0.49942895770072937
test_protein_5506,0.0068929083645343781
test_protein_5505,0.31318849325180054
test_protein_5509,0.52887910604476929
test_protein_5508,0.66064858436584473
test_protein_5507,0.012428782880306244
test_protein_5502,0.43719485402107239
test_protein_5510,0.92224413156509399
test_protein_5513,0.34528899192810059
test_protein_5512,0.0051127923652529716
test_protein_5515,0.33457747101783752
test_protein_5511,0.69790446758270264
test_protein_5517,0.56419742107391357
test_protein_5516,0.26889428496360779
test_protein_5518,0.20793937146663666
test_protein_5514,0.0010322083253413439
test_protein_5519,0.099831998348236084
test_protein_5520,0.46721699833869934
test_protein_5522,0.051208596676588058
test_protein_5521,0.57257401943206787
test_protein_5525,0.42415133118629456
test_protein_5527,0.37418374419212341
test_protein_5523,0.28218600153923035
test_protein_5528,0.29394793510437012
test_protein_5524,0.51627761125564575
test_protein_5526,0.59307652711868286
test_protein_5529,0.30879247188568115
test_protein_5534,0.30347028374671936
test_protein_5530,0.092698648571968079
test_protein_5531,0.19264520704746246
test_protein_5532,0.39846166968345642
test_protein_5533,0.20588158071041107
test_protein_5537,0.69263309240341187
test_protein_5536,0.22952435910701752
test_protein_5535,0.4277479350566864
test_protein_5541,0.39385056495666504
test_protein_5539,0.64820212125778198
test_protein_5543,0.7540212869644165
test_protein_5540,0.55841636657714844
test_protein_5545,0.32252582907676697
test_protein_5546,0.57450956106185913
test_protein_5544,0.10782529413700104
test_protein_5542,0.18689866364002228
test_protein_5547,0.0772404745221138
test_protein_5538,0.45323166251182556
test_protein_5550,0.54392552375793457
test_protein_5548,0.58271849155426025
test_protein_5551,0.00082868698518723249
test_protein_5552,0.051316790282726288
test_protein_5554,0.60382926464080811
test_protein_5549,0.84688341617584229
test_protein_5553,0.4132152795791626
test_protein_5556,0.1098051518201828
test_protein_5558,0.34312981367111206
test_protein_5559,0.44736608862876892
test_protein_5555,0.71702784299850464
test_protein_5557,0.28504946827888489
test_protein_5564,0.45545652508735657
test_protein_5563,0.69965660572052002
test_protein_5566,7.6284195529296994e-05
test_protein_5561,0.12949422001838684
test_protein_5560,0.33296161890029907
test_protein_5562,0.59333771467208862
test_protein_5565,0.00088108499767258763
test_protein_5567,0.15126943588256836
test_protein_5569,0.68122529983520508
test_protein_5570,0.4554411768913269
test_protein_5571,0.58215886354446411
test_protein_5568,0.23567816615104675
test_protein_5574,0.54354286193847656
test_protein_5572,0.63439279794692993
test_protein_5573,0.80238848924636841
test_protein_5576,0.043378226459026337
test_protein_5575,0.051879409700632095
test_protein_5577,0.41656509041786194
test_protein_5578,0.0079818302765488625
test_protein_5579,0.31291055679321289
test_protein_5581,0.17417000234127045
test_protein_5583,0.19527240097522736
test_protein_5582,0.00091528403572738171
test_protein_5584,0.13473410904407501
test_protein_5585,0.050097823143005371
test_protein_5580,0.00011586496839299798
test_protein_5587,0.96682804822921753
test_protein_5592,2.090037742163986e-05
test_protein_5586,0.30851957201957703
test_protein_5589,0.31113722920417786
test_protein_5588,0.272632896900177
test_protein_5596,0.56434470415115356
test_protein_5590,0.50341117382049561
test_protein_5595,0.022012745961546898
test_protein_5591,0.35871052742004395
test_protein_5594,0.07456669956445694
test_protein_5593,0.0011106838937848806
test_protein_5603,0.20801399648189545
test_protein_5598,0.73756080865859985
test_protein_5602,0.33772879838943481
test_protein_5597,0.58274215459823608
test_protein_5600,0.070765078067779541
test_protein_5599,0.041273079812526703
test_protein_5606,0.56146746873855591
test_protein_5604,0.055711284279823303
test_protein_5605,0.01694793626666069
test_protein_5608,0.48257806897163391
test_protein_5601,0.37909188866615295
test_protein_5607,0.51608294248580933
test_protein_5611,0.52723544836044312
test_protein_5609,0.22685666382312775
test_protein_5613,0.20118151605129242
test_protein_5610,0.58338910341262817
test_protein_5615,0.057520348578691483
test_protein_5614,0.32639452815055847
test_protein_5612,0.36881464719772339
test_protein_5616,0.2983919084072113
test_protein_5618,0.36829391121864319
test_protein_5621,0.40973901748657227
test_protein_5619,0.01223618071526289
test_protein_5623,0.9772074818611145
test_protein_5620,0.79347145557403564
test_protein_5627,0.27102291584014893
test_protein_5622,0.77247607707977295
test_protein_5625,0.35160261392593384
test_protein_5624,0.27159184217453003
test_protein_5628,0.81995165348052979
test_protein_5617,0.47752264142036438
test_protein_5626,0.37242528796195984
test_protein_5630,0.37316298484802246
test_protein_5632,0.55854171514511108
test_protein_5633,0.27215522527694702
test_protein_5631,0.65351492166519165
test_protein_5635,0.26926460862159729
test_protein_5638,0.50167834758758545
test_protein_5634,0.70018637180328369
test_protein_5629,0.37798371911048889
test_protein_5639,0.23965440690517426
test_protein_5636,0.37297144532203674
test_protein_5637,0.40201613306999207
test_protein_5641,0.028694130480289459
test_protein_5640,0.091769561171531677
test_protein_5642,0.46468049287796021
test_protein_5643,0.30593642592430115
test_protein_5646,0.61827290058135986
test_protein_5645,0.50350749492645264
test_protein_5644,0.28543007373809814
test_protein_5647,0.39282083511352539
test_protein_5648,0.12733682990074158
test_protein_5649,0.53588509559631348
test_protein_5651,0.43625617027282715
test_protein_5650,0.35170313715934753
test_protein_5652,0.37202322483062744
test_protein_5653,0.62702739238739014
test_protein_5654,0.00010256026143906638
test_protein_5655,0.1701308935880661
test_protein_5656,0.14097355306148529
test_protein_5657,0.0001042383664753288
test_protein_5659,0.00011246668873354793
test_protein_5661,0.077574126422405243
test_protein_5660,0.67972815036773682
test_protein_5658,0.6665988564491272
test_protein_5664,0.78150928020477295
test_protein_5666,0.25102269649505615
test_protein_5665,0.59499335289001465
test_protein_5662,0.37996134161949158
test_protein_5668,0.58047193288803101
test_protein_5663,0.60569524765014648
test_protein_5667,0.37764352560043335
test_protein_5670,0.13659290969371796
test_protein_5671,0.039941173046827316
test_protein_5669,0.54067438840866089
test_protein_5672,0.1635986715555191
test_protein_5674,0.40460044145584106
test_protein_5675,0.72401392459869385
test_protein_5673,4.2422139813425019e-05
test_protein_5681,0.60089075565338135
test_protein_5678,0.82162123918533325
test_protein_5679,0.6981889009475708
test_protein_5677,0.83809977769851685
test_protein_5683,0.54109811782836914
test_protein_5676,0.12339399755001068
test_protein_5684,0.00013740180293098092
test_protein_5680,0.34016913175582886
test_protein_5682,0.17533658444881439
test_protein_5686,0.3775475025177002
test_protein_5687,0.386158287525177
test_protein_5685,1.9075359887210652e-05
test_protein_5689,0.39954990148544312
test_protein_5692,0.35008922219276428
test_protein_5688,0.5982440710067749
test_protein_5690,0.93222916126251221
test_protein_5693,0.21787768602371216
test_protein_5695,0.092136673629283905
test_protein_5691,0.72639727592468262
test_protein_5696,0.3431355357170105
test_protein_5700,0.50597870349884033
test_protein_5699,0.51746451854705811
test_protein_5698,0.46228811144828796
test_protein_5694,0.13168564438819885
test_protein_5697,0.28776594996452332
test_protein_5704,2.8722424758598208e-05
test_protein_5702,0.14270487427711487
test_protein_5705,0.0001420734915882349
test_protein_5703,0.46782365441322327
test_protein_5701,0.25185737013816833
test_protein_5706,0.34800237417221069
test_protein_5707,0.80841118097305298
test_protein_5710,0.6322816014289856
test_protein_5714,0.40799236297607422
test_protein_5709,0.35137826204299927
test_protein_5712,0.37315252423286438
test_protein_5708,0.68196117877960205
test_protein_5713,0.74877214431762695
test_protein_5711,0.67537540197372437
test_protein_5716,2.267451782245189e-05
test_protein_5717,0.82811880111694336
test_protein_5715,0.20900698006153107
test_protein_5724,0.12984412908554077
test_protein_5718,0.45359057188034058
test_protein_5719,0.24179075658321381
test_protein_5722,0.43520820140838623
test_protein_5723,0.092027954757213593
test_protein_5721,0.28523999452590942
test_protein_5720,0.7592540979385376
test_protein_5729,0.50594079494476318
test_protein_5733,0.80668348073959351
test_protein_5725,4.0569499105913565e-05
test_protein_5728,0.4586157500743866
test_protein_5727,0.00026746318326331675
test_protein_5732,0.28294757008552551
test_protein_5726,0.66330397129058838
test_protein_5731,0.69070261716842651
test_protein_5730,0.61586695909500122
test_protein_5735,0.30929982662200928
test_protein_5738,0.66037625074386597
test_protein_5736,0.15561307966709137
test_protein_5739,0.53509372472763062
test_protein_5734,0.00031356385443359613
test_protein_5737,0.26371318101882935
test_protein_5740,0.60993301868438721
test_protein_5741,2.3033380784909241e-05
test_protein_5743,0.66802090406417847
test_protein_5746,0.00022917936439625919
test_protein_5742,0.67948424816131592
test_protein_5745,2.8388401915435679e-05
test_protein_5744,0.34764453768730164
test_protein_5752,0.32382756471633911
test_protein_5747,0.029331369325518608
test_protein_5749,0.0013349533546715975
test_protein_5748,0.46169361472129822
test_protein_5750,0.5825238823890686
test_protein_5751,0.32291561365127563
test_protein_5755,0.64105206727981567
test_protein_5754,0.66854047775268555
test_protein_5753,0.4074999988079071
test_protein_5756,0.4724675714969635
test_protein_5760,0.28985375165939331
test_protein_5758,0.10705152153968811
test_protein_5759,0.18433457612991333
test_protein_5757,0.18823330104351044
test_protein_5762,0.32137534022331238
test_protein_5761,0.034707967191934586
test_protein_5763,0.1403602659702301
test_protein_5769,0.035105898976325989
test_protein_5766,0.52933472394943237
test_protein_5764,3.3972781238844618e-05
test_protein_5767,0.45398464798927307
test_protein_5765,1.1507989256642759e-05
test_protein_5770,0.17400600016117096
test_protein_5768,0.67662495374679565
test_protein_5773,0.33642897009849548
test_protein_5771,0.059141390025615692
test_protein_5775,0.40032848715782166
test_protein_5772,0.38570904731750488
test_protein_5776,0.092606648802757263
test_protein_5777,0.8063780665397644
test_protein_5785,0.31796562671661377
test_protein_5782,0.25443831086158752
test_protein_5778,0.18473871052265167
test_protein_5779,0.29219737648963928
test_protein_5781,0.73262256383895874
test_protein_5787,0.01421820092946291
test_protein_5774,0.64020043611526489
test_protein_5783,0.7600284218788147
test_protein_5780,0.010834678076207638
test_protein_5784,0.49360755085945129
test_protein_5786,0.69117462635040283
test_protein_5790,0.1880045086145401
test_protein_5795,0.020708443596959114
test_protein_5792,0.008320479653775692
test_protein_5788,0.22907470166683197
test_protein_5793,0.29878959059715271
test_protein_5791,0.6164250373840332
test_protein_6060,0.01539592444896698
test_protein_5794,0.65551668405532837
test_protein_5789,0.39293470978736877
test_protein_6061,0.33735054731369019
test_protein_6062,0.45190125703811646
test_protein_6065,0.29963138699531555
test_protein_6063,0.044371947646141052
test_protein_6069,0.068205401301383972
test_protein_6068,0.66510337591171265
test_protein_6066,0.82387405633926392
test_protein_6067,0.54231166839599609
test_protein_6071,0.04396478459239006
test_protein_6073,0.34842374920845032
test_protein_6064,0.16641046106815338
test_protein_6070,0.46648719906806946
test_protein_6072,0.6165042519569397
test_protein_6078,0.53466963768005371
test_protein_6081,0.17795228958129883
test_protein_6075,0.42983952164649963
test_protein_6074,0.060078777372837067
test_protein_6082,0.099287413060665131
test_protein_6076,0.089508004486560822
test_protein_6077,0.3330751359462738
test_protein_6083,0.52962875366210938
test_protein_6079,0.52454125881195068
test_protein_6088,0.063177898526191711
test_protein_6086,0.51809984445571899
test_protein_6089,0.44557353854179382
test_protein_6095,0.017607690766453743
test_protein_6087,0.67139542102813721
test_protein_6084,0.58105552196502686
test_protein_6080,0.15322275459766388
test_protein_6097,0.62753766775131226
test_protein_6092,0.31510594487190247
test_protein_6091,0.1112358570098877
test_protein_6098,0.31334125995635986
test_protein_6096,0.42478883266448975
test_protein_6085,0.11147360503673553
test_protein_6090,0.50783807039260864
test_protein_6099,0.6163867712020874
test_protein_6102,0.025148939341306686
test_protein_6101,0.23459403216838837
test_protein_6100,0.018153281882405281
test_protein_6093,0.1888415664434433
test_protein_6103,0.40873244404792786
test_protein_6094,0.11677006632089615
test_protein_6107,0.55579859018325806
test_protein_6108,0.62806397676467896
test_protein_6111,0.59050995111465454
test_protein_6104,0.083372972905635834
test_protein_6105,0.23687852919101715
test_protein_6106,0.095218665897846222
test_protein_6109,0.60439592599868774
test_protein_6110,0.25745981931686401
test_protein_6112,0.036805339157581329
test_protein_6114,0.19250518083572388
test_protein_6115,0.28334084153175354
test_protein_6116,0.22432830929756165
test_protein_6117,0.97759366035461426
test_protein_6113,0.19403597712516785
test_protein_6122,0.16446451842784882
test_protein_6118,0.50845730304718018
test_protein_6121,0.36228042840957642
test_protein_6120,0.51806539297103882
test_protein_6125,0.38347515463829041
test_protein_6119,0.65693801641464233
test_protein_6124,0.75995689630508423
test_protein_6123,0.17202189564704895
test_protein_6129,0.048372473567724228
test_protein_6126,0.57328283786773682
test_protein_6127,0.42735260725021362
test_protein_6130,0.029578812420368195
test_protein_6128,0.46265900135040283
test_protein_6132,0.050344835966825485
test_protein_6131,0.29180186986923218
test_protein_6135,0.2972988486289978
test_protein_6137,0.21728749573230743
test_protein_6134,0.29364940524101257
test_protein_6140,0.19167818129062653
test_protein_6133,0.69849377870559692
test_protein_6138,0.66560715436935425
test_protein_6136,0.080788277089595795
test_protein_6139,0.29745176434516907
test_protein_6141,0.53881728649139404
test_protein_6142,0.045541912317276001
test_protein_6144,0.21946114301681519
test_protein_6143,0.57047891616821289
test_protein_6145,0.068903975188732147
test_protein_6146,0.2368750274181366
test_protein_6151,0.043913405388593674
test_protein_6147,0.51279157400131226
test_protein_6152,0.78657889366149902
test_protein_6153,0.16821572184562683
test_protein_6149,0.17263367772102356
test_protein_6150,0.16149912774562836
test_protein_6148,0.080269351601600647
test_protein_6155,0.4152492880821228
test_protein_6154,0.6246265172958374
test_protein_6156,0.39726805686950684
test_protein_6157,0.39344009757041931
test_protein_6159,0.23881705105304718
test_protein_6160,0.389842689037323
test_protein_6164,0.073309488594532013
test_protein_6162,0.57750463485717773
test_protein_6161,0.61142188310623169
test_protein_6163,0.51913595199584961
test_protein_6158,0.42629531025886536
test_protein_6166,0.68584954738616943
test_protein_6169,0.51420533657073975
test_protein_6167,0.6955750584602356
test_protein_6165,0.51661098003387451
test_protein_6168,0.54281127452850342
test_protein_6173,0.18940401077270508
test_protein_6170,0.038440421223640442
test_protein_6175,0.089863546192646027
test_protein_6171,0.31089311838150024
test_protein_6174,0.067015349864959717
test_protein_6172,0.42117604613304138
test_protein_6178,0.44798675179481506
test_protein_6176,0.030302433297038078
test_protein_6177,0.084076166152954102
test_protein_6179,0.37148454785346985
test_protein_6182,0.26740133762359619
test_protein_6180,0.42339706420898438
test_protein_6181,0.78074830770492554
test_protein_6183,0.065798938274383545
test_protein_6184,0.80146586894989014
test_protein_6185,0.036605045199394226
test_protein_6186,0.27677500247955322
test_protein_6187,0.4981619119644165
test_protein_6188,0.73540276288986206
test_protein_6189,0.11902762949466705
test_protein_6193,0.31887322664260864
test_protein_6191,0.088825501501560211
test_protein_6198,0.10788661986589432
test_protein_6194,0.46968585252761841
test_protein_6190,0.21843878924846649
test_protein_6196,0.37209057807922363
test_protein_6195,0.29793545603752136
test_protein_6197,0.22422243654727936
test_protein_6192,0.077444173395633698
test_protein_6199,0.53865164518356323
test_protein_6200,0.59909021854400635
test_protein_6203,0.69085693359375
test_protein_6202,0.25982800126075745
test_protein_6201,0.12169571220874786
test_protein_6204,0.35276880860328674
test_protein_6206,0.25680378079414368
test_protein_6209,0.092048197984695435
test_protein_6207,0.28515070676803589
test_protein_6205,0.10828502476215363
test_protein_6208,0.59635907411575317
test_protein_6211,0.096915826201438904
test_protein_6213,0.3223116397857666
test_protein_6212,0.13723109662532806
test_protein_6215,0.069188006222248077
test_protein_6210,0.64181816577911377
test_protein_6216,0.39282962679862976
test_protein_6218,0.086983337998390198
test_protein_6214,0.35390058159828186
test_protein_6217,0.47151574492454529
test_protein_6221,0.14273294806480408
test_protein_6220,0.19739902019500732
test_protein_6219,0.29479473829269409
test_protein_6223,0.029762469232082367
test_protein_6224,0.35310244560241699
test_protein_6222,0.31689339876174927
test_protein_6228,0.57902801036834717
test_protein_6226,0.34288731217384338
test_protein_6225,0.17850904166698456
test_protein_6231,0.077089659869670868
test_protein_6227,0.36971646547317505
test_protein_6232,0.45276102423667908
test_protein_6230,0.80001223087310791
test_protein_6229,0.087539918720722198
test_protein_6236,0.37714457511901855
test_protein_6233,0.58649921417236328
test_protein_6234,0.26016530394554138
test_protein_6235,0.0086733782663941383
test_protein_6238,0.089911118149757385
test_protein_6237,0.31793415546417236
test_protein_6239,0.045105565339326859
test_protein_6241,0.24415436387062073
test_protein_6242,0.52757251262664795
test_protein_6240,0.49840685725212097
test_protein_6243,0.058327581733465195
test_protein_6248,0.2310769259929657
test_protein_6245,0.27391430735588074
test_protein_6247,0.61177867650985718
test_protein_6246,0.23386241495609283
test_protein_6249,0.16784538328647614
test_protein_6244,0.31256425380706787
test_protein_6251,0.56346184015274048
test_protein_6252,0.0053150225430727005
test_protein_6250,0.30408990383148193
test_protein_6254,0.17389065027236938
test_protein_6253,0.183089479804039
test_protein_6256,0.025558000430464745
test_protein_6257,0.2090529203414917
test_protein_6258,0.16572859883308411
test_protein_6261,0.36904376745223999
test_protein_6255,0.17835202813148499
test_protein_6260,0.35858604311943054
test_protein_6259,0.27793669700622559
test_protein_6263,0.0040700836107134819
test_protein_6264,0.59117484092712402
test_protein_6262,0.24734598398208618
test_protein_6265,0.03709748387336731
test_protein_6268,0.11428383737802505
test_protein_6266,0.051843315362930298
test_protein_6267,0.42230850458145142
test_protein_6269,0.31840196251869202
test_protein_6272,0.59473228454589844
test_protein_6270,0.41607871651649475
test_protein_6271,0.17070697247982025
test_protein_6276,0.030925983563065529
test_protein_6273,0.24071003496646881
test_protein_6274,0.42667841911315918
test_protein_6277,0.1364901065826416
test_protein_6275,0.55015945434570312
test_protein_6281,0.26603683829307556
test_protein_6278,0.11734934896230698
test_protein_6279,0.51307761669158936
test_protein_6280,0.38092312216758728
test_protein_6282,0.44717785716056824
test_protein_6283,0.49915090203285217
test_protein_6284,0.34757784008979797
test_protein_6288,0.092812009155750275
test_protein_6286,0.58360564708709717
test_protein_6285,0.53567838668823242
test_protein_6289,0.086474902927875519
test_protein_6287,0.21053202450275421
test_protein_6291,0.46842038631439209
test_protein_6293,0.53177875280380249
test_protein_6290,0.12913279235363007
test_protein_6296,0.37206286191940308
test_protein_6292,0.30065622925758362
test_protein_6295,0.75378495454788208
test_protein_6297,0.24787783622741699
test_protein_6294,0.46948954463005066
test_protein_6299,0.0011207659263163805
test_protein_6301,0.24695546925067902
test_protein_6298,0.10848458111286163
test_protein_6300,0.45524409413337708
test_protein_6303,0.23147352039813995
test_protein_6304,0.24148756265640259
test_protein_6305,0.27971121668815613
test_protein_6302,0.55898261070251465
test_protein_6306,0.032876662909984589
test_protein_6308,0.11694138497114182
test_protein_6309,0.13261295855045319
test_protein_6307,0.26064965128898621
test_protein_6310,0.46466097235679626
test_protein_6311,0.23210567235946655
test_protein_6312,0.59053057432174683
test_protein_6313,0.37295424938201904
test_protein_6314,0.44991165399551392
test_protein_6316,0.4565044641494751
test_protein_6319,0.11805098503828049
test_protein_6315,0.40861514210700989
test_protein_6322,0.36847794055938721
test_protein_6318,0.33648627996444702
test_protein_6317,0.10893447697162628
test_protein_6320,0.64328992366790771
test_protein_6321,0.22919407486915588
test_protein_6324,0.41715100407600403
test_protein_6325,0.41257265210151672
test_protein_6323,0.42398351430892944
test_protein_6326,0.41908448934555054
test_protein_6327,0.34276270866394043
test_protein_6332,0.31383013725280762
test_protein_6333,0.27067399024963379
test_protein_6328,0.55327689647674561
test_protein_6331,0.02232755720615387
test_protein_6330,0.0062396596185863018
test_protein_6329,0.15990003943443298
test_protein_6334,0.68050950765609741
test_protein_6337,0.21620248258113861
test_protein_6336,0.084249846637248993
test_protein_6335,0.72929191589355469
test_protein_6341,0.26806724071502686
test_protein_6340,0.090504564344882965
test_protein_6339,0.5672106146812439
test_protein_6342,0.09742620587348938
test_protein_6338,0.40934404730796814
test_protein_6343,0.29132080078125
test_protein_6344,0.32256641983985901
test_protein_6345,0.1014777347445488
test_protein_6349,0.15760812163352966
test_protein_6346,0.13871122896671295
test_protein_6347,0.046293165534734726
test_protein_6348,0.0049036992713809013
test_protein_6350,0.24430221319198608
test_protein_6351,0.4470442533493042
test_protein_6353,0.10737501829862595
test_protein_6352,0.038762807846069336
test_protein_6354,0.42527496814727783
test_protein_6358,0.40718168020248413
test_protein_6355,0.6629483699798584
test_protein_6356,0.066262267529964447
test_protein_6357,0.51058697700500488
test_protein_6360,0.19862663745880127
test_protein_6359,0.45440500974655151
test_protein_6361,0.43011131882667542
test_protein_6367,0.06125253438949585
test_protein_6363,0.047845844179391861
test_protein_6368,0.058904692530632019
test_protein_6362,0.25618153810501099
test_protein_6365,0.07229325920343399
test_protein_6366,0.57321077585220337
test_protein_6364,0.2471095472574234
test_protein_6370,0.47151553630828857
test_protein_6372,0.54005330801010132
test_protein_6371,0.080091744661331177
test_protein_6369,0.48986607789993286
test_protein_6374,0.01269571203738451
test_protein_6373,0.37455609440803528
test_protein_6375,0.68843597173690796
test_protein_6376,0.011878933757543564
test_protein_6379,0.045082055032253265
test_protein_6377,0.19851581752300262
test_protein_6378,0.22427164018154144
test_protein_6381,0.39059355854988098
test_protein_6383,0.016439570114016533
test_protein_6380,0.25198441743850708
test_protein_6382,0.14510691165924072
test_protein_6384,0.48413589596748352
test_protein_6387,0.68874388933181763
test_protein_6388,0.16701379418373108
test_protein_6389,0.3660932183265686
test_protein_6391,0.28009942173957825
test_protein_6386,0.54925674200057983
test_protein_6385,0.30209535360336304
test_protein_6390,0.42491546273231506
test_protein_6392,0.049000527709722519
test_protein_6393,0.62238121032714844
test_protein_6394,0.27475398778915405
test_protein_6395,0.58601856231689453
test_protein_6396,0.29852449893951416
test_protein_6397,0.60954755544662476
test_protein_6403,0.44512030482292175
test_protein_6399,0.50864893198013306
test_protein_6398,0.30319973826408386
test_protein_6401,0.15177063643932343
test_protein_6402,0.1970895528793335
test_protein_6400,0.50657421350479126
test_protein_6407,0.40196216106414795
test_protein_6405,0.09114614874124527
test_protein_6404,0.50533396005630493
test_protein_6409,0.036826137453317642
test_protein_6411,0.40871843695640564
test_protein_6406,0.17843018472194672
test_protein_6410,0.36233747005462646
test_protein_6412,0.07880585640668869
test_protein_6408,0.50198942422866821
test_protein_6413,0.51393544673919678
test_protein_6418,0.075478442013263702
test_protein_6416,0.010719919577240944
test_protein_6414,0.6515958309173584
test_protein_6415,0.73944061994552612
test_protein_6421,0.62544840574264526
test_protein_6420,0.37300321459770203
test_protein_6417,0.20650222897529602
test_protein_6424,0.41750061511993408
test_protein_6422,0.56409299373626709
test_protein_6419,0.17731837928295135
test_protein_6423,0.095264658331871033
test_protein_6426,0.083565592765808105
test_protein_6425,0.12901709973812103
test_protein_6427,0.31969594955444336
test_protein_6428,0.27465087175369263
test_protein_6429,0.089453123509883881
test_protein_6433,0.028371980413794518
test_protein_6434,0.69445186853408813
test_protein_6432,0.84209883213043213
test_protein_6430,0.43993034958839417
test_protein_6435,0.10055007785558701
test_protein_6431,0.46311435103416443
test_protein_6437,0.2933846116065979
test_protein_6436,0.84801477193832397
test_protein_6440,0.29691380262374878
test_protein_6439,0.28714504837989807
test_protein_6441,0.071414612233638763
test_protein_6438,0.39280495047569275
test_protein_6444,0.34857210516929626
test_protein_6442,0.53787791728973389
test_protein_6443,0.019233144819736481
test_protein_6446,0.029865672811865807
test_protein_6448,0.24782121181488037
test_protein_6447,0.40724539756774902
test_protein_6454,0.078919127583503723
test_protein_6452,0.30801892280578613
test_protein_6449,0.51149106025695801
test_protein_6445,0.12306357175111771
test_protein_6451,0.01550870668143034
test_protein_6450,0.48187762498855591
test_protein_6455,0.44095540046691895
test_protein_6453,0.50967866182327271
test_protein_6456,0.31425020098686218
test_protein_6457,0.12678317725658417
test_protein_6458,0.33243593573570251
test_protein_6459,0.19017386436462402
test_protein_6460,0.63973820209503174
test_protein_6462,0.38848134875297546
test_protein_6461,0.12399071455001831
test_protein_6463,0.027921820059418678
test_protein_6465,0.14166159927845001
test_protein_6466,0.26126420497894287
test_protein_6470,0.21709142625331879
test_protein_6464,0.79643452167510986
test_protein_6468,0.44422972202301025
test_protein_6467,0.34657460451126099
test_protein_6471,0.72091090679168701
test_protein_6469,0.096272096037864685
test_protein_6473,0.24823112785816193
test_protein_6472,0.47459685802459717
test_protein_6474,0.34420713782310486
test_protein_6476,0.16325677931308746
test_protein_6478,0.29935124516487122
test_protein_6479,0.24384826421737671
test_protein_6477,0.29259669780731201
test_protein_6480,0.30066406726837158
test_protein_6482,0.52104759216308594
test_protein_6475,0.55879306793212891
test_protein_6481,0.25016283988952637
test_protein_6485,0.37195363640785217
test_protein_6486,0.54523056745529175
test_protein_6483,0.44159859418869019
test_protein_6484,0.13323038816452026
test_protein_6489,0.14498630166053772
test_protein_6490,0.29697629809379578
test_protein_6487,0.44430011510848999
test_protein_6488,0.32462731003761292
test_protein_6494,0.17529092729091644
test_protein_6493,0.18800660967826843
test_protein_6491,0.19097435474395752
test_protein_6501,0.38393303751945496
test_protein_6492,0.59883964061737061
test_protein_6498,0.13303399085998535
test_protein_6495,0.95531928539276123
test_protein_6499,0.3369048535823822
test_protein_6496,0.43747025728225708
test_protein_6497,0.038149096071720123
test_protein_6500,0.36897757649421692
test_protein_6507,0.27466320991516113
test_protein_6504,0.086997509002685547
test_protein_6503,0.4561818540096283
test_protein_6502,0.0081107215955853462
test_protein_6506,0.40764805674552917
test_protein_6508,0.52409827709197998
test_protein_6505,0.68526405096054077
test_protein_6511,0.45870989561080933
test_protein_6513,0.30057796835899353
test_protein_6509,0.6054532527923584
test_protein_6512,0.49667108058929443
test_protein_6510,0.99010032415390015
test_protein_6514,0.18147480487823486
test_protein_6515,0.067828945815563202
test_protein_6516,0.31255742907524109
test_protein_6517,0.28409594297409058
test_protein_6519,0.1281893402338028
test_protein_6525,0.14054588973522186
test_protein_6524,0.45166164636611938
test_protein_6518,0.66484612226486206
test_protein_6521,0.54957282543182373
test_protein_6522,0.65033233165740967
test_protein_6520,0.15108142793178558
test_protein_6523,0.095144793391227722
test_protein_6526,0.24360477924346924
test_protein_6529,0.20338448882102966
test_protein_6528,0.5179097056388855
test_protein_6527,0.49616384506225586
test_protein_6530,0.67506450414657593
test_protein_6533,0.46441739797592163
test_protein_6536,0.36843490600585938
test_protein_6531,0.32616916298866272
test_protein_6535,0.23745909333229065
test_protein_6534,0.48166945576667786
test_protein_6537,0.013479742221534252
test_protein_6532,0.3597751259803772
test_protein_6542,0.25806412100791931
test_protein_6540,0.53497481346130371
test_protein_6544,0.40327239036560059
test_protein_6539,0.11619533598423004
test_protein_6538,0.41671290993690491
test_protein_6541,0.39455252885818481
test_protein_6543,0.12291212379932404
test_protein_6550,0.23317788541316986
test_protein_6549,0.031377531588077545
test_protein_6546,0.19719889760017395
test_protein_6545,0.44945937395095825
test_protein_6548,0.29390150308609009
test_protein_6547,0.31367111206054688
test_protein_6551,0.1877112090587616
test_protein_6552,0.15812370181083679
test_protein_6556,0.3766339123249054
test_protein_6555,0.60214591026306152
test_protein_6554,0.065245427191257477
test_protein_6553,0.27272835373878479
test_protein_6558,0.029637463390827179
test_protein_6557,0.32197251915931702
test_protein_6559,0.22466808557510376
test_protein_6562,0.45168200135231018
test_protein_6561,0.29422131180763245
test_protein_6565,0.32999938726425171
test_protein_6568,0.38699519634246826
test_protein_6571,0.48569557070732117
test_protein_6569,0.27632451057434082
test_protein_6567,0.46609288454055786
test_protein_6564,0.50293761491775513
test_protein_6566,0.12339607626199722
test_protein_6560,0.096474401652812958
test_protein_6573,0.41342806816101074
test_protein_6563,0.68410962820053101
test_protein_6572,0.29928910732269287
test_protein_6574,0.099228106439113617
test_protein_6570,0.26399600505828857
test_protein_6575,0.03611353412270546
test_protein_6577,0.45912635326385498
test_protein_6576,0.20387208461761475
test_protein_6578,0.37628710269927979
test_protein_6580,0.23630213737487793
test_protein_6579,0.22727023065090179
test_protein_6584,0.012177974916994572
test_protein_6583,0.14339357614517212
test_protein_6581,0.53907936811447144
test_protein_6582,0.38841092586517334
test_protein_6585,0.3686978816986084
test_protein_6589,0.4407418966293335
test_protein_6587,0.14297853410243988
test_protein_6591,0.1336580365896225
test_protein_6586,0.16988129913806915
test_protein_6590,0.20963561534881592
test_protein_6592,0.40523961186408997
test_protein_6588,0.2418842613697052
test_protein_6594,0.40455010533332825
test_protein_6593,0.41643843054771423
test_protein_6598,0.10923856496810913
test_protein_6599,0.047218125313520432
test_protein_6597,0.77425938844680786
test_protein_6595,0.16140680015087128
test_protein_6596,0.16872501373291016
test_protein_6601,0.30218201875686646
test_protein_6602,0.458251953125
test_protein_6600,0.38657447695732117
test_protein_6606,0.13037562370300293
test_protein_6604,0.30825597047805786
test_protein_6603,0.48967808485031128
test_protein_6605,0.32222834229469299
test_protein_6608,0.2954239547252655
test_protein_6611,0.19642966985702515
test_protein_6607,0.056177102029323578
test_protein_6610,0.29010745882987976
test_protein_6612,0.38387000560760498
test_protein_6613,0.16573894023895264
test_protein_6609,0.94722825288772583
test_protein_6615,0.45905783772468567
test_protein_6616,0.8965684175491333
test_protein_6618,0.11019358783960342
test_protein_6614,0.22649537026882172
test_protein_6620,0.072485014796257019
test_protein_6617,0.2701592743396759
test_protein_6619,0.35564473271369934
test_protein_6627,0.28833800554275513
test_protein_6622,0.29956895112991333
test_protein_6623,0.15725788474082947
test_protein_6621,0.5621064305305481
test_protein_6624,0.30255681276321411
test_protein_6626,0.57464498281478882
test_protein_6628,0.11530250310897827
test_protein_6625,0.99306666851043701
test_protein_6629,0.019582862034440041
test_protein_6633,0.66795063018798828
test_protein_6631,0.02354893647134304
test_protein_6630,0.65862596035003662
test_protein_6638,0.17059363424777985
test_protein_6639,0.78226190805435181
test_protein_6640,0.45231455564498901
test_protein_6637,0.65080082416534424
test_protein_6632,0.61780053377151489
test_protein_6634,0.19966901838779449
test_protein_6635,0.28962090611457825
test_protein_6636,0.13774904608726501
test_protein_6642,0.36918619275093079
test_protein_6641,0.64606195688247681
test_protein_6643,0.10916876792907715
test_protein_6645,0.13364391028881073
test_protein_6647,0.4490618109703064
test_protein_6644,0.29596105217933655
test_protein_6649,0.35892403125762939
test_protein_6648,0.16548697650432587
test_protein_6651,0.52314728498458862
test_protein_6650,0.31843820214271545
test_protein_6646,0.67938703298568726
test_protein_6652,0.7424318790435791
test_protein_6655,0.68818008899688721
test_protein_6653,0.81032824516296387
test_protein_6656,0.50318259000778198
test_protein_6658,0.31944414973258972
test_protein_6659,0.49843856692314148
test_protein_6654,0.67844688892364502
test_protein_6660,0.43541741371154785
test_protein_6657,0.64360231161117554
test_protein_6661,0.38008633255958557
test_protein_6663,0.42295822501182556
test_protein_6662,0.15020690858364105
test_protein_6664,0.43346711993217468
test_protein_6665,0.25600501894950867
test_protein_6667,0.29045280814170837
test_protein_6666,0.63314914703369141
test_protein_6668,0.16961571574211121
test_protein_6669,0.3835558295249939
test_protein_6670,0.026157865300774574
test_protein_6672,0.088123142719268799
test_protein_6673,0.35815244913101196
test_protein_6676,0.41759362816810608
test_protein_6671,0.073413774371147156
test_protein_6674,0.43513739109039307
test_protein_6675,0.64369624853134155
test_protein_6677,0.44482788443565369
test_protein_6678,0.49034380912780762
test_protein_6679,0.12508966028690338
test_protein_6680,0.57112675905227661
test_protein_6683,0.26457449793815613
test_protein_6684,0.033846881240606308
test_protein_6682,0.42176270484924316
test_protein_6681,0.12220398336648941
test_protein_6686,0.096146292984485626
test_protein_6687,0.11301169544458389
test_protein_6685,0.51793026924133301
test_protein_6690,0.49795013666152954
test_protein_6691,0.070645660161972046
test_protein_6689,0.2305825799703598
test_protein_6692,0.45254331827163696
test_protein_6688,0.0089380554854869843
test_protein_6693,0.36755567789077759
test_protein_6695,0.638252854347229
test_protein_6694,0.32248792052268982
test_protein_6696,0.35284295678138733
test_protein_6698,0.71710747480392456
test_protein_6697,0.52968847751617432
test_protein_6699,0.33528661727905273
test_protein_6701,0.11108916252851486
test_protein_6703,0.70683896541595459
test_protein_6705,0.067529425024986267
test_protein_6700,0.62328201532363892
test_protein_6702,0.63826042413711548
test_protein_6704,0.043263494968414307
test_protein_6706,0.60320311784744263
test_protein_6707,0.54194575548171997
test_protein_6708,0.21215902268886566
test_protein_6711,0.46861210465431213
test_protein_6713,0.23485195636749268
test_protein_6712,0.28827196359634399
test_protein_6710,0.59796351194381714
test_protein_6714,0.28254625201225281
test_protein_6709,0.068379871547222137
test_protein_6717,0.47035872936248779
test_protein_6716,0.49820306897163391
test_protein_6719,0.36061269044876099
test_protein_6715,0.40960690379142761
test_protein_6718,0.36666584014892578
test_protein_6720,0.093480989336967468
test_protein_6723,0.20243661105632782
test_protein_6722,0.41879990696907043
test_protein_6721,0.40826639533042908
test_protein_6724,0.40124070644378662
test_protein_6725,0.33088394999504089
test_protein_6729,0.3146185576915741
test_protein_6728,0.19637976586818695
test_protein_6727,0.26952850818634033
test_protein_6731,0.35647556185722351
test_protein_6726,0.40283140540122986
test_protein_6732,0.23016369342803955
test_protein_6730,0.70498037338256836
test_protein_6735,0.17433387041091919
test_protein_6733,0.3641924262046814
test_protein_6734,0.44407644867897034
test_protein_6739,0.51777499914169312
test_protein_6737,0.4094700813293457
test_protein_6738,0.23022967576980591
test_protein_6736,0.48740020394325256
test_protein_6740,0.47889572381973267
test_protein_6741,0.56226003170013428
test_protein_6744,0.65233701467514038
test_protein_6743,0.57151490449905396
test_protein_6746,0.029452981427311897
test_protein_6742,0.29314807057380676
test_protein_6747,0.23469002544879913
test_protein_6745,0.39092341065406799
test_protein_6750,0.41546046733856201
test_protein_6749,0.13318793475627899
test_protein_6748,0.65666401386260986
test_protein_6752,0.092437073588371277
test_protein_6756,0.58785367012023926
test_protein_6753,0.75713819265365601
test_protein_6754,0.38367253541946411
test_protein_6751,0.27560406923294067
test_protein_6755,0.27026024460792542
test_protein_6757,0.13915644586086273
test_protein_6758,0.36558610200881958
test_protein_6759,0.063170343637466431
test_protein_6764,0.51837462186813354
test_protein_6760,0.098091155290603638
test_protein_6762,0.5933869481086731
test_protein_6761,0.47374540567398071
test_protein_6765,0.18722940981388092
test_protein_6763,0.58774751424789429
test_protein_6766,0.11710375547409058
test_protein_6767,0.02408941462635994
test_protein_6769,0.041565757244825363
test_protein_6770,0.67365586757659912
test_protein_6771,0.22178271412849426
test_protein_6775,0.020318714901804924
test_protein_6768,0.0098443599417805672
test_protein_6772,0.27228987216949463
test_protein_6773,0.14067709445953369
test_protein_6774,0.61417126655578613
test_protein_6776,0.50827705860137939
test_protein_6779,0.3932376503944397
test_protein_6777,0.25537380576133728
test_protein_6778,0.13111871480941772
test_protein_6780,0.30304434895515442
test_protein_6781,0.42959964275360107
test_protein_6783,0.207174152135849
test_protein_6784,0.13562919199466705
test_protein_6782,0.21274805068969727
test_protein_6785,0.15969274938106537
test_protein_6786,0.073686443269252777
test_protein_6790,0.35743463039398193
test_protein_6787,0.59511810541152954
test_protein_6789,0.047463975846767426
test_protein_6788,0.66364002227783203
test_protein_6795,0.64940059185028076
test_protein_6791,0.50987935066223145
test_protein_6793,0.58632278442382812
test_protein_6792,0.30972978472709656
test_protein_6796,0.066232115030288696
test_protein_6794,0.27658459544181824
test_protein_6799,0.44432294368743896
test_protein_6797,0.62736970186233521
test_protein_6800,0.56547319889068604
test_protein_6801,0.43808600306510925
test_protein_6802,0.51795107126235962
test_protein_6798,0.45378825068473816
test_protein_6805,0.33441817760467529
test_protein_6804,0.40560546517372131
test_protein_6803,0.2469056099653244
test_protein_6807,0.063363544642925262
test_protein_6806,0.39706495404243469
test_protein_6809,0.52718168497085571
test_protein_6812,0.031151972711086273
test_protein_6808,0.50079613924026489
test_protein_6811,0.50834643840789795
test_protein_6813,0.566733717918396
test_protein_6810,0.25340157747268677
test_protein_6821,0.83349788188934326
test_protein_6818,0.52336466312408447
test_protein_6814,0.36945611238479614
test_protein_6817,0.38642686605453491
test_protein_6816,0.57641631364822388
test_protein_6815,0.97144496440887451
test_protein_6820,0.30845481157302856
test_protein_6824,0.029909998178482056
test_protein_6825,0.29461383819580078
test_protein_6822,0.012731852009892464
test_protein_6819,0.5361020565032959
test_protein_6828,0.85940229892730713
test_protein_6827,0.50887078046798706
test_protein_6823,0.58815199136734009
test_protein_6830,0.55877077579498291
test_protein_6834,0.29593762755393982
test_protein_6832,0.69121116399765015
test_protein_6833,0.6811908483505249
test_protein_6829,0.16134300827980042
test_protein_6826,0.23675988614559174
test_protein_6840,0.4528348445892334
test_protein_6831,0.46702390909194946
test_protein_6836,0.36748680472373962
test_protein_6839,0.79910117387771606
test_protein_6838,0.36480486392974854
test_protein_6835,0.63055711984634399
test_protein_6837,0.17573469877243042
test_protein_6842,0.56711882352828979
test_protein_6846,0.27174142003059387
test_protein_6843,0.59987080097198486
test_protein_6845,0.38827860355377197
test_protein_6844,0.44693875312805176
test_protein_6847,0.49109810590744019
test_protein_6841,0.38781952857971191
test_protein_6850,0.79093629121780396
test_protein_6848,0.5980791449546814
test_protein_6851,0.56717640161514282
test_protein_6849,0.43726041913032532
test_protein_6857,0.39412927627563477
test_protein_6859,0.28647276759147644
test_protein_6855,0.76884329319000244
test_protein_6854,0.21573486924171448
test_protein_6853,0.43469017744064331
test_protein_6858,0.33106794953346252
test_protein_6852,0.9893648624420166
test_protein_6867,0.12943089008331299
test_protein_6856,0.22322897613048553
test_protein_6861,0.058700021356344223
test_protein_6860,0.16486585140228271
test_protein_6865,0.54778373241424561
test_protein_6863,0.30706274509429932
test_protein_6864,0.032354153692722321
test_protein_6862,0.43342813849449158
test_protein_6866,0.47062131762504578
test_protein_6868,0.39953520894050598
test_protein_6869,0.28549337387084961
test_protein_6871,0.078144587576389313
test_protein_6876,0.74363356828689575
test_protein_6870,0.5355866551399231
test_protein_6873,0.59988057613372803
test_protein_6872,0.52897876501083374
test_protein_6875,0.65595734119415283
test_protein_6878,0.50992381572723389
test_protein_6874,0.31852114200592041
test_protein_6881,0.36553728580474854
test_protein_6877,0.29047274589538574
test_protein_6883,0.41305997967720032
test_protein_6889,0.10510055720806122
test_protein_6879,0.41964817047119141
test_protein_6888,0.16840818524360657
test_protein_6882,0.36492407321929932
test_protein_6885,0.0088180825114250183
test_protein_6886,0.53544491529464722
test_protein_6887,0.46337059140205383
test_protein_6893,0.21766051650047302
test_protein_6880,0.68015140295028687
test_protein_6890,0.71589046716690063
test_protein_6884,0.63400053977966309
test_protein_6891,0.49075829982757568
test_protein_6892,0.21701860427856445
test_protein_6894,0.60929596424102783
test_protein_6896,0.95897173881530762
test_protein_6895,0.97945845127105713
test_protein_6898,0.6813734769821167
test_protein_6897,0.59807789325714111
test_protein_6901,0.52898997068405151
test_protein_6900,0.90193498134613037
test_protein_6899,0.24048440158367157
test_protein_6903,0.63057214021682739
test_protein_6902,0.21130605041980743
test_protein_6904,0.59226042032241821
test_protein_6910,0.0058565251529216766
test_protein_6906,0.5572819709777832
test_protein_6907,0.13098813593387604
test_protein_6905,0.49922659993171692
test_protein_6909,0.30681324005126953
test_protein_6914,0.41174188256263733
test_protein_6915,0.8493080735206604
test_protein_6908,0.70515650510787964
test_protein_6912,0.72242915630340576
test_protein_6913,0.6644819974899292
test_protein_6922,0.58379358053207397
test_protein_6919,0.80227851867675781
test_protein_6917,0.57378733158111572
test_protein_6920,0.59422677755355835
test_protein_6911,0.42380675673484802
test_protein_6923,0.30119898915290833
test_protein_6916,0.63033479452133179
test_protein_6921,0.35467615723609924
test_protein_6928,0.35174614191055298
test_protein_6925,0.80806052684783936
test_protein_6926,0.38381695747375488
test_protein_6927,0.45942422747612
test_protein_6918,0.54189157485961914
test_protein_6924,0.76220172643661499
test_protein_6936,0.21792528033256531
test_protein_6929,0.053197193890810013
test_protein_6930,0.60093653202056885
test_protein_6937,0.054702918976545334
test_protein_6931,0.091573514044284821
test_protein_6932,0.74788224697113037
test_protein_6933,0.4889492392539978
test_protein_6934,0.41063004732131958
test_protein_6943,0.41998538374900818
test_protein_6944,0.26502597332000732
test_protein_6938,0.48770150542259216
test_protein_6941,0.50356197357177734
test_protein_6946,0.75031185150146484
test_protein_6945,0.49566087126731873
test_protein_6940,0.45187178254127502
test_protein_6939,0.44555851817131042
test_protein_6935,0.45976880192756653
test_protein_6949,0.46619522571563721
test_protein_6942,0.081346675753593445
test_protein_6952,0.083996258676052094
test_protein_6950,0.53857254981994629
test_protein_6948,0.47022634744644165
test_protein_6951,0.43751388788223267
test_protein_6953,0.756011962890625
test_protein_6947,0.20884276926517487
test_protein_6954,0.60561829805374146
test_protein_6955,0.4324241578578949
test_protein_6956,0.85037589073181152
test_protein_6957,0.81141656637191772
test_protein_6958,0.41238293051719666
test_protein_6959,0.32565566897392273
test_protein_6963,0.074922293424606323
test_protein_6960,0.51151198148727417
test_protein_6961,0.91209250688552856
test_protein_6962,0.1604895293712616
test_protein_6967,0.51186084747314453
test_protein_6964,0.36923262476921082
test_protein_6966,0.19061248004436493
test_protein_6968,0.2268708199262619
test_protein_6965,0.7192612886428833
test_protein_6970,0.10572982579469681
test_protein_6969,0.64693629741668701
test_protein_6973,0.74375468492507935
test_protein_6972,0.76422280073165894
test_protein_6976,0.35066124796867371
test_protein_6975,0.30251878499984741
test_protein_6971,0.53201001882553101
test_protein_6974,0.45946761965751648
test_protein_6978,0.54369610548019409
test_protein_6977,0.027564160525798798
test_protein_6979,0.44500559568405151
test_protein_6980,0.41773232817649841
test_protein_6984,0.50834989547729492
test_protein_6981,0.055962461978197098
test_protein_6983,0.12218697369098663
test_protein_6985,0.37094622850418091
test_protein_6982,0.11389800161123276
test_protein_6986,0.72419536113739014
test_protein_6988,0.43110805749893188
test_protein_6987,0.43853983283042908
test_protein_6990,0.73438501358032227
test_protein_6989,0.39280837774276733
test_protein_6992,0.44642859697341919
test_protein_6994,0.07970622181892395
test_protein_6993,0.39999860525131226
test_protein_6991,0.68331551551818848
test_protein_6999,0.41294342279434204
test_protein_7002,0.48473528027534485
test_protein_6995,0.50804781913757324
test_protein_6997,0.77470642328262329
test_protein_7001,0.39930516481399536
test_protein_6996,0.68055146932601929
test_protein_7005,0.32573127746582031
test_protein_7004,0.81249123811721802
test_protein_7008,0.14406523108482361
test_protein_7003,0.50418734550476074
test_protein_7006,0.94967830181121826
test_protein_6998,0.54301959276199341
test_protein_7007,0.56186497211456299
test_protein_7000,0.10250935703516006
test_protein_7011,0.43663662672042847
test_protein_7010,0.66326594352722168
test_protein_7012,0.4693184494972229
test_protein_7013,0.32522466778755188
test_protein_7014,0.014276927337050438
test_protein_7015,0.037397388368844986
test_protein_7009,0.5796617865562439
test_protein_7019,0.91434818506240845
test_protein_7018,0.70126676559448242
test_protein_7023,0.40531167387962341
test_protein_7024,0.51900166273117065
test_protein_7021,0.88039696216583252
test_protein_7017,0.6670193076133728
test_protein_7016,0.34429672360420227
test_protein_7027,0.158036008477211
test_protein_7025,0.74955350160598755
test_protein_7026,0.040891397744417191
test_protein_7020,0.36757799983024597
test_protein_7030,0.7241891622543335
test_protein_7022,0.48447537422180176
test_protein_7032,0.38799366354942322
test_protein_7031,0.36437615752220154
test_protein_7029,0.55565899610519409
test_protein_7028,0.60259836912155151
test_protein_7033,0.025079762563109398
test_protein_7039,0.0082668699324131012
test_protein_7036,0.58646631240844727
test_protein_7035,0.43885311484336853
test_protein_7037,0.73743468523025513
test_protein_7038,0.58398205041885376
test_protein_7041,0.69521135091781616
test_protein_7034,0.53688079118728638
test_protein_7042,0.50961732864379883
test_protein_7040,0.12853351235389709
test_protein_7045,0.49642762541770935
test_protein_7044,0.33603200316429138
test_protein_7048,0.82739579677581787
test_protein_7043,0.45528078079223633
test_protein_7047,0.013084964826703072
test_protein_7050,0.35518568754196167
test_protein_7046,0.86614024639129639
test_protein_7049,0.34787470102310181
test_protein_7051,0.85312992334365845
test_protein_7055,0.43498530983924866
test_protein_7052,0.24572886526584625
test_protein_7058,0.62811201810836792
test_protein_7053,0.73970586061477661
test_protein_7054,0.42497041821479797
test_protein_7056,0.82677042484283447
test_protein_7057,0.42214503884315491
test_protein_7059,0.0051671676337718964
test_protein_7062,0.3432890772819519
test_protein_7061,0.27053448557853699
test_protein_7060,0.42174023389816284
test_protein_7065,0.13598287105560303
test_protein_7063,0.020178522914648056
test_protein_7064,0.24652235209941864
test_protein_7066,0.059121593832969666
test_protein_7068,0.25118029117584229
test_protein_7067,0.22755604982376099
test_protein_7069,0.22680971026420593
test_protein_7070,0.56866878271102905
test_protein_7074,0.24942514300346375
test_protein_7075,0.56296682357788086
test_protein_7072,0.59680259227752686
test_protein_7076,0.53672510385513306
test_protein_7071,0.50447195768356323
test_protein_7078,0.27626326680183411
test_protein_7080,0.23753374814987183
test_protein_7079,0.11546476930379868
test_protein_7081,0.33891776204109192
test_protein_7073,0.47782456874847412
test_protein_7077,0.41296413540840149
test_protein_7085,0.34165036678314209
test_protein_7084,0.15526431798934937
test_protein_7082,0.034068483859300613
test_protein_7088,0.34786111116409302
test_protein_7083,0.51390659809112549
test_protein_7086,0.40415820479393005
test_protein_7087,0.41564592719078064
test_protein_7089,0.45849263668060303
test_protein_7091,0.82590270042419434
test_protein_7092,0.39503923058509827
test_protein_7090,0.90903407335281372
test_protein_7093,0.30018156766891479
test_protein_7096,0.87618279457092285
test_protein_7094,0.15552297234535217
test_protein_7097,0.19046351313591003
test_protein_7095,0.34503161907196045
test_protein_7098,0.98037290573120117
test_protein_7100,0.68869328498840332
test_protein_7103,0.28242230415344238
test_protein_7102,0.24518099427223206
test_protein_7099,0.030745852738618851
test_protein_7101,0.5744817852973938
test_protein_7104,0.25987687706947327
test_protein_7105,0.097729235887527466
test_protein_7108,0.65979588031768799
test_protein_7106,0.071102149784564972
test_protein_7107,0.39402681589126587
test_protein_7110,0.49700435996055603
test_protein_7113,0.21721033751964569
test_protein_7111,0.52433466911315918
test_protein_7112,0.58397769927978516
test_protein_7109,0.29656442999839783
test_protein_7116,0.21853849291801453
test_protein_7114,0.095077894628047943
test_protein_7115,0.28949272632598877
test_protein_7117,0.21922752261161804
test_protein_7121,0.30817562341690063
test_protein_7119,0.26362589001655579
test_protein_7125,0.41889327764511108
test_protein_7127,0.49651217460632324
test_protein_7120,0.64590966701507568
test_protein_7123,0.50210690498352051
test_protein_7122,0.33138924837112427
test_protein_7118,0.5192142128944397
test_protein_7124,0.12388689815998077
test_protein_7126,0.53666532039642334
test_protein_7128,0.72601234912872314
test_protein_7130,0.012179920449852943
test_protein_7129,0.82270282506942749
test_protein_7131,0.41699692606925964
test_protein_7134,0.56906002759933472
test_protein_7132,0.32659822702407837
test_protein_7133,0.60663485527038574
test_protein_7137,0.50125426054000854
test_protein_7135,0.15037114918231964
test_protein_7138,0.33103445172309875
test_protein_7136,0.25264951586723328
test_protein_7140,0.58325433731079102
test_protein_7141,0.3272436261177063
test_protein_7139,0.1098540797829628
test_protein_7142,0.26480090618133545
test_protein_7143,0.070381626486778259
test_protein_7145,0.60007727146148682
test_protein_7146,0.58681708574295044
test_protein_7147,0.30559101700782776
test_protein_7149,0.45567736029624939
test_protein_7148,0.26814889907836914
test_protein_7144,0.31683000922203064
test_protein_7151,0.5293610692024231
test_protein_7152,0.66042768955230713
test_protein_7153,0.38965222239494324
test_protein_7150,0.35707342624664307
test_protein_7154,0.56885617971420288
test_protein_7157,0.25973984599113464
test_protein_7155,0.75778138637542725
test_protein_7156,0.34336942434310913
test_protein_7159,0.44449567794799805
test_protein_7160,0.27998790144920349
test_protein_7158,0.60015082359313965
test_protein_7161,0.22066779434680939
test_protein_7162,0.8296627402305603
test_protein_7166,0.59109330177307129
test_protein_7164,0.32864806056022644
test_protein_7163,0.062183398753404617
test_protein_7165,0.49963390827178955
test_protein_7168,0.40456017851829529
test_protein_7167,0.50270020961761475
test_protein_7172,0.42829808592796326
test_protein_7169,0.64985257387161255
test_protein_7171,0.45099964737892151
test_protein_7170,0.25460165739059448
test_protein_7177,0.4457496702671051
test_protein_7173,0.467479407787323
test_protein_7175,0.3864729106426239
test_protein_7174,0.54425889253616333
test_protein_7179,0.51390701532363892
test_protein_7176,0.38518553972244263
test_protein_7178,0.44112813472747803
test_protein_7181,0.067081831395626068
test_protein_7180,0.03035392239689827
test_protein_7182,0.21670746803283691
test_protein_7184,0.58759468793869019
test_protein_7183,0.54802221059799194
test_protein_7185,0.15788803994655609
test_protein_7187,0.36038437485694885
test_protein_7186,0.38090133666992188
test_protein_7188,0.82493793964385986
test_protein_7191,0.29266026616096497
test_protein_7189,0.34666538238525391
test_protein_7193,0.68786823749542236
test_protein_7190,0.53017699718475342
test_protein_7192,0.25562569499015808
test_protein_7194,0.59343940019607544
test_protein_7195,0.73111671209335327
test_protein_7196,0.07914368063211441
test_protein_7197,0.043132096529006958
test_protein_7200,0.67607611417770386
test_protein_7201,0.57488244771957397
test_protein_7199,0.150147944688797
test_protein_7202,0.27800837159156799
test_protein_7198,0.21752560138702393
test_protein_7204,0.63249373435974121
test_protein_7203,0.088072210550308228
test_protein_7206,0.78029251098632812
test_protein_7207,0.018705166876316071
test_protein_7205,0.38372516632080078
test_protein_7211,0.36155825853347778
test_protein_7209,0.34292951226234436
test_protein_7212,0.3360462486743927
test_protein_7210,0.54727506637573242
test_protein_7208,0.084240175783634186
test_protein_7213,0.27581813931465149
test_protein_7215,0.37968793511390686
test_protein_7214,0.57466572523117065
test_protein_7216,0.4498155415058136
test_protein_7218,0.13104532659053802
test_protein_7217,0.6885688304901123
test_protein_7221,0.61811280250549316
test_protein_7219,0.20848780870437622
test_protein_7220,0.39758718013763428
test_protein_7225,0.015304155647754669
test_protein_7223,0.51269268989562988
test_protein_7222,0.72809648513793945
test_protein_7224,0.32062369585037231
test_protein_7227,0.56495445966720581
test_protein_7229,0.52031958103179932
test_protein_7226,0.36366516351699829
test_protein_7228,0.14821986854076385
test_protein_7230,0.637459397315979
test_protein_7232,0.044783446937799454
test_protein_7231,0.34303396940231323
test_protein_7233,0.027757288888096809
test_protein_7234,0.63830173015594482
test_protein_7237,0.36988615989685059
test_protein_7239,0.15930978953838348
test_protein_7238,0.64881670475006104
test_protein_7241,0.60823160409927368
test_protein_7236,0.23583561182022095
test_protein_7240,0.44989123940467834
test_protein_7235,0.064644314348697662
test_protein_7242,0.47136005759239197
test_protein_7246,0.44620212912559509
test_protein_7244,0.43725496530532837
test_protein_7243,0.081062719225883484
test_protein_7245,0.68116891384124756
test_protein_7249,0.7642594575881958
test_protein_7248,0.48572191596031189
test_protein_7251,0.36439937353134155
test_protein_7250,0.81325626373291016
test_protein_7247,0.28744155168533325
test_protein_7252,0.079961158335208893
test_protein_7254,0.00066921231336891651
test_protein_7255,0.49499484896659851
test_protein_7253,0.15451149642467499
test_protein_7256,0.25329568982124329
test_protein_7257,0.93265324831008911
test_protein_7259,0.9022289514541626
test_protein_7258,0.088790640234947205
test_protein_7260,0.62831437587738037
test_protein_7263,0.40447229146957397
test_protein_7261,0.049115732312202454
test_protein_7262,0.36499100923538208
test_protein_7264,0.61582821607589722
test_protein_7265,0.2036585807800293
test_protein_7267,0.23383502662181854
test_protein_7266,0.17502711713314056
test_protein_7269,0.47228863835334778
test_protein_7268,0.50947123765945435
test_protein_7272,0.60200130939483643
test_protein_7274,0.23627032339572906
test_protein_7271,0.38675463199615479
test_protein_7273,0.34349089860916138
test_protein_7275,0.34647732973098755
test_protein_7270,0.41505107283592224
test_protein_7278,0.51226085424423218
test_protein_7279,0.38139402866363525
test_protein_7276,0.35759249329566956
test_protein_7280,0.30062490701675415
test_protein_7277,0.82665777206420898
test_protein_7281,0.065473310649394989
test_protein_7282,0.62532591819763184
test_protein_7284,0.48405233025550842
test_protein_7285,0.24052205681800842
test_protein_7287,0.46385601162910461
test_protein_7286,0.45637857913970947
test_protein_7283,0.045231431722640991
test_protein_7288,0.8355596661567688
test_protein_7289,0.18309894204139709
test_protein_7295,0.50897425413131714
test_protein_7290,0.00062913831789046526
test_protein_7291,0.33897235989570618
test_protein_7294,0.78008377552032471
test_protein_7292,0.44832742214202881
test_protein_7293,0.031283397227525711
test_protein_7296,0.37840285897254944
test_protein_7297,0.61396574974060059
test_protein_7298,0.010600653477013111
test_protein_7300,0.71857959032058716
test_protein_7305,0.084997266530990601
test_protein_7299,0.8599122166633606
test_protein_7301,0.2557225227355957
test_protein_7307,0.3010316789150238
test_protein_7304,0.42206636071205139
test_protein_7302,0.05751483142375946
test_protein_7303,0.3691861629486084
test_protein_7306,0.13287244737148285
test_protein_7308,0.6226353645324707
test_protein_7310,0.19100762903690338
test_protein_7309,0.23022106289863586
test_protein_7311,0.60488629341125488
test_protein_7312,0.062291279435157776
test_protein_7315,0.21347209811210632
test_protein_7314,0.50000572204589844
test_protein_7313,0.91564637422561646
test_protein_7316,0.49357092380523682
test_protein_7317,0.28409275412559509
test_protein_7318,0.49812790751457214
test_protein_7320,0.077738866209983826
test_protein_7322,0.19833061099052429
test_protein_7325,0.63070297241210938
test_protein_7321,0.40544202923774719
test_protein_7323,0.34885773062705994
test_protein_7326,0.21228821575641632
test_protein_7324,0.28431656956672668
test_protein_7319,0.40746223926544189
test_protein_7330,0.32021048665046692
test_protein_7331,0.39915069937705994
test_protein_7329,0.53189575672149658
test_protein_7327,0.81085330247879028
test_protein_7332,0.14405538141727448
test_protein_7334,0.37115520238876343
test_protein_7328,0.57679206132888794
test_protein_7335,0.56521224975585938
test_protein_7336,0.1344151645898819
test_protein_7339,0.36465463042259216
test_protein_7333,0.18612410128116608
test_protein_7338,0.65588986873626709
test_protein_7341,0.18730667233467102
test_protein_7340,0.52020174264907837
test_protein_7342,0.12599636614322662
test_protein_7337,0.27953407168388367
test_protein_7348,0.69650322198867798
test_protein_7343,0.032796222716569901
test_protein_7344,0.3101879358291626
test_protein_7346,0.43937134742736816
test_protein_7345,0.52151662111282349
test_protein_7347,0.55665135383605957
test_protein_7350,0.10113599896430969
test_protein_7351,0.53437691926956177
test_protein_7352,0.46132960915565491
test_protein_7349,0.48053911328315735
test_protein_7354,0.22213958203792572
test_protein_7353,0.57614010572433472
test_protein_7357,0.24513760209083557
test_protein_7355,0.18884082138538361
test_protein_7356,0.34979727864265442
test_protein_7358,0.48001384735107422
test_protein_7359,0.58362990617752075
test_protein_7362,0.064754202961921692
test_protein_7364,0.64569997787475586
test_protein_7360,0.18581017851829529
test_protein_7361,0.059216096997261047
test_protein_7363,0.56849926710128784
test_protein_7365,0.18078239262104034
test_protein_7370,0.44949859380722046
test_protein_7366,0.52628904581069946
test_protein_7372,0.11808270215988159
test_protein_7367,0.74185723066329956
test_protein_7371,0.24715928733348846
test_protein_7369,0.49901217222213745
test_protein_7368,0.093625470995903015
test_protein_7376,0.023455951362848282
test_protein_7374,0.17638736963272095
test_protein_7375,0.43733558058738708
test_protein_7373,0.67337989807128906
test_protein_7377,0.38228151202201843
test_protein_7378,0.20564821362495422
test_protein_7383,0.47272688150405884
test_protein_7379,0.2760968804359436
test_protein_7385,0.87758266925811768
test_protein_7381,0.20968468487262726
test_protein_7382,0.7170102596282959
test_protein_7384,0.57489442825317383
test_protein_7380,0.20564277470111847
test_protein_7386,0.47383475303649902
test_protein_7387,0.53826761245727539
test_protein_7392,0.65216106176376343
test_protein_7388,0.080430686473846436
test_protein_7390,0.87910473346710205
test_protein_7391,0.74606311321258545
test_protein_7389,0.65693902969360352
test_protein_7395,0.42992949485778809
test_protein_7394,0.64940375089645386
test_protein_7398,0.27049842476844788
test_protein_7397,0.3298773467540741
test_protein_7399,0.2596302330493927
test_protein_7393,0.6502642035484314
test_protein_7401,0.49432924389839172
test_protein_7400,0.58330529928207397
test_protein_7396,0.062950976192951202
test_protein_7402,0.18049551546573639
test_protein_7406,0.3382411003112793
test_protein_7405,0.0020474651828408241
test_protein_7404,0.39218980073928833
test_protein_7403,0.35556909441947937
test_protein_7408,0.56361204385757446
test_protein_7407,0.38198232650756836
test_protein_7414,0.015677426010370255
test_protein_7412,0.48965302109718323
test_protein_7413,0.26378276944160461
test_protein_7409,0.74042075872421265
test_protein_7416,0.081396982073783875
test_protein_7417,0.5812838077545166
test_protein_7415,0.2865884006023407
test_protein_7411,0.32193589210510254
test_protein_7410,0.57282143831253052
test_protein_7420,0.060328103601932526
test_protein_7419,0.29689705371856689
test_protein_7424,0.52139067649841309
test_protein_7426,0.18281644582748413
test_protein_7418,0.67108660936355591
test_protein_7422,0.026328716427087784
test_protein_7421,0.50018233060836792
test_protein_7423,0.54592770338058472
test_protein_7429,0.32029041647911072
test_protein_7425,0.58172476291656494
test_protein_7428,0.34992745518684387
test_protein_7432,0.73083120584487915
test_protein_7427,0.0028813150711357594
test_protein_7430,0.56066977977752686
test_protein_7431,0.68215203285217285
test_protein_7435,0.29597911238670349
test_protein_7436,0.41953098773956299
test_protein_7434,0.58210372924804688
test_protein_7433,0.39517295360565186
test_protein_7441,0.50850671529769897
test_protein_7439,0.65059071779251099
test_protein_7440,0.43935608863830566
test_protein_7438,0.39981096982955933
test_protein_7437,0.35540002584457397
test_protein_7443,0.59154093265533447
test_protein_7442,0.58470839262008667
test_protein_7447,0.40154293179512024
test_protein_7444,0.16542497277259827
test_protein_7446,0.7358928918838501
test_protein_7445,0.065942205488681793
test_protein_7449,0.056756593286991119
test_protein_7448,0.22585329413414001
test_protein_7451,0.68342840671539307
test_protein_7450,0.074801385402679443
test_protein_7452,0.17148010432720184
test_protein_7453,0.55918753147125244
test_protein_7459,0.57038527727127075
test_protein_7456,0.40816026926040649
test_protein_7454,0.40785136818885803
test_protein_7461,0.63603264093399048
test_protein_7458,0.18696348369121552
test_protein_7455,0.36781418323516846
test_protein_7460,0.93358922004699707
test_protein_7457,0.28388738632202148
test_protein_7462,0.13793449103832245
test_protein_7467,0.63404381275177002
test_protein_7468,0.073597133159637451
test_protein_7466,0.87069946527481079
test_protein_7469,0.63077127933502197
test_protein_7463,0.052738096565008163
test_protein_7465,0.42910662293434143
test_protein_7471,0.44656261801719666
test_protein_7470,0.20267467200756073
test_protein_7464,0.64516311883926392
test_protein_7474,0.52738934755325317
test_protein_7473,0.43692046403884888
test_protein_7472,0.54063302278518677
test_protein_7476,0.059997927397489548
test_protein_7475,0.66876965761184692
test_protein_7477,0.83125334978103638
test_protein_7479,0.20286084711551666
test_protein_7483,0.03272053599357605
test_protein_7478,0.40310898423194885
test_protein_7482,0.41296151280403137
test_protein_7480,0.15097548067569733
test_protein_7481,0.36408898234367371
test_protein_7485,0.491627037525177
test_protein_7484,0.75045549869537354
test_protein_7488,0.36632779240608215
test_protein_7486,0.18835310637950897
test_protein_7487,0.55786299705505371
test_protein_7492,0.801125168800354
test_protein_7489,0.33776012063026428
test_protein_7490,0.42784973978996277
test_protein_7493,0.18256126344203949
test_protein_7494,0.40193828940391541
test_protein_7491,0.85451537370681763
test_protein_7497,0.19777293503284454
test_protein_7495,0.41858008503913879
test_protein_7496,0.20654040575027466
test_protein_7499,0.059313103556632996
test_protein_7501,0.060005947947502136
test_protein_7500,0.40530920028686523
test_protein_7502,0.54880762100219727
test_protein_7508,0.62899917364120483
test_protein_7504,0.33204963803291321
test_protein_7506,0.5583111047744751
test_protein_7498,0.073262043297290802
test_protein_7503,0.068562455475330353
test_protein_7509,0.20150764286518097
test_protein_7505,0.4350353479385376
test_protein_7507,0.1779402494430542
test_protein_7511,0.35719746351242065
test_protein_7515,0.50311154127120972
test_protein_7514,0.16716153919696808
test_protein_7510,0.65826165676116943
test_protein_7519,0.36701101064682007
test_protein_7512,0.52388393878936768
test_protein_7516,0.37242355942726135
test_protein_7513,0.22492709755897522
test_protein_7518,0.15937337279319763
test_protein_7517,0.19929084181785583
test_protein_7520,0.36315101385116577
test_protein_7523,0.092759981751441956
test_protein_7522,0.2107282280921936
test_protein_7521,0.081590600311756134
test_protein_7526,0.39287653565406799
test_protein_7524,0.6113322377204895
test_protein_7525,0.0029852732550352812
test_protein_7530,0.40152683854103088
test_protein_7527,0.056931860744953156
test_protein_7528,0.62189716100692749
test_protein_7534,0.028425062075257301
test_protein_7535,0.36395475268363953
test_protein_7533,0.41886788606643677
test_protein_7536,0.512581467628479
test_protein_7529,0.92595428228378296
test_protein_7532,0.46495011448860168
test_protein_7537,0.084759116172790527
test_protein_7538,0.099637195467948914
test_protein_7531,0.58343559503555298
test_protein_7540,0.54525703191757202
test_protein_7541,0.27574720978736877
test_protein_7542,0.38410821557044983
test_protein_7539,0.47274190187454224
test_protein_7549,0.45789340138435364
test_protein_7544,0.67029917240142822
test_protein_7543,0.090707205235958099
test_protein_7547,0.33373966813087463
test_protein_7550,0.054399501532316208
test_protein_7548,0.17250175774097443
test_protein_7552,0.39723724126815796
test_protein_7545,0.54352927207946777
test_protein_7553,0.68759924173355103
test_protein_7551,0.18130002915859222
test_protein_7546,0.61445927619934082
test_protein_7554,0.027306877076625824
test_protein_7555,0.83901786804199219
test_protein_7556,0.78379172086715698
test_protein_7560,0.0086965067312121391
test_protein_7557,0.0009526663925498724
test_protein_7559,0.37281763553619385
test_protein_7563,0.37892714142799377
test_protein_7562,0.063864380121231079
test_protein_7561,0.25926461815834045
test_protein_7565,0.52723336219787598
test_protein_7558,0.32218769192695618
test_protein_7564,0.12992091476917267
test_protein_7568,0.96736598014831543
test_protein_7566,0.32083016633987427
test_protein_7569,0.44034191966056824
test_protein_7567,0.4221821129322052
test_protein_7573,0.54825401306152344
test_protein_7570,0.17544379830360413
test_protein_7574,0.056465409696102142
test_protein_7572,0.093555830419063568
test_protein_7576,0.023558683693408966
test_protein_7571,0.17999252676963806
test_protein_7578,0.10122638940811157
test_protein_7577,0.39225736260414124
test_protein_7575,0.018094323575496674
test_protein_7580,0.4677405059337616
test_protein_7583,0.31615838408470154
test_protein_7582,0.11527246236801147
test_protein_7579,0.70304512977600098
test_protein_7581,0.025139251723885536
test_protein_7584,0.54726564884185791
test_protein_7587,0.25184640288352966
test_protein_7585,0.25042247772216797
test_protein_7588,0.26928570866584778
test_protein_7586,0.42118602991104126
test_protein_7590,0.71994531154632568
test_protein_7589,0.73393434286117554
test_protein_7592,0.12157828360795975
test_protein_7591,0.20888562500476837
test_protein_7593,0.60563313961029053
test_protein_7595,0.66757339239120483
test_protein_7594,0.12877598404884338
test_protein_7599,0.59599024057388306
test_protein_7596,0.58614599704742432
test_protein_7598,0.56761068105697632
test_protein_7597,0.60763370990753174
test_protein_7601,0.50908535718917847
test_protein_7600,0.3901134729385376
test_protein_7603,0.48695731163024902
test_protein_7604,0.59967786073684692
test_protein_7602,0.17444245517253876
test_protein_7606,0.4580901563167572
test_protein_7605,0.70674699544906616
test_protein_7607,0.54085636138916016
test_protein_7610,0.19534188508987427
test_protein_7608,0.7916075587272644
test_protein_7612,0.048656437546014786
test_protein_7611,0.47531980276107788
test_protein_7613,0.33719712495803833
test_protein_7609,0.35329711437225342
test_protein_7614,0.81758898496627808
test_protein_7615,0.1840621680021286
test_protein_7616,0.40697965025901794
test_protein_7619,0.2203858494758606
test_protein_7617,0.78970533609390259
test_protein_7618,0.61549776792526245
test_protein_7620,0.14012898504734039
test_protein_7621,0.63807278871536255
test_protein_7623,0.22915798425674438
test_protein_7624,0.3768269419670105
test_protein_7627,0.67396903038024902
test_protein_7630,0.43417006731033325
test_protein_7625,0.25071588158607483
test_protein_7622,0.042946498841047287
test_protein_7631,0.064915567636489868
test_protein_7628,0.68401825428009033
test_protein_7634,0.58733487129211426
test_protein_7626,0.23470012843608856
test_protein_7632,0.52937698364257812
test_protein_7629,0.90259450674057007
test_protein_7635,0.1354379802942276
test_protein_7633,0.95004409551620483
test_protein_7636,0.29363489151000977
test_protein_7642,0.98243135213851929
test_protein_7641,0.95361870527267456
test_protein_7639,0.6843300461769104
test_protein_7638,0.45274695754051208
test_protein_7640,0.81026118993759155
test_protein_7637,0.48121801018714905
test_protein_7645,0.90584444999694824
test_protein_7643,0.5311998724937439
test_protein_7646,0.87328082323074341
test_protein_7648,0.061766646802425385
test_protein_7644,0.69223058223724365
test_protein_7651,0.072072088718414307
test_protein_7647,0.64260822534561157
test_protein_7650,0.0027540656737983227
test_protein_7652,0.7323029637336731
test_protein_7655,0.80587548017501831
test_protein_7656,0.57609140872955322
test_protein_7659,0.27514657378196716
test_protein_7658,0.48039606213569641
test_protein_7653,0.63079571723937988
test_protein_7665,0.12635296583175659
test_protein_7657,0.62278521060943604
test_protein_7664,0.98187470436096191
test_protein_7662,0.84122288227081299
test_protein_7660,0.39470988512039185
test_protein_7661,0.48531779646873474
test_protein_7663,0.58903414011001587
test_protein_7649,0.53083306550979614
test_protein_7654,0.75500136613845825
test_protein_7666,0.0090408343821763992
test_protein_7667,0.61195772886276245
test_protein_7671,0.35853567719459534
test_protein_7668,0.65249174833297729
test_protein_7677,0.47211197018623352
test_protein_7669,0.033768557012081146
test_protein_7675,0.97611212730407715
test_protein_7673,0.38214868307113647
test_protein_7676,0.66496235132217407
test_protein_7670,0.98832756280899048
test_protein_7672,0.22925001382827759
test_protein_7678,0.81025594472885132
test_protein_7683,0.052805949002504349
test_protein_7674,0.54337942600250244
test_protein_7682,0.46748447418212891
test_protein_7684,0.73379385471343994
test_protein_7681,0.39865705370903015
test_protein_7685,0.70429414510726929
test_protein_7679,0.73922914266586304
test_protein_7680,0.82311779260635376
test_protein_7689,0.55925589799880981
test_protein_7692,0.8980521559715271
test_protein_7687,0.80924445390701294
test_protein_7688,0.60678714513778687
test_protein_7691,0.13259279727935791
test_protein_7686,0.48723936080932617
test_protein_7690,0.88005030155181885
test_protein_7693,0.26067173480987549
test_protein_7697,0.39012899994850159
test_protein_7695,0.38229840993881226
test_protein_7696,0.085198484361171722
test_protein_7698,0.24992233514785767
test_protein_7694,0.71092331409454346
test_protein_7699,0.6784510612487793
test_protein_7700,0.49126717448234558
test_protein_7701,0.35161516070365906
test_protein_7702,0.85963261127471924
test_protein_7705,0.9671282172203064
test_protein_7703,0.36651492118835449
test_protein_7706,0.40646305680274963
test_protein_7704,0.36275956034660339
test_protein_7708,0.085168957710266113
test_protein_7707,0.69040143489837646
test_protein_7709,0.51620191335678101
test_protein_7712,0.23166896402835846
test_protein_7714,0.26573458313941956
test_protein_7710,0.22961975634098053
test_protein_7711,0.33307802677154541
test_protein_7713,0.84291219711303711
test_protein_7715,0.20884786546230316
test_protein_7716,0.66688859462738037
test_protein_7717,0.36148595809936523
test_protein_7719,0.079370453953742981
test_protein_7720,0.71598684787750244
test_protein_7718,0.10774773359298706
test_protein_7721,0.6083146333694458
test_protein_7722,0.46905270218849182
test_protein_7724,0.11047212779521942
test_protein_7723,0.64395242929458618
test_protein_7727,0.36948126554489136
test_protein_7725,0.56494563817977905
test_protein_7726,0.35550087690353394
test_protein_7728,0.40577864646911621
test_protein_7730,0.44946062564849854
test_protein_7729,0.29482746124267578
test_protein_7732,0.73963546752929688
test_protein_7733,0.50486797094345093
test_protein_7731,0.39771467447280884
test_protein_7734,0.47682708501815796
test_protein_7736,0.41814634203910828
test_protein_7737,0.22923392057418823
test_protein_7738,0.24942865967750549
test_protein_7735,0.63203221559524536
test_protein_7739,0.2857854962348938
test_protein_7741,0.40459346771240234
test_protein_7740,0.36351528763771057
test_protein_7744,0.16718144714832306
test_protein_7746,0.81442636251449585
test_protein_7745,0.55984282493591309
test_protein_7743,0.17574620246887207
test_protein_7742,0.53179657459259033
test_protein_7748,0.44469019770622253
test_protein_7747,0.38103702664375305
test_protein_7749,0.38920778036117554
test_protein_7750,0.49792370200157166
test_protein_7751,0.57110482454299927
test_protein_7756,0.11754967272281647
test_protein_7752,0.8664059042930603
test_protein_7755,0.033964190632104874
test_protein_7758,0.07363612949848175
test_protein_7753,0.14785277843475342
test_protein_7754,0.18794006109237671
test_protein_7757,0.70196658372879028
test_protein_7764,0.0050385915674269199
test_protein_7761,0.18757544457912445
test_protein_7762,0.28370007872581482
test_protein_7760,0.56266862154006958
test_protein_7759,0.52932548522949219
test_protein_7766,0.030488137155771255
test_protein_7763,0.21761643886566162
test_protein_7767,0.029270512983202934
test_protein_7765,0.2271517813205719
test_protein_7769,0.77739131450653076
test_protein_7773,0.57252895832061768
test_protein_7771,0.73296970129013062
test_protein_7772,0.27085918188095093
test_protein_7770,0.51532101631164551
test_protein_7775,0.49551671743392944
test_protein_7768,0.49064218997955322
test_protein_7774,0.68091440200805664
test_protein_7776,0.23927545547485352
test_protein_7777,0.098766863346099854
test_protein_7782,0.6280817985534668
test_protein_7781,0.32405105233192444
test_protein_7784,0.59222579002380371
test_protein_7778,0.49443444609642029
test_protein_7779,0.32530021667480469
test_protein_7783,0.43329408764839172
test_protein_7780,0.30770403146743774
test_protein_7785,0.65503358840942383
test_protein_7786,0.6629716157913208
test_protein_7787,0.41245934367179871
test_protein_7788,0.12730695307254791
test_protein_7789,0.6261671781539917
test_protein_7792,0.63181638717651367
test_protein_7790,0.36024895310401917
test_protein_7793,0.68800222873687744
test_protein_7794,0.49195152521133423
test_protein_7791,0.77024561166763306
test_protein_7795,0.21897144615650177
test_protein_7796,0.59661275148391724
test_protein_7802,0.52591681480407715
test_protein_7799,0.32984894514083862
test_protein_7798,0.29908463358879089
test_protein_7797,0.13834254443645477
test_protein_7800,0.1343570202589035
test_protein_7801,0.41501164436340332
test_protein_7803,0.14290057122707367
test_protein_7804,0.50232350826263428
test_protein_7807,0.4584309458732605
test_protein_7805,0.68133807182312012
test_protein_7806,0.39599448442459106
test_protein_7808,0.37597665190696716
test_protein_7810,0.13440844416618347
test_protein_7812,0.74828940629959106
test_protein_7809,0.24417810142040253
test_protein_7811,0.077947169542312622
test_protein_7813,0.48513728380203247
test_protein_7818,0.41190922260284424
test_protein_7820,0.56650429964065552
test_protein_7814,0.3680591881275177
test_protein_7817,0.0088625811040401459
test_protein_7816,0.62407207489013672
test_protein_7819,0.12129951268434525
test_protein_7815,0.33518239855766296
test_protein_7821,0.68904268741607666
test_protein_7822,0.46113047003746033
test_protein_7826,0.12578751146793365
test_protein_7823,0.95682477951049805
test_protein_7827,0.86244016885757446
test_protein_7829,0.057905547320842743
test_protein_7825,0.25029328465461731
test_protein_7824,0.48929294943809509
test_protein_7830,0.053801693022251129
test_protein_7828,0.10224470496177673
test_protein_7836,0.3058072030544281
test_protein_7832,0.0033330763690173626
test_protein_7831,0.69057399034500122
test_protein_7834,0.5356401801109314
test_protein_7838,0.44045153260231018
test_protein_7835,0.030716938897967339
test_protein_7837,0.31940954923629761
test_protein_7833,0.22773884236812592
test_protein_7839,0.69734293222427368
test_protein_7841,0.6023399829864502
test_protein_7840,0.2505679726600647
test_protein_7843,0.29275655746459961
test_protein_7842,0.4106890857219696
