name,prob_pos
test_protein_3,0.31699401140213013
test_protein_4,0.0098920557647943497
test_protein_2,0.15440879762172699
test_protein_7,0.92525386810302734
test_protein_5,0.33407959342002869
test_protein_1,0.057770583778619766
test_protein_6,0.76933479309082031
test_protein_8,0.5332983136177063
test_protein_9,0.422739177942276
test_protein_11,0.74883043766021729
test_protein_10,0.2567155659198761
test_protein_14,0.072374045848846436
test_protein_22,0.41623589396476746
test_protein_19,0.32554173469543457
test_protein_17,0.39759692549705505
test_protein_12,0.38594791293144226
test_protein_13,0.59796184301376343
test_protein_16,0.44255587458610535
test_protein_15,0.087710544466972351
test_protein_23,0.29572582244873047
test_protein_18,0.78684443235397339
test_protein_21,0.24897341430187225
test_protein_20,0.1806538850069046
test_protein_24,0.4505876898765564
test_protein_25,0.21353761851787567
test_protein_30,0.71033281087875366
test_protein_28,0.69462680816650391
test_protein_29,0.97590988874435425
test_protein_26,0.2900846004486084
test_protein_27,0.41493368148803711
test_protein_31,0.41525480151176453
test_protein_35,0.13157925009727478
test_protein_32,0.21100395917892456
test_protein_34,0.53034454584121704
test_protein_33,0.35598501563072205
test_protein_39,0.071978054940700531
test_protein_37,0.22969163954257965
test_protein_36,0.032006215304136276
test_protein_41,0.5862739086151123
test_protein_42,0.18234905600547791
test_protein_38,0.99409770965576172
test_protein_43,0.57662850618362427
test_protein_40,0.012498996220529079
test_protein_45,0.36260226368904114
test_protein_44,0.23013961315155029
test_protein_46,0.3927895724773407
test_protein_51,0.38784191012382507
test_protein_50,0.1758405864238739
test_protein_47,0.30555346608161926
test_protein_52,0.52269673347473145
test_protein_53,0.00061916827689856291
test_protein_54,0.21603211760520935
test_protein_56,2.2316942249744898e-07
test_protein_48,0.2367541491985321
test_protein_49,0.10431762039661407
test_protein_55,0.00014062231639400125
test_protein_58,0.1936449408531189
test_protein_59,0.53222233057022095
test_protein_60,0.099548868834972382
test_protein_65,0.41622483730316162
test_protein_62,0.087661877274513245
test_protein_64,0.45796844363212585
test_protein_61,0.23777477443218231
test_protein_57,0.10585694760084152
test_protein_66,0.20450077950954437
test_protein_63,0.052985556423664093
test_protein_67,0.017322465777397156
test_protein_69,0.13174621760845184
test_protein_68,0.23057574033737183
test_protein_71,0.25741863250732422
test_protein_74,0.20715117454528809
test_protein_70,0.28074035048484802
test_protein_75,0.032449338585138321
test_protein_72,0.028330607339739799
test_protein_73,0.031392358243465424
test_protein_80,0.49296748638153076
test_protein_77,0.27467375993728638
test_protein_76,0.27974590659141541
test_protein_87,0.025096753612160683
test_protein_84,4.3092862256344233e-07
test_protein_91,0.23841071128845215
test_protein_88,0.16443447768688202
test_protein_81,0.99273371696472168
test_protein_85,0.33167865872383118
test_protein_83,0.45257741212844849
test_protein_86,0.0003368590259924531
test_protein_82,0.94491368532180786
test_protein_78,0.74198538064956665
test_protein_79,0.37298086285591125
test_protein_95,0.41426268219947815
test_protein_92,0.99387472867965698
test_protein_89,0.14447550475597382
test_protein_90,0.46781736612319946
test_protein_97,0.52398592233657837
test_protein_94,0.85923469066619873
test_protein_96,0.00076397560769692063
test_protein_93,0.076662711799144745
test_protein_103,0.60323208570480347
test_protein_102,0.4134901762008667
test_protein_101,0.35346326231956482
test_protein_98,0.1082705482840538
test_protein_99,0.5786360502243042
test_protein_105,0.21694180369377136
test_protein_100,0.0016990052536129951
test_protein_106,0.1237703338265419
test_protein_104,0.54525297880172729
test_protein_108,0.080175295472145081
test_protein_114,0.015907907858490944
test_protein_109,0.7047194242477417
test_protein_111,0.087129771709442139
test_protein_107,0.13495831191539764
test_protein_112,0.13821330666542053
test_protein_113,0.010640602558851242
test_protein_110,0.12346197664737701
test_protein_119,0.085602022707462311
test_protein_118,0.36831700801849365
test_protein_116,0.0082006445154547691
test_protein_115,0.33373811841011047
test_protein_117,0.032096780836582184
test_protein_126,5.8813384384848177e-06
test_protein_120,0.11162319779396057
test_protein_123,0.47212061285972595
test_protein_124,0.2987445592880249
test_protein_122,0.00011416809866204858
test_protein_121,0.28830713033676147
test_protein_125,0.00021565414499491453
test_protein_130,0.14059925079345703
test_protein_133,0.44969671964645386
test_protein_129,0.42597770690917969
test_protein_132,0.46412986516952515
test_protein_127,0.40591791272163391
test_protein_128,0.39656096696853638
test_protein_131,0.34231635928153992
test_protein_134,0.21775725483894348
test_protein_135,0.85748356580734253
test_protein_137,0.0058968882076442242
test_protein_138,0.059800703078508377
test_protein_139,0.037649039179086685
test_protein_136,0.010987232439219952
test_protein_144,0.31981527805328369
test_protein_141,0.097719088196754456
test_protein_143,0.12762321531772614
test_protein_140,0.29293161630630493
test_protein_142,0.37440386414527893
test_protein_145,0.11887249350547791
test_protein_146,0.25775983929634094
test_protein_149,0.0046842889860272408
test_protein_148,0.08679904043674469
test_protein_151,0.26597657799720764
test_protein_153,0.20786619186401367
test_protein_147,0.00085738307097926736
test_protein_150,0.66658753156661987
test_protein_152,0.32460907101631165
test_protein_155,0.010291267186403275
test_protein_156,0.049745019525289536
test_protein_154,0.5719420313835144
test_protein_159,0.98035365343093872
test_protein_163,0.12966379523277283
test_protein_160,0.94131124019622803
test_protein_158,0.44090256094932556
test_protein_157,0.029203522950410843
test_protein_162,0.74680310487747192
test_protein_161,0.26092293858528137
test_protein_164,0.25854992866516113
test_protein_166,0.010832131840288639
test_protein_168,2.235912143078167e-05
test_protein_167,6.280056550167501e-05
test_protein_172,0.82861524820327759
test_protein_170,0.34107819199562073
test_protein_165,0.22954531013965607
test_protein_169,0.32968062162399292
test_protein_174,0.13612714409828186
test_protein_178,0.96477437019348145
test_protein_177,0.24267388880252838
test_protein_179,0.0015577429439872503
test_protein_180,0.15344361960887909
test_protein_171,0.15434494614601135
test_protein_176,0.54793447256088257
test_protein_173,0.042296864092350006
test_protein_175,0.52413159608840942
test_protein_184,0.67710971832275391
test_protein_181,0.32899418473243713
test_protein_182,0.021838761866092682
test_protein_183,0.36437144875526428
test_protein_187,0.1720346063375473
test_protein_189,0.26532924175262451
test_protein_185,0.18953126668930054
test_protein_186,0.14941965043544769
test_protein_190,0.44304513931274414
test_protein_192,0.57539355754852295
test_protein_188,0.9887840747833252
test_protein_194,0.2057824432849884
test_protein_193,0.081357643008232117
test_protein_191,0.59483939409255981
test_protein_197,0.24383346736431122
test_protein_200,0.46608629822731018
test_protein_195,0.038170114159584045
test_protein_196,0.44948241114616394
test_protein_198,0.40993040800094604
test_protein_203,0.94863098859786987
test_protein_199,0.043129783123731613
test_protein_201,0.51336473226547241
test_protein_202,0.41313144564628601
test_protein_204,0.13442887365818024
test_protein_205,0.40590888261795044
test_protein_206,0.17652939260005951
test_protein_208,0.053942412137985229
test_protein_209,0.53177779912948608
test_protein_212,0.21393664181232452
test_protein_213,0.2920168936252594
test_protein_210,0.00038371459231711924
test_protein_207,0.38230875134468079
test_protein_211,0.96643584966659546
test_protein_214,0.0041579930111765862
test_protein_216,0.83342301845550537
test_protein_222,0.36952167749404907
test_protein_217,0.053951725363731384
test_protein_218,0.09554649144411087
test_protein_219,0.020465962588787079
test_protein_223,0.14136172831058502
test_protein_221,0.086282812058925629
test_protein_227,0.53522002696990967
test_protein_215,0.69261080026626587
test_protein_220,0.019604917615652084
test_protein_226,0.37145072221755981
test_protein_225,0.4940459132194519
test_protein_224,0.060474209487438202
test_protein_228,0.16070172190666199
test_protein_230,0.3726859986782074
test_protein_229,0.024380328133702278
test_protein_236,0.66920328140258789
test_protein_231,0.54277026653289795
test_protein_237,0.00069415761390700936
test_protein_234,0.76514476537704468
test_protein_232,0.37593787908554077
test_protein_233,0.36850854754447937
test_protein_242,0.51389575004577637
test_protein_240,0.0099167488515377045
test_protein_243,0.0048003601841628551
test_protein_238,0.31851321458816528
test_protein_235,0.42038536071777344
test_protein_244,0.0041791112162172794
test_protein_245,0.35064977407455444
test_protein_239,0.00044332447578199208
test_protein_247,0.28107389807701111
test_protein_241,0.12169668078422546
test_protein_246,0.14831733703613281
test_protein_248,0.28386694192886353
test_protein_249,0.031946152448654175
test_protein_250,0.057735063135623932
test_protein_251,0.30858665704727173
test_protein_252,0.18095764517784119
test_protein_255,0.32003739476203918
test_protein_256,0.34972730278968811
test_protein_253,0.36073094606399536
test_protein_254,0.43676996231079102
test_protein_258,0.66077440977096558
test_protein_263,0.38544076681137085
test_protein_261,0.38521227240562439
test_protein_262,0.033426575362682343
test_protein_259,0.46300160884857178
test_protein_257,0.052325498312711716
test_protein_260,1.3492556718119886e-05
test_protein_273,0.18468710780143738
test_protein_266,0.040368605405092239
test_protein_269,0.26220798492431641
test_protein_270,0.58813637495040894
test_protein_267,0.030327295884490013
test_protein_265,0.25263267755508423
test_protein_268,0.12391068786382675
test_protein_274,0.011453842744231224
test_protein_264,0.36025834083557129
test_protein_272,0.44948300719261169
test_protein_275,0.10452504456043243
test_protein_271,0.35782518982887268
test_protein_280,0.0007481876527890563
test_protein_285,0.047163087874650955
test_protein_282,0.56408840417861938
test_protein_278,0.21220962703227997
test_protein_276,0.24877367913722992
test_protein_279,0.069837868213653564
test_protein_277,0.13065284490585327
test_protein_281,0.17045854032039642
test_protein_288,0.44589132070541382
test_protein_284,0.50015830993652344
test_protein_286,0.33990687131881714
test_protein_283,0.96009784936904907
test_protein_287,0.43568825721740723
test_protein_292,0.18921375274658203
test_protein_290,0.13116374611854553
test_protein_294,0.036334533244371414
test_protein_291,0.053628046065568924
test_protein_295,0.13151159882545471
test_protein_298,0.027428437024354935
test_protein_297,0.011054038070142269
test_protein_293,0.014842920005321503
test_protein_299,0.028900656849145889
test_protein_289,0.19283609092235565
test_protein_296,0.13391518592834473
test_protein_304,0.60776716470718384
test_protein_300,0.17027504742145538
test_protein_301,0.069030448794364929
test_protein_305,0.4154016375541687
test_protein_303,0.010876180604100227
test_protein_308,0.57015007734298706
test_protein_306,0.0003155689628329128
test_protein_309,0.46485993266105652
test_protein_310,0.065215222537517548
test_protein_307,0.23558618128299713
test_protein_312,0.32786956429481506
test_protein_302,0.075654178857803345
test_protein_315,0.085156232118606567
test_protein_318,0.2203410267829895
test_protein_316,0.54585075378417969
test_protein_317,0.10873580724000931
test_protein_311,0.098654061555862427
test_protein_320,0.22995097935199738
test_protein_313,0.32965189218521118
test_protein_321,0.50412279367446899
test_protein_314,0.64256322383880615
test_protein_322,0.5116119384765625
test_protein_319,0.2116570770740509
test_protein_326,0.33412441611289978
test_protein_323,0.31267967820167542
test_protein_324,0.17786315083503723
test_protein_325,0.51419013738632202
test_protein_327,0.069404788315296173
test_protein_328,0.0092072132974863052
test_protein_329,0.14383187890052795
test_protein_331,0.4961874783039093
test_protein_336,0.32106694579124451
test_protein_333,0.52630192041397095
test_protein_335,0.15895920991897583
test_protein_332,0.41398850083351135
test_protein_330,0.0023538016248494387
test_protein_334,0.77579772472381592
test_protein_343,0.32589998841285706
test_protein_339,0.47790119051933289
test_protein_337,0.3508966863155365
test_protein_341,0.0077595817856490612
test_protein_340,0.44817972183227539
test_protein_342,0.57105016708374023
test_protein_345,0.15183690190315247
test_protein_338,0.018305525183677673
test_protein_346,0.43909499049186707
test_protein_344,0.67615741491317749
test_protein_349,0.31535953283309937
test_protein_347,0.11393292248249054
test_protein_354,0.36928826570510864
test_protein_352,0.86617690324783325
test_protein_348,0.45001363754272461
test_protein_350,0.88345187902450562
test_protein_351,0.047042541205883026
test_protein_353,0.45165050029754639
test_protein_356,0.072443805634975433
test_protein_360,0.026731183752417564
test_protein_355,0.24184827506542206
test_protein_362,0.6691896915435791
test_protein_359,0.3050096333026886
test_protein_361,0.41949266195297241
test_protein_364,0.61489564180374146
test_protein_366,0.16730518639087677
test_protein_365,0.63486474752426147
test_protein_357,0.36107635498046875
test_protein_369,0.10130417346954346
test_protein_370,0.46374353766441345
test_protein_368,0.073895029723644257
test_protein_371,0.55480468273162842
test_protein_358,0.54200345277786255
test_protein_367,0.10614197701215744
test_protein_363,0.7184111475944519
test_protein_376,0.94092047214508057
test_protein_374,0.34539386630058289
test_protein_372,0.66202652454376221
test_protein_375,0.32400825619697571
test_protein_380,0.63310337066650391
test_protein_382,0.34321710467338562
test_protein_373,0.39674177765846252
test_protein_377,0.9500240683555603
test_protein_379,0.41584667563438416
test_protein_381,0.17595511674880981
test_protein_383,0.22284857928752899
test_protein_378,0.59604179859161377
test_protein_387,0.43002703785896301
test_protein_384,0.12055744975805283
test_protein_385,8.8932189612478396e-08
test_protein_386,0.0029207251500338316
test_protein_392,0.87198126316070557
test_protein_389,0.42426475882530212
test_protein_388,0.65981137752532959
test_protein_391,0.13771499693393707
test_protein_390,0.38207501173019409
test_protein_393,0.074485510587692261
test_protein_394,0.064501821994781494
test_protein_397,0.47217905521392822
test_protein_398,0.06015913188457489
test_protein_402,0.29371228814125061
test_protein_401,0.6804162859916687
test_protein_396,0.28942000865936279
test_protein_399,0.58642435073852539
test_protein_395,0.54214620590209961
test_protein_400,0.38416409492492676
test_protein_407,0.57021009922027588
test_protein_403,0.4497617781162262
test_protein_411,0.55011981725692749
test_protein_408,0.3697659969329834
test_protein_404,0.33364203572273254
test_protein_410,0.23401464521884918
test_protein_412,0.016379022970795631
test_protein_414,0.47894665598869324
test_protein_405,0.086874149739742279
test_protein_415,0.5211215615272522
test_protein_416,0.19200514256954193
test_protein_417,0.092141255736351013
test_protein_406,2.7400406565902813e-07
test_protein_409,0.078922294080257416
test_protein_413,0.48828113079071045
test_protein_418,0.19741733372211456
test_protein_421,0.046592585742473602
test_protein_419,0.024514682590961456
test_protein_423,0.53984802961349487
test_protein_420,0.48884102702140808
test_protein_425,0.44792535901069641
test_protein_422,0.047522172331809998
test_protein_426,0.29203057289123535
test_protein_430,0.26636165380477905
test_protein_428,0.48117396235466003
test_protein_429,0.028647085651755333
test_protein_424,0.95814508199691772
test_protein_427,0.20438094437122345
test_protein_433,0.057264849543571472
test_protein_434,0.33654314279556274
test_protein_437,0.30612778663635254
test_protein_431,0.15602827072143555
test_protein_436,0.31440025568008423
test_protein_435,0.13711459934711456
test_protein_438,0.067327089607715607
test_protein_432,0.1654394119977951
test_protein_439,0.31551846861839294
test_protein_440,0.16185860335826874
test_protein_441,0.00011542322317836806
test_protein_442,0.54367393255233765
test_protein_445,0.54782146215438843
test_protein_446,0.34711223840713501
test_protein_444,0.25789785385131836
test_protein_447,0.07262856513261795
test_protein_448,0.0064412453211843967
test_protein_443,0.95584797859191895
test_protein_450,0.19184026122093201
test_protein_457,0.21587081253528595
test_protein_449,0.10448937118053436
test_protein_461,0.63831019401550293
test_protein_454,0.26978898048400879
test_protein_452,0.42300990223884583
test_protein_451,0.31044772267341614
test_protein_458,0.34106841683387756
test_protein_456,0.36547937989234924
test_protein_460,0.098228603601455688
test_protein_453,0.056221544742584229
test_protein_455,0.52434295415878296
test_protein_462,0.018550248816609383
test_protein_463,0.26285284757614136
test_protein_464,0.38420814275741577
test_protein_466,0.31948313117027283
test_protein_459,0.45150819420814514
test_protein_474,0.37482616305351257
test_protein_467,0.13952681422233582
test_protein_470,0.28713613748550415
test_protein_471,0.53990119695663452
test_protein_465,0.40948975086212158
test_protein_472,0.00030144921038299799
test_protein_469,0.01697847992181778
test_protein_473,0.35957124829292297
test_protein_468,0.050084192305803299
test_protein_475,0.14056393504142761
test_protein_477,0.4278205931186676
test_protein_476,0.40564092993736267
test_protein_483,0.12355600297451019
test_protein_478,0.084821514785289764
test_protein_484,0.5442192554473877
test_protein_480,0.0068285576999187469
test_protein_479,0.14329175651073456
test_protein_489,0.0074647478759288788
test_protein_482,0.38508754968643188
test_protein_485,0.16175614297389984
test_protein_481,0.044470459222793579
test_protein_488,0.81415712833404541
test_protein_487,0.52575510740280151
test_protein_492,0.43932849168777466
test_protein_490,0.39977973699569702
test_protein_494,0.051519311964511871
test_protein_486,0.012748879380524158
test_protein_495,0.4967225193977356
test_protein_496,0.088337145745754242
test_protein_491,0.34284403920173645
test_protein_493,0.0025261815171688795
test_protein_500,0.042815510183572769
test_protein_507,0.22423182427883148
test_protein_498,0.78071087598800659
test_protein_505,0.59294843673706055
test_protein_506,0.14317403733730316
test_protein_497,0.2483660876750946
test_protein_502,0.11372475326061249
test_protein_499,0.17832127213478088
test_protein_501,0.19039276242256165
test_protein_503,0.11056681722402573
test_protein_504,0.016795346513390541
test_protein_510,0.1360480934381485
test_protein_508,0.0026521803811192513
test_protein_512,0.93490314483642578
test_protein_509,0.60559409856796265
test_protein_513,0.22048014402389526
test_protein_516,0.55947238206863403
test_protein_511,0.10122313350439072
test_protein_515,0.65787577629089355
test_protein_514,0.84694379568099976
test_protein_519,0.57241737842559814
test_protein_520,0.43620282411575317
test_protein_524,2.7477717594592832e-05
test_protein_521,0.49712961912155151
test_protein_529,0.055980656296014786
test_protein_528,0.88363230228424072
test_protein_526,0.00070575991412624717
test_protein_523,0.00031824343022890389
test_protein_517,0.67993783950805664
test_protein_525,0.0001276163529837504
test_protein_518,0.57763713598251343
test_protein_522,0.57834339141845703
test_protein_527,0.0038004138041287661
test_protein_531,0.63100367784500122
test_protein_534,0.48951059579849243
test_protein_536,0.17109312117099762
test_protein_530,0.8516155481338501
test_protein_537,0.46628686785697937
test_protein_532,0.48428773880004883
test_protein_535,0.49288651347160339
test_protein_533,0.0096375113353133202
test_protein_540,0.44262886047363281
test_protein_538,0.50656735897064209
test_protein_542,0.73742568492889404
test_protein_543,0.10366295278072357
test_protein_539,0.46009355783462524
test_protein_544,0.29220965504646301
test_protein_541,0.11247094720602036
test_protein_547,0.54018044471740723
test_protein_546,0.23487098515033722
test_protein_545,0.74812012910842896
test_protein_552,0.38389214873313904
test_protein_554,0.28765621781349182
test_protein_549,0.86580902338027954
test_protein_551,0.21863639354705811
test_protein_550,0.52892798185348511
test_protein_555,5.3628624300472438e-05
test_protein_556,0.23526659607887268
test_protein_559,0.52650678157806396
test_protein_553,0.14274726808071136
test_protein_548,0.30548694729804993
test_protein_558,0.5518413782119751
test_protein_557,0.21564909815788269
test_protein_560,0.25372552871704102
test_protein_568,0.40616807341575623
test_protein_562,0.15807758271694183
test_protein_561,0.38403713703155518
test_protein_566,0.46860507130622864
test_protein_569,0.33804741501808167
test_protein_563,0.20929244160652161
test_protein_565,0.46850907802581787
test_protein_564,0.17083144187927246
test_protein_570,0.36390778422355652
test_protein_571,0.0085797850042581558
test_protein_567,0.56847673654556274
test_protein_578,0.5354912281036377
test_protein_572,0.97128504514694214
test_protein_575,0.24215400218963623
test_protein_574,0.64840203523635864
test_protein_580,0.49342328310012817
test_protein_585,0.45091968774795532
test_protein_573,0.14299288392066956
test_protein_579,0.001150318537838757
test_protein_576,0.66932976245880127
test_protein_584,0.75883454084396362
test_protein_583,0.11592835932970047
test_protein_582,0.56909662485122681
test_protein_581,0.47286033630371094
test_protein_577,0.56562304496765137
test_protein_586,0.66102522611618042
test_protein_587,0.49866244196891785
test_protein_589,0.62629467248916626
test_protein_594,0.36173498630523682
test_protein_588,0.63011521100997925
test_protein_590,0.19135202467441559
test_protein_591,0.38604104518890381
test_protein_592,0.39359965920448303
test_protein_593,0.073511168360710144
test_protein_596,0.089961938560009003
test_protein_595,0.27706387639045715
test_protein_598,0.55592703819274902
test_protein_600,0.56039965152740479
test_protein_597,0.054018113762140274
test_protein_602,0.0074109793640673161
test_protein_601,0.527942955493927
test_protein_604,0.75704735517501831
test_protein_603,0.80769222974777222
test_protein_606,0.36862659454345703
test_protein_608,0.083765618503093719
test_protein_605,0.041718687862157822
test_protein_607,0.10362381488084793
test_protein_599,0.33897179365158081
test_protein_615,0.98006570339202881
test_protein_619,0.13268883526325226
test_protein_609,0.40947207808494568
test_protein_611,0.19692319631576538
test_protein_612,0.091927781701087952
test_protein_613,0.47564983367919922
test_protein_616,0.19904297590255737
test_protein_610,0.033321652561426163
test_protein_614,0.30826833844184875
test_protein_618,0.33173432946205139
test_protein_620,0.75119006633758545
test_protein_621,0.37127605080604553
test_protein_622,0.51661139726638794
test_protein_617,0.01715487614274025
test_protein_624,0.29013153910636902
test_protein_626,0.59418290853500366
test_protein_625,0.17783227562904358
test_protein_623,0.29719862341880798
test_protein_629,0.82324719429016113
test_protein_631,0.31108790636062622
test_protein_630,0.96606987714767456
test_protein_632,0.60518032312393188
test_protein_633,0.40943938493728638
test_protein_627,0.20255045592784882
test_protein_628,0.47943595051765442
test_protein_634,0.23021480441093445
test_protein_635,0.5619240403175354
test_protein_638,0.45667430758476257
test_protein_640,0.3819766640663147
test_protein_643,0.0020560964476317167
test_protein_637,0.13122844696044922
test_protein_636,0.036433517932891846
test_protein_642,0.15334735810756683
test_protein_641,0.12444879859685898
test_protein_648,0.0016813313122838736
test_protein_647,0.0005229251692071557
test_protein_644,0.0011668974766507745
test_protein_646,0.66719162464141846
test_protein_639,0.0089807799085974693
test_protein_650,0.012157375924289227
test_protein_651,0.8128741979598999
test_protein_653,0.0082133011892437935
test_protein_654,0.051482778042554855
test_protein_645,0.0024883102159947157
test_protein_649,0.027010880410671234
test_protein_655,0.16756646335124969
test_protein_656,0.029774127528071404
test_protein_652,0.0036591265816241503
test_protein_660,0.032542210072278976
test_protein_661,0.0075874240137636662
test_protein_658,0.42276835441589355
test_protein_659,0.085992872714996338
test_protein_663,0.25470894575119019
test_protein_664,0.98616760969161987
test_protein_665,0.51462388038635254
test_protein_662,0.0063725803047418594
test_protein_671,0.28277018666267395
test_protein_657,0.11294996738433838
test_protein_670,0.0016093595186248422
test_protein_667,0.27652907371520996
test_protein_668,0.082682959735393524
test_protein_672,0.59721165895462036
test_protein_673,0.83535987138748169
test_protein_669,0.0048249480314552784
test_protein_677,0.38207754492759705
test_protein_679,0.01609271764755249
test_protein_680,0.1892370879650116
test_protein_666,0.98047202825546265
test_protein_678,0.94009995460510254
test_protein_681,0.016435181722044945
test_protein_674,0.5173189640045166
test_protein_675,0.048133611679077148
test_protein_682,0.014681833796203136
test_protein_683,0.0083585921674966812
test_protein_676,0.0017463654512539506
test_protein_684,0.14736293256282806
test_protein_693,0.0055194562301039696
test_protein_686,0.026883063837885857
test_protein_690,0.70942485332489014
test_protein_692,0.58753079175949097
test_protein_688,0.048775367438793182
test_protein_691,0.20388300716876984
test_protein_685,0.17066596448421478
test_protein_689,0.64540129899978638
test_protein_687,0.0050295619294047356
test_protein_694,0.3893887996673584
test_protein_698,0.05601222813129425
test_protein_696,0.78478503227233887
test_protein_700,0.058907944709062576
test_protein_695,0.0908169224858284
test_protein_697,0.010826881043612957
test_protein_704,0.38569432497024536
test_protein_701,0.1123882383108139
test_protein_702,0.16775505244731903
test_protein_703,0.22119124233722687
test_protein_706,0.011652006767690182
test_protein_705,0.15337315201759338
test_protein_699,0.0044916118495166302
test_protein_709,0.12093242257833481
test_protein_708,0.34201985597610474
test_protein_707,0.097663767635822296
test_protein_712,0.12659940123558044
test_protein_711,0.055649254471063614
test_protein_713,0.060991670936346054
test_protein_710,0.35180020332336426
test_protein_715,0.00988763477653265
test_protein_716,0.38383457064628601
test_protein_717,0.029165856540203094
test_protein_719,0.50451010465621948
test_protein_718,0.43562701344490051
test_protein_714,0.013183825649321079
test_protein_724,0.49672192335128784
test_protein_720,0.0085620498284697533
test_protein_722,0.32892653346061707
test_protein_721,0.280040442943573
test_protein_730,0.50428241491317749
test_protein_728,0.025812055915594101
test_protein_725,0.056643843650817871
test_protein_727,0.29617410898208618
test_protein_731,0.37545767426490784
test_protein_723,0.30233585834503174
test_protein_726,0.18148736655712128
test_protein_732,0.077232800424098969
test_protein_733,0.83050441741943359
test_protein_729,0.11758218705654144
test_protein_736,0.0019487879471853375
test_protein_737,0.043757073581218719
test_protein_740,0.4542134702205658
test_protein_739,0.1923883855342865
test_protein_734,0.37190699577331543
test_protein_735,0.052880469709634781
test_protein_741,0.51812839508056641
test_protein_738,0.14842002093791962
test_protein_743,0.010207093320786953
test_protein_744,0.18714210391044617
test_protein_748,0.43990054726600647
test_protein_742,0.014412344433367252
test_protein_750,0.75862777233123779
test_protein_745,0.01584787480533123
test_protein_746,0.0030396899674087763
test_protein_751,0.24386577308177948
test_protein_747,0.48421481251716614
test_protein_752,0.80457967519760132
test_protein_757,0.6289752721786499
test_protein_756,0.24516294896602631
test_protein_754,0.50684314966201782
test_protein_749,0.56748592853546143
test_protein_753,0.96639722585678101
test_protein_755,0.025370320305228233
test_protein_770,0.67932629585266113
test_protein_761,0.077520690858364105
test_protein_759,0.39136257767677307
test_protein_760,0.031275376677513123
test_protein_762,0.14321915805339813
test_protein_758,0.55615323781967163
test_protein_766,0.025258468464016914
test_protein_767,0.71510946750640869
test_protein_769,0.018718933686614037
test_protein_768,0.2101050466299057
test_protein_764,0.26533979177474976
test_protein_771,0.88991844654083252
test_protein_773,0.0019252609927207232
test_protein_765,0.84762698411941528
test_protein_772,0.0026360054034739733
test_protein_763,0.51828867197036743
test_protein_774,0.094814546406269073
test_protein_776,0.69070935249328613
test_protein_775,0.42694133520126343
test_protein_778,0.79303091764450073
test_protein_779,0.66956925392150879
test_protein_777,0.46714743971824646
test_protein_780,0.76108932495117188
test_protein_784,0.76844620704650879
test_protein_783,0.69899368286132812
test_protein_786,0.43423637747764587
test_protein_785,0.069022029638290405
test_protein_781,0.49084988236427307
test_protein_790,0.44137415289878845
test_protein_794,0.00032876382465474308
test_protein_788,0.39228853583335876
test_protein_789,0.45031732320785522
test_protein_782,0.97064858675003052
test_protein_787,0.16476699709892273
test_protein_791,0.094838529825210571
test_protein_797,0.02951144240796566
test_protein_792,0.13439413905143738
test_protein_799,0.38166159391403198
test_protein_800,0.034585915505886078
test_protein_793,0.28896966576576233
test_protein_801,0.092715255916118622
test_protein_803,0.49997821450233459
test_protein_796,0.65853089094161987
test_protein_802,0.011743295937776566
test_protein_798,0.17149105668067932
test_protein_808,0.29248514771461487
test_protein_795,0.0081039005890488625
test_protein_805,0.45017784833908081
test_protein_806,0.015754180029034615
test_protein_809,0.0094118472188711166
test_protein_807,0.70590883493423462
test_protein_810,0.014978205785155296
test_protein_804,0.22803643345832825
test_protein_811,0.009270956739783287
test_protein_812,0.4040265679359436
test_protein_813,0.0064242971129715443
test_protein_814,0.01230152789503336
test_protein_815,0.0058825016021728516
test_protein_819,0.13661739230155945
test_protein_822,0.066199630498886108
test_protein_824,0.0010803855257108808
test_protein_817,0.10598886758089066
test_protein_816,9.4869201348046772e-06
test_protein_825,0.3216647207736969
test_protein_818,0.79884892702102661
test_protein_820,0.60011982917785645
test_protein_823,0.12705372273921967
test_protein_828,0.20379151403903961
test_protein_826,0.013091228902339935
test_protein_821,0.18775346875190735
test_protein_830,0.095687843859195709
test_protein_827,0.0090960366651415825
test_protein_829,0.010250382125377655
test_protein_833,0.096972331404685974
test_protein_831,0.524658203125
test_protein_832,0.084675997495651245
test_protein_838,0.080902844667434692
test_protein_837,0.51791411638259888
test_protein_839,0.040210571140050888
test_protein_834,0.16753271222114563
test_protein_836,0.49184197187423706
test_protein_835,0.50038766860961914
test_protein_840,0.10245216637849808
test_protein_842,0.1298871785402298
test_protein_846,0.48881635069847107
test_protein_843,0.0072077298536896706
test_protein_844,0.072498805820941925
test_protein_852,0.33113500475883484
test_protein_841,0.071204937994480133
test_protein_850,0.24392488598823547
test_protein_851,0.048117220401763916
test_protein_845,0.053197342902421951
test_protein_853,0.14595146477222443
test_protein_848,0.00025405027554370463
test_protein_849,0.002704492537304759
test_protein_847,0.47332790493965149
test_protein_855,0.13177044689655304
test_protein_854,0.034511510282754898
test_protein_859,0.1611323356628418
test_protein_856,0.57991713285446167
test_protein_857,0.20558229088783264
test_protein_862,0.78387534618377686
test_protein_864,0.48934242129325867
test_protein_861,0.54525077342987061
test_protein_860,0.31176444888114929
test_protein_858,0.25814139842987061
test_protein_865,0.54725450277328491
test_protein_869,0.35503619909286499
test_protein_870,0.0055890395306050777
test_protein_867,0.45291367173194885
test_protein_863,0.2146124392747879
test_protein_866,0.36038044095039368
test_protein_876,0.069463543593883514
test_protein_868,0.21316947042942047
test_protein_877,0.33197921514511108
test_protein_873,0.0016437224112451077
test_protein_872,0.24429537355899811
test_protein_878,0.22711329162120819
test_protein_875,0.090600192546844482
test_protein_871,0.15799109637737274
test_protein_874,0.054268557578325272
test_protein_879,0.26668012142181396
test_protein_882,0.69101864099502563
test_protein_883,0.00082474574446678162
test_protein_884,0.00012160391634097323
test_protein_885,0.48970422148704529
test_protein_880,0.14797434210777283
test_protein_881,0.50517934560775757
test_protein_891,0.78274047374725342
test_protein_888,0.76180976629257202
test_protein_893,0.0021839276887476444
test_protein_890,0.10347656160593033
test_protein_889,0.36403408646583557
test_protein_895,0.12016997486352921
test_protein_887,0.41722676157951355
test_protein_886,0.74842280149459839
test_protein_898,0.98713624477386475
test_protein_897,0.76395398378372192
test_protein_896,0.99884182214736938
test_protein_894,0.66759032011032104
test_protein_892,0.90006887912750244
test_protein_900,0.42026349902153015
test_protein_899,0.0086637651547789574
test_protein_902,0.65878582000732422
test_protein_901,0.42876043915748596
test_protein_903,0.79565620422363281
test_protein_904,0.040685266256332397
test_protein_905,0.74854576587677002
test_protein_911,0.80158209800720215
test_protein_908,0.46712258458137512
test_protein_906,0.07828260213136673
test_protein_907,0.73818546533584595
test_protein_909,0.042716309428215027
test_protein_914,0.045333739370107651
test_protein_919,0.3266889750957489
test_protein_917,0.19597430527210236
test_protein_915,0.0052071912214159966
test_protein_913,0.30483832955360413
test_protein_922,0.22413773834705353
test_protein_912,0.71029961109161377
test_protein_921,0.48908126354217529
test_protein_918,0.20235070586204529
test_protein_910,0.39317360520362854
test_protein_923,0.2100856602191925
test_protein_920,0.32205376029014587
test_protein_924,0.3678361177444458
test_protein_926,0.18948647379875183
test_protein_927,0.0018757239449769258
test_protein_916,0.00087149476166814566
test_protein_925,0.13196206092834473
test_protein_935,0.28772732615470886
test_protein_929,0.16286586225032806
test_protein_933,0.36201554536819458
test_protein_930,0.47098314762115479
test_protein_928,0.14833077788352966
test_protein_931,0.4566795825958252
test_protein_932,0.27249762415885925
test_protein_937,0.88128840923309326
test_protein_938,0.24569065868854523
test_protein_941,0.98157435655593872
test_protein_939,0.012929148972034454
test_protein_940,0.20052342116832733
test_protein_943,0.65859377384185791
test_protein_934,0.33880150318145752
test_protein_945,0.52555370330810547
test_protein_942,0.61781811714172363
test_protein_936,0.63352924585342407
test_protein_949,0.4968951940536499
test_protein_944,0.10464178770780563
test_protein_951,0.61785095930099487
test_protein_948,0.10326557606458664
test_protein_950,0.17339295148849487
test_protein_947,0.2973024845123291
test_protein_946,1.9777366105699912e-05
test_protein_953,0.29784509539604187
test_protein_958,0.11342169344425201
test_protein_954,0.49135428667068481
test_protein_952,0.28361079096794128
test_protein_957,0.061384215950965881
test_protein_955,0.37654474377632141
test_protein_956,0.96606075763702393
test_protein_959,0.4056999683380127
test_protein_960,1.7616329159864108e-06
test_protein_961,0.28809329867362976
test_protein_962,0.44251200556755066
test_protein_964,0.22067169845104218
test_protein_965,0.18121263384819031
test_protein_966,0.31018933653831482
test_protein_969,0.47428777813911438
test_protein_974,0.69819402694702148
test_protein_975,0.0057821623049676418
test_protein_968,0.55982071161270142
test_protein_972,0.99597495794296265
test_protein_967,0.29496252536773682
test_protein_973,2.5623090550652705e-05
test_protein_970,0.011903754435479641
test_protein_963,0.32089725136756897
test_protein_971,0.36234596371650696
test_protein_976,0.20232924818992615
test_protein_981,0.0021358889061957598
test_protein_979,0.098858192563056946
test_protein_987,0.32904449105262756
test_protein_977,0.29312649369239807
test_protein_990,0.014144944027066231
test_protein_986,0.078558705747127533
test_protein_984,0.085892774164676666
test_protein_978,0.29546204209327698
test_protein_982,0.46727541089057922
test_protein_980,0.24907810986042023
test_protein_989,0.0076170926913619041
test_protein_985,0.46984151005744934
test_protein_983,0.65610569715499878
test_protein_988,0.37641167640686035
test_protein_991,0.5588829517364502
test_protein_992,0.69087064266204834
test_protein_993,0.72443205118179321
test_protein_998,0.48461624979972839
test_protein_996,0.30537015199661255
test_protein_995,0.064922153949737549
test_protein_1004,0.33255463838577271
test_protein_1000,0.53075689077377319
test_protein_997,0.14352676272392273
test_protein_1001,0.45395195484161377
test_protein_999,0.25953888893127441
test_protein_1003,0.38876456022262573
test_protein_994,0.94129276275634766
test_protein_1002,0.099582113325595856
test_protein_1008,0.42334961891174316
test_protein_1007,0.18602482974529266
test_protein_1006,0.3419969379901886
test_protein_1005,0.29667750000953674
test_protein_1014,9.909262735163793e-05
test_protein_1011,0.19896063208580017
test_protein_1012,0.010312980972230434
test_protein_1010,0.5666269063949585
test_protein_1017,0.55038547515869141
test_protein_1015,0.28040611743927002
test_protein_1013,0.38076573610305786
test_protein_1009,0.004425994586199522
test_protein_1018,0.47158858180046082
test_protein_1016,0.43775686621665955
test_protein_1020,0.36576187610626221
test_protein_1019,0.37913358211517334
test_protein_1022,0.1531495600938797
test_protein_1023,0.34277161955833435
test_protein_1025,0.40375182032585144
test_protein_1024,2.8431370083126239e-05
test_protein_1029,0.32111072540283203
test_protein_1027,0.66253370046615601
test_protein_1026,0.9887203574180603
test_protein_1028,0.037587277591228485
test_protein_1030,0.11121207475662231
test_protein_1021,0.43535184860229492
test_protein_1032,0.14266002178192139
test_protein_1033,0.016587531194090843
test_protein_1035,0.75052893161773682
test_protein_1036,0.24000981450080872
test_protein_1038,0.094673082232475281
test_protein_1031,0.13414651155471802
test_protein_1034,0.01937505230307579
test_protein_1040,0.60543060302734375
test_protein_1039,0.99069136381149292
test_protein_1042,0.31698957085609436
test_protein_1041,0.5776752233505249
test_protein_1046,0.7508620023727417
test_protein_1043,0.52153414487838745
test_protein_1037,0.017603250220417976
test_protein_1052,0.27596473693847656
test_protein_1044,0.48888784646987915
test_protein_1048,0.14414942264556885
test_protein_1049,0.21064490079879761
test_protein_1053,0.20025289058685303
test_protein_1050,0.19341126084327698
test_protein_1045,0.52184796333312988
test_protein_1047,0.59997737407684326
test_protein_1051,0.34663853049278259
test_protein_1054,0.35785552859306335
test_protein_1055,0.27353841066360474
test_protein_1059,0.99929332733154297
test_protein_1056,0.10817664116621017
test_protein_1061,0.11888278275728226
test_protein_1057,0.078895144164562225
test_protein_1058,0.088449440896511078
test_protein_1063,0.119980089366436
test_protein_1071,0.59297513961791992
test_protein_1060,0.52754610776901245
test_protein_1065,0.0083484090864658356
test_protein_1064,0.060785509645938873
test_protein_1062,0.14686952531337738
test_protein_1072,0.47940579056739807
test_protein_1069,0.41836535930633545
test_protein_1073,0.037971585988998413
test_protein_1066,0.059086792171001434
test_protein_1067,0.23053163290023804
test_protein_1074,0.039779525250196457
test_protein_1068,0.0011242330074310303
test_protein_1075,7.5160634878557175e-05
test_protein_1070,0.051030408591032028
test_protein_1076,0.41112425923347473
test_protein_1078,0.16903823614120483
test_protein_1079,0.60504335165023804
test_protein_1077,0.0010396235156804323
test_protein_1081,0.53961127996444702
test_protein_1084,0.4678097665309906
test_protein_1080,0.48464223742485046
test_protein_1083,0.48161450028419495
test_protein_1082,0.16008369624614716
test_protein_1085,0.50306481122970581
test_protein_1088,0.54207497835159302
test_protein_1087,0.38900479674339294
test_protein_1090,0.73148852586746216
test_protein_1086,0.28500515222549438
test_protein_1089,0.76535636186599731
test_protein_1091,0.31890836358070374
test_protein_1095,0.58477360010147095
test_protein_1094,0.33797258138656616
test_protein_1093,0.24060763418674469
test_protein_1092,0.24251103401184082
test_protein_1098,0.18297071754932404
test_protein_1097,0.34160530567169189
test_protein_1096,0.53059583902359009
test_protein_1100,0.44172769784927368
test_protein_1101,0.60727697610855103
test_protein_1102,0.69850081205368042
test_protein_1099,0.53632169961929321
test_protein_1106,0.98446077108383179
test_protein_1107,0.80954140424728394
test_protein_1109,0.98792898654937744
test_protein_1105,0.023519361391663551
test_protein_1110,0.64656418561935425
test_protein_1108,0.98413717746734619
test_protein_1104,0.083084776997566223
test_protein_1103,0.33001953363418579
test_protein_1111,0.046550575643777847
test_protein_1114,0.01652047224342823
test_protein_1112,0.82413774728775024
test_protein_1115,0.10319680720567703
test_protein_1118,0.22150762379169464
test_protein_1123,0.57502877712249756
test_protein_1113,0.87738531827926636
test_protein_1122,0.02317487820982933
test_protein_1116,0.25426250696182251
test_protein_1121,0.84038591384887695
test_protein_1124,7.5598796911435784e-07
test_protein_1117,0.20817437767982483
test_protein_1120,0.35776934027671814
test_protein_1125,0.20090508460998535
test_protein_1119,0.27648815512657166
test_protein_1128,6.8197805376257747e-05
test_protein_1127,0.23651355504989624
test_protein_1130,0.74206942319869995
test_protein_1131,0.97524964809417725
test_protein_1126,0.17290250957012177
test_protein_1129,0.00085695576854050159
test_protein_1132,0.2172749787569046
test_protein_1138,0.2567543089389801
test_protein_1136,0.20020304620265961
test_protein_1140,0.28743767738342285
test_protein_1134,0.27808952331542969
test_protein_1137,0.13534684479236603
test_protein_1145,0.06677217036485672
test_protein_1133,0.25685486197471619
test_protein_1139,0.77517473697662354
test_protein_1147,0.34110361337661743
test_protein_1146,0.99483644962310791
test_protein_1143,0.37339302897453308
test_protein_1142,0.39071813225746155
test_protein_1141,0.62964415550231934
test_protein_1135,0.13645780086517334
test_protein_1148,0.31727603077888489
test_protein_1149,0.17476719617843628
test_protein_1151,0.021802002564072609
test_protein_1150,0.38663926720619202
test_protein_1144,0.38547614216804504
test_protein_1153,0.71127861738204956
test_protein_1155,0.17638488113880157
test_protein_1152,0.95098584890365601
test_protein_1159,0.24319839477539062
test_protein_1154,0.96154773235321045
test_protein_1161,0.30946946144104004
test_protein_1157,0.66669243574142456
test_protein_1160,0.21910208463668823
test_protein_1158,0.73064440488815308
test_protein_1165,0.36713236570358276
test_protein_1162,0.13358168303966522
test_protein_1156,0.57009047269821167
test_protein_1169,0.19094303250312805
test_protein_1163,0.057516817003488541
test_protein_1166,0.56907778978347778
test_protein_1164,0.35641297698020935
test_protein_1167,0.0052434336394071579
test_protein_1171,0.41437909007072449
test_protein_1170,0.50708341598510742
test_protein_1168,0.036757174879312515
test_protein_1172,0.43939888477325439
test_protein_1173,0.0015340297250077128
test_protein_1174,1.9881959815393202e-05
test_protein_1178,0.076613768935203552
test_protein_1176,1.6185030062842998e-06
test_protein_1177,0.052584357559680939
test_protein_1179,0.50137895345687866
test_protein_1181,0.12249180674552917
test_protein_1180,0.41142582893371582
test_protein_1183,0.29020106792449951
test_protein_1182,0.43356510996818542
test_protein_1188,0.93631529808044434
test_protein_1184,0.014538777060806751
test_protein_1185,0.88816714286804199
test_protein_1194,0.10172761231660843
test_protein_1186,0.20446193218231201
test_protein_1175,0.61399924755096436
test_protein_1192,0.22219522297382355
test_protein_1196,0.92222899198532104
test_protein_1191,0.25992566347122192
test_protein_1195,0.75662988424301147
test_protein_1197,0.35634410381317139
test_protein_1190,0.56565260887145996
test_protein_1189,0.26600548624992371
test_protein_1198,0.42147675156593323
test_protein_1193,0.12266638875007629
test_protein_1187,0.99954646825790405
test_protein_1200,0.0090773431584239006
test_protein_1199,0.37368479371070862
test_protein_1205,0.77031821012496948
test_protein_1208,0.55679726600646973
test_protein_1202,0.24709729850292206
test_protein_1201,0.20578810572624207
test_protein_1203,0.60398262739181519
test_protein_1209,0.034383915364742279
test_protein_1207,0.51153922080993652
test_protein_1206,0.059599470347166061
test_protein_1214,0.18942065536975861
test_protein_1210,0.84859323501586914
test_protein_1204,0.53679347038269043
test_protein_1211,0.34366801381111145
test_protein_1215,0.21310564875602722
test_protein_1213,0.70410573482513428
test_protein_1212,0.61227124929428101
test_protein_1219,0.54069358110427856
test_protein_1222,0.022264273837208748
test_protein_1225,0.24659812450408936
test_protein_1221,0.9406694769859314
test_protein_1216,0.8324851393699646
test_protein_1223,0.76867121458053589
test_protein_1220,0.2769683301448822
test_protein_1217,0.92849719524383545
test_protein_1224,0.020388053730130196
test_protein_1218,0.022398345172405243
test_protein_1230,0.80836468935012817
test_protein_1226,0.66433948278427124
test_protein_1228,0.61650192737579346
test_protein_1231,0.49080207943916321
test_protein_1232,0.61999779939651489
test_protein_1229,0.85597378015518188
test_protein_1233,0.70585530996322632
test_protein_1227,0.98558598756790161
test_protein_1234,0.10256429761648178
test_protein_1237,0.74799197912216187
test_protein_1235,0.79683506488800049
test_protein_1239,0.17343616485595703
test_protein_1240,0.31152912974357605
test_protein_1236,0.99394255876541138
test_protein_1241,0.5142829418182373
test_protein_1238,0.99143898487091064
test_protein_1245,0.73774063587188721
test_protein_1244,0.72003078460693359
test_protein_1242,0.55149543285369873
test_protein_1243,0.51077526807785034
test_protein_1246,0.66693150997161865
test_protein_1248,0.67446839809417725
test_protein_1249,0.73139172792434692
test_protein_1247,0.42540958523750305
test_protein_1252,3.733708945219405e-05
test_protein_1250,0.45163029432296753
test_protein_1257,0.23623169958591461
test_protein_1255,0.35320782661437988
test_protein_1251,0.4442712664604187
test_protein_1258,0.42103588581085205
test_protein_1256,0.015408404171466827
test_protein_1253,0.20125319063663483
test_protein_1259,0.13884739577770233
test_protein_1254,0.054541539400815964
test_protein_1262,0.0788913294672966
test_protein_1264,0.18136113882064819
test_protein_1265,0.0026179302949458361
test_protein_1260,0.76226329803466797
test_protein_1263,0.15536856651306152
test_protein_1261,0.54837518930435181
test_protein_1266,0.54378342628479004
test_protein_1277,0.30831840634346008
test_protein_1267,0.33352735638618469
test_protein_1271,0.21512313187122345
test_protein_1269,4.4414751755539328e-05
test_protein_1270,0.43375414609909058
test_protein_1278,0.81738966703414917
test_protein_1272,0.62658286094665527
test_protein_1276,0.3726046085357666
test_protein_1273,0.12213302403688431
test_protein_1268,1.2964474080945365e-06
test_protein_1274,0.0092228548601269722
test_protein_1275,0.50286966562271118
test_protein_1280,0.59086811542510986
test_protein_1287,0.89536553621292114
test_protein_1286,0.40449154376983643
test_protein_1279,0.4051547646522522
test_protein_1282,0.019851287826895714
test_protein_1281,0.3992316722869873
test_protein_1283,0.21717856824398041
test_protein_1290,0.80327516794204712
test_protein_1288,0.5258520245552063
test_protein_1284,0.65191888809204102
test_protein_1285,0.45553052425384521
test_protein_1289,0.42181667685508728
test_protein_1293,0.020665643736720085
test_protein_1294,0.21557445824146271
test_protein_1292,0.00014464787091128528
test_protein_1297,0.00032048061257228255
test_protein_1296,0.29473847150802612
test_protein_1298,0.54823011159896851
test_protein_1295,0.27725303173065186
test_protein_1300,0.34298741817474365
test_protein_1291,0.34639629721641541
test_protein_1301,0.50819921493530273
test_protein_1299,0.022301331162452698
test_protein_1307,0.00098129431717097759
test_protein_1302,0.31047335267066956
test_protein_1304,0.55370402336120605
test_protein_1312,0.44286409020423889
test_protein_1308,0.58618402481079102
test_protein_1309,0.45857447385787964
test_protein_1310,0.049035865813493729
test_protein_1305,0.21697014570236206
test_protein_1306,0.092758983373641968
test_protein_1303,0.35561558604240417
test_protein_1311,0.23996230959892273
test_protein_1321,0.028286656364798546
test_protein_1313,0.14910003542900085
test_protein_1315,0.23689591884613037
test_protein_1323,0.52206701040267944
test_protein_1319,0.48305216431617737
test_protein_1322,0.024074330925941467
test_protein_1317,0.40457978844642639
test_protein_1320,0.053528521209955215
test_protein_1324,0.15379789471626282
test_protein_1314,0.2857230007648468
test_protein_1316,0.59986221790313721
test_protein_1318,0.072043396532535553
test_protein_1325,0.27320078015327454
test_protein_1333,0.71043998003005981
test_protein_1328,0.16020126640796661
test_protein_1331,0.66724497079849243
test_protein_1326,0.36971190571784973
test_protein_1327,0.7031104564666748
test_protein_1330,0.018624337390065193
test_protein_1329,0.1982380598783493
test_protein_1336,0.44865939021110535
test_protein_1337,0.43390125036239624
test_protein_1334,0.73509109020233154
test_protein_1332,0.15813536942005157
test_protein_1344,0.59897691011428833
test_protein_1339,0.67033445835113525
test_protein_1341,0.15203426778316498
test_protein_1345,0.42486661672592163
test_protein_1338,0.4486546516418457
test_protein_1342,0.44355973601341248
test_protein_1335,0.50932419300079346
test_protein_1340,0.4915173351764679
test_protein_1343,0.60004478693008423
test_protein_1347,0.72834724187850952
test_protein_1346,0.65894407033920288
test_protein_1348,0.48033347725868225
test_protein_1353,0.11805852502584457
test_protein_1352,0.47454577684402466
test_protein_1357,0.35077390074729919
test_protein_1350,0.4544597864151001
test_protein_1351,0.49339237809181213
test_protein_1349,0.29915899038314819
test_protein_1354,0.34261178970336914
test_protein_1356,0.33185872435569763
test_protein_1358,0.4300118088722229
test_protein_1360,0.26132804155349731
test_protein_1359,0.42854040861129761
test_protein_1355,0.42648950219154358
test_protein_1362,0.14749784767627716
test_protein_1363,0.095400005578994751
test_protein_1361,0.048974424600601196
test_protein_1364,0.35778483748435974
test_protein_1369,0.043228138238191605
test_protein_1370,0.48966294527053833
test_protein_1368,0.13333138823509216
test_protein_1371,0.59314459562301636
test_protein_1372,0.4137246310710907
test_protein_1367,0.18519727885723114
test_protein_1366,0.47235250473022461
test_protein_1365,0.58077841997146606
test_protein_1373,0.27343454957008362
test_protein_1377,0.074864812195301056
test_protein_1380,4.2020190448965877e-05
test_protein_1378,0.36809515953063965
test_protein_1375,0.41808426380157471
test_protein_1376,0.00072107993764802814
test_protein_1374,0.41005897521972656
test_protein_1379,0.48341080546379089
test_protein_1382,0.39101588726043701
test_protein_1386,0.44452744722366333
test_protein_1381,0.63556456565856934
test_protein_1384,0.0041078105568885803
test_protein_1385,0.43383985757827759
test_protein_1383,0.51972126960754395
test_protein_1391,0.10663959383964539
test_protein_1388,0.23859822750091553
test_protein_1387,0.37786203622817993
test_protein_1389,0.20419886708259583
test_protein_1393,0.51114749908447266
test_protein_1392,0.27094575762748718
test_protein_1390,0.19775375723838806
test_protein_1395,0.57822167873382568
test_protein_1402,0.37580540776252747
test_protein_1394,0.075941823422908783
test_protein_1398,0.29913017153739929
test_protein_1396,0.14200109243392944
test_protein_1399,0.087423712015151978
test_protein_1397,0.58361965417861938
test_protein_1400,0.43762150406837463
test_protein_1406,0.22704759240150452
test_protein_1403,0.56603950262069702
test_protein_1408,0.33173373341560364
test_protein_1404,0.3033263087272644
test_protein_1411,0.11094271391630173
test_protein_1410,0.053729888051748276
test_protein_1401,0.28374430537223816
test_protein_1409,0.038138043135404587
test_protein_1415,0.26296964287757874
test_protein_1414,0.40366700291633606
test_protein_1407,0.3658842146396637
test_protein_1413,0.36192628741264343
test_protein_1412,0.43630820512771606
test_protein_1405,0.0061835856176912785
test_protein_1416,0.42970854043960571
test_protein_1425,0.35342398285865784
test_protein_1419,0.44384032487869263
test_protein_1420,0.47099703550338745
test_protein_1417,0.21050034463405609
test_protein_1421,0.16599434614181519
test_protein_1422,0.011827485635876656
test_protein_1423,0.11978931725025177
test_protein_1418,0.54438483715057373
test_protein_1424,0.76437073945999146
test_protein_1426,0.75783133506774902
test_protein_1429,0.2774701714515686
test_protein_1433,0.39569705724716187
test_protein_1431,0.027127183973789215
test_protein_1427,0.063179172575473785
test_protein_1430,0.18104216456413269
test_protein_1439,0.41928526759147644
test_protein_1434,0.49239048361778259
test_protein_1432,0.33929556608200073
test_protein_1435,0.4084533154964447
test_protein_1428,0.047372307628393173
test_protein_1440,0.48469924926757812
test_protein_1436,0.35338741540908813
test_protein_1442,0.43548727035522461
test_protein_1437,0.68100011348724365
test_protein_1441,0.45177459716796875
test_protein_1438,0.38159441947937012
test_protein_1443,0.0075789443217217922
test_protein_1448,0.29504609107971191
test_protein_1445,0.264720618724823
test_protein_1446,0.0012358409585431218
test_protein_1447,0.12602189183235168
test_protein_1449,0.44977879524230957
test_protein_1444,0.022206954658031464
test_protein_1451,0.031817469745874405
test_protein_1450,0.028623251244425774
test_protein_1456,0.16813273727893829
test_protein_1454,0.31806018948554993
test_protein_1452,0.056036949157714844
test_protein_1455,0.27257874608039856
test_protein_1453,0.17904029786586761
test_protein_1457,0.0022560420911759138
test_protein_1459,0.11785957217216492
test_protein_1464,0.80812597274780273
test_protein_1462,0.72059464454650879
test_protein_1465,0.097418010234832764
test_protein_1458,0.072714537382125854
test_protein_1461,0.39194580912590027
test_protein_1460,0.48435696959495544
test_protein_1466,0.00030926222098059952
test_protein_1467,0.59305906295776367
test_protein_1463,0.3826020359992981
test_protein_1469,0.031720731407403946
test_protein_1474,0.5853162407875061
test_protein_1480,0.53314471244812012
test_protein_1472,0.019240234047174454
test_protein_1476,0.20700745284557343
test_protein_1470,0.055405322462320328
test_protein_1471,0.0015283680986613035
test_protein_1468,0.067722678184509277
test_protein_1475,0.11991849541664124
test_protein_1482,0.24793614447116852
test_protein_1486,0.1386244148015976
test_protein_1477,0.50195509195327759
test_protein_1473,0.054756708443164825
test_protein_1487,0.14511255919933319
test_protein_1483,0.14383655786514282
test_protein_1484,0.10745085030794144
test_protein_1479,0.16900049149990082
test_protein_1481,0.10303404182195663
test_protein_1489,0.95856988430023193
test_protein_1488,0.81558400392532349
test_protein_1492,0.006727767176926136
test_protein_1485,0.57092815637588501
test_protein_1490,0.48632058501243591
test_protein_1497,0.082334756851196289
test_protein_1491,0.86108577251434326
test_protein_1494,0.61392408609390259
test_protein_1478,0.17503441870212555
test_protein_1495,0.3577059805393219
test_protein_1498,0.00069923052797093987
test_protein_1493,0.14064723253250122
test_protein_1502,0.055838171392679214
test_protein_1500,1.6302501535392366e-05
test_protein_1504,0.15325365960597992
test_protein_1499,0.31879055500030518
test_protein_1501,7.7290285844355822e-05
test_protein_1505,0.50857961177825928
test_protein_1503,0.01166999340057373
test_protein_1496,0.0074902987107634544
test_protein_1508,6.4168772951234132e-05
test_protein_1507,0.98293501138687134
test_protein_1506,0.96036285161972046
test_protein_1509,0.34785091876983643
test_protein_1515,0.60625267028808594
test_protein_1511,0.46929538249969482
test_protein_1513,0.22751590609550476
test_protein_1514,0.20647792518138885
test_protein_1510,0.29971069097518921
test_protein_1512,0.22660890221595764
test_protein_1516,0.32591331005096436
test_protein_1517,0.28112092614173889
test_protein_1523,0.51618850231170654
test_protein_1520,0.10780803114175797
test_protein_1519,0.1592828780412674
test_protein_1524,0.12364823371171951
test_protein_1529,0.98580837249755859
test_protein_1522,1.4032733815838583e-05
test_protein_1526,0.51869809627532959
test_protein_1525,0.11208030581474304
test_protein_1521,0.28577819466590881
test_protein_1527,0.54705578088760376
test_protein_1533,0.0014489843742921948
test_protein_1518,0.26537084579467773
test_protein_1530,0.34370434284210205
test_protein_1531,0.00656526954844594
test_protein_1532,0.70789498090744019
test_protein_1528,0.96394765377044678
test_protein_1534,0.65516555309295654
test_protein_1535,0.33514136075973511
test_protein_1539,0.11922077834606171
test_protein_1541,0.1586289256811142
test_protein_1538,0.038090083748102188
test_protein_1537,0.12666761875152588
test_protein_1536,0.24666890501976013
test_protein_1544,0.51595127582550049
test_protein_1543,0.91007989645004272
test_protein_1545,0.0086477585136890411
test_protein_1540,0.047568317502737045
test_protein_1542,0.3043152391910553
test_protein_1547,0.20948854088783264
test_protein_1550,0.39002662897109985
test_protein_1549,0.25377106666564941
test_protein_1546,0.32589632272720337
test_protein_1548,1.9522905859048478e-05
test_protein_1554,0.35814124345779419
test_protein_1555,0.067540295422077179
test_protein_1553,0.55580264329910278
test_protein_1551,0.74530941247940063
test_protein_1559,0.49211999773979187
test_protein_1552,0.27838322520256042
test_protein_1556,0.41652250289916992
test_protein_1557,0.51513934135437012
test_protein_1558,0.161940798163414
test_protein_1563,0.52937024831771851
test_protein_1560,0.42519712448120117
test_protein_1561,0.0064012003131210804
test_protein_1566,0.25056150555610657
test_protein_1564,0.27657920122146606
test_protein_1562,0.37311023473739624
test_protein_1572,0.097492851316928864
test_protein_1567,0.17750488221645355
test_protein_1569,0.088824145495891571
test_protein_1568,0.034440118819475174
test_protein_1565,0.29041451215744019
test_protein_1573,0.10282199829816818
test_protein_1574,0.033021315932273865
test_protein_1570,0.067474439740180969
test_protein_1575,0.078215114772319794
test_protein_1578,0.41645345091819763
test_protein_1571,0.081723995506763458
test_protein_1579,0.63619965314865112
test_protein_1577,0.67341172695159912
test_protein_1583,0.11954356729984283
test_protein_1582,0.061509948223829269
test_protein_1581,0.0023736322764307261
test_protein_1580,0.39091005921363831
test_protein_1576,0.46579200029373169
test_protein_1591,0.23411493003368378
test_protein_1588,0.45781680941581726
test_protein_1589,0.4852079451084137
test_protein_1586,0.14695391058921814
test_protein_1587,0.68956905603408813
test_protein_1584,0.00075628363993018866
test_protein_1585,0.44929122924804688
test_protein_1592,0.53379440307617188
test_protein_1597,0.22803735733032227
test_protein_1594,0.63420116901397705
test_protein_1599,0.20211076736450195
test_protein_1602,0.10200761258602142
test_protein_1595,0.76167607307434082
test_protein_1593,0.0032994006760418415
test_protein_1598,0.53010052442550659
test_protein_1596,0.0016473925206810236
test_protein_1590,0.01878926157951355
test_protein_1601,0.58151513338088989
test_protein_1606,0.33420169353485107
test_protein_1609,0.45217758417129517
test_protein_1600,0.51721000671386719
test_protein_1608,0.63232910633087158
test_protein_1604,0.42182916402816772
test_protein_1612,0.32027977705001831
test_protein_1603,0.098558887839317322
test_protein_1611,0.033572126179933548
test_protein_1610,0.86508965492248535
test_protein_1605,0.57193475961685181
test_protein_1607,0.0070913936942815781
test_protein_1613,0.00098201085347682238
test_protein_1616,0.23042522370815277
test_protein_1614,0.2279791384935379
test_protein_1617,0.9637528657913208
test_protein_1618,0.072750508785247803
test_protein_1615,0.18092873692512512
test_protein_1619,0.1282690018415451
test_protein_1624,0.27719652652740479
test_protein_1622,2.3549337129225023e-05
test_protein_1620,0.49335634708404541
test_protein_1626,0.48958367109298706
test_protein_1621,0.47262173891067505
test_protein_1625,0.1001383513212204
test_protein_1632,8.0839172369451262e-06
test_protein_1623,0.092917487025260925
test_protein_1628,0.020612010732293129
test_protein_1636,0.4625420868396759
test_protein_1630,0.088206842541694641
test_protein_1627,0.49728390574455261
test_protein_1631,0.14561137557029724
test_protein_1629,0.53776806592941284
test_protein_1635,0.44685530662536621
test_protein_1634,0.43681511282920837
test_protein_1633,0.31476446986198425
test_protein_1640,0.44364771246910095
test_protein_1643,0.52175110578536987
test_protein_1638,0.34105572104454041
test_protein_1639,0.086504511535167694
test_protein_1641,0.34064081311225891
test_protein_1647,5.3357951401267201e-05
test_protein_1649,0.22661006450653076
test_protein_1646,0.31551587581634521
test_protein_1637,0.32940995693206787
test_protein_1648,0.082735128700733185
test_protein_1645,0.37769618630409241
test_protein_1642,0.28989848494529724
test_protein_1644,0.42022997140884399
test_protein_1651,0.2184365838766098
test_protein_1653,0.094562307000160217
test_protein_1655,0.1635785847902298
test_protein_1654,0.067729733884334564
test_protein_1650,0.30685564875602722
test_protein_1661,0.087543629109859467
test_protein_1657,0.034094370901584625
test_protein_1656,0.18957383930683136
test_protein_1658,0.63792043924331665
test_protein_1659,0.011263950727880001
test_protein_1652,0.5621027946472168
test_protein_1660,0.2549908459186554
test_protein_1666,0.63962620496749878
test_protein_1663,0.00091564387548714876
test_protein_1662,0.5605660080909729
test_protein_1664,0.18312139809131622
test_protein_1669,0.19860321283340454
test_protein_1665,0.053291957825422287
test_protein_1667,0.063005775213241577
test_protein_1674,0.55270129442214966
test_protein_1675,0.4688778817653656
test_protein_1673,0.48792576789855957
test_protein_1672,0.44476592540740967
test_protein_1671,0.59382134675979614
test_protein_1670,0.57191991806030273
test_protein_1668,0.23461729288101196
test_protein_1679,0.17081436514854431
test_protein_1683,0.14750662446022034
test_protein_1676,0.50154072046279907
test_protein_1678,0.29183128476142883
test_protein_1681,0.76074570417404175
test_protein_1677,0.11308546364307404
test_protein_1684,0.063152246177196503
test_protein_1682,0.62826031446456909
test_protein_1680,0.65393620729446411
test_protein_1690,0.39491850137710571
test_protein_1685,0.63858109712600708
test_protein_1688,0.25734686851501465
test_protein_1686,0.53225988149642944
test_protein_1687,0.079029150307178497
test_protein_1689,0.5562329888343811
test_protein_1695,6.1583823480759747e-06
test_protein_1692,0.49735495448112488
test_protein_1699,0.51484346389770508
test_protein_1693,4.7810684918658808e-05
test_protein_1691,0.00015985201753210276
test_protein_1696,0.62220990657806396
test_protein_1705,0.21107535064220428
test_protein_1697,0.51072555780410767
test_protein_1701,0.018041569739580154
test_protein_1704,0.33871501684188843
test_protein_1694,0.41957470774650574
test_protein_1702,0.61420780420303345
test_protein_1698,0.56419098377227783
test_protein_1700,0.47806030511856079
test_protein_1703,0.38383334875106812
test_protein_1709,0.013512901961803436
test_protein_1708,0.0022766957990825176
test_protein_1707,0.19329634308815002
test_protein_1710,0.51939588785171509
test_protein_1706,0.39011514186859131
test_protein_1718,0.84925562143325806
test_protein_1713,0.092715233564376831
test_protein_1711,0.1749601811170578
test_protein_1716,0.37372094392776489
test_protein_1715,0.97284454107284546
test_protein_1712,0.0002255388826597482
test_protein_1714,0.9913785457611084
test_protein_1717,0.27608534693717957
test_protein_1719,0.28574031591415405
test_protein_1721,0.23163717985153198
test_protein_1722,0.74400997161865234
test_protein_1723,0.71398341655731201
test_protein_1724,0.63140565156936646
test_protein_1726,0.036763198673725128
test_protein_1725,0.16912399232387543
test_protein_1727,0.11103853583335876
test_protein_1720,0.12557314336299896
test_protein_1729,0.21731093525886536
test_protein_1730,0.3155485987663269
test_protein_1731,0.64440065622329712
test_protein_1732,0.006227787584066391
test_protein_1733,0.49093911051750183
test_protein_1734,0.31075960397720337
test_protein_1728,0.15612824261188507
test_protein_1736,0.62133723497390747
test_protein_1735,0.18314668536186218
test_protein_1739,0.4670870304107666
test_protein_1742,0.64656054973602295
test_protein_1737,0.36272791028022766
test_protein_1744,0.28371962904930115
test_protein_1740,0.68892139196395874
test_protein_1748,0.22136577963829041
test_protein_1738,0.65955758094787598
test_protein_1743,0.10257365554571152
test_protein_1747,0.46131139993667603
test_protein_1741,0.79195791482925415
test_protein_1746,0.36857375502586365
test_protein_1752,0.51532173156738281
test_protein_1745,0.13091659545898438
test_protein_1750,0.23269887268543243
test_protein_1757,0.59204411506652832
test_protein_1751,0.22224675118923187
test_protein_1755,0.89583748579025269
test_protein_1749,0.40287435054779053
test_protein_1759,0.99763071537017822
test_protein_1753,0.02783840149641037
test_protein_1758,0.0078895129263401031
test_protein_1761,0.26678061485290527
test_protein_1760,2.2399755835067481e-05
test_protein_1756,0.41570022702217102
test_protein_1754,0.77270674705505371
test_protein_1765,0.34041473269462585
test_protein_1763,0.68875277042388916
test_protein_1766,0.21264484524726868
test_protein_1762,0.74611198902130127
test_protein_1767,0.13998563587665558
test_protein_1768,0.56035077571868896
test_protein_1764,0.80815595388412476
test_protein_1773,0.37657573819160461
test_protein_1770,0.23361882567405701
test_protein_1769,0.44523453712463379
test_protein_1774,0.56338465213775635
test_protein_1771,0.15291562676429749
test_protein_1780,0.40483790636062622
test_protein_1777,0.55877000093460083
test_protein_1772,0.38722041249275208
test_protein_1778,0.49266466498374939
test_protein_1776,0.46537399291992188
test_protein_1784,0.2386900782585144
test_protein_1781,0.53442227840423584
test_protein_1779,0.42464590072631836
test_protein_1775,0.40856865048408508
test_protein_1785,0.71023005247116089
test_protein_1782,0.56368470191955566
test_protein_1783,0.43629401922225952
test_protein_1786,0.13753204047679901
test_protein_1787,0.80487364530563354
test_protein_1791,0.32633301615715027
test_protein_1788,0.4657234251499176
test_protein_1789,0.41902709007263184
test_protein_1792,0.72748315334320068
test_protein_1790,0.40334507822990417
test_protein_1794,0.21402990818023682
test_protein_1798,0.14187212288379669
test_protein_1795,0.086079441010951996
test_protein_1797,0.14848324656486511
test_protein_1793,0.89166945219039917
test_protein_1803,0.38376876711845398
test_protein_1796,0.1663193553686142
test_protein_1800,0.44716379046440125
test_protein_1806,0.18125027418136597
test_protein_1801,0.30228230357170105
test_protein_1799,0.13175566494464874
test_protein_1805,0.20627415180206299
test_protein_1802,0.0040854476392269135
test_protein_1807,7.2461691161151975e-05
test_protein_1808,0.0063683395273983479
test_protein_1804,0.23005378246307373
test_protein_1812,0.84006351232528687
test_protein_1816,0.14278711378574371
test_protein_1809,0.077988050878047943
test_protein_1813,0.0054591530933976173
test_protein_1811,0.50298821926116943
test_protein_1810,0.019302722066640854
test_protein_1818,0.21741098165512085
test_protein_1815,0.4772510826587677
test_protein_1819,0.39910799264907837
test_protein_1820,0.69486337900161743
test_protein_1823,0.24614964425563812
test_protein_1814,0.23365047574043274
test_protein_1822,0.28054189682006836
test_protein_1829,0.39591246843338013
test_protein_1824,0.053790543228387833
test_protein_1817,0.12482623755931854
test_protein_1826,0.13042150437831879
test_protein_1825,0.18832883238792419
test_protein_1821,0.44601768255233765
test_protein_1834,0.80023908615112305
test_protein_1827,0.096714004874229431
test_protein_1831,0.12595939636230469
test_protein_1830,0.12962058186531067
test_protein_1835,0.83953875303268433
test_protein_1837,0.54820400476455688
test_protein_1832,0.77085447311401367
test_protein_1833,0.98858040571212769
test_protein_1836,0.78797918558120728
test_protein_1828,0.48488399386405945
test_protein_1843,0.014542821794748306
test_protein_1838,0.58517634868621826
test_protein_1842,0.021134320646524429
test_protein_1840,0.5476377010345459
test_protein_1839,0.22719323635101318
test_protein_1841,0.36616173386573792
test_protein_1850,0.63730031251907349
test_protein_1845,3.6393259961187141e-06
test_protein_1844,0.023199087008833885
test_protein_1847,0.087616883218288422
test_protein_1846,3.6492801882559434e-05
test_protein_1848,0.53629803657531738
test_protein_1857,0.54712432622909546
test_protein_1854,0.52517777681350708
test_protein_1853,0.40165033936500549
test_protein_1855,0.52255547046661377
test_protein_1849,0.58444070816040039
test_protein_1856,0.44314974546432495
test_protein_1852,0.71896487474441528
test_protein_1858,2.9573220672318712e-05
test_protein_1851,0.60059458017349243
test_protein_1865,0.41726073622703552
test_protein_1869,0.10124480724334717
test_protein_1862,0.52064031362533569
test_protein_1859,0.42512527108192444
test_protein_1861,0.2006070464849472
test_protein_1864,0.30924931168556213
test_protein_1860,0.18193821609020233
test_protein_1863,0.28281316161155701
test_protein_1866,0.53276896476745605
test_protein_1868,0.5370672345161438
test_protein_1870,0.35626551508903503
test_protein_1867,0.50896447896957397
test_protein_1872,0.29182553291320801
test_protein_1875,0.04362792894244194
test_protein_1871,0.10105361044406891
test_protein_1880,0.30681195855140686
test_protein_1874,0.079254642128944397
test_protein_1876,0.67890989780426025
test_protein_1879,0.75429153442382812
test_protein_1881,0.43918031454086304
test_protein_1877,0.48065677285194397
test_protein_1878,0.57332366704940796
test_protein_1873,0.37569984793663025
test_protein_1884,0.29040911793708801
test_protein_1886,0.50660032033920288
test_protein_1885,0.7282063364982605
test_protein_1892,0.36089813709259033
test_protein_1882,0.76039022207260132
test_protein_1887,0.01662757433950901
test_protein_1883,0.38584801554679871
test_protein_1889,0.30009981989860535
test_protein_1890,0.3476639986038208
test_protein_1891,0.24545377492904663
test_protein_1888,0.34541329741477966
test_protein_1894,0.59672367572784424
test_protein_1896,0.94863450527191162
test_protein_1895,0.29345729947090149
test_protein_1901,0.8718598484992981
test_protein_1902,0.7865750789642334
test_protein_1897,0.50178396701812744
test_protein_1893,0.72728317975997925
test_protein_1905,0.2805061936378479
test_protein_1898,0.51922774314880371
test_protein_1900,0.66882401704788208
test_protein_1903,0.62016540765762329
test_protein_1899,0.35814887285232544
test_protein_1912,0.28093221783638
test_protein_1907,0.21068346500396729
test_protein_1911,0.25080075860023499
test_protein_1908,0.00087095773778855801
test_protein_1906,0.32206490635871887
test_protein_1904,0.17613789439201355
test_protein_1910,0.43860647082328796
test_protein_1909,0.70788031816482544
test_protein_1918,0.44067123532295227
test_protein_1914,0.0027522982563823462
test_protein_1917,0.074453376233577728
test_protein_1921,0.019131232053041458
test_protein_1924,0.17381462454795837
test_protein_1920,0.36806413531303406
test_protein_1923,0.14064033329486847
test_protein_1915,0.15802209079265594
test_protein_1916,0.16849568486213684
test_protein_1913,0.33943748474121094
test_protein_1919,0.0051995501853525639
test_protein_1926,0.28271111845970154
test_protein_1922,0.7041480541229248
test_protein_1927,0.48502710461616516
test_protein_1928,0.87919455766677856
test_protein_1933,0.1314670741558075
test_protein_1936,0.00021329124865587801
test_protein_1929,0.075328275561332703
test_protein_1931,0.59366089105606079
test_protein_1925,0.42088022828102112
test_protein_1935,0.0011732478160411119
test_protein_1932,0.98610198497772217
test_protein_1934,0.48480862379074097
test_protein_1930,0.99086600542068481
test_protein_1937,0.00012470425281208009
test_protein_1940,0.20788581669330597
test_protein_1941,0.1547301709651947
test_protein_1938,0.05903959646821022
test_protein_1939,0.28347304463386536
test_protein_1943,0.35250997543334961
test_protein_1945,0.24228939414024353
test_protein_1942,0.17701111733913422
test_protein_1946,0.46372050046920776
test_protein_1944,0.23682586848735809
test_protein_1950,0.163286492228508
test_protein_1954,0.35519504547119141
test_protein_1957,0.67148488759994507
test_protein_1948,0.11354641616344452
test_protein_1947,0.42699116468429565
test_protein_1952,0.37914007902145386
test_protein_1959,0.34932580590248108
test_protein_1955,0.29004913568496704
test_protein_1953,0.6572076678276062
test_protein_1961,0.82174861431121826
test_protein_1951,0.20858645439147949
test_protein_1958,0.36570632457733154
test_protein_1949,0.28845915198326111
test_protein_1956,0.36331066489219666
test_protein_1960,0.41678184270858765
test_protein_1963,0.41803073883056641
test_protein_1966,0.33064004778862
test_protein_1967,0.35423102974891663
test_protein_1964,0.24359360337257385
test_protein_1962,0.70308953523635864
test_protein_1968,0.45645081996917725
test_protein_1974,0.41734898090362549
test_protein_1970,0.5042957067489624
test_protein_1973,0.32231256365776062
test_protein_1976,0.56579083204269409
test_protein_1978,0.52185517549514771
test_protein_1972,0.12559401988983154
test_protein_1965,0.48700815439224243
test_protein_1969,0.43784025311470032
test_protein_1975,0.58242464065551758
test_protein_1977,0.49800097942352295
test_protein_1971,0.3165472149848938
test_protein_1982,0.2490583062171936
test_protein_1980,0.39593949913978577
test_protein_1981,0.27599644660949707
test_protein_1979,0.45632061362266541
test_protein_1984,0.85481274127960205
test_protein_1983,0.29850661754608154
test_protein_1985,0.92828273773193359
test_protein_1986,0.87263756990432739
test_protein_1987,0.104032963514328
test_protein_1990,0.28101551532745361
test_protein_1993,0.92577016353607178
test_protein_1992,0.40148314833641052
test_protein_1989,0.31544589996337891
test_protein_1991,0.64620131254196167
test_protein_1994,0.75207650661468506
test_protein_1988,0.53610104322433472
test_protein_1995,0.89693433046340942
test_protein_2000,0.19171948730945587
test_protein_1999,0.028777403756976128
test_protein_2001,6.0755308368243277e-05
test_protein_1997,0.29978764057159424
test_protein_1996,0.91550064086914062
test_protein_1998,0.0061588417738676071
test_protein_2004,0.64878880977630615
test_protein_2002,0.0043051973916590214
test_protein_2006,0.52901321649551392
test_protein_2005,0.038531109690666199
test_protein_2010,0.46790769696235657
test_protein_2012,0.60110503435134888
test_protein_2011,0.43953150510787964
test_protein_2007,6.8125067627988756e-05
test_protein_2003,0.25816982984542847
test_protein_2008,0.36416533589363098
test_protein_2009,0.5367620587348938
test_protein_2013,0.67268246412277222
test_protein_2014,0.774242103099823
test_protein_2017,0.69183719158172607
test_protein_2020,0.38689401745796204
test_protein_2018,0.60816913843154907
test_protein_2016,0.61156344413757324
test_protein_2015,0.52294224500656128
test_protein_2023,0.60441899299621582
test_protein_2026,0.59529495239257812
test_protein_2022,0.80793827772140503
test_protein_2019,0.45885348320007324
test_protein_2028,0.86657291650772095
test_protein_2030,0.24573060870170593
test_protein_2024,0.57264548540115356
test_protein_2025,0.75559240579605103
test_protein_2029,0.56830853223800659
test_protein_2031,0.10081364214420319
test_protein_2034,0.48899972438812256
test_protein_2021,0.16719050705432892
test_protein_2032,0.27901461720466614
test_protein_2035,0.029383044689893723
test_protein_2027,0.2623138427734375
test_protein_2033,0.46557480096817017
test_protein_2037,0.57514333724975586
test_protein_2036,0.18462918698787689
test_protein_2039,0.33967524766921997
test_protein_2049,0.22559620440006256
test_protein_2045,0.2951209545135498
test_protein_2040,0.49628874659538269
test_protein_2038,0.14918027818202972
test_protein_2042,0.99682533740997314
test_protein_2044,0.49070808291435242
test_protein_2043,0.5847737193107605
test_protein_2051,0.67808103561401367
test_protein_2047,0.56778734922409058
test_protein_2041,0.51858103275299072
test_protein_2048,0.22460170090198517
test_protein_2050,0.15459854900836945
test_protein_2056,0.45697817206382751
test_protein_2052,0.81104785203933716
test_protein_2046,0.95011746883392334
test_protein_2053,0.85684335231781006
test_protein_2054,0.3825969398021698
test_protein_2055,0.47002822160720825
test_protein_2057,0.62056857347488403
test_protein_2060,0.48128387331962585
test_protein_2061,0.17383261024951935
test_protein_2059,0.50659012794494629
test_protein_2058,0.34007143974304199
test_protein_2066,0.17061914503574371
test_protein_2064,0.28942218422889709
test_protein_2069,0.4920896589756012
test_protein_2065,0.22676874697208405
test_protein_2067,0.45853322744369507
test_protein_2068,0.52012348175048828
test_protein_2062,0.82749009132385254
test_protein_2063,0.049928411841392517
test_protein_2071,0.3658185601234436
test_protein_2075,0.99951255321502686
test_protein_2070,0.58802586793899536
test_protein_2074,0.9981696605682373
test_protein_2073,0.42900073528289795
test_protein_2077,0.028311975300312042
test_protein_2080,0.61469656229019165
test_protein_2072,0.23284542560577393
test_protein_2079,0.20134285092353821
test_protein_2082,0.30477619171142578
test_protein_2076,0.26961180567741394
test_protein_2078,0.037085298448801041
test_protein_2081,0.40967836976051331
test_protein_2083,0.515838623046875
test_protein_2085,0.092193961143493652
test_protein_2087,0.35113921761512756
test_protein_2089,0.27297008037567139
test_protein_2084,0.2815280556678772
test_protein_2086,0.28714483976364136
test_protein_2090,0.24037447571754456
test_protein_2091,0.13920058310031891
test_protein_2093,0.65070968866348267
test_protein_2097,0.28249838948249817
test_protein_2092,0.41545021533966064
test_protein_2088,0.48067006468772888
test_protein_2099,0.51936089992523193
test_protein_2095,0.64150029420852661
test_protein_2094,0.05124635249376297
test_protein_2098,0.55370116233825684
test_protein_2102,0.17781642079353333
test_protein_2101,0.57230329513549805
test_protein_2104,0.36391106247901917
test_protein_2103,0.5154038667678833
test_protein_2096,0.42336171865463257
test_protein_2106,0.52780401706695557
test_protein_2100,0.21751882135868073
test_protein_2105,0.40857544541358948
test_protein_2108,0.36538407206535339
test_protein_2107,0.76612013578414917
test_protein_2110,0.40987378358840942
test_protein_2112,0.68965011835098267
test_protein_2111,0.59395837783813477
test_protein_2109,0.099326275289058685
test_protein_2114,0.67250478267669678
test_protein_2116,0.063812293112277985
test_protein_2117,0.24057619273662567
test_protein_2113,0.72476130723953247
test_protein_2119,0.31992921233177185
test_protein_2125,0.22739264369010925
test_protein_2121,0.34115004539489746
test_protein_2126,0.54291301965713501
test_protein_2122,0.49990841746330261
test_protein_2124,0.52687764167785645
test_protein_2123,0.62370407581329346
test_protein_2118,0.55965864658355713
test_protein_2115,0.049721404910087585
test_protein_2130,0.55881458520889282
test_protein_2128,0.66938483715057373
test_protein_2120,0.021071439608931541
test_protein_2127,0.47377502918243408
test_protein_2131,0.86688929796218872
test_protein_2129,0.50938951969146729
test_protein_2134,0.55296975374221802
test_protein_2132,0.30024734139442444
test_protein_2136,0.42296528816223145
test_protein_2137,0.28208652138710022
test_protein_2133,1.7999234842136502e-05
test_protein_2141,0.61966371536254883
test_protein_2135,0.29498028755187988
test_protein_2143,0.22193099558353424
test_protein_2138,0.39404138922691345
test_protein_2144,0.05335979163646698
test_protein_2145,0.66108554601669312
test_protein_2150,0.50501394271850586
test_protein_2147,0.58846348524093628
test_protein_2142,0.56030422449111938
test_protein_2139,0.39152213931083679
test_protein_2140,0.051587264984846115
test_protein_2152,0.41031169891357422
test_protein_2149,0.37715572118759155
test_protein_2151,0.59925287961959839
test_protein_2146,0.1821635365486145
test_protein_2153,0.59364151954650879
test_protein_2148,0.75174027681350708
test_protein_2160,0.51638376712799072
test_protein_2154,0.78325295448303223
test_protein_2155,0.63727623224258423
test_protein_2159,0.31437182426452637
test_protein_2158,0.80104959011077881
test_protein_2157,0.46834993362426758
test_protein_2156,0.23905329406261444
test_protein_2161,0.16069786250591278
test_protein_2163,0.06158515065908432
test_protein_2171,0.40989139676094055
test_protein_2172,0.56515514850616455
test_protein_2162,6.4889454733929597e-06
test_protein_2166,0.70136845111846924
test_protein_2169,0.72655689716339111
test_protein_2164,0.48541033267974854
test_protein_2174,0.81827449798583984
test_protein_2167,0.65723985433578491
test_protein_2170,0.86668914556503296
test_protein_2168,0.48171967267990112
test_protein_2177,0.76998305320739746
test_protein_2175,0.015858937054872513
test_protein_2176,0.28485703468322754
test_protein_2165,0.38549825549125671
test_protein_2173,0.041768752038478851
test_protein_2178,0.42122548818588257
test_protein_2179,0.062376596033573151
test_protein_2180,0.024275036528706551
test_protein_2181,0.49345314502716064
test_protein_2182,0.45931512117385864
test_protein_2187,0.099519446492195129
test_protein_2184,0.017431065440177917
test_protein_2183,0.04875616729259491
test_protein_2185,0.61730891466140747
test_protein_2189,0.5534970760345459
test_protein_2186,0.05055425688624382
test_protein_2188,0.47963583469390869
test_protein_2190,0.61432206630706787
test_protein_2195,0.25979873538017273
test_protein_2191,0.12014247477054596
test_protein_2192,0.70224612951278687
test_protein_2193,0.28056401014328003
test_protein_2194,0.19269740581512451
test_protein_2196,0.46775832772254944
test_protein_2197,0.51550066471099854
test_protein_2198,0.28790444135665894
test_protein_2206,0.31136512756347656
test_protein_2200,0.0017812872538343072
test_protein_2204,0.41105666756629944
test_protein_2201,0.41363483667373657
test_protein_2199,0.49572554230690002
test_protein_2202,0.81591212749481201
test_protein_2205,0.024772573262453079
test_protein_2203,0.00026392264408059418
test_protein_2208,0.36536592245101929
test_protein_2212,0.25554049015045166
test_protein_2210,0.49571239948272705
test_protein_2211,0.2966856062412262
test_protein_2213,0.29850822687149048
test_protein_2218,0.016836609691381454
test_protein_2214,0.15937197208404541
test_protein_2215,0.15435831248760223
test_protein_2207,0.06226758286356926
test_protein_2209,0.55634325742721558
test_protein_2216,0.38425993919372559
test_protein_2217,0.16015726327896118
test_protein_2224,0.47349089384078979
test_protein_2223,0.42089390754699707
test_protein_2227,0.42004716396331787
test_protein_2221,0.44050800800323486
test_protein_2229,0.31316003203392029
test_protein_2219,0.10144094377756119
test_protein_2222,0.19822096824645996
test_protein_2220,0.36950993537902832
test_protein_2232,0.48887652158737183
test_protein_2226,0.6157679557800293
test_protein_2228,0.5784907341003418
test_protein_2230,0.40822321176528931
test_protein_2231,0.22709770500659943
test_protein_2233,0.36850646138191223
test_protein_2237,0.099781550467014313
test_protein_2235,0.16203172504901886
test_protein_2240,0.47457495331764221
test_protein_2236,0.17524786293506622
test_protein_2245,0.96698182821273804
test_protein_2225,0.26909062266349792
test_protein_2234,0.39872026443481445
test_protein_2239,0.3203691840171814
test_protein_2246,0.41250181198120117
test_protein_2243,0.70199728012084961
test_protein_2241,0.2408781498670578
test_protein_2242,0.75932377576828003
test_protein_2238,0.31905153393745422
test_protein_2244,0.43626651167869568
test_protein_2250,0.27005216479301453
test_protein_2253,0.0091085014864802361
test_protein_2249,0.49579727649688721
test_protein_2254,0.99559789896011353
test_protein_2248,0.60913008451461792
test_protein_2247,0.24891526997089386
test_protein_2256,0.18436326086521149
test_protein_2258,0.68962562084197998
test_protein_2251,0.35395979881286621
test_protein_2259,0.24339093267917633
test_protein_2255,0.39937406778335571
test_protein_2257,0.2667880654335022
test_protein_2262,0.89327669143676758
test_protein_2252,0.10948264598846436
test_protein_2260,0.37040984630584717
test_protein_2263,0.10917174816131592
test_protein_2261,0.44710773229598999
test_protein_2269,0.53895837068557739
test_protein_2268,0.14397017657756805
test_protein_2266,0.75368696451187134
test_protein_2271,0.58127748966217041
test_protein_2264,0.10804012417793274
test_protein_2265,0.43887463212013245
test_protein_2267,0.53413522243499756
test_protein_2270,0.34450709819793701
test_protein_2278,0.48447728157043457
test_protein_2277,0.54469364881515503
test_protein_2272,0.21509893238544464
test_protein_2284,0.69954437017440796
test_protein_2273,0.040833517909049988
test_protein_2276,0.27520066499710083
test_protein_2275,0.14573453366756439
test_protein_2274,0.44753122329711914
test_protein_2279,0.50980746746063232
test_protein_2283,0.50487548112869263
test_protein_2280,0.533974289894104
test_protein_2282,0.80152261257171631
test_protein_2289,0.44496637582778931
test_protein_2285,0.99006885290145874
test_protein_2287,0.34918436408042908
test_protein_2292,0.12608031928539276
test_protein_2288,0.49130919575691223
test_protein_2286,0.82432204484939575
test_protein_2281,0.66772139072418213
test_protein_2294,0.27973681688308716
test_protein_2296,0.6410490870475769
test_protein_2291,0.16262610256671906
test_protein_2290,0.14335928857326508
test_protein_2295,0.44451892375946045
test_protein_2293,0.22803108394145966
test_protein_2297,0.17837272584438324
test_protein_2298,0.1621098518371582
test_protein_2301,0.044772673398256302
test_protein_2299,0.61651575565338135
test_protein_2300,0.47208911180496216
test_protein_2303,0.51211357116699219
test_protein_2304,0.5010492205619812
test_protein_2310,0.45941352844238281
test_protein_2307,0.59821206331253052
test_protein_2305,0.64250153303146362
test_protein_2302,0.57432013750076294
test_protein_2315,0.90074855089187622
test_protein_2308,0.60841464996337891
test_protein_2314,0.98693764209747314
test_protein_2306,0.4017159640789032
test_protein_2313,0.17015649378299713
test_protein_2309,0.54121953248977661
test_protein_2311,0.33924561738967896
test_protein_2320,0.093779370188713074
test_protein_2316,0.46952995657920837
test_protein_2312,0.53365927934646606
test_protein_2317,0.53213578462600708
test_protein_2319,0.7063489556312561
test_protein_2323,0.53574985265731812
test_protein_2322,0.60999548435211182
test_protein_2318,0.42950648069381714
test_protein_2321,0.15210634469985962
test_protein_2330,0.59627461433410645
test_protein_2324,0.028024952858686447
test_protein_2327,0.53307664394378662
test_protein_2328,0.88582831621170044
test_protein_2325,0.074567265808582306
test_protein_2326,0.7224159836769104
test_protein_2333,0.066545076668262482
test_protein_2331,0.53791958093643188
test_protein_2334,0.50188010931015015
test_protein_2332,0.54081189632415771
test_protein_2329,0.21818767488002777
test_protein_2338,0.084186673164367676
test_protein_2335,0.4239676296710968
test_protein_2340,0.61177152395248413
test_protein_2342,0.82593899965286255
test_protein_2337,0.46167969703674316
test_protein_2336,0.45410645008087158
test_protein_2343,0.23956379294395447
test_protein_2339,0.65237367153167725
test_protein_2344,0.9457930326461792
test_protein_2346,0.54927563667297363
test_protein_2345,0.22015124559402466
test_protein_2341,0.53703480958938599
test_protein_2349,0.1992935836315155
test_protein_2352,0.59872972965240479
test_protein_2347,0.58784109354019165
test_protein_2348,0.82016479969024658
test_protein_2353,0.11350768804550171
test_protein_2358,0.24100589752197266
test_protein_2351,0.36336636543273926
test_protein_2350,0.6868935227394104
test_protein_2354,0.24239419400691986
test_protein_2359,0.31795939803123474
test_protein_2355,0.56860882043838501
test_protein_2360,0.43151324987411499
test_protein_2357,0.68403857946395874
test_protein_2356,0.75302290916442871
test_protein_2364,0.53027194738388062
test_protein_2361,0.45312699675559998
test_protein_2362,0.20386779308319092
test_protein_2363,0.41898620128631592
test_protein_2370,0.59029698371887207
test_protein_2366,0.00015241432993207127
test_protein_2365,0.30459263920783997
test_protein_2369,0.5998910665512085
test_protein_2368,0.52482402324676514
test_protein_2367,0.1898033618927002
test_protein_2371,0.10697071254253387
test_protein_2373,0.5278288722038269
test_protein_2375,0.2347293347120285
test_protein_2376,0.063783697783946991
test_protein_2374,0.11006838828325272
test_protein_2372,0.40995639562606812
test_protein_2378,0.67290019989013672
test_protein_2377,0.27621328830718994
test_protein_2379,0.52204024791717529
test_protein_2383,0.73511016368865967
test_protein_2384,0.45543015003204346
test_protein_2388,0.53976494073867798
test_protein_2382,0.76178085803985596
test_protein_2380,0.64407181739807129
test_protein_2385,0.084308549761772156
test_protein_2389,0.36527836322784424
test_protein_2390,0.67990773916244507
test_protein_2391,0.045454647392034531
test_protein_2392,0.32676827907562256
test_protein_2386,0.085853099822998047
test_protein_2387,0.046437982469797134
test_protein_2381,0.1790197342634201
test_protein_2393,0.16447189450263977
test_protein_2394,0.71282535791397095
test_protein_2397,0.97223365306854248
test_protein_2395,0.54735302925109863
test_protein_2396,0.5190049409866333
test_protein_2399,0.53197073936462402
test_protein_2400,0.049603696912527084
test_protein_2401,0.9922981858253479
test_protein_2403,0.15731582045555115
test_protein_2398,0.054482527077198029
test_protein_2409,0.082524895668029785
test_protein_2402,0.46570843458175659
test_protein_2405,0.46742787957191467
test_protein_2406,0.053807895630598068
test_protein_2407,0.87240892648696899
test_protein_2404,0.00018178034224547446
test_protein_2411,0.51395583152770996
test_protein_2414,0.72802889347076416
test_protein_2412,0.43531405925750732
test_protein_2413,0.40579742193222046
test_protein_2408,0.43284273147583008
test_protein_2415,0.5889054536819458
test_protein_2416,0.032961208373308182
test_protein_2410,0.34807032346725464
test_protein_2425,0.9762953519821167
test_protein_2417,0.44306287169456482
test_protein_2424,0.77667367458343506
test_protein_2419,0.42561283707618713
test_protein_2421,0.62382346391677856
test_protein_2422,0.066888533532619476
test_protein_2420,0.68034148216247559
test_protein_2418,0.6382109522819519
test_protein_2423,0.62422072887420654
test_protein_2428,0.34360489249229431
test_protein_2426,0.4868159294128418
test_protein_2437,0.55405175685882568
test_protein_2427,0.6290544867515564
test_protein_2435,0.43784409761428833
test_protein_2431,0.35436224937438965
test_protein_2436,0.60941457748413086
test_protein_2430,0.37365394830703735
test_protein_2432,0.56000387668609619
test_protein_2433,0.59512490034103394
test_protein_2441,0.48249545693397522
test_protein_2438,0.70080280303955078
test_protein_2429,0.4631289541721344
test_protein_2440,0.63306093215942383
test_protein_2439,0.56369543075561523
test_protein_2434,0.36105155944824219
test_protein_2446,0.46970799565315247
test_protein_2444,0.066662795841693878
test_protein_2448,0.62451010942459106
test_protein_2445,0.31310740113258362
test_protein_2443,0.23822298645973206
test_protein_2442,0.65221619606018066
test_protein_2449,0.63169598579406738
test_protein_2452,0.0247205700725317
test_protein_2447,0.56080901622772217
test_protein_2450,0.25553572177886963
test_protein_2455,0.32949754595756531
test_protein_2456,0.11310230940580368
test_protein_2451,0.096682637929916382
test_protein_2454,0.096316635608673096
test_protein_2463,0.48061162233352661
test_protein_2459,0.24504771828651428
test_protein_2453,0.95796924829483032
test_protein_2461,0.71101498603820801
test_protein_2466,0.59854859113693237
test_protein_2458,0.86018717288970947
test_protein_2465,0.56441396474838257
test_protein_2462,0.33408570289611816
test_protein_2464,0.58961945772171021
test_protein_2460,0.28898012638092041
test_protein_2457,0.20750127732753754
test_protein_2470,0.21090103685855865
test_protein_2473,0.90754741430282593
test_protein_2467,0.057743880897760391
test_protein_2468,0.38225528597831726
test_protein_2472,0.057658754289150238
test_protein_2469,0.50076019763946533
test_protein_2474,0.36313587427139282
test_protein_2475,0.32639345526695251
test_protein_2476,0.48122182488441467
test_protein_2471,0.040857050567865372
test_protein_2477,0.51535576581954956
test_protein_2483,0.85564851760864258
test_protein_2484,0.12078698724508286
test_protein_2482,0.17086741328239441
test_protein_2485,0.52066892385482788
test_protein_2479,0.46012932062149048
test_protein_2486,0.31394499540328979
test_protein_2480,0.1489376574754715
test_protein_2494,0.51592153310775757
test_protein_2489,0.25038447976112366
test_protein_2481,0.14770357310771942
test_protein_2478,0.87286955118179321
test_protein_2490,0.63000762462615967
test_protein_2487,0.34602105617523193
test_protein_2488,0.68197339773178101
test_protein_2493,0.65467172861099243
test_protein_2495,0.61912029981613159
test_protein_2492,0.48103705048561096
test_protein_2496,0.66048324108123779
test_protein_2499,0.083620145916938782
test_protein_2491,0.62797433137893677
test_protein_2500,0.035096470266580582
test_protein_2497,0.46096983551979065
test_protein_2498,0.060713618993759155
test_protein_2503,0.49746423959732056
test_protein_2508,0.36585354804992676
test_protein_2501,0.6292881965637207
test_protein_2504,0.56156963109970093
test_protein_2507,0.33151158690452576
test_protein_2502,0.40292748808860779
test_protein_2505,0.5237051248550415
test_protein_2506,0.60585695505142212
test_protein_2511,0.096168361604213715
test_protein_2513,0.56635880470275879
test_protein_2512,0.21963746845722198
test_protein_2515,0.42001396417617798
test_protein_2517,0.60022681951522827
test_protein_2509,0.64394259452819824
test_protein_2519,0.22303648293018341
test_protein_2510,0.17256446182727814
test_protein_2518,0.26421713829040527
test_protein_2523,0.67351776361465454
test_protein_2520,0.16721262037754059
test_protein_2522,0.51812523603439331
test_protein_2521,0.018305251374840736
test_protein_2516,0.42850425839424133
test_protein_2524,0.47172021865844727
test_protein_2514,0.23733779788017273
test_protein_2525,0.069248400628566742
test_protein_2531,0.15531539916992188
test_protein_2527,0.50000190734863281
test_protein_2529,0.46721634268760681
test_protein_2534,0.1130690798163414
test_protein_2530,0.26511481404304504
test_protein_2528,0.55733609199523926
test_protein_2538,0.52627909183502197
test_protein_2536,0.3240143358707428
test_protein_2533,2.9388766051852144e-06
test_protein_2526,0.728313148021698
test_protein_2537,0.10454779118299484
test_protein_2532,0.35540807247161865
test_protein_2535,0.04569166898727417
test_protein_2540,0.27919667959213257
test_protein_2544,0.25445961952209473
test_protein_2542,0.23793834447860718
test_protein_2541,0.16809192299842834
test_protein_2539,0.4529278576374054
test_protein_2543,0.023636592552065849
test_protein_2546,0.88959896564483643
test_protein_2548,3.5972341720480472e-05
test_protein_2550,0.60118573904037476
test_protein_2547,0.49943557381629944
test_protein_2545,0.33537831902503967
test_protein_2551,0.21858522295951843
test_protein_2552,0.62821537256240845
test_protein_2558,0.24077476561069489
test_protein_2553,0.76066875457763672
test_protein_2549,0.27737525105476379
test_protein_2559,0.20673608779907227
test_protein_2554,0.58721762895584106
test_protein_2555,0.30757254362106323
test_protein_2560,0.14104442298412323
test_protein_2562,0.24009917676448822
test_protein_2563,0.99940896034240723
test_protein_2557,0.86817443370819092
test_protein_2556,0.57674926519393921
test_protein_2561,0.024919401854276657
test_protein_2568,0.99872618913650513
test_protein_2564,0.99935024976730347
test_protein_2569,0.5727418065071106
test_protein_2566,0.12627188861370087
test_protein_2577,0.20319268107414246
test_protein_2573,0.68123900890350342
test_protein_2572,0.9730907678604126
test_protein_2565,0.63516753911972046
test_protein_2578,0.4077417254447937
test_protein_2571,0.50093281269073486
test_protein_2574,0.69722753763198853
test_protein_2575,0.15077462792396545
test_protein_2576,0.35284048318862915
test_protein_2567,0.004633675329387188
test_protein_2570,0.82028931379318237
test_protein_2579,0.18027509748935699
test_protein_2580,0.017159217968583107
test_protein_2581,0.012692616321146488
test_protein_2582,0.00040367330075241625
test_protein_2583,0.55739182233810425
test_protein_2586,0.5248945951461792
test_protein_2588,0.012842971831560135
test_protein_2585,0.56813228130340576
test_protein_2584,0.095623292028903961
test_protein_2587,0.6626889705657959
test_protein_2593,0.61649209260940552
test_protein_2594,0.54197549819946289
test_protein_2591,0.32764855027198792
test_protein_2589,0.3176632821559906
test_protein_2597,0.62869471311569214
test_protein_2595,0.36916694045066833
test_protein_2600,0.61964172124862671
test_protein_2598,1.7652755559538491e-05
test_protein_2590,0.63182681798934937
test_protein_2601,0.54640406370162964
test_protein_2596,0.86354327201843262
test_protein_2592,9.1263515059836209e-05
test_protein_2603,0.77855789661407471
test_protein_2602,0.84921538829803467
test_protein_2599,0.065320789813995361
test_protein_2604,0.62557768821716309
test_protein_2607,0.37708061933517456
test_protein_2610,0.71088635921478271
test_protein_2606,0.40891757607460022
test_protein_2608,0.82813245058059692
test_protein_2611,0.84667038917541504
test_protein_2609,0.90260708332061768
test_protein_2605,0.75320053100585938
test_protein_2612,0.78721410036087036
test_protein_2614,0.78933936357498169
test_protein_2613,0.89278137683868408
test_protein_2615,0.91457062959671021
test_protein_2623,0.52957558631896973
test_protein_2616,0.6601298451423645
test_protein_2620,0.76367944478988647
test_protein_2622,0.43864116072654724
test_protein_2621,0.19836674630641937
test_protein_2617,0.67290025949478149
test_protein_2618,0.46304348111152649
test_protein_2624,0.39125284552574158
test_protein_2619,0.3764498233795166
test_protein_2625,0.34941712021827698
test_protein_2626,0.5615270733833313
test_protein_2630,0.37216886878013611
test_protein_2627,0.77636998891830444
test_protein_2628,0.24824441969394684
test_protein_2629,0.03140036016702652
test_protein_2638,0.083962224423885345
test_protein_2633,0.13587917387485504
test_protein_2635,0.4515969455242157
test_protein_2634,0.22269162535667419
test_protein_2632,0.17205192148685455
test_protein_2640,0.47362282872200012
test_protein_2637,0.57004845142364502
test_protein_2639,0.19535855948925018
test_protein_2631,0.12040752172470093
test_protein_2636,0.18012125790119171
test_protein_2644,0.43921780586242676
test_protein_2641,0.92781823873519897
test_protein_2645,0.35236361622810364
test_protein_2642,0.97661930322647095
test_protein_2643,0.047108646482229233
test_protein_2646,0.20853099226951599
test_protein_2653,0.303812175989151
test_protein_2651,0.32937502861022949
test_protein_2650,0.34384036064147949
test_protein_2652,0.8614155650138855
test_protein_2649,0.13925786316394806
test_protein_2647,0.75011038780212402
test_protein_2655,0.12021394073963165
test_protein_2648,0.50086402893066406
test_protein_2654,0.14847256243228912
test_protein_2658,0.42683565616607666
test_protein_2664,0.066718138754367828
test_protein_2661,0.4076804518699646
test_protein_2659,0.69853746891021729
test_protein_2663,0.36656880378723145
test_protein_2657,0.20139604806900024
test_protein_2665,0.4740789532661438
test_protein_2668,0.18585474789142609
test_protein_2660,0.56865996122360229
test_protein_2666,0.27626582980155945
test_protein_2662,0.34215009212493896
test_protein_2656,0.57960289716720581
test_protein_2669,0.58353060483932495
test_protein_2667,0.22421444952487946
test_protein_2672,0.5386892557144165
test_protein_2671,0.5947798490524292
test_protein_2678,0.17142052948474884
test_protein_2675,0.93578481674194336
test_protein_2670,0.47521695494651794
test_protein_2674,0.46399784088134766
test_protein_2673,0.57580316066741943
test_protein_2680,0.45155221223831177
test_protein_2679,0.96679484844207764
test_protein_2683,0.44555974006652832
test_protein_2676,0.31754067540168762
test_protein_2677,0.46626484394073486
test_protein_2682,0.43763825297355652
test_protein_2687,0.52287685871124268
test_protein_2686,0.0098245711997151375
test_protein_2681,0.77350145578384399
test_protein_2689,0.5272400975227356
test_protein_2685,0.68235135078430176
test_protein_2692,0.37721052765846252
test_protein_2691,7.5465875852387398e-05
test_protein_2694,0.53711438179016113
test_protein_2690,0.59705853462219238
test_protein_2688,0.2621053159236908
test_protein_2684,0.51673948764801025
test_protein_2693,0.35926726460456848
test_protein_2696,0.1029600203037262
test_protein_2697,0.08252328634262085
test_protein_2695,0.15702670812606812
test_protein_2698,2.9410799470497295e-05
test_protein_2702,0.7616848349571228
test_protein_2705,0.47604367136955261
test_protein_2699,0.24096265435218811
test_protein_2700,0.33083876967430115
test_protein_2707,0.43843552470207214
test_protein_2701,4.4974540287512355e-06
test_protein_2703,0.15700137615203857
test_protein_2704,0.22566568851470947
test_protein_2706,0.50520652532577515
test_protein_2716,0.54798656702041626
test_protein_2708,0.00038192272768355906
test_protein_2712,0.35980606079101562
test_protein_2713,0.15838135778903961
test_protein_2709,0.59224826097488403
test_protein_2711,0.43105679750442505
test_protein_2719,0.13051888346672058
test_protein_2710,0.083236083388328552
test_protein_2720,0.77999216318130493
test_protein_2718,0.89272058010101318
test_protein_2721,0.64130693674087524
test_protein_2714,0.11142305284738541
test_protein_2717,0.64691799879074097
test_protein_2715,0.17126145958900452
test_protein_2728,0.98357760906219482
test_protein_2722,0.3796616792678833
test_protein_2723,0.49292317032814026
test_protein_2729,0.49847188591957092
test_protein_2724,0.37436363101005554
test_protein_2727,0.0016010329127311707
test_protein_2725,0.5536918044090271
test_protein_2734,0.19970844686031342
test_protein_2726,0.49578511714935303
test_protein_2733,0.22263871133327484
test_protein_2731,0.24430322647094727
test_protein_2732,0.5642322301864624
test_protein_2739,0.44654020667076111
test_protein_2730,0.80975717306137085
test_protein_2737,0.37795636057853699
test_protein_2743,0.12257055938243866
test_protein_2735,0.7036973237991333
test_protein_2736,0.22295096516609192
test_protein_2744,0.70541423559188843
test_protein_2747,0.29362085461616516
test_protein_2738,0.18042899668216705
test_protein_2748,0.28912815451622009
test_protein_2745,0.56769019365310669
test_protein_2741,0.0030803810805082321
test_protein_2740,0.24175906181335449
test_protein_2746,0.70556730031967163
test_protein_2750,0.11067098379135132
test_protein_2749,0.010287728160619736
test_protein_2742,0.67425590753555298
test_protein_2752,0.99270164966583252
test_protein_2751,0.023499853909015656
test_protein_2755,0.64407974481582642
test_protein_2753,0.56315410137176514
test_protein_2754,0.29135996103286743
test_protein_2756,0.5784267783164978
test_protein_2757,0.97843527793884277
test_protein_2760,0.61241704225540161
test_protein_2758,0.99229615926742554
test_protein_2761,0.63549619913101196
test_protein_2762,0.60147923231124878
test_protein_2765,0.85550951957702637
test_protein_2759,0.92277449369430542
test_protein_2769,0.21854521334171295
test_protein_2764,0.45596230030059814
test_protein_2766,0.53031450510025024
test_protein_2770,0.30573689937591553
test_protein_2768,0.37416255474090576
test_protein_2772,0.69466453790664673
test_protein_2767,0.25657811760902405
test_protein_2763,0.32599174976348877
test_protein_2773,0.33351346850395203
test_protein_2774,0.33197367191314697
test_protein_2771,0.7543337345123291
test_protein_2778,0.69594508409500122
test_protein_2776,0.68150711059570312
test_protein_2781,0.020112033933401108
test_protein_2775,0.020125605165958405
test_protein_2779,0.087396696209907532
test_protein_2777,0.65473413467407227
test_protein_2783,0.80112999677658081
test_protein_2784,0.78462618589401245
test_protein_2782,0.64848935604095459
test_protein_2785,0.4468187689781189
test_protein_2780,0.73807179927825928
test_protein_2786,0.88891905546188354
test_protein_2787,0.12563572824001312
test_protein_2794,0.19318333268165588
test_protein_2793,0.048379585146903992
test_protein_2789,0.5464479923248291
test_protein_2792,0.28354039788246155
test_protein_2788,0.8699762225151062
test_protein_2790,0.37709930539131165
test_protein_2795,0.52904868125915527
test_protein_2796,0.19574561715126038
test_protein_2797,0.00070360698737204075
test_protein_2791,0.99830615520477295
test_protein_2798,0.45199435949325562
test_protein_2801,0.44713833928108215
test_protein_2800,0.42915099859237671
test_protein_2799,0.13321435451507568
test_protein_2803,0.52773928642272949
test_protein_2802,0.011961307376623154
test_protein_2808,0.94872432947158813
test_protein_2805,0.59783482551574707
test_protein_2806,0.02231084369122982
test_protein_2807,0.46675091981887817
test_protein_2810,0.25240620970726013
test_protein_2804,0.5869448184967041
test_protein_2809,0.4754105806350708
test_protein_2811,0.55356723070144653
test_protein_2815,0.00077459681779146194
test_protein_2812,0.5385054349899292
test_protein_2813,0.028468973934650421
test_protein_2818,0.72080165147781372
test_protein_2816,0.76145827770233154
test_protein_2820,0.49609643220901489
test_protein_2817,0.49959114193916321
test_protein_2814,0.58787143230438232
test_protein_2822,0.58130311965942383
test_protein_2819,0.0049134516157209873
test_protein_2821,0.55245709419250488
test_protein_2823,0.42851176857948303
test_protein_2827,0.041200555860996246
test_protein_2829,0.65699082612991333
test_protein_2832,0.87877446413040161
test_protein_2826,0.033221494406461716
test_protein_2828,0.54457747936248779
test_protein_2825,0.44395431876182556
test_protein_2824,0.28583008050918579
test_protein_2830,0.6841590404510498
test_protein_2835,0.3037794828414917
test_protein_2831,0.97369867563247681
test_protein_2834,0.52648144960403442
test_protein_2833,0.28980210423469543
test_protein_2839,0.36437252163887024
test_protein_2837,0.98534089326858521
test_protein_2836,0.48947152495384216
test_protein_2843,0.34938496351242065
test_protein_2838,0.52038079500198364
test_protein_2841,0.38554617762565613
test_protein_2848,0.062996521592140198
test_protein_2846,0.00073861819691956043
test_protein_2842,0.032570391893386841
test_protein_2847,0.44943472743034363
test_protein_2840,0.11303544044494629
test_protein_2844,0.00015480114961974323
test_protein_2845,0.7097088098526001
test_protein_2849,0.73739445209503174
test_protein_2852,0.13392096757888794
test_protein_2851,0.0017290661344304681
test_protein_2850,0.1301729679107666
test_protein_2859,0.27992644906044006
test_protein_2857,0.95210385322570801
test_protein_2855,0.05364425852894783
test_protein_2856,0.14674857258796692
test_protein_2853,0.17987906932830811
test_protein_2854,0.031681571155786514
test_protein_2861,0.34131777286529541
test_protein_2868,0.47475853562355042
test_protein_2864,0.76064938306808472
test_protein_2862,0.057724427431821823
test_protein_2863,0.00062084849923849106
test_protein_2866,0.27521651983261108
test_protein_2867,0.86452162265777588
test_protein_2860,0.081824101507663727
test_protein_2858,0.15577782690525055
test_protein_2870,0.17959059774875641
test_protein_2865,0.40300872921943665
test_protein_2871,0.28401187062263489
test_protein_2872,0.0047621466219425201
test_protein_2869,0.097861886024475098
test_protein_2873,0.0012380040716379881
test_protein_2875,0.13866885006427765
test_protein_2878,0.016808908432722092
test_protein_2877,0.19007392227649689
test_protein_2874,0.68840193748474121
test_protein_2876,0.393952876329422
test_protein_2884,0.4317399263381958
test_protein_2879,0.33724322915077209
test_protein_2882,0.48313912749290466
test_protein_2883,0.0061084609478712082
test_protein_2881,0.26163199543952942
test_protein_2880,0.10355445742607117
test_protein_2886,0.0070527801290154457
test_protein_2887,0.7403712272644043
test_protein_2888,0.017210293561220169
test_protein_2890,0.036777328699827194
test_protein_2892,0.058022145181894302
test_protein_2885,0.4320986270904541
test_protein_2889,0.69006985425949097
test_protein_2893,0.010053777135908604
test_protein_2894,0.011986482888460159
test_protein_2896,0.24149127304553986
test_protein_2891,0.49952489137649536
test_protein_2898,0.31917208433151245
test_protein_2900,0.0073755211196839809
test_protein_2895,0.87235748767852783
test_protein_2899,0.86824572086334229
test_protein_2901,0.024758767336606979
test_protein_2902,0.80787372589111328
test_protein_2897,0.37607672810554504
test_protein_2909,0.243321493268013
test_protein_2903,0.013094414956867695
test_protein_2908,0.10042335838079453
test_protein_2906,0.19597308337688446
test_protein_2905,0.029768303036689758
test_protein_2907,0.19730030000209808
test_protein_2912,0.0017099686665460467
test_protein_2917,0.78046995401382446
test_protein_2915,0.018225159496068954
test_protein_2911,0.1837833970785141
test_protein_2913,0.47009751200675964
test_protein_2910,0.10559894889593124
test_protein_2914,0.28244125843048096
test_protein_2919,0.32910144329071045
test_protein_2922,0.93285787105560303
test_protein_2904,0.63126569986343384
test_protein_2916,0.11212148517370224
test_protein_2918,0.077394850552082062
test_protein_2925,0.062607370316982269
test_protein_2923,0.14971368014812469
test_protein_2920,0.078836604952812195
test_protein_2924,0.0010452624410390854
test_protein_2921,0.058547556400299072
test_protein_2926,0.10682253539562225
test_protein_2931,0.15677250921726227
test_protein_2928,0.088970907032489777
test_protein_2927,0.46274232864379883
test_protein_2930,0.81601309776306152
test_protein_2934,0.26841440796852112
test_protein_2932,0.37738710641860962
test_protein_2933,0.13852384686470032
test_protein_2929,0.15378537774085999
test_protein_2941,0.51373100280761719
test_protein_2935,0.090188585221767426
test_protein_2945,0.3614041805267334
test_protein_2936,0.68248116970062256
test_protein_2937,0.9857526421546936
test_protein_2943,0.95799636840820312
test_protein_2942,0.80524945259094238
test_protein_2944,0.49651369452476501
test_protein_2940,0.065852060914039612
test_protein_2938,0.95681798458099365
test_protein_2947,0.2281695157289505
test_protein_2939,0.095252037048339844
test_protein_2946,0.66149163246154785
test_protein_2951,0.40421950817108154
test_protein_2948,0.63414442539215088
test_protein_2949,0.73030364513397217
test_protein_2953,0.60196644067764282
test_protein_2955,0.12983638048171997
test_protein_2950,0.92510265111923218
test_protein_2954,0.14977046847343445
test_protein_2952,0.35602095723152161
test_protein_2956,0.36971205472946167
test_protein_2958,0.27440178394317627
test_protein_2960,0.18394589424133301
test_protein_2959,0.062710955739021301
test_protein_2965,0.10143209993839264
test_protein_2961,0.0013760398142039776
test_protein_2964,0.15419125556945801
test_protein_2962,0.022927438840270042
test_protein_2968,0.079964920878410339
test_protein_2963,0.14740334451198578
test_protein_2967,0.45619267225265503
test_protein_2966,0.51222223043441772
test_protein_2957,0.58850246667861938
test_protein_2970,0.0099892923608422279
test_protein_2969,0.3498528003692627
test_protein_2972,0.30298313498497009
test_protein_2973,0.6043388843536377
test_protein_2971,0.76810961961746216
test_protein_2974,0.050203889608383179
test_protein_2977,0.1224619597196579
test_protein_2979,0.97612154483795166
test_protein_2976,0.011142217554152012
test_protein_2981,0.41467413306236267
test_protein_2975,0.61747539043426514
test_protein_2980,0.25021564960479736
test_protein_2978,0.31867948174476624
test_protein_2988,0.72668737173080444
test_protein_2987,0.0059872162528336048
test_protein_2984,0.14331077039241791
test_protein_2990,0.71279901266098022
test_protein_2991,0.019397333264350891
test_protein_2983,0.69773143529891968
test_protein_2982,0.59046101570129395
test_protein_2985,0.72179192304611206
test_protein_2992,0.63802343606948853
test_protein_2989,0.63108235597610474
test_protein_2995,0.20453962683677673
test_protein_2993,0.92826145887374878
test_protein_2986,0.69040572643280029
test_protein_2994,0.37754347920417786
test_protein_2996,0.26162764430046082
test_protein_2997,0.72715282440185547
test_protein_2998,0.078301005065441132
test_protein_3002,0.67486917972564697
test_protein_3004,0.33042913675308228
test_protein_3001,0.90560680627822876
test_protein_2999,0.99999141693115234
test_protein_3003,0.22833208739757538
test_protein_3000,0.34628579020500183
test_protein_3008,0.56059610843658447
test_protein_3006,0.29945549368858337
test_protein_3005,0.91760605573654175
test_protein_3017,0.57947677373886108
test_protein_3009,0.7536780834197998
test_protein_3010,0.66872560977935791
test_protein_3011,0.046556543558835983
test_protein_3014,0.022661516442894936
test_protein_3018,0.95380669832229614
test_protein_3012,0.054130438715219498
test_protein_3019,0.72762548923492432
test_protein_3015,0.84464967250823975
test_protein_3007,0.048045746982097626
test_protein_3016,0.0145510109141469
test_protein_3020,0.092659391462802887
test_protein_3013,0.97916710376739502
test_protein_3021,0.55310970544815063
test_protein_3027,0.98832327127456665
test_protein_3024,0.82179492712020874
test_protein_3022,0.55760639905929565
test_protein_3023,0.010753500275313854
test_protein_3028,0.99141347408294678
test_protein_3032,0.4621010422706604
test_protein_3034,0.98594683408737183
test_protein_3033,0.42721271514892578
test_protein_3025,0.93656867742538452
test_protein_3029,0.91713082790374756
test_protein_3031,0.44509103894233704
test_protein_3035,1
test_protein_3026,0.46669104695320129
test_protein_3036,0.90482741594314575
test_protein_3030,0.8264586329460144
test_protein_3043,0.82068037986755371
test_protein_3041,0.68947386741638184
test_protein_3038,0.11684534698724747
test_protein_3039,0.99891781806945801
test_protein_3042,0.27217629551887512
test_protein_3044,0.81395012140274048
test_protein_3047,0.83724427223205566
test_protein_3046,0.60499513149261475
test_protein_3040,0.99992012977600098
test_protein_3037,0.26645642518997192
test_protein_3045,0.30299761891365051
test_protein_3048,0.92780029773712158
test_protein_3055,0.99471879005432129
test_protein_3049,0.13834351301193237
test_protein_3059,0.50072658061981201
test_protein_3053,0.95885485410690308
test_protein_3052,0.46422213315963745
test_protein_3050,0.59594136476516724
test_protein_3051,0.82233595848083496
test_protein_3054,0.83843505382537842
test_protein_3062,0.93933993577957153
test_protein_3060,0.99897527694702148
test_protein_3056,0.92668569087982178
test_protein_3064,0.75172460079193115
test_protein_3061,0.85744380950927734
test_protein_3058,0.62507110834121704
test_protein_3057,0.84976506233215332
test_protein_3070,0.99587148427963257
test_protein_3063,0.96237796545028687
test_protein_3065,0.70698243379592896
test_protein_3069,0.91881012916564941
test_protein_3067,0.43536779284477234
test_protein_3072,0.85813397169113159
test_protein_3071,0.37838563323020935
test_protein_3068,0.88696008920669556
test_protein_3077,0.40009176731109619
test_protein_3075,0.77716583013534546
test_protein_3076,0.54296284914016724
test_protein_3074,0.99999642372131348
test_protein_3073,0.7611696720123291
test_protein_3066,0.44481444358825684
test_protein_3078,0.29935631155967712
test_protein_3079,0.94622188806533813
test_protein_3083,0.24212029576301575
test_protein_3084,0.40247443318367004
test_protein_3085,0.7230907678604126
test_protein_3081,0.90171325206756592
test_protein_3082,0.68824118375778198
test_protein_3080,0.99378728866577148
test_protein_3086,0.89309185743331909
test_protein_3089,0.98257195949554443
test_protein_3088,0.89885950088500977
test_protein_3092,0.68805032968521118
test_protein_3087,0.021504936739802361
test_protein_3091,0.97071069478988647
test_protein_3095,0.62029939889907837
test_protein_3097,0.012010552920401096
test_protein_3093,0.60844004154205322
test_protein_3090,0.93468761444091797
test_protein_3096,0.83823031187057495
test_protein_3099,0.27320685982704163
test_protein_3094,0.85111844539642334
test_protein_3098,0.78969657421112061
test_protein_3104,0.031632274389266968
test_protein_3102,0.56161713600158691
test_protein_3103,0.47556290030479431
test_protein_3101,0.00171661376953125
test_protein_3100,0.35269865393638611
test_protein_3106,0.036177467554807663
test_protein_3105,0.58473163843154907
test_protein_3111,0.64703190326690674
test_protein_3110,0.069647863507270813
test_protein_3116,0.028969964012503624
test_protein_3113,0.0052091283723711967
test_protein_3107,0.019690738990902901
test_protein_3112,0.82966941595077515
test_protein_3114,0.34066441655158997
test_protein_3117,0.0034295155201107264
test_protein_3108,0.60094267129898071
test_protein_3115,0.043830618262290955
test_protein_3118,0.0033328307326883078
test_protein_3109,0.04099520668387413
test_protein_3121,0.032749205827713013
test_protein_3125,0.071859501302242279
test_protein_3126,0.015197868458926678
test_protein_3119,0.061546344310045242
test_protein_3123,0.058903064578771591
test_protein_3120,0.004013547208160162
test_protein_3124,0.37437233328819275
test_protein_3128,0.16383586823940277
test_protein_3127,0.44452187418937683
test_protein_3129,0.053705926984548569
test_protein_3122,0.16457375884056091
test_protein_3133,0.45208978652954102
test_protein_3139,0.1194145455956459
test_protein_3137,0.011685792356729507
test_protein_3136,0.40980231761932373
test_protein_3140,0.048612378537654877
test_protein_3134,0.22737659513950348
test_protein_3131,0.055867277085781097
test_protein_3130,0.039075393229722977
test_protein_3141,0.018903419375419617
test_protein_3142,0.1072247251868248
test_protein_3138,0.0070417718961834908
test_protein_3135,0.2894950807094574
test_protein_3132,0.19937135279178619
test_protein_3143,0.29910653829574585
test_protein_3145,0.074921198189258575
test_protein_3144,0.068940013647079468
test_protein_3149,0.38720327615737915
test_protein_3148,0.57540613412857056
test_protein_3147,0.65333610773086548
test_protein_3146,0.48066112399101257
test_protein_3150,0.99954307079315186
test_protein_3151,0.69365274906158447
test_protein_3160,0.22722727060317993
test_protein_3152,0.39175266027450562
test_protein_3153,0.52106243371963501
test_protein_3158,0.18102365732192993
test_protein_3154,0.013069813139736652
test_protein_3155,0.28064939379692078
test_protein_3156,0.26320269703865051
test_protein_3159,0.50086039304733276
test_protein_3163,0.65141057968139648
test_protein_3161,0.2653699517250061
test_protein_3164,0.40293598175048828
test_protein_3165,0.28187000751495361
test_protein_3162,0.75216579437255859
test_protein_3157,0.44317090511322021
test_protein_3169,0.17311388254165649
test_protein_3166,0.49516156315803528
test_protein_3170,0.044889301061630249
test_protein_3173,0.023381292819976807
test_protein_3168,0.25837457180023193
test_protein_3167,0.57696020603179932
test_protein_3172,0.40591663122177124
test_protein_3171,0.30535915493965149
test_protein_3175,0.11280595511198044
test_protein_3177,0.086572736501693726
test_protein_3174,0.54041403532028198
test_protein_3176,0.078049473464488983
test_protein_3178,0.35038819909095764
test_protein_3180,0.29282602667808533
test_protein_3179,0.56479561328887939
test_protein_3182,0.23772254586219788
test_protein_3183,0.36288928985595703
test_protein_3191,0.49553290009498596
test_protein_3185,0.58195227384567261
test_protein_3184,0.17884700000286102
test_protein_3187,0.23359870910644531
test_protein_3181,0.52297288179397583
test_protein_3192,0.3000253438949585
test_protein_3189,0.51611500978469849
test_protein_3188,0.30724582076072693
test_protein_3193,0.81644296646118164
test_protein_3190,0.4565829336643219
test_protein_3195,0.49342331290245056
test_protein_3186,0.43355357646942139
test_protein_3197,0.10910484194755554
test_protein_3196,0.55277776718139648
test_protein_3198,0.95655065774917603
test_protein_3199,0.6990591287612915
test_protein_3200,0.32015976309776306
test_protein_3194,0.12333502620458603
test_protein_3202,0.58935791254043579
test_protein_3204,0.64614516496658325
test_protein_3208,0.65929073095321655
test_protein_3201,0.53409820795059204
test_protein_3206,0.58515673875808716
test_protein_3203,0.68811285495758057
test_protein_3205,0.78015857934951782
test_protein_3209,0.11920110881328583
test_protein_3210,0.55845040082931519
test_protein_3219,0.45193660259246826
test_protein_3213,0.21551708877086639
test_protein_3207,0.35831612348556519
test_protein_3211,0.022044001147150993
test_protein_3214,0.26931586861610413
test_protein_3217,0.090792395174503326
test_protein_3212,0.13133116066455841
test_protein_3215,0.463949054479599
test_protein_3226,0.62152951955795288
test_protein_3224,0.71647858619689941
test_protein_3221,0.46979802846908569
test_protein_3222,0.48151838779449463
test_protein_3227,0.13229556381702423
test_protein_3220,0.47796499729156494
test_protein_3216,0.015482787974178791
test_protein_3223,0.35918623208999634
test_protein_3218,0.42203155159950256
test_protein_3225,0.039642758667469025
test_protein_3229,0.28222399950027466
test_protein_3232,0.026689739897847176
test_protein_3231,0.51217091083526611
test_protein_3234,0.079711109399795532
test_protein_3228,0.0018364011775702238
test_protein_3235,0.32189849019050598
test_protein_3236,0.55645501613616943
test_protein_3230,0.47187754511833191
test_protein_3233,0.45718923211097717
test_protein_3237,0.31939589977264404
test_protein_3240,0.91743427515029907
test_protein_3239,0.99003404378890991
test_protein_3243,0.38280969858169556
test_protein_3245,0.69841504096984863
test_protein_3241,0.99673622846603394
test_protein_3238,0.61062324047088623
test_protein_3242,0.81970614194869995
test_protein_3247,0.053318440914154053
test_protein_3244,0.37182486057281494
test_protein_3252,0.90154147148132324
test_protein_3251,0.86063152551651001
test_protein_3249,0.44515794515609741
test_protein_3248,0.779288649559021
test_protein_3250,0.90548324584960938
test_protein_3246,0.6475142240524292
test_protein_3259,0.67125469446182251
test_protein_3261,0.91011035442352295
test_protein_3255,0.461870938539505
test_protein_3256,0.051754921674728394
test_protein_3260,0.30495455861091614
test_protein_3253,0.67226165533065796
test_protein_3254,0.67427939176559448
test_protein_3257,0.91698741912841797
test_protein_3264,0.69282311201095581
test_protein_3258,0.74670761823654175
test_protein_3262,0.76000082492828369
test_protein_3263,0.097723513841629028
test_protein_3265,0.08433852344751358
test_protein_3266,0.68874835968017578
test_protein_3272,0.81397199630737305
test_protein_3269,0.75146830081939697
test_protein_3267,0.59460794925689697
test_protein_3274,0.73640543222427368
test_protein_3273,0.4772946834564209
test_protein_3268,0.63504683971405029
test_protein_3271,0.69461697340011597
test_protein_3275,0.65355432033538818
test_protein_3270,0.85269862413406372
test_protein_3281,0.52186405658721924
test_protein_3278,0.49933153390884399
test_protein_3279,0.29702019691467285
test_protein_3276,0.74580693244934082
test_protein_3280,0.76944726705551147
test_protein_3277,0.85391008853912354
test_protein_3284,0.65027052164077759
test_protein_3282,0.37546899914741516
test_protein_3283,0.37657341361045837
test_protein_3285,0.47943347692489624
test_protein_3286,0.34034645557403564
test_protein_3288,0.12266696989536285
test_protein_3289,0.62763112783432007
test_protein_3290,0.27882543206214905
test_protein_3287,0.6221308708190918
test_protein_3291,0.33688214421272278
test_protein_3296,0.37857562303543091
test_protein_3292,0.30371597409248352
test_protein_3293,0.44105306267738342
test_protein_3297,0.39780837297439575
test_protein_3295,0.44950756430625916
test_protein_3294,0.23122183978557587
test_protein_3302,0.76148051023483276
test_protein_3304,0.34780958294868469
test_protein_3298,0.32139042019844055
test_protein_3300,0.3160407543182373
test_protein_3306,0.64371699094772339
test_protein_3303,0.52949243783950806
test_protein_3299,0.29965057969093323
test_protein_3301,0.71297544240951538
test_protein_3308,0.48109909892082214
test_protein_3310,0.4021613597869873
test_protein_3307,0.55060380697250366
test_protein_3305,0.5159112811088562
test_protein_3312,0.38545277714729309
test_protein_3314,0.26731225848197937
test_protein_3316,0.20792391896247864
test_protein_3313,0.15608771145343781
test_protein_3315,0.16819362342357635
test_protein_3309,0.50571632385253906
test_protein_3311,0.39308363199234009
test_protein_3319,0.27744179964065552
test_protein_3321,0.69716918468475342
test_protein_3317,0.11534183472394943
test_protein_3318,0.34580308198928833
test_protein_3323,0.31933927536010742
test_protein_3322,0.99477404356002808
test_protein_3320,0.1288287341594696
test_protein_3325,5.1277205784572288e-05
test_protein_3327,0.43018999695777893
test_protein_3332,0.47771364450454712
test_protein_3329,0.54335057735443115
test_protein_3324,0.51143234968185425
test_protein_3330,0.5398637056350708
test_protein_3328,0.27623829245567322
test_protein_3336,0.72699528932571411
test_protein_3331,0.30857923626899719
test_protein_3326,0.23678338527679443
test_protein_3334,0.34133017063140869
test_protein_3337,0.21927499771118164
test_protein_3340,0.83902138471603394
test_protein_3335,0.70550918579101562
test_protein_3333,0.26966807246208191
test_protein_3339,0.23993034660816193
test_protein_3341,0.429086834192276
test_protein_3342,0.42235353589057922
test_protein_3338,0.51429671049118042
test_protein_3346,0.45470607280731201
test_protein_3343,0.62049293518066406
test_protein_3344,0.34182396531105042
test_protein_3347,0.54402756690979004
test_protein_3348,0.33873787522315979
test_protein_3353,0.46105238795280457
test_protein_3349,0.21258427202701569
test_protein_3345,0.31179565191268921
test_protein_3350,0.34432974457740784
test_protein_3352,0.44850084185600281
test_protein_3354,0.25483155250549316
test_protein_3351,0.30804625153541565
test_protein_3360,0.4247761070728302
test_protein_3357,0.63896018266677856
test_protein_3363,0.56589758396148682
test_protein_3358,0.86500531435012817
test_protein_3355,0.70741772651672363
test_protein_3356,0.62188398838043213
test_protein_3361,0.24604557454586029
test_protein_3365,0.55650722980499268
test_protein_3359,0.36443501710891724
test_protein_3362,0.53078043460845947
test_protein_3364,0.075014486908912659
test_protein_3366,0.3703504204750061
test_protein_3367,0.37632906436920166
test_protein_3372,0.53683930635452271
test_protein_3368,0.24127598106861115
test_protein_3370,0.40960431098937988
test_protein_3375,0.84951525926589966
test_protein_3369,0.73216885328292847
test_protein_3371,0.40813574194908142
test_protein_3373,0.49468246102333069
test_protein_3376,0.57552242279052734
test_protein_3377,0.52490752935409546
test_protein_3379,0.43348392844200134
test_protein_3380,0.98004865646362305
test_protein_3374,0.4349479079246521
test_protein_3378,0.45969840884208679
test_protein_3384,0.00055248575517907739
test_protein_3382,0.49623379111289978
test_protein_3381,0.99800306558609009
test_protein_3385,0.14375604689121246
test_protein_3388,0.48201122879981995
test_protein_3389,0.3164057731628418
test_protein_3390,0.44442689418792725
test_protein_3383,0.0033413518685847521
test_protein_3391,0.35172268748283386
test_protein_3386,0.41987356543540955
test_protein_3387,0.4089350700378418
test_protein_3393,0.3594975471496582
test_protein_3392,0.32199448347091675
test_protein_3394,0.16943882405757904
test_protein_3395,0.45059657096862793
test_protein_3397,0.36520743370056152
test_protein_3396,0.22207817435264587
test_protein_3398,0.37794515490531921
test_protein_3400,0.5170702338218689
test_protein_3403,0.82151132822036743
test_protein_3401,0.99158984422683716
test_protein_3399,0.65290403366088867
test_protein_3407,0.17910750210285187
test_protein_3405,0.11810912191867828
test_protein_3402,0.11093847453594208
test_protein_3408,0.51635611057281494
test_protein_3411,0.91323345899581909
test_protein_3410,0.25296312570571899
test_protein_3404,0.96186286211013794
test_protein_3415,0.47321799397468567
test_protein_3413,0.25708660483360291
test_protein_3417,0.003169291652739048
test_protein_3414,0.23269696533679962
test_protein_3412,0.091492712497711182
test_protein_3409,0.010053763166069984
test_protein_3416,0.33733117580413818
test_protein_3406,0.57545673847198486
test_protein_3418,0.078549839556217194
test_protein_3426,0.59812825918197632
test_protein_3424,0.99802207946777344
test_protein_3421,0.99951815605163574
test_protein_3420,0.21263830363750458
test_protein_3428,0.40249189734458923
test_protein_3419,0.98886370658874512
test_protein_3427,0.50388479232788086
test_protein_3425,0.34298700094223022
test_protein_3423,0.90543252229690552
test_protein_3422,0.95147716999053955
test_protein_3429,0.36422133445739746
test_protein_3434,0.50710684061050415
test_protein_3437,0.9936830997467041
test_protein_3436,0.8010857105255127
test_protein_3435,0.73134726285934448
test_protein_3433,0.3861200213432312
test_protein_3432,0.62075519561767578
test_protein_3431,0.57537275552749634
test_protein_3441,0.42837327718734741
test_protein_3430,0.3124862015247345
test_protein_3439,0.28148919343948364
test_protein_3440,0.91210252046585083
test_protein_3442,0.47240504622459412
test_protein_3438,0.41710638999938965
test_protein_3448,0.49942412972450256
test_protein_3445,0.5198063850402832
test_protein_3444,0.4091518223285675
test_protein_3443,0.44421485066413879
test_protein_3446,0.78850322961807251
test_protein_3447,0.8009297251701355
test_protein_3454,0.72876507043838501
test_protein_3449,0.14409875869750977
test_protein_3451,0.47623732686042786
test_protein_3455,0.21983233094215393
test_protein_3453,0.46419963240623474
test_protein_3452,0.67270594835281372
test_protein_3457,0.56634140014648438
test_protein_3450,0.61279481649398804
test_protein_3456,0.55059528350830078
test_protein_3463,0.43629831075668335
test_protein_3459,0.76592051982879639
test_protein_3468,0.99669927358627319
test_protein_3466,0.28002500534057617
test_protein_3462,0.09324587881565094
test_protein_3461,0.51943439245223999
test_protein_3465,0.18696863949298859
test_protein_3469,0.98719537258148193
test_protein_3471,0.4707857072353363
test_protein_3458,0.03485637903213501
test_protein_3467,0.75101572275161743
test_protein_3464,0.15191341936588287
test_protein_3472,0.0066291596740484238
test_protein_3460,0.06668650358915329
test_protein_3470,0.6013944149017334
test_protein_3473,0.3464806079864502
test_protein_3475,0.12696312367916107
test_protein_3474,0.093044601380825043
test_protein_3478,0.091864407062530518
test_protein_3481,0.98156148195266724
test_protein_3480,0.38794592022895813
test_protein_3476,0.7584909200668335
test_protein_3479,0.10894008725881577
test_protein_3482,0.32798874378204346
test_protein_3477,0.9755280613899231
test_protein_3488,0.99200987815856934
test_protein_3483,0.28717070817947388
test_protein_3491,0.61537253856658936
test_protein_3487,0.0015327353030443192
test_protein_3490,0.62272971868515015
test_protein_3485,0.12134236097335815
test_protein_3492,0.5398486852645874
test_protein_3484,0.12740755081176758
test_protein_3498,0.7349056601524353
test_protein_3493,0.97804981470108032
test_protein_3489,0.88111299276351929
test_protein_3496,0.99991881847381592
test_protein_3500,0.78404116630554199
test_protein_3486,0.0022550292778760195
test_protein_3497,0.83728253841400146
test_protein_3495,0.75947338342666626
test_protein_3499,0.17715200781822205
test_protein_3504,0.2645343542098999
test_protein_3502,0.17774185538291931
test_protein_3494,0.97850978374481201
test_protein_3503,0.76352238655090332
test_protein_3501,0.25228589773178101
test_protein_3505,0.60420656204223633
test_protein_3513,0.76340562105178833
test_protein_3512,0.99252521991729736
test_protein_3506,0.67079907655715942
test_protein_3514,0.91221261024475098
test_protein_3509,0.67759954929351807
test_protein_3508,0.53270572423934937
test_protein_3507,0.75261110067367554
test_protein_3510,0.58347165584564209
test_protein_3511,0.90281671285629272
test_protein_3519,0.31419000029563904
test_protein_3515,0.70777857303619385
test_protein_3518,0.31162098050117493
test_protein_3516,0.77612966299057007
test_protein_3517,0.15969616174697876
test_protein_3520,0.68705451488494873
test_protein_3521,0.65721994638442993
test_protein_3522,0.73968690633773804
test_protein_3524,0.89522629976272583
test_protein_3528,0.45405727624893188
test_protein_3527,0.105471171438694
test_protein_3526,0.72358483076095581
test_protein_3529,0.48832234740257263
test_protein_3523,0.54049021005630493
test_protein_3525,0.89800578355789185
test_protein_3530,0.40668833255767822
test_protein_3533,0.49919837713241577
test_protein_3532,0.20210008323192596
test_protein_3531,0.45093485713005066
test_protein_3534,0.38416111469268799
test_protein_3535,0.25145772099494934
test_protein_3539,0.00011996339890174568
test_protein_3538,0.24557574093341827
test_protein_3540,0.98598390817642212
test_protein_3537,0.2197335958480835
test_protein_3536,0.61894255876541138
test_protein_3542,0.24117839336395264
test_protein_3541,0.44783025979995728
test_protein_3544,0.52951377630233765
test_protein_3543,0.55793660879135132
test_protein_3546,0.51213741302490234
test_protein_3550,0.12951290607452393
test_protein_3554,0.82860791683197021
test_protein_3553,0.82585728168487549
test_protein_3548,0.47989267110824585
test_protein_3547,0.65331912040710449
test_protein_3545,0.62282884120941162
test_protein_3549,0.020800359547138214
test_protein_3555,0.68169420957565308
test_protein_3556,0.86068844795227051
test_protein_3552,0.35215389728546143
test_protein_3551,0.23731042444705963
test_protein_3559,0.089994713664054871
test_protein_3565,0.97131705284118652
test_protein_3562,0.93895596265792847
test_protein_3558,0.38762819766998291
test_protein_3563,0.74685204029083252
test_protein_3557,0.013626974076032639
test_protein_3569,0.70286202430725098
test_protein_3560,0.29966777563095093
test_protein_3566,0.99005365371704102
test_protein_3561,0.65307354927062988
test_protein_3567,0.94843769073486328
test_protein_3564,0.55876022577285767
test_protein_3568,0.52873063087463379
test_protein_3573,0.68666929006576538
test_protein_3577,0.30406349897384644
test_protein_3578,0.98916327953338623
test_protein_3574,0.45617708563804626
test_protein_3575,0.49890023469924927
test_protein_3572,0.72342288494110107
test_protein_3570,0.67490667104721069
test_protein_3571,0.65217983722686768
test_protein_3576,0.92660278081893921
test_protein_3580,0.43242189288139343
test_protein_3579,0.51356309652328491
test_protein_3581,0.99914932250976562
test_protein_3583,0.20048023760318756
test_protein_3584,0.69100910425186157
test_protein_3582,0.49826729297637939
test_protein_3585,0.62708061933517456
test_protein_3588,0.69979804754257202
test_protein_3587,0.47161075472831726
test_protein_3586,0.59971719980239868
test_protein_3594,0.8267861008644104
test_protein_3589,0.38700082898139954
test_protein_3590,0.28500315546989441
test_protein_3591,0.88231629133224487
test_protein_3592,0.96210598945617676
test_protein_3595,0.6395607590675354
test_protein_3596,0.56021517515182495
test_protein_3600,0.052049145102500916
test_protein_3599,0.78940993547439575
test_protein_3597,0.23205901682376862
test_protein_3601,0.31203547120094299
test_protein_3605,0.024412797763943672
test_protein_3603,0.46532490849494934
test_protein_3598,0.31209316849708557
test_protein_3602,0.097244471311569214
test_protein_3593,0.74832028150558472
test_protein_3604,0.28651595115661621
test_protein_3606,0.0011251148534938693
test_protein_3607,0.46508657932281494
test_protein_3608,0.091196410357952118
test_protein_3616,0.70241630077362061
test_protein_3609,0.45824581384658813
test_protein_3612,0.59473973512649536
test_protein_3610,0.050033196806907654
test_protein_3611,0.49317425489425659
test_protein_3613,0.54807573556900024
test_protein_3614,0.62394344806671143
test_protein_3621,0.51741987466812134
test_protein_3618,0.8127560019493103
test_protein_3619,0.38647001981735229
test_protein_3615,0.98497653007507324
test_protein_3623,0.32093554735183716
test_protein_3617,0.68457496166229248
test_protein_3620,0.080113731324672699
test_protein_3624,0.5737464427947998
test_protein_3626,0.6404120922088623
test_protein_3625,0.37241101264953613
test_protein_3628,0.99326962232589722
test_protein_3631,0.19033907353878021
test_protein_3622,0.45952108502388
test_protein_3629,0.0013161178212612867
test_protein_3632,0.23661626875400543
test_protein_3630,0.26736515760421753
test_protein_3627,0.5096469521522522
test_protein_3633,0.024727582931518555
test_protein_3634,0.026614444330334663
test_protein_3638,0.087075553834438324
test_protein_3635,0.080303281545639038
test_protein_3640,0.058415357023477554
test_protein_3642,0.21717953681945801
test_protein_3636,0.65408915281295776
test_protein_3637,0.034489035606384277
test_protein_3639,0.032153449952602386
test_protein_3644,0.52677786350250244
test_protein_3643,0.70729255676269531
test_protein_3641,0.14294561743736267
test_protein_3645,0.54156374931335449
test_protein_3646,0.38006854057312012
test_protein_3647,0.59128445386886597
test_protein_3648,0.48507058620452881
test_protein_3651,0.69969522953033447
test_protein_3649,0.49058467149734497
test_protein_3652,0.55727684497833252
test_protein_3650,0.51750379800796509
test_protein_3653,0.44988766312599182
test_protein_3654,0.2924218475818634
test_protein_3658,0.44548091292381287
test_protein_3655,0.4804474413394928
test_protein_3656,0.58722573518753052
test_protein_3657,0.11413021385669708
test_protein_3665,0.56112247705459595
test_protein_3661,0.0017664167098701
test_protein_3660,0.57749581336975098
test_protein_3659,0.34638270735740662
test_protein_3662,8.1030346876787007e-09
test_protein_3663,0.36819973587989807
test_protein_3666,0.60624927282333374
test_protein_3667,0.32255080342292786
test_protein_3664,0.50524699687957764
test_protein_3672,0.80960029363632202
test_protein_3669,0.50082474946975708
test_protein_3673,0.52544093132019043
test_protein_3670,0.36017772555351257
test_protein_3676,0.30368849635124207
test_protein_3671,0.73795014619827271
test_protein_3674,0.53050607442855835
test_protein_3675,0.51192843914031982
test_protein_3668,0.54307740926742554
test_protein_3677,0.24518956243991852
test_protein_3678,0.47358188033103943
test_protein_3679,0.42161571979522705
test_protein_3680,1.5912612070678733e-05
test_protein_3682,0.66159427165985107
test_protein_3681,0.64665615558624268
test_protein_3683,0.44653573632240295
test_protein_3687,0.62675982713699341
test_protein_3684,0.66782736778259277
test_protein_3689,0.15390147268772125
test_protein_3688,0.71825611591339111
test_protein_3690,0.48252344131469727
test_protein_3686,0.25731757283210754
test_protein_3685,0.59186214208602905
test_protein_3691,0.5121760368347168
test_protein_3692,0.5875084400177002
test_protein_3696,0.64012318849563599
test_protein_3693,0.53137743473052979
test_protein_3694,0.19806936383247375
test_protein_3695,2.9195709885243559e-06
test_protein_3698,0.55011701583862305
test_protein_3701,0.64729160070419312
test_protein_3699,0.5894891619682312
test_protein_3700,0.56710952520370483
test_protein_3697,0.51804757118225098
test_protein_3702,0.51881128549575806
test_protein_3707,0.29573681950569153
test_protein_3705,0.5343480110168457
test_protein_3706,0.43026798963546753
test_protein_3703,0.29761439561843872
test_protein_3704,0.57839912176132202
test_protein_3710,4.3103590030568739e-08
test_protein_3709,0.29219022393226624
test_protein_3708,0.40042129158973694
test_protein_3714,0.37948259711265564
test_protein_3713,0.43645969033241272
test_protein_3712,0.00064330227905884385
test_protein_3715,0.52812260389328003
test_protein_3711,0.53178524971008301
test_protein_3716,0.35816815495491028
test_protein_3718,0.48161971569061279
test_protein_3723,0.57432776689529419
test_protein_3719,0.48507434129714966
test_protein_3717,1.1584672392928042e-05
test_protein_3720,0.48542270064353943
test_protein_3722,0.53928756713867188
test_protein_3724,0.87207162380218506
test_protein_3721,0.48897579312324524
test_protein_3726,0.52050292491912842
test_protein_3725,0.53532785177230835
test_protein_3727,0.49472570419311523
test_protein_3728,0.00033631001133471727
test_protein_3730,0.49146991968154907
test_protein_3729,0.00026481063105165958
test_protein_3732,0.30852088332176208
test_protein_3731,0.55467480421066284
test_protein_3733,0.65898305177688599
test_protein_3734,0.50532007217407227
test_protein_3735,0.61372005939483643
test_protein_3737,8.4088342191535048e-06
test_protein_3736,0.3975919783115387
test_protein_3740,0.00043232741882093251
test_protein_3738,0.069060854613780975
test_protein_3743,0.47223052382469177
test_protein_3741,0.77297013998031616
test_protein_3739,0.48638483881950378
test_protein_3744,0.82648444175720215
test_protein_3746,0.52777934074401855
test_protein_3742,0.47317424416542053
test_protein_3745,0.50872689485549927
test_protein_3747,0.15647715330123901
test_protein_3748,0.48921936750411987
test_protein_3750,0.56574422121047974
test_protein_3749,0.17271357774734497
test_protein_3752,0.65012055635452271
test_protein_3754,0.41963467001914978
test_protein_3751,0.22256410121917725
test_protein_3755,0.3442046046257019
test_protein_3757,0.43739941716194153
test_protein_3758,0.50068950653076172
test_protein_3756,0.51238644123077393
test_protein_3759,0.57917141914367676
test_protein_3753,0.28020554780960083
test_protein_3760,0.48341599106788635
test_protein_3761,0.51147860288619995
test_protein_3764,0.71154230833053589
test_protein_3763,0.43577665090560913
test_protein_3765,0.47590535879135132
test_protein_3768,0.55405092239379883
test_protein_3762,0.03825753927230835
test_protein_3767,0.53373312950134277
test_protein_3770,3.1789527383807581e-06
test_protein_3766,0.92130559682846069
test_protein_3769,0.57434755563735962
test_protein_3772,0.25755023956298828
test_protein_3773,0.55353742837905884
test_protein_3771,0.49012812972068787
test_protein_3777,0.6900022029876709
test_protein_3775,0.59481513500213623
test_protein_3776,0.56319451332092285
test_protein_3774,0.63929992914199829
test_protein_3778,0.49338412284851074
test_protein_3780,0.42888113856315613
test_protein_3779,0.55859977006912231
test_protein_3784,0.57596129179000854
test_protein_3782,0.72219687700271606
test_protein_3787,0.75419080257415771
test_protein_3783,0.50332307815551758
test_protein_3786,0.62654417753219604
test_protein_3781,0.18527527153491974
test_protein_3785,0.31582024693489075
test_protein_3790,0.00012058775610057637
test_protein_3788,0.66675859689712524
test_protein_3791,0.53402221202850342
test_protein_3794,0.027733936905860901
test_protein_3789,0.50949323177337646
test_protein_3795,0.81991440057754517
test_protein_3796,0.31298831105232239
test_protein_3792,2.065538865281269e-06
test_protein_3793,0.47508633136749268
test_protein_3797,0.0001078529458027333
test_protein_3798,2.9961442123749293e-05
test_protein_3802,0.18274542689323425
test_protein_3801,0.51117449998855591
test_protein_3800,0.38416239619255066
test_protein_3799,0.28622099757194519
test_protein_3808,0.70521628856658936
test_protein_3806,0.99870800971984863
test_protein_3807,0.95301461219787598
test_protein_3809,0.84112399816513062
test_protein_3812,0.19434744119644165
test_protein_3803,0.16243809461593628
test_protein_3810,0.876129150390625
test_protein_3805,0.70942050218582153
test_protein_3811,0.55279916524887085
test_protein_3804,0.3950728178024292
test_protein_3813,0.53112363815307617
test_protein_3815,0.31402125954627991
test_protein_3816,0.7431563138961792
test_protein_3814,7.678406109334901e-05
test_protein_3820,0.56294667720794678
test_protein_3818,1.0435134754516184e-05
test_protein_3822,0.46346724033355713
test_protein_3821,0.67235946655273438
test_protein_3819,0.49132537841796875
test_protein_3824,0.38243952393531799
test_protein_3817,0.0021110656671226025
test_protein_3825,0.52753150463104248
test_protein_3823,0.5200798511505127
test_protein_3828,3.3951192968117994e-09
test_protein_3826,0.4458717405796051
test_protein_3827,0.56989443302154541
test_protein_3830,0.29391965270042419
test_protein_3829,0.00041676632827147841
test_protein_3831,0.25573974847793579
test_protein_3832,0.31011947989463806
test_protein_3835,0.58442860841751099
test_protein_3837,0.14029674232006073
test_protein_3834,0.3856586217880249
test_protein_3833,0.55173671245574951
test_protein_3836,0.52766126394271851
test_protein_3838,0.23664271831512451
test_protein_3840,0.122054323554039
test_protein_3839,0.35637968778610229
test_protein_3841,1.1594270290515851e-06
test_protein_3843,0.60069721937179565
test_protein_3842,0.55141425132751465
test_protein_3845,0.30928927659988403
test_protein_3844,8.4906578194932081e-06
test_protein_3846,0.20971329510211945
test_protein_3848,0.68767207860946655
test_protein_3847,0.08748878538608551
test_protein_3849,0.53602749109268188
test_protein_3852,0.34290903806686401
test_protein_3850,0.50038129091262817
test_protein_3851,0.47472983598709106
test_protein_3854,0.74167865514755249
test_protein_3853,0.62050110101699829
test_protein_3856,0.89470040798187256
test_protein_3855,0.29794904589653015
test_protein_3859,0.69028931856155396
test_protein_3857,0.56628638505935669
test_protein_3860,0.51770311594009399
test_protein_3858,0.29019790887832642
test_protein_3863,0.015938181430101395
test_protein_3861,0.00012127700756536797
test_protein_3865,0.52993488311767578
test_protein_3866,0.64776390790939331
test_protein_3864,0.75123584270477295
test_protein_3862,0.42357403039932251
test_protein_3869,0.60081791877746582
test_protein_3867,0.55282002687454224
test_protein_3868,0.60023188591003418
test_protein_3871,0.48731642961502075
test_protein_3870,0.50048989057540894
test_protein_3873,0.52923059463500977
test_protein_3875,1.0373470971103416e-08
test_protein_3874,0.51510697603225708
test_protein_3876,0.3634735643863678
test_protein_3879,1.8331526007386856e-05
test_protein_3872,0.74833947420120239
test_protein_3878,0.45813462138175964
test_protein_3880,0.52874857187271118
test_protein_3877,0.5267224907875061
test_protein_3882,0.00069128681207075715
test_protein_3885,0.38971155881881714
test_protein_3884,0.59094530344009399
test_protein_3883,0.62502741813659668
test_protein_3887,2.2021474705979927e-06
test_protein_3881,0.31567516922950745
test_protein_3886,0.52079558372497559
test_protein_3888,0.39550814032554626
test_protein_3889,0.50307446718215942
test_protein_3890,0.41496357321739197
test_protein_3891,0.4603097140789032
test_protein_3897,9.7373970220360206e-08
test_protein_3895,0.31836384534835815
test_protein_3893,0.67133194208145142
test_protein_3892,0.63184040784835815
test_protein_3894,0.44328609108924866
test_protein_3899,0.056669503450393677
test_protein_3896,0.57234573364257812
test_protein_3902,0.48296698927879333
test_protein_3900,0.25524437427520752
test_protein_3898,4.0119663026416674e-05
test_protein_3901,0.49175369739532471
test_protein_3905,0.16485211253166199
test_protein_3904,0.33715823292732239
test_protein_3903,0.20427291095256805
test_protein_3909,0.3943808376789093
test_protein_3906,0.49805542826652527
test_protein_3907,0.27593913674354553
test_protein_3908,0.34914961457252502
test_protein_3910,0.85865247249603271
test_protein_3911,0.77834558486938477
test_protein_3912,0.60297751426696777
test_protein_3919,0.41831570863723755
test_protein_3913,0.5467827320098877
test_protein_3914,0.46405798196792603
test_protein_3916,0.49880868196487427
test_protein_3917,0.40561696887016296
test_protein_3915,0.62027448415756226
test_protein_3922,0.61574167013168335
test_protein_3918,0.41122585535049438
test_protein_3920,0.00078393961302936077
test_protein_3925,0.42115610837936401
test_protein_3926,0.39495298266410828
test_protein_3921,0.62610000371932983
test_protein_3924,0.63544458150863647
test_protein_3923,0.2837861180305481
test_protein_3928,0.57406353950500488
test_protein_3930,0.46280410885810852
test_protein_3932,0.24346029758453369
test_protein_3927,0.71186631917953491
test_protein_3931,0.56852740049362183
test_protein_3929,0.47984912991523743
test_protein_3934,0.63485085964202881
test_protein_3935,0.57681697607040405
test_protein_3933,0.21463555097579956
test_protein_3936,0.55391484498977661
test_protein_3937,0.42088586091995239
test_protein_3942,0.46938624978065491
test_protein_3941,5.7276583902421407e-06
test_protein_3946,0.0009818545076996088
test_protein_3940,0.54632633924484253
test_protein_3938,0.82152503728866577
test_protein_3939,0.70758056640625
test_protein_3947,0.31582209467887878
test_protein_3943,0.45308065414428711
test_protein_3948,0.52597898244857788
test_protein_3944,0.012033144943416119
test_protein_3945,0.15970683097839355
test_protein_3952,0.47979196906089783
test_protein_3951,0.63295906782150269
test_protein_3950,0.019075019285082817
test_protein_3954,0.54192847013473511
test_protein_3955,0.24867843091487885
test_protein_3949,1.7620326616452076e-05
test_protein_3953,0.34912315011024475
test_protein_3957,0.15368792414665222
test_protein_3959,0.50781935453414917
test_protein_3956,0.27232372760772705
test_protein_3961,0.13463762402534485
test_protein_3958,0.29019016027450562
test_protein_3960,0.23783408105373383
test_protein_3963,0.51984786987304688
test_protein_3967,0.55904304981231689
test_protein_3966,0.47748106718063354
test_protein_3964,0.060901504009962082
test_protein_3962,0.15892697870731354
test_protein_3965,0.54984235763549805
test_protein_3969,0.39342647790908813
test_protein_3970,0.18088421225547791
test_protein_3968,0.42904692888259888
test_protein_3973,0.70332819223403931
test_protein_3974,0.36022692918777466
test_protein_3976,0.00047633695066906512
test_protein_3978,0.27625128626823425
test_protein_3979,0.22601822018623352
test_protein_3975,0.25085780024528503
test_protein_3971,0.2511366605758667
test_protein_3980,0.14522480964660645
test_protein_3972,0.7133258581161499
test_protein_3977,0.83156907558441162
test_protein_3982,0.43531063199043274
test_protein_3984,0.63063639402389526
test_protein_3983,0.38103547692298889
test_protein_3987,0.22761215269565582
test_protein_3985,0.18094800412654877
test_protein_3981,0.51084661483764648
test_protein_3988,0.079592332243919373
test_protein_3989,0.11112677305936813
test_protein_3986,0.47578915953636169
test_protein_3993,0.54575562477111816
test_protein_3992,0.0010789221851155162
test_protein_3990,0.57513976097106934
test_protein_3994,0.67196458578109741
test_protein_3991,0.45467638969421387
test_protein_3995,0.6511843204498291
test_protein_3996,0.51537406444549561
test_protein_3997,0.27341878414154053
test_protein_3998,0.6623307466506958
test_protein_4002,0.010128355585038662
test_protein_4001,0.39787986874580383
test_protein_3999,0.60747134685516357
test_protein_4000,0.42827138304710388
test_protein_4003,0.00057181849842891097
test_protein_4007,0.4430224597454071
test_protein_4004,0.57291966676712036
test_protein_4009,0.73444962501525879
test_protein_4005,0.29097837209701538
test_protein_4008,0.63701629638671875
test_protein_4006,0.48027586936950684
test_protein_4010,0.49170610308647156
test_protein_4011,0.00022086141689214855
test_protein_4014,0.47140559554100037
test_protein_4012,0.75586831569671631
test_protein_4017,0.13965760171413422
test_protein_4013,0.26201644539833069
test_protein_4015,0.39947023987770081
test_protein_4016,0.27352613210678101
test_protein_4018,0.2985403835773468
test_protein_4020,0.073150806128978729
test_protein_4019,0.11786554008722305
test_protein_4022,0.00042835006024688482
test_protein_4025,0.5447041392326355
test_protein_4024,0.51866215467453003
test_protein_4021,0.00064288277644664049
test_protein_4029,0.71500164270401001
test_protein_4030,0.00051215518033131957
test_protein_4023,0.00050469423877075315
test_protein_4028,0.74183082580566406
test_protein_4031,0.47837084531784058
test_protein_4026,0.58764892816543579
test_protein_4027,0.41935643553733826
test_protein_4032,0.49115219712257385
test_protein_4033,0.31964477896690369
test_protein_4034,0.4674084484577179
test_protein_4037,0.1879868358373642
test_protein_4039,0.79410833120346069
test_protein_4035,0.50709271430969238
test_protein_4036,0.56049162149429321
test_protein_4040,0.44069647789001465
test_protein_4038,0.56879937648773193
test_protein_4041,0.55161517858505249
test_protein_4042,0.45706301927566528
test_protein_4043,0.4709683358669281
test_protein_4044,0.37111389636993408
test_protein_4047,0.4688761830329895
test_protein_4049,0.695098876953125
test_protein_4051,0.4120526909828186
test_protein_4052,0.41167557239532471
test_protein_4045,0.0015427405014634132
test_protein_4048,0.26193434000015259
test_protein_4050,0.63871175050735474
test_protein_4046,0.55369335412979126
test_protein_4055,0.54272770881652832
test_protein_4053,0.48621872067451477
test_protein_4054,0.25148621201515198
test_protein_4056,0.66542071104049683
test_protein_4058,0.43689626455307007
test_protein_4061,0.48955017328262329
test_protein_4059,0.37673711776733398
test_protein_4057,0.18255278468132019
test_protein_4060,0.51478761434555054
test_protein_4065,0.60049259662628174
test_protein_4066,0.56954967975616455
test_protein_4067,0.2042517215013504
test_protein_4063,0.69858682155609131
test_protein_4062,0.16646628081798553
test_protein_4064,0.52503341436386108
test_protein_4069,0.53052568435668945
test_protein_4071,0.44287946820259094
test_protein_4068,0.54753494262695312
test_protein_4070,0.52000969648361206
test_protein_4072,0.35633453726768494
test_protein_4073,0.17344650626182556
test_protein_4077,0.58182883262634277
test_protein_4076,0.52601110935211182
test_protein_4078,0.53371506929397583
test_protein_4079,0.18916162848472595
test_protein_4074,0.62058621644973755
test_protein_4075,0.17743238806724548
test_protein_4080,0.61186373233795166
test_protein_4081,5.084150322964831e-10
test_protein_4084,0.54263079166412354
test_protein_4083,0.32721629738807678
test_protein_4087,0.49890819191932678
test_protein_4091,0.089522086083889008
test_protein_4086,0.46571773290634155
test_protein_4089,0.62375086545944214
test_protein_4082,0.39871612191200256
test_protein_4088,0.536659836769104
test_protein_4092,0.534798264503479
test_protein_4085,0.65785551071166992
test_protein_4090,1.1272351230218192e-06
test_protein_4095,0.76329225301742554
test_protein_4093,0.59553354978561401
test_protein_4101,0.47631144523620605
test_protein_4097,0.5688745379447937
test_protein_4094,0.57053971290588379
test_protein_4096,0.45821499824523926
test_protein_4099,0.50958812236785889
test_protein_4098,0.72309839725494385
test_protein_4100,0.56719440221786499
test_protein_4103,0.03918050229549408
test_protein_4102,0.52475136518478394
test_protein_4104,0.1756102442741394
test_protein_4106,8.3939859507609071e-08
test_protein_4107,0.50104606151580811
test_protein_4110,0.61181706190109253
test_protein_4112,0.79112392663955688
test_protein_4108,0.021122990176081657
test_protein_4109,0.5033990740776062
test_protein_4111,0.11726909875869751
test_protein_4105,0.41885346174240112
test_protein_4113,0.47674587368965149
test_protein_4115,0.66105455160140991
test_protein_4114,0.69676291942596436
test_protein_4116,0.47630894184112549
test_protein_4118,0.32549303770065308
test_protein_4117,0.63698166608810425
test_protein_4119,0.59933114051818848
test_protein_4122,0.40166351199150085
test_protein_4120,0.6194922924041748
test_protein_4121,0.36540335416793823
test_protein_4125,0.30376014113426208
test_protein_4124,0.85971438884735107
test_protein_4128,0.0001224851148435846
test_protein_4126,0.63997566699981689
test_protein_4127,0.48432224988937378
test_protein_4123,0.56240898370742798
test_protein_4132,0.67851144075393677
test_protein_4131,0.13743287324905396
test_protein_4130,0.00046604909584857523
test_protein_4129,0.49242445826530457
test_protein_4133,0.57985424995422363
test_protein_4136,0.63102763891220093
test_protein_4134,0.43425551056861877
test_protein_4137,0.46880781650543213
test_protein_4135,0.58735007047653198
test_protein_4142,0.59407192468643188
test_protein_4139,0.63418763875961304
test_protein_4140,0.75480508804321289
test_protein_4143,0.83117985725402832
test_protein_4138,2.3969772655618726e-07
test_protein_4144,0.16855309903621674
test_protein_4141,0.11962363123893738
test_protein_4146,0.58353680372238159
test_protein_4149,0.50207269191741943
test_protein_4150,0.77954822778701782
test_protein_4145,0.63340377807617188
test_protein_4147,0.53551942110061646
test_protein_4148,0.49865806102752686
test_protein_4151,0.77181082963943481
test_protein_4152,0.56057471036911011
test_protein_4155,0.57526111602783203
test_protein_4153,0.011970153078436852
test_protein_4157,0.53272926807403564
test_protein_4156,0.5764305591583252
test_protein_4154,0.048412460833787918
test_protein_4163,0.60649508237838745
test_protein_4159,0.53756624460220337
test_protein_4164,0.46849837899208069
test_protein_4161,0.52574163675308228
test_protein_4158,0.58239728212356567
test_protein_4162,0.52930492162704468
test_protein_4160,0.51091259717941284
test_protein_4165,0.5879054069519043
test_protein_4168,0.15804225206375122
test_protein_4167,0.14437025785446167
test_protein_4169,0.12024194002151489
test_protein_4166,0.20781485736370087
test_protein_4171,0.69487196207046509
test_protein_4172,0.22579425573348999
test_protein_4170,0.52435976266860962
test_protein_4175,0.57325941324234009
test_protein_4173,0.50234359502792358
test_protein_4174,0.50077295303344727
test_protein_4176,0.16152343153953552
test_protein_4177,0.28797703981399536
test_protein_4179,0.63472068309783936
test_protein_4178,0.41866564750671387
test_protein_4183,0.47643810510635376
test_protein_4180,0.4645296037197113
test_protein_4181,0.5679437518119812
test_protein_4184,0.23567742109298706
test_protein_4182,0.4733356237411499
test_protein_4187,0.79388737678527832
test_protein_4185,0.79867339134216309
test_protein_4186,0.52609908580780029
test_protein_4190,0.4038853645324707
test_protein_4188,0.7468339204788208
test_protein_4189,0.57008910179138184
test_protein_4191,0.74972975254058838
test_protein_4194,0.80051743984222412
test_protein_4192,0.59696871042251587
test_protein_4201,0.52508425712585449
test_protein_4193,0.38478666543960571
test_protein_4199,0.60458081960678101
test_protein_4195,0.81797713041305542
test_protein_4200,0.57461404800415039
test_protein_4196,0.49193036556243896
test_protein_4198,0.47748422622680664
test_protein_4197,0.42954102158546448
test_protein_4202,0.33761698007583618
test_protein_4203,0.55086910724639893
test_protein_4204,0.54271924495697021
test_protein_4208,0.52885288000106812
test_protein_4205,0.60750055313110352
test_protein_4207,0.63582110404968262
test_protein_4211,0.0022168590221554041
test_protein_4206,0.14250369369983673
test_protein_4209,4.7738656576257199e-05
test_protein_4210,0.0064212088473141193
test_protein_4212,0.012282117269933224
test_protein_4215,0.45760414004325867
test_protein_4217,0.39999982714653015
test_protein_4216,0.45662140846252441
test_protein_4218,0.66080856323242188
test_protein_4214,0.53769069910049438
test_protein_4213,0.61132347583770752
test_protein_4219,0.12361638247966766
test_protein_4222,4.7575365897500888e-05
test_protein_4221,0.46035051345825195
test_protein_4220,0.33694243431091309
test_protein_4225,0.61643868684768677
test_protein_4223,0.47091022133827209
test_protein_4224,0.47620177268981934
test_protein_4226,0.61080121994018555
test_protein_4228,0.70696109533309937
test_protein_4229,5.1330807659955013e-11
test_protein_4232,0.41610312461853027
test_protein_4231,0.51194524765014648
test_protein_4227,0.495562344789505
test_protein_4230,0.19463931024074554
test_protein_4238,0.59318619966506958
test_protein_4235,0.59990096092224121
test_protein_4237,0.289155513048172
test_protein_4236,0.54800564050674438
test_protein_4234,0.45833885669708252
test_protein_4239,5.33976053702645e-05
test_protein_4233,0.6180729866027832
test_protein_4240,0.33618342876434326
test_protein_4241,0.35747355222702026
test_protein_4242,8.1766402217908762e-06
test_protein_4244,7.7957003668416291e-05
test_protein_4243,0.6174156665802002
test_protein_4245,0.52794134616851807
test_protein_4252,0.46684995293617249
test_protein_4250,0.32802757620811462
test_protein_4248,0.41950413584709167
test_protein_4247,0.64434272050857544
test_protein_4246,0.5497249960899353
test_protein_4253,6.9781082856934518e-05
test_protein_4254,0.5964849591255188
test_protein_4251,0.073845990002155304
test_protein_4255,0.32918047904968262
test_protein_4256,0.47850906848907471
test_protein_4249,0.014847508631646633
test_protein_4258,0.48024272918701172
test_protein_4262,0.51801025867462158
test_protein_4260,0.55555778741836548
test_protein_4261,0.0005712481215596199
test_protein_4257,0.58942151069641113
test_protein_4263,0.41925901174545288
test_protein_4266,0.4056343138217926
test_protein_4265,0.28738674521446228
test_protein_4264,0.23580192029476166
test_protein_4259,0.52084320783615112
test_protein_4269,0.0019219905370846391
test_protein_4267,0.52979594469070435
test_protein_4273,0.00010581008245935664
test_protein_4270,0.44644719362258911
test_protein_4275,9.1629417511285283e-06
test_protein_4271,0.15642295777797699
test_protein_4274,0.53628474473953247
test_protein_4272,0.34065437316894531
test_protein_4268,0.076512008905410767
test_protein_4277,0.40170398354530334
test_protein_4279,0.48555105924606323
test_protein_4284,0.48484510183334351
test_protein_4282,0.51883232593536377
test_protein_4283,0.00015677069313824177
test_protein_4278,0.28100761771202087
test_protein_4281,6.8490626290440559e-05
test_protein_4286,7.4902544611177291e-07
test_protein_4276,0.66122788190841675
test_protein_4285,0.48039466142654419
test_protein_4280,0.0044945273548364639
test_protein_4287,0.24396438896656036
test_protein_4288,0.20002403855323792
test_protein_4289,0.79888325929641724
test_protein_4291,0.44386202096939087
test_protein_4290,0.45991224050521851
test_protein_4292,0.48651114106178284
test_protein_4294,0.087121546268463135
test_protein_4295,0.52624034881591797
test_protein_4293,0.38664069771766663
test_protein_4296,0.37974017858505249
test_protein_4298,0.3882581889629364
test_protein_4297,0.63250654935836792
test_protein_4301,0.5010649561882019
test_protein_4300,0.58382582664489746
test_protein_4302,0.51140427589416504
test_protein_4299,0.56362068653106689
test_protein_4303,0.59144937992095947
test_protein_4306,0.51613157987594604
test_protein_4304,0.49989324808120728
test_protein_4305,0.35579219460487366
test_protein_4312,0.1820603609085083
test_protein_4309,0.017302064225077629
test_protein_4307,0.59645622968673706
test_protein_4308,0.55012887716293335
test_protein_4311,0.54589158296585083
test_protein_4310,0.26019391417503357
test_protein_4316,0.31847622990608215
test_protein_4313,0.41160359978675842
test_protein_4314,0.53361481428146362
test_protein_4315,0.61330592632293701
test_protein_4318,0.65433210134506226
test_protein_4321,0.32351556420326233
test_protein_4319,0.78021025657653809
test_protein_4317,0.50979989767074585
test_protein_4323,0.66988956928253174
test_protein_4322,3.3588810310902772e-07
test_protein_4320,0.48756504058837891
test_protein_4325,0.42535078525543213
test_protein_4324,0.43550845980644226
test_protein_4329,0.67251628637313843
test_protein_4327,0.74049961566925049
test_protein_4328,0.37331199645996094
test_protein_4326,3.3335538773826556e-06
test_protein_4332,0.57513636350631714
test_protein_4333,0.5476917028427124
test_protein_4330,0.013572743162512779
test_protein_4331,0.020135655999183655
test_protein_4334,0.00055003142915666103
test_protein_4335,0.65639209747314453
test_protein_4340,0.43846514821052551
test_protein_4338,0.0055151712149381638
test_protein_4343,0.5077056884765625
test_protein_4339,0.61053764820098877
test_protein_4342,0.70433539152145386
test_protein_4337,0.00075002951780334115
test_protein_4336,0.55378580093383789
test_protein_4345,0.37714749574661255
test_protein_4344,0.33989688754081726
test_protein_4341,0.41757172346115112
test_protein_4346,0.58237302303314209
test_protein_4347,0.78944414854049683
test_protein_4354,0.51130354404449463
test_protein_4349,0.36372482776641846
test_protein_4351,0.34601676464080811
test_protein_4352,0.63346946239471436
test_protein_4355,0.37358829379081726
test_protein_4357,3.3488804547232576e-06
test_protein_4350,0.54752105474472046
test_protein_4353,0.0054195541888475418
test_protein_4356,0.15977700054645538
test_protein_4348,0.00034117352333851159
test_protein_4363,0.010419341735541821
test_protein_4360,0.34120774269104004
test_protein_4361,0.79026412963867188
test_protein_4362,0.79759132862091064
test_protein_4359,0.71816688776016235
test_protein_4358,0.68737930059432983
test_protein_4365,0.56513017416000366
test_protein_4366,0.67494940757751465
test_protein_4364,0.4834119975566864
test_protein_4367,0.31574761867523193
test_protein_4368,0.48047420382499695
test_protein_4369,0.55102270841598511
test_protein_4370,0.046186007559299469
test_protein_4372,0.35310998558998108
test_protein_4371,0.00050882372306659818
test_protein_4375,0.76037150621414185
test_protein_4373,0.48162877559661865
test_protein_4374,0.48476144671440125
test_protein_4376,0.51831811666488647
test_protein_4377,0.55302035808563232
test_protein_4383,0.49682217836380005
test_protein_4380,0.24762919545173645
test_protein_4379,0.16790473461151123
test_protein_4384,0.55184012651443481
test_protein_4381,0.62810730934143066
test_protein_4385,0.52188593149185181
test_protein_4382,0.54210966825485229
test_protein_4378,0.19034573435783386
test_protein_4386,0.500771164894104
test_protein_4387,0.29250052571296692
test_protein_4389,0.53584092855453491
test_protein_4390,0.51270592212677002
test_protein_4392,0.4915308952331543
test_protein_4391,0.53349274396896362
test_protein_4394,0.51909029483795166
test_protein_4396,0.58956360816955566
test_protein_4388,0.010314854793250561
test_protein_4393,0.44009160995483398
test_protein_4398,0.60260558128356934
test_protein_4397,0.88734185695648193
test_protein_4395,2.5200033633154817e-06
test_protein_4400,0.4509376585483551
test_protein_4401,0.0099276602268218994
test_protein_4399,0.4563521146774292
test_protein_4403,0.03703651949763298
test_protein_4405,0.17440058290958405
test_protein_4406,0.68234556913375854
test_protein_4402,0.037421770393848419
test_protein_4404,0.00044870976125821471
test_protein_4407,0.023991404101252556
test_protein_4409,0.58310419321060181
test_protein_4408,0.072017982602119446
test_protein_4410,0.52680665254592896
test_protein_4412,0.7045360803604126
test_protein_4411,0.51455402374267578
test_protein_4413,0.4834287166595459
test_protein_4414,0.048271365463733673
test_protein_4415,0.59020096063613892
test_protein_4416,0.66420680284500122
test_protein_4421,0.39210864901542664
test_protein_4419,0.46793699264526367
test_protein_4420,0.56378448009490967
test_protein_4417,0.56985366344451904
test_protein_4418,0.48876792192459106
test_protein_4423,0.27822220325469971
test_protein_4422,0.23143236339092255
test_protein_4424,0.63539201021194458
test_protein_4425,0.18625834584236145
test_protein_4426,0.67482864856719971
test_protein_4430,0.71646761894226074
test_protein_4429,0.31693941354751587
test_protein_4428,0.4200388491153717
test_protein_4427,0.36151185631752014
test_protein_4431,0.5741310715675354
test_protein_4432,0.45955821871757507
test_protein_4433,0.034306060522794724
test_protein_4440,0.74673944711685181
test_protein_4435,0.35114225745201111
test_protein_4434,0.15106296539306641
test_protein_4439,0.61482053995132446
test_protein_4436,0.31691610813140869
test_protein_4441,0.51759129762649536
test_protein_4437,0.54711049795150757
test_protein_4438,0.58401155471801758
test_protein_4443,0.66250169277191162
test_protein_4442,0.59681487083435059
test_protein_4444,0.5099107027053833
test_protein_4445,0.54588478803634644
test_protein_4450,0.16830386221408844
test_protein_4447,0.53245145082473755
test_protein_4448,0.22924613952636719
test_protein_4453,0.49596703052520752
test_protein_4446,0.54694598913192749
test_protein_4451,0.55812382698059082
test_protein_4452,0.93045508861541748
test_protein_4449,0.3124745786190033
test_protein_4454,0.46532446146011353
test_protein_4455,9.0619796537794173e-06
test_protein_4456,1.601949179530493e-06
test_protein_4459,0.20593520998954773
test_protein_4462,0.66962355375289917
test_protein_4458,0.5311506986618042
test_protein_4465,0.15020234882831573
test_protein_4461,0.6389155387878418
test_protein_4464,0.30211895704269409
test_protein_4463,0.82791674137115479
test_protein_4460,0.49686688184738159
test_protein_4457,0.44664731621742249
test_protein_4469,0.027487264946103096
test_protein_4467,0.64735263586044312
test_protein_4470,0.33431327342987061
test_protein_4466,0.40437251329421997
test_protein_4468,0.60996890068054199
test_protein_4471,0.258085697889328
test_protein_4472,0.0044899741187691689
test_protein_4473,0.012922176159918308
test_protein_4476,0.63918715715408325
test_protein_4474,0.73992902040481567
test_protein_4475,0.49006056785583496
test_protein_4477,0.60440540313720703
test_protein_4479,0.058114316314458847
test_protein_4480,8.0009220937427017e-07
test_protein_4482,0.77713000774383545
test_protein_4483,0.36247977614402771
test_protein_4481,0.32921826839447021
test_protein_4478,3.0645339847978903e-06
test_protein_4485,0.012468826957046986
test_protein_4486,0.44397631287574768
test_protein_4484,0.52220410108566284
test_protein_4490,0.7939375638961792
test_protein_4487,0.59887492656707764
test_protein_4489,0.45265543460845947
test_protein_4492,0.29264047741889954
test_protein_4488,0.65488672256469727
test_protein_4495,0.41605114936828613
test_protein_4491,0.1495215892791748
test_protein_4494,0.38561376929283142
test_protein_4499,0.69387972354888916
test_protein_4493,0.16284207999706268
test_protein_4496,0.59673017263412476
test_protein_4498,0.36848524212837219
test_protein_4497,0.35490533709526062
test_protein_4501,0.23623107373714447
test_protein_4500,0.4914899468421936
test_protein_4502,0.22609110176563263
test_protein_4506,0.53274267911911011
test_protein_4504,0.6360098123550415
test_protein_4503,0.76352721452713013
test_protein_4505,0.084408216178417206
test_protein_4509,0.52012956142425537
test_protein_4508,0.37870055437088013
test_protein_4507,0.49492931365966797
test_protein_4510,0.58591663837432861
test_protein_4511,0.54949057102203369
test_protein_4517,0.00072112999623641372
test_protein_4512,6.5465013904031366e-05
test_protein_4513,0.53125458955764771
test_protein_4514,0.53848558664321899
test_protein_4516,0.42990827560424805
test_protein_4515,0.29004386067390442
test_protein_4518,0.37615326046943665
test_protein_4519,0.57567757368087769
test_protein_4520,0.58703362941741943
test_protein_4523,0.39883226156234741
test_protein_4522,1.668326262915798e-06
test_protein_4524,0.52530401945114136
test_protein_4521,0.46670287847518921
test_protein_4528,0.59668260812759399
test_protein_4527,0.63435417413711548
test_protein_4525,0.71411532163619995
test_protein_4529,0.59011322259902954
test_protein_4526,0.15898852050304413
test_protein_4531,0.56758934259414673
test_protein_4532,0.54735463857650757
test_protein_4530,0.57421165704727173
test_protein_4533,0.59540808200836182
test_protein_4534,0.32581675052642822
test_protein_4535,0.20691128075122833
test_protein_4536,0.50154823064804077
test_protein_4538,0.62258672714233398
test_protein_4537,0.45049136877059937
test_protein_4539,0.231097012758255
test_protein_4546,0.58459067344665527
test_protein_4542,0.52481162548065186
test_protein_4543,0.44643604755401611
test_protein_4547,0.54695004224777222
test_protein_4544,0.00045686736120842397
test_protein_4541,0.48907065391540527
test_protein_4545,0.58793157339096069
test_protein_4540,0.507607102394104
test_protein_4548,0.44206789135932922
test_protein_4550,0.0092343529686331749
test_protein_4549,0.2900395393371582
test_protein_4554,0.44084203243255615
test_protein_4553,0.48252415657043457
test_protein_4552,3.6313178952696035e-06
test_protein_4555,0.81206470727920532
test_protein_4551,0.80874395370483398
test_protein_4558,0.50900328159332275
test_protein_4557,0.72321397066116333
test_protein_4559,0.33378744125366211
test_protein_4556,0.02934611402451992
test_protein_4564,0.52384060621261597
test_protein_4562,0.29772511124610901
test_protein_4560,0.081573501229286194
test_protein_4563,0.43603536486625671
test_protein_4561,0.5942273736000061
test_protein_4568,0.41487237811088562
test_protein_4566,0.33843782544136047
test_protein_4567,0.42670166492462158
test_protein_4565,0.39048606157302856
test_protein_4569,0.35052305459976196
test_protein_4573,0.49908480048179626
test_protein_4570,0.45723143219947815
test_protein_4574,0.67198246717453003
test_protein_4575,0.4956832230091095
test_protein_4571,0.51151931285858154
test_protein_4576,0.33819949626922607
test_protein_4577,0.3068406879901886
test_protein_4572,0.56129187345504761
test_protein_4578,0.56216108798980713
test_protein_4581,0.58257710933685303
test_protein_4579,0.45862200856208801
test_protein_4580,0.02197781577706337
test_protein_4582,0.55711477994918823
test_protein_4589,0.56563031673431396
test_protein_4588,0.90760093927383423
test_protein_4585,0.76244825124740601
test_protein_4584,0.68488973379135132
test_protein_4583,0.43114152550697327
test_protein_4587,0.43033242225646973
test_protein_4586,0.44570466876029968
test_protein_4592,0.66971874237060547
test_protein_4590,0.99583923816680908
test_protein_4593,0.75442355871200562
test_protein_4591,0.71190965175628662
test_protein_4595,0.9998776912689209
test_protein_4596,0.98869633674621582
test_protein_4600,0.5980420708656311
test_protein_4597,0.95836871862411499
test_protein_4599,0.87793302536010742
test_protein_4601,0.83261775970458984
test_protein_4598,0.9614526629447937
test_protein_4594,0.57805222272872925
test_protein_4605,0.9569321870803833
test_protein_4603,0.84838306903839111
test_protein_4607,0.99849808216094971
test_protein_4602,0.84763365983963013
test_protein_4606,0.99970906972885132
test_protein_4604,0.71114480495452881
test_protein_4618,0.76809746026992798
test_protein_4610,0.45482325553894043
test_protein_4609,0.58177316188812256
test_protein_4608,0.5149962306022644
test_protein_4612,0.45364347100257874
test_protein_4615,0.93512040376663208
test_protein_4614,0.87639790773391724
test_protein_4617,0.72122931480407715
test_protein_4616,0.58658111095428467
test_protein_4611,0.60310333967208862
test_protein_4619,0.73953759670257568
test_protein_4613,0.46285533905029297
test_protein_4621,0.99636179208755493
test_protein_4627,0.90802484750747681
test_protein_4620,0.98029077053070068
test_protein_4622,0.94255495071411133
test_protein_4625,0.53419345617294312
test_protein_4624,0.77998316287994385
test_protein_4623,0.61928188800811768
test_protein_4626,0.76846694946289062
test_protein_4628,0.99173063039779663
test_protein_4629,0.52448523044586182
test_protein_4631,5.7487327467242721e-06
test_protein_4630,0.59007859230041504
test_protein_4632,0.49200975894927979
test_protein_4635,0.33194679021835327
test_protein_4633,0.35273721814155579
test_protein_4634,0.18739312887191772
test_protein_4639,0.018728632479906082
test_protein_4638,0.020182637497782707
test_protein_4640,0.5657309889793396
test_protein_4636,0.63265430927276611
test_protein_4641,0.4077010452747345
test_protein_4637,0.64465600252151489
test_protein_4644,0.5837712287902832
test_protein_4645,0.71195441484451294
test_protein_4643,0.67273688316345215
test_protein_4642,0.039111349731683731
test_protein_4648,9.4437546067638323e-06
test_protein_4649,0.24752424657344818
test_protein_4650,0.5501253604888916
test_protein_4646,0.00044955193880014122
test_protein_4653,0.72308182716369629
test_protein_4651,0.71122372150421143
test_protein_4647,1.388779219269054e-05
test_protein_4652,0.2196018397808075
test_protein_4658,0.65048837661743164
test_protein_4654,0.21015763282775879
test_protein_4660,0.47553554177284241
test_protein_4659,6.5814732806757092e-05
test_protein_4657,0.50677323341369629
test_protein_4663,0.049025841057300568
test_protein_4662,0.2910124659538269
test_protein_4661,0.49339208006858826
test_protein_4664,0.011900996789336205
test_protein_4656,0.45560240745544434
test_protein_4665,0.36439168453216553
test_protein_4666,0.52618461847305298
test_protein_4655,0.45241904258728027
test_protein_4669,0.34749847650527954
test_protein_4667,0.2370428591966629
test_protein_4668,0.35937169194221497
test_protein_4672,2.2464835637947544e-05
test_protein_4670,0.33444279432296753
test_protein_4671,0.44150203466415405
test_protein_4674,0.5296359658241272
test_protein_4673,0.0095587307587265968
test_protein_4676,0.76204788684844971
test_protein_4675,0.30270984768867493
test_protein_4677,0.66243070363998413
test_protein_4679,0.57172900438308716
test_protein_4680,1.7742628187988885e-05
test_protein_4678,0.74129289388656616
test_protein_4682,0.5838809609413147
test_protein_4683,0.33560532331466675
test_protein_4687,8.5154810221865773e-05
test_protein_4689,0.54868048429489136
test_protein_4685,0.35702189803123474
test_protein_4686,0.3656633198261261
test_protein_4684,0.56137186288833618
test_protein_4681,0.41672790050506592
test_protein_4688,0.0012360411928966641
test_protein_4694,0.00010183171252720058
test_protein_4691,0.24129953980445862
test_protein_4698,0.6837652325630188
test_protein_4690,0.30333593487739563
test_protein_4692,0.49250823259353638
test_protein_4696,0.63633632659912109
test_protein_4695,0.29109644889831543
test_protein_4693,0.67207568883895874
test_protein_4697,1.2657523029702133e-06
test_protein_4700,0.60522085428237915
test_protein_4699,0.4429333508014679
test_protein_4701,0.49567800760269165
test_protein_4706,0.41249305009841919
test_protein_4704,0.52675724029541016
test_protein_4703,0.53336465358734131
test_protein_4705,0.71699762344360352
test_protein_4702,0.63932287693023682
test_protein_4707,0.52305543422698975
test_protein_4712,0.22561243176460266
test_protein_4711,0.62019282579421997
test_protein_4710,0.62137836217880249
test_protein_4709,0.36125802993774414
test_protein_4708,0.28010809421539307
test_protein_4713,2.6472007448319346e-05
test_protein_4716,0.44874250888824463
test_protein_4717,0.58664685487747192
test_protein_4715,0.58199989795684814
test_protein_4714,2.4386088625760749e-05
test_protein_4718,0.00025025496142916381
test_protein_4719,0.4969806969165802
test_protein_4720,0.70792531967163086
test_protein_4722,0.25056633353233337
test_protein_4721,0.34649530053138733
test_protein_4723,0.44333478808403015
test_protein_4725,0.28467610478401184
test_protein_4724,0.6481705904006958
test_protein_4728,0.60243082046508789
test_protein_4726,0.2862345278263092
test_protein_4727,0.37142997980117798
test_protein_4731,0.40475302934646606
test_protein_4730,0.093506589531898499
test_protein_4729,0.41911479830741882
test_protein_4732,0.11469497531652451
test_protein_4735,0.56414932012557983
test_protein_4734,0.43341964483261108
test_protein_4733,6.3347829382109921e-07
test_protein_4737,0.51200377941131592
test_protein_4739,0.48391976952552795
test_protein_4736,0.61499941349029541
test_protein_4738,0.72622251510620117
test_protein_4741,0.3857235312461853
test_protein_4744,0.38862976431846619
test_protein_4743,2.0858274751844874e-07
test_protein_4740,0.71868985891342163
test_protein_4742,0.45852053165435791
test_protein_4746,0.3135356605052948
test_protein_4749,0.48660367727279663
test_protein_4745,0.016765592619776726
test_protein_4748,0.66480690240859985
test_protein_4747,0.49869680404663086
test_protein_4753,0.71703815460205078
test_protein_4751,0.33884048461914062
test_protein_4752,0.4410693347454071
test_protein_4750,0.019464118406176567
test_protein_4754,6.1976810684427619e-05
test_protein_4755,0.27528446912765503
test_protein_4757,0.33952164649963379
test_protein_4756,0.45900571346282959
test_protein_4759,0.286426842212677
test_protein_4765,0.78334051370620728
test_protein_4758,0.57885617017745972
test_protein_4764,0.54987668991088867
test_protein_4762,0.54545408487319946
test_protein_4763,0.67517411708831787
test_protein_4760,0.26690241694450378
test_protein_4766,0.67998343706130981
test_protein_4761,0.3702951967716217
test_protein_4767,0.020020138472318649
test_protein_4770,0.56943440437316895
test_protein_4772,0.6268886923789978
test_protein_4769,0.57453280687332153
test_protein_4773,0.34673771262168884
test_protein_4768,0.57022923231124878
test_protein_4776,0.38240709900856018
test_protein_4771,0.37481799721717834
test_protein_4774,0.014942972920835018
test_protein_4775,0.35491478443145752
test_protein_4778,0.37576434016227722
test_protein_4777,0.1406671404838562
test_protein_4779,0.2519429624080658
test_protein_4780,0.63998055458068848
test_protein_4784,0.60531473159790039
test_protein_4783,0.00073023297591134906
test_protein_4781,0.23844701051712036
test_protein_4785,4.946932676830329e-05
test_protein_4787,0.029867289587855339
test_protein_4782,0.63985508680343628
test_protein_4788,0.64785408973693848
test_protein_4789,0.64443570375442505
test_protein_4786,0.023680431768298149
test_protein_4795,0.42413640022277832
test_protein_4792,0.58142709732055664
test_protein_4790,0.18332536518573761
test_protein_4793,0.60222476720809937
test_protein_4798,0.53538143634796143
test_protein_4794,0.47225436568260193
test_protein_4796,0.65693140029907227
test_protein_4797,0.62729114294052124
test_protein_4800,0.30386605858802795
test_protein_4791,0.36029228568077087
test_protein_4799,0.45801416039466858
test_protein_4801,0.4827936589717865
test_protein_4802,0.45611503720283508
test_protein_4803,0.51317775249481201
test_protein_4807,0.049010232090950012
test_protein_4806,0.55794382095336914
test_protein_4808,0.03110862709581852
test_protein_4804,0.38767966628074646
test_protein_4810,0.07946101576089859
test_protein_4809,0.17197903990745544
test_protein_4805,0.62624216079711914
test_protein_4812,0.2109932005405426
test_protein_4811,0.0046846144832670689
test_protein_4813,0.22492201626300812
test_protein_4814,0.40511101484298706
test_protein_4816,0.40618640184402466
test_protein_4818,0.10134502500295639
test_protein_4815,0.49344244599342346
test_protein_4819,0.49681457877159119
test_protein_4820,0.43329018354415894
test_protein_4817,0.0066827493719756603
test_protein_4823,0.35826787352561951
test_protein_4825,0.42572253942489624
test_protein_4822,0.78144025802612305
test_protein_4821,0.4883599579334259
test_protein_4826,0.52329272031784058
test_protein_4824,0.36742901802062988
test_protein_4827,0.27516692876815796
test_protein_4829,0.45141175389289856
test_protein_4832,0.49609699845314026
test_protein_4833,0.1879488080739975
test_protein_4834,0.60981601476669312
test_protein_4828,0.50837624073028564
test_protein_4831,0.18961752951145172
test_protein_4830,4.9047688662540168e-05
test_protein_4839,6.9870861807430629e-06
test_protein_4840,0.39822039008140564
test_protein_4835,0.098384425044059753
test_protein_4836,0.55917960405349731
test_protein_4838,0.44726258516311646
test_protein_4837,0.33683007955551147
test_protein_4842,0.1814785897731781
test_protein_4844,0.23773594200611115
test_protein_4847,0.22443138062953949
test_protein_4841,0.17011593282222748
test_protein_4850,0.59010052680969238
test_protein_4849,0.53024131059646606
test_protein_4851,0.10802435129880905
test_protein_4843,0.089335359632968903
test_protein_4845,0.39881259202957153
test_protein_4846,0.64220309257507324
test_protein_4848,0.5317997932434082
test_protein_4855,0.36833193898200989
test_protein_4852,0.61941760778427124
test_protein_4858,0.018701247870922089
test_protein_4857,0.030030641704797745
test_protein_4853,0.45250838994979858
test_protein_4859,0.18482019007205963
test_protein_4860,0.085497200489044189
test_protein_4856,0.47623270750045776
test_protein_4863,0.48277613520622253
test_protein_4854,0.17530812323093414
test_protein_4865,0.62968838214874268
test_protein_4861,0.34579166769981384
test_protein_4866,0.044304993003606796
test_protein_4862,0.371559739112854
test_protein_4864,0.56990480422973633
test_protein_4871,0.0093775177374482155
test_protein_4867,6.8154690779920202e-06
test_protein_4870,0.70414149761199951
test_protein_4869,0.50642091035842896
test_protein_4875,0.3525032103061676
test_protein_4868,0.69673800468444824
test_protein_4873,0.50199246406555176
test_protein_4874,0.00061221519717946649
test_protein_4877,0.59176343679428101
test_protein_4872,0.082612931728363037
test_protein_4876,0.19020174443721771
test_protein_4880,0.62110120058059692
test_protein_4885,0.75079870223999023
test_protein_4881,0.28394109010696411
test_protein_4886,0.12365320324897766
test_protein_4878,0.46773713827133179
test_protein_4879,0.5260431170463562
test_protein_4884,0.66192662715911865
test_protein_4882,0.63071584701538086
test_protein_4883,1.1078957868448924e-05
test_protein_4888,7.2496877692174166e-05
test_protein_4887,0.50145637989044189
test_protein_4890,8.7203450675588101e-05
test_protein_4892,0.4889979362487793
test_protein_4896,0.56797575950622559
test_protein_4891,0.59597814083099365
test_protein_4889,0.57578760385513306
test_protein_4893,2.0261717509129085e-05
test_protein_4894,0.30371242761611938
test_protein_4895,0.41715207695960999
test_protein_4897,7.0038142439443618e-05
test_protein_4898,0.51419132947921753
test_protein_4899,0.31374186277389526
test_protein_4901,0.59516358375549316
test_protein_4900,0.39799010753631592
test_protein_4904,0.39080679416656494
test_protein_4902,0.3893950879573822
test_protein_4903,0.5517197847366333
test_protein_4911,0.5290067195892334
test_protein_4906,0.47177836298942566
test_protein_4907,0.44379431009292603
test_protein_4908,0.045369591563940048
test_protein_4905,0.73413717746734619
test_protein_4912,0.61062705516815186
test_protein_4910,0.36296293139457703
test_protein_4913,0.095595650374889374
test_protein_4909,0.081888496875762939
test_protein_4915,0.62767523527145386
test_protein_4918,0.00016326189506798983
test_protein_4914,0.14213599264621735
test_protein_4919,0.078590840101242065
test_protein_4922,0.2797757089138031
test_protein_4916,0.21749386191368103
test_protein_4917,0.40241453051567078
test_protein_4923,0.1928730309009552
test_protein_4924,0.3354564905166626
test_protein_4921,0.53342795372009277
test_protein_4920,0.42556595802307129
test_protein_4926,0.48562833666801453
test_protein_4928,0.67676281929016113
test_protein_4927,0.71530753374099731
test_protein_4925,0.09156886488199234
test_protein_4935,0.56712013483047485
test_protein_4930,0.68683266639709473
test_protein_4933,0.00011668834486044943
test_protein_4929,0.54312962293624878
test_protein_4937,0.63962084054946899
test_protein_4932,0.49723953008651733
test_protein_4931,0.52086490392684937
test_protein_4934,0.97358816862106323
test_protein_4936,0.69633340835571289
test_protein_4938,0.67269033193588257
test_protein_4939,1.3906957065046299e-05
test_protein_4945,0.037458788603544235
test_protein_4940,0.75277012586593628
test_protein_4941,0.46863517165184021
test_protein_4947,0.41485783457756042
test_protein_4943,0.32216253876686096
test_protein_4942,0.64482021331787109
test_protein_4944,3.7597878872475121e-06
test_protein_4946,0.80401736497879028
test_protein_4949,0.058233160525560379
test_protein_4950,0.28294801712036133
test_protein_4948,0.25739577412605286
test_protein_4952,0.013584877364337444
test_protein_4951,0.61555671691894531
test_protein_4953,0.37268415093421936
test_protein_4961,0.84078150987625122
test_protein_4955,0.62133169174194336
test_protein_4959,0.00020079231762792915
test_protein_4957,0.15992389619350433
test_protein_4954,0.14220920205116272
test_protein_4958,0.52486252784729004
test_protein_4963,0.68664169311523438
test_protein_4966,3.977164305979386e-05
test_protein_4962,0.51703304052352905
test_protein_4967,0.65840291976928711
test_protein_4960,0.52824664115905762
test_protein_4956,0.017218958586454391
test_protein_4965,0.39880061149597168
test_protein_4964,0.54825913906097412
test_protein_4968,1.4465259710050304e-06
test_protein_4971,0.69344764947891235
test_protein_4970,0.22207167744636536
test_protein_4969,0.0109288040548563
test_protein_4972,0.55783891677856445
test_protein_4973,0.17681579291820526
test_protein_4976,0.43610194325447083
test_protein_4977,0.03255072608590126
test_protein_4979,0.58784949779510498
test_protein_4975,0.37758025527000427
test_protein_4983,1.1799474286533496e-08
test_protein_4982,0.49714201688766479
test_protein_4974,0.54263705015182495
test_protein_4984,0.64534544944763184
test_protein_4978,0.41989234089851379
test_protein_4985,0.60809135437011719
test_protein_4981,0.0079305777326226234
test_protein_4980,2.5948618713300675e-05
test_protein_4987,0.88979893922805786
test_protein_4988,0.47771766781806946
test_protein_4989,0.23784534633159637
test_protein_4986,0.73576021194458008
test_protein_4990,0.47291982173919678
test_protein_4992,0.17657531797885895
test_protein_4994,0.35781306028366089
test_protein_4991,0.468759685754776
test_protein_4996,0.31406831741333008
test_protein_5000,0.44394367933273315
test_protein_4997,0.62710332870483398
test_protein_4998,0.48259922862052917
test_protein_4993,3.3224012440769002e-05
test_protein_5001,0.757293701171875
test_protein_4999,0.63529700040817261
test_protein_5002,0.42249637842178345
test_protein_4995,0.55678707361221313
test_protein_5004,0.00012556673027575016
test_protein_5003,0.054923452436923981
test_protein_5007,0.35637593269348145
test_protein_5008,0.0013766223564743996
test_protein_5006,0.023263504728674889
test_protein_5009,0.079834155738353729
test_protein_5005,0.49296343326568604
test_protein_5012,0.44408136606216431
test_protein_5011,0.04078032448887825
test_protein_5010,0.38618573546409607
test_protein_5013,0.66987073421478271
test_protein_5014,0.53834784030914307
test_protein_5016,0.23336099088191986
test_protein_5020,0.46778082847595215
test_protein_5015,0.68939089775085449
test_protein_5019,0.54292196035385132
test_protein_5021,0.56690484285354614
test_protein_5017,0.56200885772705078
test_protein_5022,0.47729173302650452
test_protein_5023,0.00012286692799534649
test_protein_5018,0.50942593812942505
test_protein_5024,0.046927060931921005
test_protein_5027,0.36291947960853577
test_protein_5028,0.4371182918548584
test_protein_5026,4.1020680896508566e-07
test_protein_5029,0.082672923803329468
test_protein_5025,0.64435845613479614
test_protein_5031,0.24429455399513245
test_protein_5030,0.17459182441234589
test_protein_5034,0.50388932228088379
test_protein_5032,0.29150354862213135
test_protein_5033,0.70772063732147217
test_protein_5037,7.1358208515448496e-06
test_protein_5038,0.42089441418647766
test_protein_5036,0.26490685343742371
test_protein_5035,0.7383425235748291
test_protein_5043,0.17658984661102295
test_protein_5039,0.49965634942054749
test_protein_5040,0.47662866115570068
test_protein_5042,2.6841491944651352e-06
test_protein_5041,0.47230157256126404
test_protein_5044,0.29793700575828552
test_protein_5047,0.44610744714736938
test_protein_5046,0.75188475847244263
test_protein_5045,2.8704590704364819e-07
test_protein_5049,0.40695631504058838
test_protein_5048,0.36123242974281311
test_protein_5052,0.49933245778083801
test_protein_5050,0.60062897205352783
test_protein_5056,0.53967022895812988
test_protein_5054,0.17539522051811218
test_protein_5053,0.69492161273956299
test_protein_5051,0.49420863389968872
test_protein_5055,0.0083732930943369865
test_protein_5058,0.43963316082954407
test_protein_5060,4.9758411478251219e-05
test_protein_5057,0.54336357116699219
test_protein_5059,0.53616392612457275
test_protein_5062,0.29002842307090759
test_protein_5063,0.7513309121131897
test_protein_5061,0.00014620859292335808
test_protein_5065,0.5041038990020752
test_protein_5067,0.63006621599197388
test_protein_5070,0.63323879241943359
test_protein_5064,0.55363190174102783
test_protein_5068,0.50640857219696045
test_protein_5069,0.53072547912597656
test_protein_5066,0.0046867360360920429
test_protein_5073,0.45055487751960754
test_protein_5075,0.63878756761550903
test_protein_5072,0.25596883893013
test_protein_5071,0.62149989604949951
test_protein_5074,0.41333404183387756
test_protein_5077,0.74406325817108154
test_protein_5076,0.58307039737701416
test_protein_5082,0.61811363697052002
test_protein_5078,0.56283867359161377
test_protein_5085,0.22094371914863586
test_protein_5080,0.36591917276382446
test_protein_5087,0.6025625467300415
test_protein_5084,0.51917105913162231
test_protein_5079,0.52571028470993042
test_protein_5089,0.37079158425331116
test_protein_5081,0.50301140546798706
test_protein_5092,0.25708875060081482
test_protein_5090,0.66511297225952148
test_protein_5086,6.6656053832048201e-07
test_protein_5083,0.64083528518676758
test_protein_5093,0.00073638709727674723
test_protein_5088,0.01686469092965126
test_protein_5094,3.7445588532136753e-06
test_protein_5091,0.3354191780090332
test_protein_5095,0.29191285371780396
test_protein_5097,0.00030267288093455136
test_protein_5098,0.60141652822494507
test_protein_5096,0.47147038578987122
test_protein_5099,0.46091833710670471
test_protein_5104,0.57307034730911255
test_protein_5100,7.7368451457004994e-05
test_protein_5101,0.28784215450286865
test_protein_5105,0.68314635753631592
test_protein_5102,0.57396167516708374
test_protein_5103,0.55131059885025024
test_protein_5107,0.38882845640182495
test_protein_5109,0.43876862525939941
test_protein_5108,0.19175401329994202
test_protein_5110,0.5888550877571106
test_protein_5111,0.19766075909137726
test_protein_5112,0.31307530403137207
test_protein_5106,0.073029123246669769
test_protein_5113,0.0232560895383358
test_protein_5115,0.0043807514011859894
test_protein_5114,0.33635056018829346
test_protein_5117,0.15688800811767578
test_protein_5119,0.25241068005561829
test_protein_5122,0.48120662569999695
test_protein_5120,0.4542243480682373
test_protein_5121,0.54409533739089966
test_protein_5123,0.44360041618347168
test_protein_5125,0.56130123138427734
test_protein_5124,0.3465697169303894
test_protein_5116,1.6225663785007782e-05
test_protein_5118,0.48862013220787048
test_protein_5128,0.6430550217628479
test_protein_5126,0.00041436607716605067
test_protein_5130,0.086577937006950378
test_protein_5131,0.023421498015522957
test_protein_5135,0.43385756015777588
test_protein_5129,0.099650904536247253
test_protein_5132,0.53949272632598877
test_protein_5133,0.56720602512359619
test_protein_5127,0.076765336096286774
test_protein_5139,0.92022103071212769
test_protein_5136,0.33631768822669983
test_protein_5138,0.30817928910255432
test_protein_5134,0.085506856441497803
test_protein_5137,0.052223656326532364
test_protein_5142,0.41072192788124084
test_protein_5141,0.72091090679168701
test_protein_5144,0.42799669504165649
test_protein_5143,0.3872281014919281
test_protein_5145,0.52282655239105225
test_protein_5146,0.47237202525138855
test_protein_5140,0.53750616312026978
test_protein_5151,0.53792667388916016
test_protein_5153,0.32338705658912659
test_protein_5149,0.72183144092559814
test_protein_5147,0.070530541241168976
test_protein_5150,0.79968017339706421
test_protein_5152,0.54474383592605591
test_protein_5148,0.019320843741297722
test_protein_5154,0.27485772967338562
test_protein_5155,3.5954268895466157e-08
test_protein_5157,0.14467470347881317
test_protein_5158,0.51081877946853638
test_protein_5156,0.55019569396972656
test_protein_5159,0.40855476260185242
test_protein_5161,0.43875735998153687
test_protein_5165,0.13238678872585297
test_protein_5162,0.14657633006572723
test_protein_5160,0.47203031182289124
test_protein_5163,0.14742276072502136
test_protein_5164,5.9766123740701005e-05
test_protein_5166,0.2970568835735321
test_protein_5167,0.68128609657287598
test_protein_5169,0.1256757378578186
test_protein_5168,0.39564681053161621
test_protein_5172,0.1127631664276123
test_protein_5174,0.13479827344417572
test_protein_5170,0.35190710425376892
test_protein_5173,0.72521466016769409
test_protein_5171,0.57047611474990845
test_protein_5178,0.59542274475097656
test_protein_5177,0.098055027425289154
test_protein_5180,0.10891924798488617
test_protein_5179,0.39305177330970764
test_protein_5175,0.22667273879051208
test_protein_5176,0.41892808675765991
test_protein_5181,0.36709058284759521
test_protein_5184,0.10413858294487
test_protein_5183,0.59090065956115723
test_protein_5182,1.1123400327051058e-05
test_protein_5185,0.28283867239952087
test_protein_5188,0.88763099908828735
test_protein_5186,0.60577917098999023
test_protein_5189,0.047490641474723816
test_protein_5191,0.030113758519291878
test_protein_5187,0.57394403219223022
test_protein_5192,0.29425489902496338
test_protein_5190,0.16961340606212616
test_protein_5193,0.77768266201019287
test_protein_5197,0.083580479025840759
test_protein_5194,0.49667149782180786
test_protein_5196,0.50283753871917725
test_protein_5195,0.71229320764541626
test_protein_5198,0.37325626611709595
test_protein_5199,0.59721362590789795
test_protein_5203,0.55267709493637085
test_protein_5202,0.22248242795467377
test_protein_5201,0.81577962636947632
test_protein_5200,0.0013607996515929699
test_protein_5204,0.32813185453414917
test_protein_5205,8.1034755567088723e-05
test_protein_5207,0.49258938431739807
test_protein_5208,0.59311014413833618
test_protein_5213,0.57934767007827759
test_protein_5211,0.38547134399414062
test_protein_5206,1.4767858829145553e-06
test_protein_5212,0.59912705421447754
test_protein_5210,0.26579135656356812
test_protein_5209,0.15587137639522552
test_protein_5215,0.00056504993699491024
test_protein_5216,0.60180914402008057
test_protein_5218,0.028966126963496208
test_protein_5222,0.25624492764472961
test_protein_5217,0.48903736472129822
test_protein_5214,0.2180960476398468
test_protein_5223,0.91991549730300903
test_protein_5219,4.0682938561076298e-05
test_protein_5225,0.43389889597892761
test_protein_5221,0.54108846187591553
test_protein_5220,0.00014066469157114625
test_protein_5226,0.6521904468536377
test_protein_5224,0.62477922439575195
test_protein_5227,0.30941310524940491
test_protein_5228,0.51278698444366455
test_protein_5231,0.47973665595054626
test_protein_5230,0.36468729376792908
test_protein_5229,0.71963047981262207
test_protein_5232,0.41596397757530212
test_protein_5236,0.12015857547521591
test_protein_5235,0.2475002110004425
test_protein_5233,0.69676536321640015
test_protein_5234,0.28751927614212036
test_protein_5239,0.68611752986907959
test_protein_5240,0.66368246078491211
test_protein_5237,0.31973117589950562
test_protein_5238,0.4323180615901947
test_protein_5243,0.30725961923599243
test_protein_5246,0.51316016912460327
test_protein_5245,0.58523225784301758
test_protein_5244,0.42696473002433777
test_protein_5241,0.28022539615631104
test_protein_5247,1.4545864360115957e-05
test_protein_5242,0.023712622001767159
test_protein_5251,0.53675955533981323
test_protein_5252,0.52961122989654541
test_protein_5248,0.41580331325531006
test_protein_5253,0.079636953771114349
test_protein_5250,0.64051723480224609
test_protein_5249,0.48649463057518005
test_protein_5254,0.0040200678631663322
test_protein_5257,0.3346497118473053
test_protein_5256,0.59822380542755127
test_protein_5258,0.10786498337984085
test_protein_5255,3.6558567444444634e-06
test_protein_5261,0.061668392270803452
test_protein_5260,0.45048949122428894
test_protein_5259,0.069412052631378174
test_protein_5262,0.55347782373428345
test_protein_5263,0.4983900785446167
test_protein_5268,0.030083971098065376
test_protein_5264,1.9659273675642908e-05
test_protein_5265,0.00048587034689262509
test_protein_5269,0.034752681851387024
test_protein_5266,0.028620308265089989
test_protein_5267,0.38999852538108826
test_protein_5270,0.55333608388900757
test_protein_5274,0.54240405559539795
test_protein_5272,0.46352994441986084
test_protein_5276,0.00022713345242664218
test_protein_5271,0.37918123602867126
test_protein_5273,1.0206285878666677e-05
test_protein_5277,0.00057958794059231877
test_protein_5275,0.22674769163131714
test_protein_5278,0.52018415927886963
test_protein_5279,0.52052241563796997
test_protein_5280,0.059555452316999435
test_protein_5285,0.010783285833895206
test_protein_5282,0.32875669002532959
test_protein_5283,0.4883110523223877
test_protein_5281,0.00011246239591855556
test_protein_5284,0.13496626913547516
test_protein_5286,0.31720983982086182
test_protein_5290,0.00018084642942994833
test_protein_5287,0.3950059711933136
test_protein_5289,0.19572991132736206
test_protein_5288,6.9779081968590617e-05
test_protein_5292,0.0036543181631714106
test_protein_5293,0.44320657849311829
test_protein_5294,0.50716179609298706
test_protein_5300,0.36609777808189392
test_protein_5297,0.41677239537239075
test_protein_5291,4.5275955926626921e-06
test_protein_5296,0.16475453972816467
test_protein_5299,0.2821979820728302
test_protein_5298,0.45064249634742737
test_protein_5295,0.21775153279304504
test_protein_5304,0.092013798654079437
test_protein_5301,0.35619455575942993
test_protein_5302,0.13436658680438995
test_protein_5306,0.039492763578891754
test_protein_5303,0.26023301482200623
test_protein_5308,0.26946181058883667
test_protein_5305,0.50902897119522095
test_protein_5309,0.50630104541778564
test_protein_5311,0.31022569537162781
test_protein_5310,0.21017500758171082
test_protein_5312,0.76762199401855469
test_protein_5307,0.0064173643477261066
test_protein_5313,0.50374221801757812
test_protein_5315,0.31308463215827942
test_protein_5314,0.39666280150413513
test_protein_5318,0.49956333637237549
test_protein_5317,0.00082198798190802336
test_protein_5316,0.13485005497932434
test_protein_5319,0.42902758717536926
test_protein_5323,0.63011741638183594
test_protein_5320,0.55028116703033447
test_protein_5328,0.30312716960906982
test_protein_5326,0.028542473912239075
test_protein_5321,0.2587907612323761
test_protein_5325,0.39799931645393372
test_protein_5324,0.017849255353212357
test_protein_5322,0.47200331091880798
test_protein_5327,0.63896137475967407
test_protein_5329,0.48097488284111023
test_protein_5334,0.55787980556488037
test_protein_5330,4.7713738240418024e-06
test_protein_5332,0.4419739842414856
test_protein_5333,0.1869162917137146
test_protein_5331,0.54105907678604126
test_protein_5335,0.0088056055828928947
test_protein_5338,0.00028782550361938775
test_protein_5336,0.33390191197395325
test_protein_5339,0.019907634705305099
test_protein_5342,0.60887062549591064
test_protein_5337,0.64823061227798462
test_protein_5343,0.1353212296962738
test_protein_5341,0.52385306358337402
test_protein_5340,0.41993701457977295
test_protein_5345,0.54257452487945557
test_protein_5344,0.51738840341567993
test_protein_5347,0.63282281160354614
test_protein_5346,0.44336375594139099
test_protein_5349,0.53040754795074463
test_protein_5350,0.5668715238571167
test_protein_5348,0.24709288775920868
test_protein_5351,0.71691340208053589
test_protein_5352,0.0034992776345461607
test_protein_5354,0.42846658825874329
test_protein_5357,5.7854991609929129e-05
test_protein_5355,0.33669251203536987
test_protein_5353,0.045304007828235626
test_protein_5356,0.18393376469612122
test_protein_5358,0.460001140832901
test_protein_5359,0.0012721288949251175
test_protein_5366,0.45348027348518372
test_protein_5360,0.17562635242938995
test_protein_5364,0.00064543017651885748
test_protein_5363,0.37089589238166809
test_protein_5365,0.53722685575485229
test_protein_5362,0.15649555623531342
test_protein_5367,0.29190570116043091
test_protein_5368,0.48730060458183289
test_protein_5370,0.5123935341835022
test_protein_5361,0.41227370500564575
test_protein_5371,0.033558346331119537
test_protein_5369,0.0026382629293948412
test_protein_5372,0.31954795122146606
test_protein_5373,0.020105918869376183
test_protein_5376,0.053740691393613815
test_protein_5377,0.34935519099235535
test_protein_5375,0.25179079174995422
test_protein_5378,0.29061594605445862
test_protein_5374,0.059830848127603531
test_protein_5379,0.0055296393111348152
test_protein_5385,0.32046133279800415
test_protein_5382,0.79452043771743774
test_protein_5384,0.37072610855102539
test_protein_5380,0.39969193935394287
test_protein_5381,0.083854466676712036
test_protein_5389,0.31346970796585083
test_protein_5383,3.0247550967033021e-05
test_protein_5386,3.5302247852087021e-05
test_protein_5392,0.47956281900405884
test_protein_5388,0.092577517032623291
test_protein_5387,0.016118664294481277
test_protein_5393,2.1029382679671471e-08
test_protein_5390,3.1981260690372437e-05
test_protein_5394,0.11362556368112564
test_protein_5391,0.0050502303056418896
test_protein_5399,0.56744587421417236
test_protein_5395,0.10197359323501587
test_protein_5396,0.40007644891738892
test_protein_5397,0.38546514511108398
test_protein_5398,0.087825901806354523
test_protein_5400,0.60885965824127197
test_protein_5403,0.70632642507553101
test_protein_5404,0.45008990168571472
test_protein_5401,0.50991082191467285
test_protein_5402,0.43789961934089661
test_protein_5406,0.0083999559283256531
test_protein_5405,0.17876332998275757
test_protein_5407,0.2986893355846405
test_protein_5409,0.72143399715423584
test_protein_5408,0.5363461971282959
test_protein_5414,0.015190381556749344
test_protein_5411,0.0099205095320940018
test_protein_5417,0.33571317791938782
test_protein_5410,0.053926374763250351
test_protein_5412,0.030201472342014313
test_protein_5413,3.9588343497598544e-05
test_protein_5415,2.8386484700604342e-06
test_protein_5416,0.068264588713645935
test_protein_5418,0.27945512533187866
test_protein_5420,0.087532520294189453
test_protein_5419,0.39022696018218994
test_protein_5421,0.20450419187545776
test_protein_5423,0.51125884056091309
test_protein_5422,0.069783523678779602
test_protein_5428,0.1955839991569519
test_protein_5427,0.1077108159661293
test_protein_5425,0.49429658055305481
test_protein_5431,0.58114635944366455
test_protein_5426,0.51230007410049438
test_protein_5424,0.0035400413908064365
test_protein_5430,0.14824956655502319
test_protein_5429,0.00017940322868525982
test_protein_5434,0.36591053009033203
test_protein_5435,0.0086485054343938828
test_protein_5433,0.48818415403366089
test_protein_5432,0.61837762594223022
test_protein_5440,0.075611725449562073
test_protein_5438,0.51993978023529053
test_protein_5436,0.040036473423242569
test_protein_5439,0.55822569131851196
test_protein_5437,0.058452267199754715
test_protein_5446,0.56990844011306763
test_protein_5444,0.35088011622428894
test_protein_5442,0.53142565488815308
test_protein_5443,0.45775973796844482
test_protein_5447,0.24981233477592468
test_protein_5445,0.4642052948474884
test_protein_5441,0.45615425705909729
test_protein_5449,0.0020728695672005415
test_protein_5448,0.33225846290588379
test_protein_5450,7.743278018779165e-08
test_protein_5453,0.55993616580963135
test_protein_5451,0.00065065216040238738
test_protein_5452,0.59877520799636841
test_protein_5454,0.20786786079406738
test_protein_5456,0.42130047082901001
test_protein_5455,0.29507699608802795
test_protein_5459,0.82502251863479614
test_protein_5458,0.46973052620887756
test_protein_5457,0.83760750293731689
test_protein_5462,0.5992356538772583
test_protein_5460,0.00088780024088919163
test_protein_5461,0.52229017019271851
test_protein_5464,0.26503989100456238
test_protein_5463,0.78765106201171875
test_protein_5467,0.40905541181564331
test_protein_5466,0.59258294105529785
test_protein_5465,0.33158910274505615
test_protein_5469,0.58549761772155762
test_protein_5468,0.31554186344146729
test_protein_5470,0.00034358588163740933
test_protein_5472,0.73982030153274536
test_protein_5471,1.7122540157288313e-05
test_protein_5477,0.0080448789522051811
test_protein_5475,0.74585169553756714
test_protein_5478,0.030934534966945648
test_protein_5479,0.50858563184738159
test_protein_5480,0.53694069385528564
test_protein_5485,0.51515364646911621
test_protein_5476,0.051074307411909103
test_protein_5487,0.18335647881031036
test_protein_5482,0.00011222992179682478
test_protein_5486,0.53420299291610718
test_protein_5474,0.42744997143745422
test_protein_5488,0.62947207689285278
test_protein_5473,0.72553837299346924
test_protein_5483,0.014977177605032921
test_protein_5481,0.00041499774670228362
test_protein_5484,0.017454273998737335
test_protein_5490,0.077539533376693726
test_protein_5489,0.51921051740646362
test_protein_5494,0.66923809051513672
test_protein_5491,0.2006387859582901
test_protein_5493,0.47572088241577148
test_protein_5492,0.39143607020378113
test_protein_5497,0.0024205786176025867
test_protein_5496,0.7552141547203064
test_protein_5495,0.40253192186355591
test_protein_5498,0.64114004373550415
test_protein_5500,0.34583863615989685
test_protein_5501,0.56638479232788086
test_protein_5499,0.72365742921829224
test_protein_5505,0.086236134171485901
test_protein_5502,0.54155290126800537
test_protein_5507,0.020009031519293785
test_protein_5504,0.17716212570667267
test_protein_5508,0.42514127492904663
test_protein_5506,0.0019846381619572639
test_protein_5503,0.28848797082901001
test_protein_5509,0.45359984040260315
test_protein_5510,0.38793468475341797
test_protein_5511,0.57566040754318237
test_protein_5513,0.45525085926055908
test_protein_5514,0.0023613867815583944
test_protein_5512,0.016517475247383118
test_protein_5515,0.19906426966190338
test_protein_5517,0.51126813888549805
test_protein_5519,0.036870185285806656
test_protein_5520,0.46368393301963806
test_protein_5516,0.32621034979820251
test_protein_5518,0.68305391073226929
test_protein_5521,0.52741420269012451
test_protein_5523,0.47648090124130249
test_protein_5524,0.53236848115921021
test_protein_5527,0.37824097275733948
test_protein_5526,0.69128924608230591
test_protein_5525,0.45190024375915527
test_protein_5522,0.033175565302371979
test_protein_5532,0.5965040922164917
test_protein_5530,0.16403764486312866
test_protein_5533,0.089761845767498016
test_protein_5528,0.48133513331413269
test_protein_5529,0.30434238910675049
test_protein_5531,0.041840530931949615
test_protein_5534,0.35360893607139587
test_protein_5538,0.32389697432518005
test_protein_5535,0.59800869226455688
test_protein_5536,0.17927022278308868
test_protein_5540,0.58747267723083496
test_protein_5543,0.77520060539245605
test_protein_5537,0.51648956537246704
test_protein_5539,0.71789383888244629
test_protein_5545,0.24120087921619415
test_protein_5544,0.57652848958969116
test_protein_5542,0.60672986507415771
test_protein_5541,0.57310587167739868
test_protein_5547,0.012897112406790257
test_protein_5546,0.80427920818328857
test_protein_5549,0.67404502630233765
test_protein_5550,0.61349242925643921
test_protein_5548,0.57841026782989502
test_protein_5553,0.49172598123550415
test_protein_5552,0.094425782561302185
test_protein_5551,0.00063009123550727963
test_protein_5554,0.56689721345901489
test_protein_5555,0.64600837230682373
test_protein_5559,0.44290986657142639
test_protein_5556,0.32868069410324097
test_protein_5557,0.295561283826828
test_protein_5558,0.63395929336547852
test_protein_5563,0.62355506420135498
test_protein_5561,0.39716348052024841
test_protein_5564,0.5836673378944397
test_protein_5560,0.090713061392307281
test_protein_5568,0.18076179921627045
test_protein_5565,0.00068497023312374949
test_protein_5562,0.61657255887985229
test_protein_5566,1.1304653213528582e-07
test_protein_5570,0.2598801851272583
test_protein_5569,0.59958255290985107
test_protein_5567,0.53239822387695312
test_protein_5571,0.39796432852745056
test_protein_5574,0.41208255290985107
test_protein_5573,0.66719871759414673
test_protein_5572,0.7385103702545166
test_protein_5575,0.1384265124797821
test_protein_5580,0.0005494456272572279
test_protein_5579,0.0036518811248242855
test_protein_5578,0.20431175827980042
test_protein_5577,0.59214460849761963
test_protein_5576,0.12389712780714035
test_protein_5582,0.0025310872588306665
test_protein_5583,0.34255987405776978
test_protein_5581,0.44805413484573364
test_protein_5584,0.28251245617866516
test_protein_5585,0.11044032126665115
test_protein_5589,0.57135218381881714
test_protein_5590,0.66541463136672974
test_protein_5588,0.5689653754234314
test_protein_5587,0.73850786685943604
test_protein_5592,3.4034517739200965e-05
test_protein_5586,0.20318618416786194
test_protein_5593,4.5252207200974226e-05
test_protein_5596,0.45803731679916382
test_protein_5591,0.59043842554092407
test_protein_5595,0.015196256339550018
test_protein_5594,0.42739513516426086
test_protein_5597,0.35613194108009338
test_protein_5598,0.97778785228729248
test_protein_5605,0.18574248254299164
test_protein_5600,0.0075234095565974712
test_protein_5601,0.19081394374370575
test_protein_5603,0.14218547940254211
test_protein_5599,0.073804602026939392
test_protein_5602,0.48877245187759399
test_protein_5606,0.59337252378463745
test_protein_5608,0.49137493968009949
test_protein_5604,0.067658722400665283
test_protein_5607,0.4578188955783844
test_protein_5611,0.79920262098312378
test_protein_5609,0.065718390047550201
test_protein_5610,0.53824150562286377
test_protein_5614,0.33683121204376221
test_protein_5612,0.44117707014083862
test_protein_5613,0.054600909352302551
test_protein_5615,0.45596876740455627
test_protein_5617,0.32299152016639709
test_protein_5616,0.040659479796886444
test_protein_5620,0.53284382820129395
test_protein_5623,0.7391846776008606
test_protein_5622,0.56772786378860474
test_protein_5618,0.44858399033546448
test_protein_5625,0.37184542417526245
test_protein_5619,0.011682296171784401
test_protein_5624,0.42043676972389221
test_protein_5628,0.65644711256027222
test_protein_5621,0.38782882690429688
test_protein_5626,0.45822519063949585
test_protein_5627,0.43978032469749451
test_protein_5629,0.36446660757064819
test_protein_5632,0.7204817533493042
test_protein_5630,0.54858970642089844
test_protein_5634,0.68566250801086426
test_protein_5633,0.54462653398513794
test_protein_5637,0.057680148631334305
test_protein_5635,0.59261196851730347
test_protein_5636,0.49191480875015259
test_protein_5639,0.42174103856086731
test_protein_5638,0.3313325047492981
test_protein_5631,0.44149473309516907
test_protein_5641,0.062729470431804657
test_protein_5643,0.17656944692134857
test_protein_5642,0.330587238073349
test_protein_5640,0.07795938104391098
test_protein_5646,0.62253487110137939
test_protein_5651,0.43888875842094421
test_protein_5644,0.77377253770828247
test_protein_5645,0.57138413190841675
test_protein_5649,0.46904087066650391
test_protein_5647,0.26399821043014526
test_protein_5650,0.22303773462772369
test_protein_5648,0.069306910037994385
test_protein_5653,0.54283517599105835
test_protein_5652,0.29412528872489929
test_protein_5659,6.7087508796248585e-05
test_protein_5654,0.00082794937770813704
test_protein_5656,0.322063148021698
test_protein_5658,0.57914566993713379
test_protein_5657,0.00015527599316556007
test_protein_5660,0.7457318902015686
test_protein_5655,0.1438080221414566
test_protein_5661,0.2039521336555481
test_protein_5664,0.60196125507354736
test_protein_5662,0.4148755669593811
test_protein_5665,0.5846065878868103
test_protein_5663,0.485004723072052
test_protein_5669,0.48370379209518433
test_protein_5668,0.58030617237091064
test_protein_5666,0.51795166730880737
test_protein_5667,0.41573065519332886
test_protein_5672,0.021494191139936447
test_protein_5671,0.17143277823925018
test_protein_5670,0.19715070724487305
test_protein_5673,0.00055131432600319386
test_protein_5675,0.66383838653564453
test_protein_5676,0.25606074929237366
test_protein_5674,0.41933125257492065
test_protein_5679,0.57272958755493164
test_protein_5681,0.34044131636619568
test_protein_5677,0.55788975954055786
test_protein_5682,0.27118277549743652
test_protein_5678,0.48067915439605713
test_protein_5684,1.7257620129385032e-05
test_protein_5680,0.50866842269897461
test_protein_5683,0.46770012378692627
test_protein_5686,0.71127843856811523
test_protein_5685,0.00015527968935202807
test_protein_5687,0.34191524982452393
test_protein_5689,0.59674727916717529
test_protein_5688,0.75239598751068115
test_protein_5691,0.67237097024917603
test_protein_5690,0.61808627843856812
test_protein_5692,0.35728144645690918
test_protein_5698,0.55575406551361084
test_protein_5694,0.064047589898109436
test_protein_5693,0.12311980128288269
test_protein_5695,0.24876004457473755
test_protein_5700,0.27490559220314026
test_protein_5699,0.48397114872932434
test_protein_5697,0.46087759733200073
test_protein_5696,0.4308941662311554
test_protein_5703,0.25330138206481934
test_protein_5705,3.3053256629500538e-06
test_protein_5701,0.38400262594223022
test_protein_5707,0.48819813132286072
test_protein_5708,0.56062692403793335
test_protein_5704,6.2735362007515505e-06
test_protein_5702,0.33533495664596558
test_protein_5706,0.5148201584815979
test_protein_5710,0.48994764685630798
test_protein_5709,0.49635040760040283
test_protein_5712,0.3234841525554657
test_protein_5717,0.75083178281784058
test_protein_5713,0.76245218515396118
test_protein_5715,0.39845752716064453
test_protein_5714,0.52958345413208008
test_protein_5711,0.5520365834236145
test_protein_5716,0.0017171205254271626
test_protein_5726,0.5686410665512085
test_protein_5724,0.062066134065389633
test_protein_5720,0.66582649946212769
test_protein_5719,0.39536291360855103
test_protein_5718,0.49247965216636658
test_protein_5721,0.1185983344912529
test_protein_5722,0.44285926222801208
test_protein_5725,2.2266228825174039e-06
test_protein_5723,0.068440929055213928
test_protein_5729,0.59891653060913086
test_protein_5727,1.5351150068454444e-05
test_protein_5731,0.64856195449829102
test_protein_5733,0.26316431164741516
test_protein_5732,0.52800554037094116
test_protein_5730,0.75278341770172119
test_protein_5728,0.56696361303329468
test_protein_5734,0.0078950980678200722
test_protein_5735,0.10294158756732941
test_protein_5736,0.11001334339380264
test_protein_5737,0.37092307209968567
test_protein_5738,0.64699709415435791
test_protein_5739,0.70219528675079346
test_protein_5740,0.14884836971759796
test_protein_5741,4.0997394535224885e-05
test_protein_5744,0.15195192396640778
test_protein_5742,0.61501377820968628
test_protein_5745,0.00037290353793650866
test_protein_5748,0.49850809574127197
test_protein_5746,0.001124852686189115
test_protein_5743,0.68416363000869751
test_protein_5751,0.26847183704376221
test_protein_5749,0.001453129923902452
test_protein_5747,0.0045275869779288769
test_protein_5752,0.30849739909172058
test_protein_5753,0.2471076101064682
test_protein_5754,0.45909544825553894
test_protein_5750,0.44996684789657593
test_protein_5755,0.58382284641265869
test_protein_5756,0.33170762658119202
test_protein_5758,0.024336831644177437
test_protein_5759,0.20901121199131012
test_protein_5762,0.13895457983016968
test_protein_5757,0.060716211795806885
test_protein_5760,0.4523068368434906
test_protein_5763,0.20381492376327515
test_protein_5761,0.00066349504049867392
test_protein_5768,0.45981040596961975
test_protein_5770,0.14017315208911896
test_protein_5764,8.4059433902439196e-07
test_protein_5767,0.42812439799308777
test_protein_5769,0.00021744116384070367
test_protein_5766,0.4134344756603241
test_protein_5765,4.5772019802825525e-05
test_protein_5775,0.27174046635627747
test_protein_5774,0.44550934433937073
test_protein_5772,0.52373677492141724
test_protein_5771,0.080209165811538696
test_protein_5776,0.24465107917785645
test_protein_5777,0.64401358366012573
test_protein_5779,0.6202542781829834
test_protein_5773,0.2936975359916687
test_protein_5780,0.027525318786501884
test_protein_5781,0.58674907684326172
test_protein_5778,0.32915356755256653
test_protein_5782,0.2585412859916687
test_protein_5787,0.063821181654930115
test_protein_5783,0.62906467914581299
test_protein_5784,0.491688072681427
test_protein_5785,0.15731276571750641
test_protein_5786,0.52779591083526611
test_protein_5790,0.35347703099250793
test_protein_5789,0.37684649229049683
test_protein_5793,0.12975552678108215
test_protein_5794,0.67276424169540405
test_protein_5792,3.6194047424942255e-05
test_protein_5791,0.52234154939651489
test_protein_5788,0.20961454510688782
test_protein_6063,0.0031125117093324661
test_protein_6061,0.53660225868225098
test_protein_5795,0.10123137384653091
test_protein_6062,0.52153027057647705
test_protein_6064,0.24339798092842102
test_protein_6068,0.5409354567527771
test_protein_6065,0.38492578268051147
test_protein_6069,0.085903182625770569
test_protein_6060,0.071001753211021423
test_protein_6067,0.55017167329788208
test_protein_6072,0.082632675766944885
test_protein_6073,0.44422951340675354
test_protein_6070,0.63081920146942139
test_protein_6071,0.071142300963401794
test_protein_6066,0.97626399993896484
test_protein_6079,0.56061267852783203
test_protein_6075,0.3580920398235321
test_protein_6074,0.014647459611296654
test_protein_6076,0.17043912410736084
test_protein_6082,0.31391671299934387
test_protein_6078,0.39340630173683167
test_protein_6083,0.47471818327903748
test_protein_6077,0.34203141927719116
test_protein_6090,0.35165554285049438
test_protein_6084,0.65288734436035156
test_protein_6086,0.58682328462600708
test_protein_6088,0.11783269792795181
test_protein_6091,0.14742295444011688
test_protein_6087,0.48343545198440552
test_protein_6085,0.02536732517182827
test_protein_6081,0.1810569167137146
test_protein_6080,0.56494718790054321
test_protein_6092,0.85530191659927368
test_protein_6094,0.20296040177345276
test_protein_6100,0.022104309871792793
test_protein_6097,0.56074172258377075
test_protein_6089,0.50887793302536011
test_protein_6096,0.37053641676902771
test_protein_6101,0.17976179718971252
test_protein_6102,0.022785276174545288
test_protein_6095,0.20811857283115387
test_protein_6098,0.28094980120658875
test_protein_6099,0.30955511331558228
test_protein_6093,0.2829376757144928
test_protein_6103,0.30258098244667053
test_protein_6108,0.50651264190673828
test_protein_6105,0.14846846461296082
test_protein_6104,0.47475877404212952
test_protein_6106,0.26785764098167419
test_protein_6112,0.011054851114749908
test_protein_6110,0.3455425500869751
test_protein_6113,0.16109549999237061
test_protein_6111,0.44861853122711182
test_protein_6109,0.68440055847167969
test_protein_6107,0.33388456702232361
test_protein_6114,0.38235765695571899
test_protein_6119,0.2823370099067688
test_protein_6120,0.69454330205917358
test_protein_6121,0.26678958535194397
test_protein_6115,0.53800392150878906
test_protein_6117,0.9866034984588623
test_protein_6122,0.0036329112481325865
test_protein_6116,0.14062760770320892
test_protein_6118,0.67034620046615601
test_protein_6125,0.24150726199150085
test_protein_6124,0.49470466375350952
test_protein_6123,0.18404500186443329
test_protein_6127,0.61898386478424072
test_protein_6126,0.8793644905090332
test_protein_6128,0.53122448921203613
test_protein_6130,0.037625636905431747
test_protein_6129,0.10106638818979263
test_protein_6135,0.194364994764328
test_protein_6131,0.6787337064743042
test_protein_6136,0.03027646616101265
test_protein_6132,0.17401288449764252
test_protein_6134,0.73922431468963623
test_protein_6133,0.40483829379081726
test_protein_6138,0.55108791589736938
test_protein_6142,0.025700910016894341
test_protein_6139,0.23223932087421417
test_protein_6141,0.57362914085388184
test_protein_6140,0.33988365530967712
test_protein_6137,0.21772043406963348
test_protein_6144,0.22385191917419434
test_protein_6150,0.092577360570430756
test_protein_6147,0.45336177945137024
test_protein_6146,0.17969241738319397
test_protein_6143,0.77671557664871216
test_protein_6145,0.2054419070482254
test_protein_6149,0.11011822521686554
test_protein_6151,0.0024563311599195004
test_protein_6148,0.0018555358983576298
test_protein_6153,0.31486067175865173
test_protein_6152,0.91315996646881104
test_protein_6154,0.34350544214248657
test_protein_6155,0.41687843203544617
test_protein_6156,0.2418801337480545
test_protein_6157,0.54040902853012085
test_protein_6158,0.75544989109039307
test_protein_6160,0.55744761228561401
test_protein_6161,0.47796443104743958
test_protein_6162,0.38676562905311584
test_protein_6159,0.040788460522890091
test_protein_6163,0.35516476631164551
test_protein_6164,0.016534199938178062
test_protein_6166,0.3746759295463562
test_protein_6165,0.48455291986465454
test_protein_6167,0.75718343257904053
test_protein_6169,0.10283571481704712
test_protein_6168,0.26633742451667786
test_protein_6172,0.23046807944774628
test_protein_6173,0.27974006533622742
test_protein_6171,0.35734295845031738
test_protein_6174,0.0041302340105175972
test_protein_6170,0.058315012603998184
test_protein_6175,0.041740279644727707
test_protein_6178,0.27930277585983276
test_protein_6179,0.29779624938964844
test_protein_6176,0.067799709737300873
test_protein_6180,0.27329921722412109
test_protein_6177,0.11312272399663925
test_protein_6184,0.58428239822387695
test_protein_6181,0.34553638100624084
test_protein_6182,0.51537126302719116
test_protein_6185,0.15891346335411072
test_protein_6183,0.059017252177000046
test_protein_6186,0.56528675556182861
test_protein_6187,0.46133297681808472
test_protein_6188,0.19939544796943665
test_protein_6189,0.19520710408687592
test_protein_6190,0.01991708017885685
test_protein_6191,0.17431798577308655
test_protein_6192,0.35309270024299622
test_protein_6195,0.16320151090621948
test_protein_6193,0.13928458094596863
test_protein_6197,0.35135602951049805
test_protein_6194,0.38262435793876648
test_protein_6196,0.1115991622209549
test_protein_6198,0.031719330698251724
test_protein_6199,0.50936007499694824
test_protein_6200,0.66859126091003418
test_protein_6203,0.45848256349563599
test_protein_6202,0.041532337665557861
test_protein_6201,0.28942275047302246
test_protein_6206,0.039696820080280304
test_protein_6204,0.19014602899551392
test_protein_6205,0.18087969720363617
test_protein_6207,0.42966872453689575
test_protein_6208,0.30670693516731262
test_protein_6209,0.31247428059577942
test_protein_6216,0.45592010021209717
test_protein_6214,0.071350261569023132
test_protein_6212,0.14169616997241974
test_protein_6210,0.68166822195053101
test_protein_6211,0.3269132673740387
test_protein_6213,0.32726952433586121
test_protein_6219,0.33954137563705444
test_protein_6220,0.45747274160385132
test_protein_6217,0.49461770057678223
test_protein_6215,0.11019977182149887
test_protein_6218,0.11490067839622498
test_protein_6221,0.036832883954048157
test_protein_6226,0.3824479877948761
test_protein_6223,0.026179278269410133
test_protein_6222,0.3714354932308197
test_protein_6225,0.23652081191539764
test_protein_6230,0.55425769090652466
test_protein_6229,0.56984549760818481
test_protein_6227,0.10156750679016113
test_protein_6228,0.51963514089584351
test_protein_6232,0.27197891473770142
test_protein_6231,0.01090360339730978
test_protein_6224,0.046979337930679321
test_protein_6236,0.39764124155044556
test_protein_6233,0.5453956127166748
test_protein_6237,0.2016751766204834
test_protein_6238,0.14531835913658142
test_protein_6234,0.073204763233661652
test_protein_6235,0.41005641222000122
test_protein_6239,0.093631498515605927
test_protein_6241,0.1707606166601181
test_protein_6243,0.11378757655620575
test_protein_6240,0.60722893476486206
test_protein_6242,0.56682044267654419
test_protein_6244,0.17141819000244141
test_protein_6249,0.1949457973241806
test_protein_6245,0.051795940846204758
test_protein_6248,0.24415537714958191
test_protein_6246,0.20609316229820251
test_protein_6250,0.20594018697738647
test_protein_6251,0.52656376361846924
test_protein_6247,0.45400995016098022
test_protein_6252,0.0020650562364608049
test_protein_6254,0.11826228350400925
test_protein_6253,0.34281542897224426
test_protein_6256,0.14728757739067078
test_protein_6257,0.2424515038728714
test_protein_6255,0.28985342383384705
test_protein_6260,0.53087222576141357
test_protein_6261,0.057262666523456573
test_protein_6263,0.042294122278690338
test_protein_6262,0.079045556485652924
test_protein_6259,0.025618461892008781
test_protein_6265,0.0083928704261779785
test_protein_6258,0.18922404944896698
test_protein_6264,0.54787307977676392
test_protein_6267,0.060557249933481216
test_protein_6269,0.1598568856716156
test_protein_6266,0.0049526272341609001
test_protein_6268,0.25055614113807678
test_protein_6272,0.58116728067398071
test_protein_6273,0.65846103429794312
test_protein_6271,0.47237133979797363
test_protein_6277,0.074222840368747711
test_protein_6276,0.16749565303325653
test_protein_6274,0.51584714651107788
test_protein_6275,0.68542885780334473
test_protein_6270,0.19453179836273193
test_protein_6280,0.63477474451065063
test_protein_6278,0.094891592860221863
test_protein_6279,0.39930516481399536
test_protein_6282,0.2009282112121582
test_protein_6281,0.20459207892417908
test_protein_6283,0.4480665922164917
test_protein_6287,0.070816889405250549
test_protein_6286,0.4243621826171875
test_protein_6285,0.35956186056137085
test_protein_6288,0.0047289100475609303
test_protein_6289,0.00078043778194114566
test_protein_6284,0.0074118496850132942
test_protein_6292,0.32829180359840393
test_protein_6290,0.1312035471200943
test_protein_6291,0.32656946778297424
test_protein_6294,0.61934620141983032
test_protein_6293,0.42452189326286316
test_protein_6298,0.0036358677316457033
test_protein_6297,0.00071849324740469456
test_protein_6295,0.74277132749557495
test_protein_6299,0.0037451409734785557
test_protein_6301,0.17499791085720062
test_protein_6296,0.24251717329025269
test_protein_6300,0.45803293585777283
test_protein_6302,0.5044705867767334
test_protein_6304,0.32962074875831604
test_protein_6307,0.12841252982616425
test_protein_6303,0.647178053855896
test_protein_6310,0.17916630208492279
test_protein_6308,0.21168443560600281
test_protein_6306,0.34240978956222534
test_protein_6305,0.24620997905731201
test_protein_6312,0.4104580283164978
test_protein_6313,0.47945436835289001
test_protein_6311,0.25378656387329102
test_protein_6309,0.061389334499835968
test_protein_6316,0.69856315851211548
test_protein_6317,0.92540138959884644
test_protein_6315,0.46174466609954834
test_protein_6314,0.39908340573310852
test_protein_6318,0.46221891045570374
test_protein_6321,0.098182633519172668
test_protein_6319,0.042093362659215927
test_protein_6322,0.27000963687896729
test_protein_6325,0.44764095544815063
test_protein_6320,0.76110720634460449
test_protein_6324,0.43931466341018677
test_protein_6323,0.48184701800346375
test_protein_6328,0.56869012117385864
test_protein_6326,0.51972115039825439
test_protein_6327,0.3413994312286377
test_protein_6331,0.034461118280887604
test_protein_6330,0.0019887033849954605
test_protein_6329,0.15619839727878571
test_protein_6334,0.50059151649475098
test_protein_6336,0.0583687424659729
test_protein_6332,0.37903392314910889
test_protein_6333,0.44233828783035278
test_protein_6335,0.71335065364837646
test_protein_6337,0.40912157297134399
test_protein_6340,0.072105884552001953
test_protein_6339,0.44276800751686096
test_protein_6338,0.53513342142105103
test_protein_6341,0.24181188642978668
test_protein_6345,0.031502936035394669
test_protein_6346,0.11624801903963089
test_protein_6343,0.098940178751945496
test_protein_6342,0.03805387020111084
test_protein_6344,0.047698281705379486
test_protein_6348,0.0014962130226194859
test_protein_6349,0.089136667549610138
test_protein_6347,0.42927077412605286
test_protein_6354,0.57898789644241333
test_protein_6352,0.022304808720946312
test_protein_6353,0.0092347264289855957
test_protein_6355,0.7018430233001709
test_protein_6351,0.72344821691513062
test_protein_6359,0.63193583488464355
test_protein_6350,0.22161167860031128
test_protein_6356,0.096540264785289764
test_protein_6357,0.41199171543121338
test_protein_6358,0.38957589864730835
test_protein_6360,0.58653497695922852
test_protein_6361,0.57938694953918457
test_protein_6364,0.11508921533823013
test_protein_6366,0.7623976469039917
test_protein_6368,0.059648316353559494
test_protein_6362,0.40428858995437622
test_protein_6365,0.15567667782306671
test_protein_6372,0.34921243786811829
test_protein_6363,0.033857479691505432
test_protein_6367,0.10630174726247787
test_protein_6371,0.027208531275391579
test_protein_6370,0.43958196043968201
test_protein_6369,0.41444331407546997
test_protein_6373,0.77678245306015015
test_protein_6376,0.010209931060671806
test_protein_6377,0.472126305103302
test_protein_6374,0.43395861983299255
test_protein_6375,0.51386547088623047
test_protein_6381,0.45227313041687012
test_protein_6378,0.48988291621208191
test_protein_6379,0.06661708652973175
test_protein_6383,0.0044402321800589561
test_protein_6382,0.07460784912109375
test_protein_6380,0.060784205794334412
test_protein_6388,0.43073102831840515
test_protein_6384,0.34830442070960999
test_protein_6385,0.17028030753135681
test_protein_6387,0.55372869968414307
test_protein_6386,0.45748639106750488
test_protein_6389,0.40861997008323669
test_protein_6390,0.54154390096664429
test_protein_6392,0.069103635847568512
test_protein_6391,0.066566281020641327
test_protein_6393,0.95641934871673584
test_protein_6397,0.16110861301422119
test_protein_6394,0.33150467276573181
test_protein_6395,0.60291403532028198
test_protein_6396,0.30505764484405518
test_protein_6398,0.20433342456817627
test_protein_6400,0.32579833269119263
test_protein_6401,0.36105689406394958
test_protein_6405,0.038918726146221161
test_protein_6406,0.27752599120140076
test_protein_6402,0.40955570340156555
test_protein_6409,0.35581347346305847
test_protein_6399,0.36017259955406189
test_protein_6404,0.36369547247886658
test_protein_6403,0.44928067922592163
test_protein_6407,0.74195665121078491
test_protein_6408,0.91099679470062256
test_protein_6410,0.47892501950263977
test_protein_6412,0.024639725685119629
test_protein_6411,0.42332988977432251
test_protein_6416,0.0058167986571788788
test_protein_6413,0.59553146362304688
test_protein_6415,0.69526797533035278
test_protein_6418,0.12612906098365784
test_protein_6417,0.4884873628616333
test_protein_6414,0.5521056056022644
test_protein_6419,0.45517754554748535
test_protein_6422,0.44024640321731567
test_protein_6423,0.082924827933311462
test_protein_6424,0.63757330179214478
test_protein_6420,0.35029745101928711
test_protein_6421,0.20485985279083252
test_protein_6427,0.085892066359519958
test_protein_6425,0.13454459607601166
test_protein_6426,0.16217286884784698
test_protein_6431,0.083497092127799988
test_protein_6429,0.00027109825168736279
test_protein_6428,0.20698826014995575
test_protein_6430,0.34185868501663208
test_protein_6432,0.99418866634368896
test_protein_6433,0.18645261228084564
test_protein_6438,0.22087827324867249
test_protein_6436,0.47241610288619995
test_protein_6435,0.13735570013523102
test_protein_6437,0.49573323130607605
test_protein_6440,0.57356637716293335
test_protein_6441,0.13607248663902283
test_protein_6434,0.4749239981174469
test_protein_6439,0.2862376868724823
test_protein_6442,0.62160098552703857
test_protein_6446,0.090494878590106964
test_protein_6443,0.007546065840870142
test_protein_6444,0.30661025643348694
test_protein_6448,0.014840271323919296
test_protein_6447,0.36582955718040466
test_protein_6450,0.31487223505973816
test_protein_6449,0.50502473115921021
test_protein_6445,0.062393691390752792
test_protein_6454,0.10244961827993393
test_protein_6455,0.66141915321350098
test_protein_6451,0.0038784220814704895
test_protein_6453,0.24077694118022919
test_protein_6452,0.40040537714958191
test_protein_6456,0.087369740009307861
test_protein_6457,0.13076208531856537
test_protein_6459,0.063717663288116455
test_protein_6460,0.73772013187408447
test_protein_6462,0.50303268432617188
test_protein_6461,0.1151188537478447
test_protein_6464,0.40828865766525269
test_protein_6458,0.19043353199958801
test_protein_6467,0.047109846025705338
test_protein_6463,0.044388692826032639
test_protein_6468,0.50456327199935913
test_protein_6465,0.28331676125526428
test_protein_6469,0.060801990330219269
test_protein_6471,0.19470202922821045
test_protein_6470,0.53857505321502686
test_protein_6466,0.23872251808643341
test_protein_6472,0.26114019751548767
test_protein_6473,0.34377169609069824
test_protein_6474,0.70466256141662598
test_protein_6475,0.48041114211082458
test_protein_6476,0.024851454421877861
test_protein_6481,0.34678107500076294
test_protein_6480,0.16547006368637085
test_protein_6482,0.25494089722633362
test_protein_6478,0.076430298388004303
test_protein_6485,0.14931473135948181
test_protein_6477,0.64714401960372925
test_protein_6479,0.39448806643486023
test_protein_6484,0.057096052914857864
test_protein_6483,0.15530091524124146
test_protein_6486,0.45740252733230591
test_protein_6489,0.34549295902252197
test_protein_6493,0.068980403244495392
test_protein_6488,0.44615739583969116
test_protein_6491,0.25535154342651367
test_protein_6487,0.4157334566116333
test_protein_6494,0.70014286041259766
test_protein_6492,0.50516843795776367
test_protein_6490,0.6589585542678833
test_protein_6497,0.22630107402801514
test_protein_6498,0.10065708309412003
test_protein_6496,0.85216599702835083
test_protein_6495,0.6776004433631897
test_protein_6501,0.36583581566810608
test_protein_6500,0.11004450917243958
test_protein_6499,0.38930672407150269
test_protein_6504,0.34972444176673889
test_protein_6505,0.6564483642578125
test_protein_6502,0.069570846855640411
test_protein_6509,0.62710577249526978
test_protein_6503,0.29598763585090637
test_protein_6507,0.3359072208404541
test_protein_6508,0.1636444628238678
test_protein_6512,0.57760405540466309
test_protein_6515,0.043876428157091141
test_protein_6510,0.77699393033981323
test_protein_6516,0.35578837990760803
test_protein_6506,0.50492942333221436
test_protein_6513,0.14750118553638458
test_protein_6514,0.39893904328346252
test_protein_6511,0.71704691648483276
test_protein_6517,0.37546190619468689
test_protein_6519,0.13222010433673859
test_protein_6518,0.62037307024002075
test_protein_6520,0.54613733291625977
test_protein_6521,0.22254310548305511
test_protein_6525,0.0087760221213102341
test_protein_6522,0.44237342476844788
test_protein_6524,0.35449317097663879
test_protein_6527,0.43958768248558044
test_protein_6523,0.0065582720562815666
test_protein_6529,0.12307976931333542
test_protein_6528,0.54768431186676025
test_protein_6526,0.2542206346988678
test_protein_6530,0.45068913698196411
test_protein_6534,0.076219871640205383
test_protein_6532,0.13407021760940552
test_protein_6531,0.39096072316169739
test_protein_6535,0.27589741349220276
test_protein_6536,0.60842573642730713
test_protein_6539,0.13902181386947632
test_protein_6533,0.28473752737045288
test_protein_6541,0.32073506712913513
test_protein_6538,0.23323328793048859
test_protein_6537,0.042843110859394073
test_protein_6544,0.096995003521442413
test_protein_6543,0.49343189597129822
test_protein_6540,0.57919609546661377
test_protein_6542,0.30426448583602905
test_protein_6545,0.61353445053100586
test_protein_6547,0.16575987637042999
test_protein_6546,0.33618581295013428
test_protein_6550,0.34525737166404724
test_protein_6552,0.054087512195110321
test_protein_6549,0.0022323285229504108
test_protein_6551,0.12048911303281784
test_protein_6555,0.80045580863952637
test_protein_6553,0.41419389843940735
test_protein_6554,0.13034041225910187
test_protein_6548,0.31715908646583557
test_protein_6557,0.11242102086544037
test_protein_6556,0.37783831357955933
test_protein_6559,0.19397680461406708
test_protein_6558,0.0056476308964192867
test_protein_6561,0.58812779188156128
test_protein_6563,0.54582184553146362
test_protein_6560,0.41020157933235168
test_protein_6564,0.66486483812332153
test_protein_6562,0.38106170296669006
test_protein_6569,0.066520944237709045
test_protein_6566,0.015616452321410179
test_protein_6568,0.31588944792747498
test_protein_6567,0.39702120423316956
test_protein_6573,0.2404080331325531
test_protein_6565,0.19453541934490204
test_protein_6570,0.2967362105846405
test_protein_6572,0.31283259391784668
test_protein_6571,0.4223639965057373
test_protein_6574,0.25077944993972778
test_protein_6578,0.24431394040584564
test_protein_6575,0.11447640508413315
test_protein_6577,0.40430790185928345
test_protein_6580,0.34129378199577332
test_protein_6576,0.63231939077377319
test_protein_6579,0.2520994246006012
test_protein_6583,0.2742745578289032
test_protein_6582,0.49630042910575867
test_protein_6581,0.57599979639053345
test_protein_6585,0.43989190459251404
test_protein_6584,0.028170280158519745
test_protein_6586,0.3935207724571228
test_protein_6588,0.28589314222335815
test_protein_6587,0.068578019738197327
test_protein_6591,0.27548372745513916
test_protein_6589,0.53229844570159912
test_protein_6590,0.18032942712306976
test_protein_6592,0.30895921587944031
test_protein_6593,0.29501768946647644
test_protein_6594,0.2999153733253479
test_protein_6599,0.15321211516857147
test_protein_6595,0.42294993996620178
test_protein_6596,0.19913347065448761
test_protein_6597,0.49769878387451172
test_protein_6598,0.034114021807909012
test_protein_6603,0.54157096147537231
test_protein_6604,0.2130989134311676
test_protein_6602,0.44015052914619446
test_protein_6601,0.30812153220176697
test_protein_6600,0.30196329951286316
test_protein_6606,0.1595044732093811
test_protein_6605,0.3245604932308197
test_protein_6607,0.12461145222187042
test_protein_6609,0.37139853835105896
test_protein_6608,0.29714381694793701
test_protein_6613,0.15275253355503082
test_protein_6612,0.53657996654510498
test_protein_6611,0.25555580854415894
test_protein_6610,0.074302971363067627
test_protein_6615,0.31959342956542969
test_protein_6614,0.40876394510269165
test_protein_6616,0.36654627323150635
test_protein_6617,0.19301334023475647
test_protein_6618,0.16450020670890808
test_protein_6619,0.33499109745025635
test_protein_6620,0.22705027461051941
test_protein_6623,0.4140438437461853
test_protein_6622,0.043883729726076126
test_protein_6621,0.42374128103256226
test_protein_6624,0.695423424243927
test_protein_6627,0.48111575841903687
test_protein_6626,0.50678569078445435
test_protein_6632,0.76221519708633423
test_protein_6629,0.002096360782161355
test_protein_6625,0.94018322229385376
test_protein_6634,0.12810108065605164
test_protein_6635,0.055097963660955429
test_protein_6628,0.43574175238609314
test_protein_6633,0.74501210451126099
test_protein_6638,0.0699443519115448
test_protein_6636,0.0052029243670403957
test_protein_6637,0.26316395401954651
test_protein_6631,0.017773313447833061
test_protein_6630,0.7410043478012085
test_protein_6640,0.37917590141296387
test_protein_6639,0.53045797348022461
test_protein_6643,0.36275565624237061
test_protein_6641,0.67204231023788452
test_protein_6642,0.50832563638687134
test_protein_6645,0.20970463752746582
test_protein_6644,0.12443399429321289
test_protein_6648,0.24745339155197144
test_protein_6646,0.47416162490844727
test_protein_6652,0.47300612926483154
test_protein_6651,0.50620388984680176
test_protein_6650,0.2175687700510025
test_protein_6649,0.33288082480430603
test_protein_6647,0.4373210072517395
test_protein_6655,0.66710501909255981
test_protein_6654,0.38117152452468872
test_protein_6653,0.74684000015258789
test_protein_6657,0.80609840154647827
test_protein_6656,0.38048321008682251
test_protein_6659,0.20774716138839722
test_protein_6658,0.15486621856689453
test_protein_6661,0.35178431868553162
test_protein_6660,0.17952191829681396
test_protein_6662,0.50607675313949585
test_protein_6663,0.320619136095047
test_protein_6666,0.4916207492351532
test_protein_6664,0.31941252946853638
test_protein_6667,0.40288648009300232
test_protein_6665,0.097313322126865387
test_protein_6668,0.58393383026123047
test_protein_6669,0.14370584487915039
test_protein_6670,0.032505091279745102
test_protein_6671,0.056302346289157867
test_protein_6673,0.24480944871902466
test_protein_6674,0.45185959339141846
test_protein_6672,0.00031854357803240418
test_protein_6675,0.52217775583267212
test_protein_6677,0.53204190731048584
test_protein_6676,0.4003416895866394
test_protein_6678,0.58181357383728027
test_protein_6679,0.099985972046852112
test_protein_6680,0.41392496228218079
test_protein_6683,0.2453017383813858
test_protein_6685,0.48478901386260986
test_protein_6682,0.35137677192687988
test_protein_6681,0.23064957559108734
test_protein_6686,0.013319345191121101
test_protein_6684,0.033501774072647095
test_protein_6687,0.23078563809394836
test_protein_6688,0.057942498475313187
test_protein_6690,0.7069283127784729
test_protein_6689,0.40032163262367249
test_protein_6691,0.075189568102359772
test_protein_6693,0.45194041728973389
test_protein_6696,0.44677817821502686
test_protein_6692,0.38368013501167297
test_protein_6694,0.19010433554649353
test_protein_6695,0.72657668590545654
test_protein_6699,0.40687522292137146
test_protein_6701,0.040392875671386719
test_protein_6698,0.6255374550819397
test_protein_6700,0.57921856641769409
test_protein_6703,0.85496890544891357
test_protein_6697,0.79019641876220703
test_protein_6704,0.053290702402591705
test_protein_6705,0.18769446015357971
test_protein_6702,0.61744683980941772
test_protein_6706,0.042658571153879166
test_protein_6707,0.41575855016708374
test_protein_6710,0.45037716627120972
test_protein_6708,0.31730425357818604
test_protein_6712,0.36636745929718018
test_protein_6709,0.056083809584379196
test_protein_6714,0.23617629706859589
test_protein_6713,0.28381508588790894
test_protein_6711,0.27042990922927856
test_protein_6717,0.55568802356719971
test_protein_6718,0.50665169954299927
test_protein_6715,0.070015139877796173
test_protein_6716,0.43799987435340881
test_protein_6721,0.27812179923057556
test_protein_6723,0.28066247701644897
test_protein_6720,0.2808360755443573
test_protein_6719,0.47037500143051147
test_protein_6722,0.30623039603233337
test_protein_6729,0.52062487602233887
test_protein_6724,0.25969266891479492
test_protein_6725,0.36889937520027161
test_protein_6730,0.66919815540313721
test_protein_6732,0.13239398598670959
test_protein_6728,0.35115030407905579
test_protein_6726,0.25625866651535034
test_protein_6727,0.34999918937683105
test_protein_6731,0.35143348574638367
test_protein_6735,0.071790225803852081
test_protein_6737,0.49394562840461731
test_protein_6738,0.084707304835319519
test_protein_6734,0.63571995496749878
test_protein_6733,0.51583302021026611
test_protein_6736,0.29393157362937927
test_protein_6739,0.44385957717895508
test_protein_6740,0.69910609722137451
test_protein_6741,0.35576751828193665
test_protein_6744,0.51638180017471313
test_protein_6742,0.27423086762428284
test_protein_6743,0.59253066778182983
test_protein_6745,0.32902148365974426
test_protein_6750,0.42993995547294617
test_protein_6748,0.92922824621200562
test_protein_6747,0.44579946994781494
test_protein_6746,0.21592386066913605
test_protein_6749,0.3004010021686554
test_protein_6754,0.33181837201118469
test_protein_6752,0.040617018938064575
test_protein_6753,0.49481990933418274
test_protein_6751,0.33992433547973633
test_protein_6756,0.65884214639663696
test_protein_6755,0.55442714691162109
test_protein_6758,0.31027257442474365
test_protein_6757,0.22486934065818787
test_protein_6761,0.61037987470626831
test_protein_6760,0.29518160223960876
test_protein_6765,0.281903475522995
test_protein_6759,0.29144114255905151
test_protein_6763,0.33849206566810608
test_protein_6762,0.62702775001525879
test_protein_6766,0.22383500635623932
test_protein_6764,0.40591815114021301
test_protein_6767,0.0043810573406517506
test_protein_6769,0.047492373734712601
test_protein_6770,0.52977919578552246
test_protein_6772,0.29694312810897827
test_protein_6774,0.49626070261001587
test_protein_6768,0.040409456938505173
test_protein_6773,0.1757635772228241
test_protein_6771,0.13589741289615631
test_protein_6775,0.17846682667732239
test_protein_6776,0.075845696032047272
test_protein_6779,0.38275864720344543
test_protein_6780,0.29478201270103455
test_protein_6777,0.52509135007858276
test_protein_6778,0.37433665990829468
test_protein_6783,0.2468208372592926
test_protein_6781,0.18219660222530365
test_protein_6782,0.50715577602386475
test_protein_6784,0.33967107534408569
test_protein_6786,0.25214338302612305
test_protein_6787,0.6357414722442627
test_protein_6785,0.27185219526290894
test_protein_6788,0.96418362855911255
test_protein_6789,0.23311528563499451
test_protein_6790,0.43122971057891846
test_protein_6796,0.2852451503276825
test_protein_6792,0.31475958228111267
test_protein_6797,0.58075004816055298
test_protein_6800,0.53015708923339844
test_protein_6791,0.23093460500240326
test_protein_6795,0.56950980424880981
test_protein_6794,0.26586315035820007
test_protein_6793,0.5663752555847168
test_protein_6798,0.43620684742927551
test_protein_6801,0.46626138687133789
test_protein_6799,0.59328806400299072
test_protein_6808,0.20526523888111115
test_protein_6803,0.46275314688682556
test_protein_6802,0.78472238779067993
test_protein_6806,0.41599464416503906
test_protein_6810,0.26815634965896606
test_protein_6807,0.0030456406529992819
test_protein_6809,0.44518738985061646
test_protein_6811,0.50810319185256958
test_protein_6805,0.2632099986076355
test_protein_6812,0.2648862898349762
test_protein_6813,0.45192879438400269
test_protein_6804,0.6485905647277832
test_protein_6817,0.22397615015506744
test_protein_6814,0.39042440056800842
test_protein_6816,0.55051642656326294
test_protein_6819,0.6260802149772644
test_protein_6815,0.83004003763198853
test_protein_6820,0.26266917586326599
test_protein_6822,0.075316019356250763
test_protein_6826,0.19611696898937225
test_protein_6821,0.079949654638767242
test_protein_6825,0.24018369615077972
test_protein_6823,0.61820518970489502
test_protein_6818,0.35854282975196838
test_protein_6830,0.53550702333450317
test_protein_6828,0.51285278797149658
test_protein_6824,0.00054001441458240151
test_protein_6832,0.69664114713668823
test_protein_6827,0.41018113493919373
test_protein_6834,0.28732332587242126
test_protein_6829,0.29254373908042908
test_protein_6837,0.12636911869049072
test_protein_6833,0.66763126850128174
test_protein_6835,0.76034069061279297
test_protein_6831,0.14818099141120911
test_protein_6836,0.26539388298988342
test_protein_6839,0.96477359533309937
test_protein_6838,0.59379839897155762
test_protein_6840,0.37637597322463989
test_protein_6843,0.25622788071632385
test_protein_6842,0.53217864036560059
test_protein_6845,0.45643541216850281
test_protein_6844,0.74829387664794922
test_protein_6841,0.048890739679336548
test_protein_6849,0.35920384526252747
test_protein_6847,0.42294695973396301
test_protein_6848,0.45611688494682312
test_protein_6846,0.75472539663314819
test_protein_6851,0.21238243579864502
test_protein_6853,0.50574016571044922
test_protein_6854,0.33333230018615723
test_protein_6858,0.40955305099487305
test_protein_6850,0.61439067125320435
test_protein_6852,0.7222139835357666
test_protein_6857,0.53118908405303955
test_protein_6855,0.45128387212753296
test_protein_6856,0.44616267085075378
test_protein_6862,0.85464853048324585
test_protein_6859,0.040687069296836853
test_protein_6863,0.18564228713512421
test_protein_6868,0.51249289512634277
test_protein_6865,0.49853968620300293
test_protein_6861,0.11215450614690781
test_protein_6867,0.40592828392982483
test_protein_6860,0.056617319583892822
test_protein_6869,0.26674896478652954
test_protein_6866,0.7471078634262085
test_protein_6864,0.10944776237010956
test_protein_6870,0.68549567461013794
test_protein_6871,0.001093959785066545
test_protein_6878,0.63119977712631226
test_protein_6872,0.34100228548049927
test_protein_6877,0.027948886156082153
test_protein_6875,0.73196709156036377
test_protein_6874,0.50298577547073364
test_protein_6876,0.75537723302841187
test_protein_6879,0.39040270447731018
test_protein_6873,0.55366009473800659
test_protein_6882,0.45459568500518799
test_protein_6880,0.63124817609786987
test_protein_6881,0.18105213344097137
test_protein_6885,0.085680022835731506
test_protein_6884,0.54980248212814331
test_protein_6886,0.46216860413551331
test_protein_6889,0.042929235845804214
test_protein_6883,0.36430367827415466
test_protein_6890,0.31401187181472778
test_protein_6891,0.54705893993377686
test_protein_6897,0.51225829124450684
test_protein_6887,0.43289098143577576
test_protein_6893,0.2165389358997345
test_protein_6894,0.85132580995559692
test_protein_6892,0.3395712673664093
test_protein_6896,0.7706645131111145
test_protein_6888,0.36155173182487488
test_protein_6895,0.94991034269332886
test_protein_6898,0.78336107730865479
test_protein_6906,0.39539441466331482
test_protein_6900,0.98484069108963013
test_protein_6899,0.12339857965707779
test_protein_6901,0.18948940932750702
test_protein_6902,0.36986154317855835
test_protein_6905,0.41524696350097656
test_protein_6903,0.68839716911315918
test_protein_6904,0.53148651123046875
test_protein_6908,0.51033151149749756
test_protein_6909,0.17318412661552429
test_protein_6911,0.70524626970291138
test_protein_6907,0.018581092357635498
test_protein_6910,0.028223864734172821
test_protein_6917,0.55667686462402344
test_protein_6913,0.72565525770187378
test_protein_6915,0.72258388996124268
test_protein_6923,0.12846383452415466
test_protein_6916,0.44940769672393799
test_protein_6912,0.42863476276397705
test_protein_6922,0.62712365388870239
test_protein_6921,0.40174797177314758
test_protein_6924,0.60339152812957764
test_protein_6920,0.25049564242362976
test_protein_6914,0.34148174524307251
test_protein_6918,0.6575322151184082
test_protein_6925,0.65643644332885742
test_protein_6919,0.62945938110351562
test_protein_6926,0.30649378895759583
test_protein_6928,0.30494487285614014
test_protein_6927,0.45336177945137024
test_protein_6935,0.39535227417945862
test_protein_6930,0.57436496019363403
test_protein_6933,0.59825730323791504
test_protein_6936,0.14058750867843628
test_protein_6929,0.11689235270023346
test_protein_6931,0.2125498503446579
test_protein_6937,0.21141184866428375
test_protein_6932,0.73679935932159424
test_protein_6934,0.26616591215133667
test_protein_6940,0.32315921783447266
test_protein_6939,0.91081333160400391
test_protein_6943,0.39302539825439453
test_protein_6949,0.37116184830665588
test_protein_6948,0.62119036912918091
test_protein_6942,0.35449743270874023
test_protein_6938,0.38912519812583923
test_protein_6941,0.42714881896972656
test_protein_6944,0.364593505859375
test_protein_6947,0.33891028165817261
test_protein_6950,0.20666268467903137
test_protein_6946,0.78494560718536377
test_protein_6952,0.1179572194814682
test_protein_6951,0.43835446238517761
test_protein_6955,0.37351614236831665
test_protein_6945,0.56828898191452026
test_protein_6957,0.62853127717971802
test_protein_6956,0.63995563983917236
test_protein_6953,0.99423742294311523
test_protein_6954,0.6720086932182312
test_protein_6963,0.27857166528701782
test_protein_6962,0.002301603090018034
test_protein_6960,0.25487789511680603
test_protein_6967,0.21086969971656799
test_protein_6958,0.89615821838378906
test_protein_6965,0.30660539865493774
test_protein_6959,0.49883118271827698
test_protein_6968,0.07416178286075592
test_protein_6961,0.56298345327377319
test_protein_6969,0.48848119378089905
test_protein_6964,0.58162641525268555
test_protein_6966,0.2392985075712204
test_protein_6971,0.68736404180526733
test_protein_6981,0.35626420378684998
test_protein_6970,0.37427318096160889
test_protein_6979,0.42029258608818054
test_protein_6978,0.77201586961746216
test_protein_6977,0.0075121531262993813
test_protein_6980,0.41944700479507446
test_protein_6972,0.12398281693458557
test_protein_6982,0.45767393708229065
test_protein_6975,0.57429814338684082
test_protein_6985,0.62140500545501709
test_protein_6973,0.82512772083282471
test_protein_6983,0.24963495135307312
test_protein_6974,0.48681128025054932
test_protein_6976,0.44103860855102539
test_protein_6986,0.74906396865844727
test_protein_6984,0.51758593320846558
test_protein_6993,0.58547604084014893
test_protein_6987,0.36691054701805115
test_protein_6990,0.80287611484527588
test_protein_6988,0.56122088432312012
test_protein_6989,0.31966853141784668
test_protein_6995,0.47035700082778931
test_protein_6997,0.76372033357620239
test_protein_7002,0.30993729829788208
test_protein_6996,0.413148432970047
test_protein_6991,0.16285000741481781
test_protein_6992,0.35144186019897461
test_protein_6994,0.0045238491147756577
test_protein_6998,0.68293702602386475
test_protein_6999,0.95663958787918091
test_protein_7001,0.46458655595779419
test_protein_7000,0.038170870393514633
test_protein_7006,0.92125540971755981
test_protein_7003,0.26340585947036743
test_protein_7005,0.67865204811096191
test_protein_7008,0.40468963980674744
test_protein_7007,0.75241959095001221
test_protein_7004,0.36145132780075073
test_protein_7011,0.33846881985664368
test_protein_7009,0.74786049127578735
test_protein_7010,0.81835806369781494
test_protein_7015,0.3344549834728241
test_protein_7013,0.14415441453456879
test_protein_7012,0.094485841691493988
test_protein_7014,0.018086522817611694
test_protein_7016,0.33437523245811462
test_protein_7020,0.6424332857131958
test_protein_7018,0.59149539470672607
test_protein_7025,0.54041188955307007
test_protein_7017,0.49007552862167358
test_protein_7021,0.20961007475852966
test_protein_7022,0.48016434907913208
test_protein_7019,0.89498358964920044
test_protein_7023,0.84177720546722412
test_protein_7026,0.13887141644954681
test_protein_7030,0.5764736533164978
test_protein_7024,0.31187918782234192
test_protein_7031,0.61097246408462524
test_protein_7029,0.37851196527481079
test_protein_7032,0.35840308666229248
test_protein_7028,0.51865535974502563
test_protein_7034,0.5996938943862915
test_protein_7033,0.064629010856151581
test_protein_7027,0.15643621981143951
test_protein_7039,0.013461771421134472
test_protein_7036,0.73055428266525269
test_protein_7037,0.79170429706573486
test_protein_7038,0.09954468160867691
test_protein_7035,0.69835823774337769
test_protein_7040,0.19515937566757202
test_protein_7041,0.46276387572288513
test_protein_7042,0.74781394004821777
test_protein_7044,0.041403010487556458
test_protein_7043,0.5398591160774231
test_protein_7051,0.4903431236743927
test_protein_7046,0.12844598293304443
test_protein_7045,0.15648588538169861
test_protein_7047,0.02837936207652092
test_protein_7055,0.67624348402023315
test_protein_7050,0.33634194731712341
test_protein_7054,0.035629495978355408
test_protein_7049,0.70859706401824951
test_protein_7048,0.61303508281707764
test_protein_7056,0.52608096599578857
test_protein_7052,0.026819715276360512
test_protein_7053,0.35366430878639221
test_protein_7059,0.061565179377794266
test_protein_7057,0.27088883519172668
test_protein_7058,0.63876909017562866
test_protein_7062,0.4433249831199646
test_protein_7060,0.059373002499341965
test_protein_7064,0.20581990480422974
test_protein_7065,0.13811647891998291
test_protein_7067,0.24809233844280243
test_protein_7061,0.38851308822631836
test_protein_7066,0.012719049118459225
test_protein_7063,0.080450229346752167
test_protein_7069,0.31881749629974365
test_protein_7068,0.29282039403915405
test_protein_7070,0.53876245021820068
test_protein_7072,0.65875917673110962
test_protein_7076,0.53825706243515015
test_protein_7075,0.5207018256187439
test_protein_7074,0.2442745715379715
test_protein_7073,0.75114774703979492
test_protein_7071,0.67983412742614746
test_protein_7078,0.52028489112854004
test_protein_7077,0.11883874982595444
test_protein_7079,0.12185686081647873
test_protein_7081,0.38200443983078003
test_protein_7080,0.15040691196918488
test_protein_7082,0.16777029633522034
test_protein_7085,0.30989518761634827
test_protein_7084,0.0032704200129956007
test_protein_7083,0.5391160249710083
test_protein_7087,0.48154610395431519
test_protein_7088,0.41789564490318298
test_protein_7086,0.17569279670715332
test_protein_7090,0.47129780054092407
test_protein_7089,0.40395191311836243
test_protein_7092,0.39234611392021179
test_protein_7091,0.53070873022079468
test_protein_7093,0.31318497657775879
test_protein_7094,0.58225470781326294
test_protein_7101,0.70842790603637695
test_protein_7095,0.22237859666347504
test_protein_7097,0.3385375440120697
test_protein_7096,0.49683788418769836
test_protein_7099,0.0096632782369852066
test_protein_7104,0.40842083096504211
test_protein_7098,0.77865535020828247
test_protein_7100,0.51210224628448486
test_protein_7103,0.3516673743724823
test_protein_7105,0.15230703353881836
test_protein_7102,0.39613118767738342
test_protein_7108,0.4355715811252594
test_protein_7109,0.10570025444030762
test_protein_7107,0.39014112949371338
test_protein_7112,0.60137492418289185
test_protein_7106,0.020966460928320885
test_protein_7110,0.53062450885772705
test_protein_7116,0.25626629590988159
test_protein_7111,0.30611315369606018
test_protein_7114,0.024849593639373779
test_protein_7113,0.037474144250154495
test_protein_7115,0.48153242468833923
test_protein_7118,0.45874714851379395
test_protein_7117,0.25060281157493591
test_protein_7119,0.33471545577049255
test_protein_7120,0.47451847791671753
test_protein_7121,0.24154901504516602
test_protein_7122,0.27197054028511047
test_protein_7123,0.55382978916168213
test_protein_7125,0.59255832433700562
test_protein_7124,0.11544807255268097
test_protein_7126,0.43128159642219543
test_protein_7127,0.6237342357635498
test_protein_7128,0.44555124640464783
test_protein_7130,0.029563179239630699
test_protein_7133,0.20662577450275421
test_protein_7129,0.48585444688796997
test_protein_7131,0.52560698986053467
test_protein_7135,0.24601545929908752
test_protein_7132,0.54567527770996094
test_protein_7134,0.62365835905075073
test_protein_7137,0.47890037298202515
test_protein_7136,0.26497024297714233
test_protein_7138,0.39295509457588196
test_protein_7140,0.72834473848342896
test_protein_7141,0.31027784943580627
test_protein_7143,0.50639224052429199
test_protein_7147,0.14189516007900238
test_protein_7139,0.072495348751544952
test_protein_7142,0.23845358192920685
test_protein_7144,0.41128972172737122
test_protein_7145,0.66873669624328613
test_protein_7146,0.55051314830780029
test_protein_7149,0.25936263799667358
test_protein_7148,0.29585632681846619
test_protein_7152,0.56709188222885132
test_protein_7150,0.49587178230285645
test_protein_7153,0.21863141655921936
test_protein_7157,0.308165043592453
test_protein_7151,0.57721692323684692
test_protein_7154,0.55136406421661377
test_protein_7155,0.098334774374961853
test_protein_7158,0.4698147177696228
test_protein_7160,0.446531742811203
test_protein_7159,0.65463542938232422
test_protein_7156,0.63620495796203613
test_protein_7162,0.59890460968017578
test_protein_7165,0.24204494059085846
test_protein_7161,0.44626116752624512
test_protein_7163,0.11449802666902542
test_protein_7164,0.37355285882949829
test_protein_7166,0.69695061445236206
test_protein_7167,0.47624710202217102
test_protein_7169,0.65812742710113525
test_protein_7170,0.067535392940044403
test_protein_7171,0.21128036081790924
test_protein_7168,0.33858266472816467
test_protein_7172,0.5742296576499939
test_protein_7175,0.44078165292739868
test_protein_7173,0.49207669496536255
test_protein_7174,0.38432672619819641
test_protein_7176,0.11286962777376175
test_protein_7181,0.021704703569412231
test_protein_7179,0.55624872446060181
test_protein_7178,0.40280592441558838
test_protein_7183,0.70982581377029419
test_protein_7182,0.28981491923332214
test_protein_7180,0.029814761132001877
test_protein_7177,0.40038889646530151
test_protein_7184,0.61344116926193237
test_protein_7189,0.49867343902587891
test_protein_7186,0.37166279554367065
test_protein_7187,0.32885420322418213
test_protein_7190,0.59923392534255981
test_protein_7185,0.024874668568372726
test_protein_7188,0.5385621190071106
test_protein_7191,0.15884865820407867
test_protein_7195,0.43352362513542175
test_protein_7192,0.28755068778991699
test_protein_7194,0.32768949866294861
test_protein_7193,0.60024821758270264
test_protein_7196,0.16270045936107635
test_protein_7199,0.087873190641403198
test_protein_7197,0.094940587878227234
test_protein_7198,0.020792737603187561
test_protein_7201,0.38649240136146545
test_protein_7205,0.46419018507003784
test_protein_7202,0.55089366436004639
test_protein_7203,0.13475903868675232
test_protein_7200,0.53886127471923828
test_protein_7206,0.55313766002655029
test_protein_7207,0.025143496692180634
test_protein_7204,0.30248540639877319
test_protein_7209,0.46670821309089661
test_protein_7208,0.041402783244848251
test_protein_7210,0.44038808345794678
test_protein_7211,0.34873738884925842
test_protein_7212,0.07763998955488205
test_protein_7213,0.42861655354499817
test_protein_7215,0.5115501880645752
test_protein_7214,0.60797816514968872
test_protein_7216,0.44572433829307556
test_protein_7217,0.37269479036331177
test_protein_7218,0.54184114933013916
test_protein_7219,0.42608550190925598
test_protein_7220,0.58851790428161621
test_protein_7221,0.47109389305114746
test_protein_7228,0.16338388621807098
test_protein_7222,0.65706902742385864
test_protein_7225,0.14347495138645172
test_protein_7226,0.52606427669525146
test_protein_7227,0.56527090072631836
test_protein_7223,0.4451897144317627
test_protein_7224,0.21930399537086487
test_protein_7229,0.29552584886550903
test_protein_7232,0.046425871551036835
test_protein_7234,0.51944065093994141
test_protein_7231,0.11131416261196136
test_protein_7230,0.83431202173233032
test_protein_7233,0.011438999325037003
test_protein_7236,0.38400539755821228
test_protein_7237,0.37460470199584961
test_protein_7239,0.039126325398683548
test_protein_7238,0.51861268281936646
test_protein_7241,0.68983829021453857
test_protein_7235,0.25794523954391479
test_protein_7240,0.072172760963439941
test_protein_7243,0.004551915917545557
test_protein_7244,0.40801495313644409
test_protein_7249,0.09241119772195816
test_protein_7242,0.77311718463897705
test_protein_7245,0.44307646155357361
test_protein_7247,0.18812380731105804
test_protein_7246,0.35122710466384888
test_protein_7248,0.70402616262435913
test_protein_7252,0.057757709175348282
test_protein_7251,0.44244644045829773
test_protein_7250,0.33969542384147644
test_protein_7254,6.7592696950669051e-07
test_protein_7257,0.58339387178421021
test_protein_7255,0.60074126720428467
test_protein_7253,0.049248188734054565
test_protein_7256,0.26402470469474792
test_protein_7258,0.087929330766201019
test_protein_7260,0.468485027551651
test_protein_7259,0.35867145657539368
test_protein_7262,0.36556780338287354
test_protein_7261,0.041184451431035995
test_protein_7263,0.3850325345993042
test_protein_7264,0.41689950227737427
test_protein_7265,0.33272004127502441
test_protein_7266,0.11447412520647049
test_protein_7267,0.15973429381847382
test_protein_7271,0.33173802495002747
test_protein_7268,0.5946928858757019
test_protein_7273,0.50718194246292114
test_protein_7274,0.409810870885849
test_protein_7272,0.58168268203735352
test_protein_7270,0.49602308869361877
test_protein_7275,0.24073627591133118
test_protein_7269,0.47415772080421448
test_protein_7277,0.71753638982772827
test_protein_7280,0.54405200481414795
test_protein_7276,0.56779569387435913
test_protein_7284,0.60798507928848267
test_protein_7278,0.65480875968933105
test_protein_7281,0.12021851539611816
test_protein_7279,0.16001814603805542
test_protein_7282,0.55304020643234253
test_protein_7283,0.008808148093521595
test_protein_7285,0.16506162285804749
test_protein_7286,0.5375092625617981
test_protein_7287,0.13800622522830963
test_protein_7289,0.18072058260440826
test_protein_7288,0.57619422674179077
test_protein_7295,0.55682593584060669
test_protein_7290,0.0003737865190487355
test_protein_7291,0.43084466457366943
test_protein_7294,0.79356926679611206
test_protein_7292,0.38200023770332336
test_protein_7296,0.58249026536941528
test_protein_7297,0.47188419103622437
test_protein_7293,0.026080021634697914
test_protein_7298,0.0032423217780888081
test_protein_7301,0.34056547284126282
test_protein_7302,0.06442047655582428
test_protein_7300,0.74532550573348999
test_protein_7299,0.36961677670478821
test_protein_7304,0.45838212966918945
test_protein_7305,0.22921687364578247
test_protein_7303,0.33968958258628845
test_protein_7310,0.4259745180606842
test_protein_7308,0.57565933465957642
test_protein_7306,0.012657195329666138
test_protein_7311,0.25496679544448853
test_protein_7309,0.55213254690170288
test_protein_7307,0.064102306962013245
test_protein_7314,0.35036435723304749
test_protein_7318,0.63205069303512573
test_protein_7312,0.065165229141712189
test_protein_7313,0.39530882239341736
test_protein_7315,0.11704609543085098
test_protein_7317,0.16576807200908661
test_protein_7316,0.41069447994232178
test_protein_7323,0.17987903952598572
test_protein_7324,0.025469986721873283
test_protein_7325,0.5793718695640564
test_protein_7321,0.23914672434329987
test_protein_7320,0.14966599643230438
test_protein_7319,0.17946381866931915
test_protein_7326,0.20437200367450714
test_protein_7322,0.30317413806915283
test_protein_7327,0.28319633007049561
test_protein_7330,0.20909225940704346
test_protein_7328,0.95920354127883911
test_protein_7332,0.066545784473419189
test_protein_7331,0.51736962795257568
test_protein_7335,0.30730724334716797
test_protein_7334,0.47031781077384949
test_protein_7333,0.20173750817775726
test_protein_7329,0.54005074501037598
test_protein_7339,0.41073304414749146
test_protein_7341,0.12985645234584808
test_protein_7340,0.50520557165145874
test_protein_7338,0.45620402693748474
test_protein_7337,0.09828619658946991
test_protein_7342,0.29942587018013
test_protein_7336,0.17332231998443604
test_protein_7344,0.24323059618473053
test_protein_7347,0.8211205005645752
test_protein_7343,0.12512382864952087
test_protein_7351,0.31744828820228577
test_protein_7346,0.28239801526069641
test_protein_7353,0.4182833731174469
test_protein_7350,0.14040380716323853
test_protein_7349,0.54022902250289917
test_protein_7348,0.5068175196647644
test_protein_7352,0.21498282253742218
test_protein_7345,0.74334824085235596
test_protein_7356,0.47993817925453186
test_protein_7355,0.15965068340301514
test_protein_7354,0.54790580272674561
test_protein_7357,0.28574040532112122
test_protein_7362,0.055861141532659531
test_protein_7361,0.17616879940032959
test_protein_7358,0.55275237560272217
test_protein_7360,0.25124809145927429
test_protein_7363,0.6487196683883667
test_protein_7367,0.85735714435577393
test_protein_7365,0.092069134116172791
test_protein_7359,0.57994741201400757
test_protein_7364,0.38137871026992798
test_protein_7366,0.38921797275543213
test_protein_7368,0.10001428425312042
test_protein_7370,0.24132496118545532
test_protein_7372,0.26805451512336731
test_protein_7369,0.2383149117231369
test_protein_7371,0.51082444190979004
test_protein_7373,0.68111908435821533
test_protein_7378,0.27277666330337524
test_protein_7377,0.071911521255970001
test_protein_7380,0.16188304126262665
test_protein_7374,0.14665780961513519
test_protein_7375,0.48321264982223511
test_protein_7376,0.0016425029607489705
test_protein_7383,0.52908980846405029
test_protein_7381,0.4500618577003479
test_protein_7379,0.019773324951529503
test_protein_7382,0.44690760970115662
test_protein_7385,0.96511536836624146
test_protein_7386,0.42912125587463379
test_protein_7387,0.42995339632034302
test_protein_7384,0.2372564822435379
test_protein_7393,0.15659667551517487
test_protein_7389,0.53909695148468018
test_protein_7391,0.73379719257354736
test_protein_7388,0.15063002705574036
test_protein_7392,0.73182272911071777
test_protein_7396,0.0095557970926165581
test_protein_7394,0.69981199502944946
test_protein_7395,0.46593627333641052
test_protein_7390,0.47369688749313354
test_protein_7399,0.26905721426010132
test_protein_7397,0.23299676179885864
test_protein_7398,0.22288708388805389
test_protein_7401,0.35004749894142151
test_protein_7400,0.35414913296699524
test_protein_7402,0.018941476941108704
test_protein_7406,0.055057581514120102
test_protein_7403,0.30726554989814758
test_protein_7405,0.066861905157566071
test_protein_7408,0.61382263898849487
test_protein_7407,0.11851831525564194
test_protein_7404,0.42776027321815491
test_protein_7410,0.13243189454078674
test_protein_7409,0.64714956283569336
test_protein_7413,0.47991961240768433
test_protein_7415,0.071813531219959259
test_protein_7411,0.27651804685592651
test_protein_7417,0.38713371753692627
test_protein_7416,0.11911921203136444
test_protein_7414,0.051174603402614594
test_protein_7412,0.3972039520740509
test_protein_7419,0.13858085870742798
test_protein_7423,0.77629411220550537
test_protein_7420,0.086510822176933289
test_protein_7421,0.45543691515922546
test_protein_7418,0.48138663172721863
test_protein_7424,0.5332915186882019
test_protein_7428,0.40531182289123535
test_protein_7425,0.091545276343822479
test_protein_7422,0.2096996009349823
test_protein_7430,0.30183419585227966
test_protein_7427,0.00088441412663087249
test_protein_7432,0.6248939037322998
test_protein_7429,0.26639941334724426
test_protein_7431,0.521889328956604
test_protein_7426,0.38664248585700989
test_protein_7436,0.36570268869400024
test_protein_7433,0.36962226033210754
test_protein_7437,0.73028755187988281
test_protein_7438,0.22131921350955963
test_protein_7439,0.69416570663452148
test_protein_7435,0.28719556331634521
test_protein_7434,0.039372064173221588
test_protein_7442,0.48381173610687256
test_protein_7447,0.29122987389564514
test_protein_7441,0.1770443320274353
test_protein_7440,0.34179607033729553
test_protein_7443,0.51252758502960205
test_protein_7444,0.045005839318037033
test_protein_7445,0.014139334671199322
test_protein_7446,0.36324185132980347
test_protein_7450,0.09191836416721344
test_protein_7449,0.16767741739749908
test_protein_7448,0.010673579759895802
test_protein_7451,0.63412874937057495
test_protein_7452,0.21873807907104492
test_protein_7455,0.3347676694393158
test_protein_7453,0.43962609767913818
test_protein_7454,0.21241265535354614
test_protein_7456,0.48580712080001831
test_protein_7459,0.18507997691631317
test_protein_7457,0.21156251430511475
test_protein_7461,0.67905992269515991
test_protein_7460,0.79875284433364868
test_protein_7462,0.22886510193347931
test_protein_7458,0.10935831069946289
test_protein_7467,0.66402554512023926
test_protein_7468,0.090403094887733459
test_protein_7463,0.077393852174282074
test_protein_7465,0.55706214904785156
test_protein_7470,0.35831427574157715
test_protein_7466,0.35735002160072327
test_protein_7464,0.84818345308303833
test_protein_7471,0.07863510400056839
test_protein_7469,0.46450260281562805
test_protein_7473,0.47207885980606079
test_protein_7475,0.41907110810279846
test_protein_7472,0.80299103260040283
test_protein_7477,0.68184822797775269
test_protein_7476,0.15650290250778198
test_protein_7474,0.67702317237854004
test_protein_7483,0.015946365892887115
test_protein_7481,0.45031943917274475
test_protein_7478,0.33338984847068787
test_protein_7488,0.49365025758743286
test_protein_7482,0.35341861844062805
test_protein_7480,0.1244237869977951
test_protein_7485,0.46916887164115906
test_protein_7479,0.52187687158584595
test_protein_7484,0.65782135725021362
test_protein_7486,0.0082978857681155205
test_protein_7487,0.45392781496047974
test_protein_7490,0.50912636518478394
test_protein_7493,0.43633845448493958
test_protein_7494,0.35763528943061829
test_protein_7491,0.5796930193901062
test_protein_7489,0.36783748865127563
test_protein_7492,0.99316024780273438
test_protein_7495,0.29353326559066772
test_protein_7497,0.26531636714935303
test_protein_7500,0.55672276020050049
test_protein_7502,0.4150862991809845
test_protein_7501,0.083785638213157654
test_protein_7499,0.15050823986530304
test_protein_7504,0.24099205434322357
test_protein_7506,0.45836561918258667
test_protein_7498,0.06235431507229805
test_protein_7496,0.085385926067829132
test_protein_7505,0.64116787910461426
test_protein_7508,0.66866594552993774
test_protein_7507,0.19241029024124146
test_protein_7509,0.44789549708366394
test_protein_7503,0.11028636246919632
test_protein_7511,0.63720196485519409
test_protein_7514,0.27353748679161072
test_protein_7510,0.53339689970016479
test_protein_7513,0.34083542227745056
test_protein_7516,0.43205302953720093
test_protein_7515,0.40619382262229919
test_protein_7519,0.39440959692001343
test_protein_7517,0.17199380695819855
test_protein_7523,0.18262261152267456
test_protein_7512,0.43746870756149292
test_protein_7518,0.045984823256731033
test_protein_7520,0.42733767628669739
test_protein_7522,0.30623841285705566
test_protein_7521,0.47048488259315491
test_protein_7525,0.0027666271198540926
test_protein_7527,0.25168496370315552
test_protein_7524,0.59063577651977539
test_protein_7526,0.37677726149559021
test_protein_7528,0.42381012439727783
test_protein_7531,0.82886230945587158
test_protein_7529,0.63432472944259644
test_protein_7532,0.73926371335983276
test_protein_7530,0.47520384192466736
test_protein_7535,0.33342695236206055
test_protein_7533,0.32915613055229187
test_protein_7534,0.044109735637903214
test_protein_7537,0.39696982502937317
test_protein_7536,0.3616759181022644
test_protein_7538,0.33828616142272949
test_protein_7540,0.46493148803710938
test_protein_7547,0.45183911919593811
test_protein_7539,0.34940698742866516
test_protein_7542,0.79934346675872803
test_protein_7543,0.07088981568813324
test_protein_7541,0.075012892484664917
test_protein_7544,0.59079670906066895
test_protein_7549,0.42936164140701294
test_protein_7551,0.14923954010009766
test_protein_7545,0.6908266544342041
test_protein_7548,0.029105549678206444
test_protein_7550,0.017769167199730873
test_protein_7546,0.52064943313598633
test_protein_7552,0.32852461934089661
test_protein_7553,0.29965072870254517
test_protein_7555,0.99146091938018799
test_protein_7556,0.69385957717895508
test_protein_7554,0.020254509523510933
test_protein_7557,0.00097655830904841423
test_protein_7560,0.0062732575461268425
test_protein_7564,0.02405264601111412
test_protein_7563,0.28361424803733826
test_protein_7565,0.37872415781021118
test_protein_7566,0.27371999621391296
test_protein_7558,0.21898525953292847
test_protein_7559,0.0037579301279038191
test_protein_7562,0.10057314485311508
test_protein_7569,0.22110830247402191
test_protein_7561,0.51245951652526855
test_protein_7567,0.19415640830993652
test_protein_7568,0.23446351289749146
test_protein_7570,0.2043524831533432
test_protein_7571,0.2122911810874939
test_protein_7573,0.10944987833499908
test_protein_7572,0.42186471819877625
test_protein_7576,0.095499224960803986
test_protein_7574,0.0011471868492662907
test_protein_7579,0.96602660417556763
test_protein_7578,0.32368844747543335
test_protein_7575,0.59544956684112549
test_protein_7577,0.66857767105102539
test_protein_7580,0.67282432317733765
test_protein_7581,0.12537196278572083
test_protein_7582,0.019375128671526909
test_protein_7583,0.35008391737937927
test_protein_7584,0.4694589376449585
test_protein_7587,0.22085094451904297
test_protein_7586,0.48386567831039429
test_protein_7585,0.4466668963432312
test_protein_7591,0.31281229853630066
test_protein_7592,0.013987235724925995
test_protein_7590,0.35663855075836182
test_protein_7588,0.25266307592391968
test_protein_7589,0.3954986035823822
test_protein_7593,0.36358124017715454
test_protein_7596,0.55951792001724243
test_protein_7595,0.43567311763763428
test_protein_7594,0.053457807749509811
test_protein_7599,0.49044206738471985
test_protein_7598,0.43567699193954468
test_protein_7597,0.39950376749038696
test_protein_7600,0.42224892973899841
test_protein_7601,0.6652790904045105
test_protein_7606,0.45865339040756226
test_protein_7602,0.092836782336235046
test_protein_7605,0.48230615258216858
test_protein_7604,0.80227607488632202
test_protein_7603,0.39384767413139343
test_protein_7610,0.18501372635364532
test_protein_7608,0.45410364866256714
test_protein_7609,0.61266052722930908
test_protein_7607,0.46473085880279541
test_protein_7612,0.0021741650998592377
test_protein_7613,0.38644570112228394
test_protein_7611,0.50416511297225952
test_protein_7614,0.50931394100189209
test_protein_7617,0.34488356113433838
test_protein_7616,0.26903349161148071
test_protein_7620,0.1212938129901886
test_protein_7618,0.71753472089767456
test_protein_7619,0.37216848134994507
test_protein_7615,0.37724107503890991
test_protein_7624,0.37696465849876404
test_protein_7621,0.605671226978302
test_protein_7626,0.27461478114128113
test_protein_7622,0.050790291279554367
test_protein_7625,0.47382238507270813
test_protein_7623,0.31818681955337524
test_protein_7628,0.56721514463424683
test_protein_7629,0.87185657024383545
test_protein_7634,0.48874226212501526
test_protein_7632,0.44141244888305664
test_protein_7627,0.5534895658493042
test_protein_7633,0.54087579250335693
test_protein_7631,0.23547463119029999
test_protein_7635,0.17970137298107147
test_protein_7630,0.45414555072784424
test_protein_7636,0.23022483289241791
test_protein_7639,0.47209915518760681
test_protein_7647,0.55541735887527466
test_protein_7641,0.92010867595672607
test_protein_7638,0.60604357719421387
test_protein_7637,0.44607105851173401
test_protein_7642,0.97556698322296143
test_protein_7643,0.64045518636703491
test_protein_7640,0.85334879159927368
test_protein_7644,0.40645191073417664
test_protein_7645,0.96102529764175415
test_protein_7648,0.26728785037994385
test_protein_7646,0.32605817914009094
test_protein_7652,0.95541363954544067
test_protein_7649,0.390525221824646
test_protein_7650,0.00073719630017876625
test_protein_7651,0.23005671799182892
test_protein_7657,0.57272768020629883
test_protein_7653,0.49092948436737061
test_protein_7658,0.19535245001316071
test_protein_7655,0.96316605806350708
test_protein_7656,0.52095884084701538
test_protein_7654,0.75012665987014771
test_protein_7659,0.37115967273712158
test_protein_7665,0.11234300583600998
test_protein_7662,0.77147400379180908
test_protein_7667,0.47876596450805664
test_protein_7661,0.40368545055389404
test_protein_7663,0.60186183452606201
test_protein_7664,0.50790506601333618
test_protein_7668,0.41177442669868469
test_protein_7666,0.0011462746188044548
test_protein_7669,0.051574844866991043
test_protein_7676,0.83339440822601318
test_protein_7671,0.45093950629234314
test_protein_7660,0.34610447287559509
test_protein_7670,0.98819947242736816
test_protein_7675,0.99950289726257324
test_protein_7672,0.2016245573759079
test_protein_7674,0.37446579337120056
test_protein_7678,0.64582818746566772
test_protein_7680,0.70013320446014404
test_protein_7677,0.31222647428512573
test_protein_7683,0.0080379359424114227
test_protein_7684,0.71636343002319336
test_protein_7682,0.28310501575469971
test_protein_7685,0.50034034252166748
test_protein_7679,0.79956018924713135
test_protein_7673,0.72206372022628784
test_protein_7681,0.43286570906639099
test_protein_7689,0.35519242286682129
test_protein_7688,0.4470902681350708
test_protein_7686,0.31998065114021301
test_protein_7687,0.26874402165412903
test_protein_7694,0.57033687829971313
test_protein_7693,0.046630363911390305
test_protein_7690,0.95840901136398315
test_protein_7691,0.27011469006538391
test_protein_7692,0.84009963274002075
test_protein_7695,0.35875794291496277
test_protein_7699,0.58840370178222656
test_protein_7696,0.11226708441972733
test_protein_7697,0.36159580945968628
test_protein_7698,0.25310167670249939
test_protein_7703,0.34974119067192078
test_protein_7702,0.71886372566223145
test_protein_7704,0.35831120610237122
test_protein_7705,0.52823567390441895
test_protein_7700,0.53547728061676025
test_protein_7701,0.31842917203903198
test_protein_7708,0.1025458350777626
test_protein_7706,0.35308802127838135
test_protein_7707,0.55653423070907593
test_protein_7709,0.47420200705528259
test_protein_7711,0.54024970531463623
test_protein_7710,0.41709870100021362
test_protein_7712,0.25062498450279236
test_protein_7713,0.87915569543838501
test_protein_7715,0.2638237476348877
test_protein_7714,0.31212684512138367
test_protein_7716,0.60605323314666748
test_protein_7717,0.19755017757415771
test_protein_7719,0.0062329960055649281
test_protein_7722,0.50540262460708618
test_protein_7720,0.59047782421112061
test_protein_7718,0.079207703471183777
test_protein_7721,0.52129077911376953
test_protein_7723,0.44090047478675842
test_protein_7724,0.13434481620788574
test_protein_7725,0.63974767923355103
test_protein_7726,0.24115484952926636
test_protein_7727,0.51826822757720947
test_protein_7729,0.21014858782291412
test_protein_7730,0.64654898643493652
test_protein_7731,0.39433389902114868
test_protein_7733,0.46681639552116394
test_protein_7732,0.48529455065727234
test_protein_7728,0.26964354515075684
test_protein_7735,0.54530948400497437
test_protein_7740,0.29314175248146057
test_protein_7739,0.30166348814964294
test_protein_7736,0.46779507398605347
test_protein_7734,0.3637414276599884
test_protein_7741,0.65236556529998779
test_protein_7737,0.36508598923683167
test_protein_7738,0.23888657987117767
test_protein_7742,0.44687262177467346
test_protein_7745,0.48080810904502869
test_protein_7743,0.43066698312759399
test_protein_7744,0.0077889342792332172
test_protein_7746,0.94927376508712769
test_protein_7747,0.30009692907333374
test_protein_7748,0.35568246245384216
test_protein_7749,0.51099950075149536
test_protein_7750,0.71504837274551392
test_protein_7752,0.51008862257003784
test_protein_7751,0.3763079047203064
test_protein_7757,0.5128905177116394
test_protein_7755,0.044552408158779144
test_protein_7753,0.33276951313018799
test_protein_7754,0.50278133153915405
test_protein_7756,0.14777854084968567
test_protein_7758,0.057535205036401749
test_protein_7761,0.29500636458396912
test_protein_7760,0.48423701524734497
test_protein_7759,0.28819984197616577
test_protein_7762,0.3888792097568512
test_protein_7764,0.04839077964425087
test_protein_7765,0.53024619817733765
test_protein_7766,0.0080340579152107239
test_protein_7767,0.099587991833686829
test_protein_7763,0.21408957242965698
test_protein_7770,0.4447777271270752
test_protein_7768,0.476967453956604
test_protein_7773,0.36766579747200012
test_protein_7771,0.70716357231140137
test_protein_7769,0.42499193549156189
test_protein_7772,0.29758390784263611
test_protein_7776,0.46058773994445801
test_protein_7775,0.61224353313446045
test_protein_7774,0.36966997385025024
test_protein_7781,0.51922667026519775
test_protein_7777,0.3271457850933075
test_protein_7778,0.15353329479694366
test_protein_7780,0.22206960618495941
test_protein_7783,0.33410698175430298
test_protein_7779,0.031503841280937195
test_protein_7782,0.41184371709823608
test_protein_7784,0.59374690055847168
test_protein_7785,0.45781350135803223
test_protein_7786,0.61111712455749512
test_protein_7787,0.42517870664596558
test_protein_7788,0.1836952269077301
test_protein_7789,0.42994850873947144
test_protein_7790,0.37198236584663391
test_protein_7792,0.23009361326694489
test_protein_7793,0.5739862322807312
test_protein_7791,0.55477827787399292
test_protein_7794,0.33389401435852051
test_protein_7797,0.39214575290679932
test_protein_7795,0.32754406332969666
test_protein_7796,0.42399033904075623
test_protein_7798,0.21088406443595886
test_protein_7799,0.21934343874454498
test_protein_7802,0.53871005773544312
test_protein_7800,0.076854340732097626
test_protein_7801,0.32503527402877808
test_protein_7803,0.20259200036525726
test_protein_7806,0.45325323939323425
test_protein_7804,0.30485329031944275
test_protein_7809,0.42254400253295898
test_protein_7805,0.31737473607063293
test_protein_7807,0.29222217202186584
test_protein_7811,0.45604845881462097
test_protein_7808,0.34390226006507874
test_protein_7812,0.86063873767852783
test_protein_7810,0.18470191955566406
test_protein_7813,0.54704451560974121
test_protein_7815,0.26104143261909485
test_protein_7821,0.48949962854385376
test_protein_7814,0.080261379480361938
test_protein_7820,0.46057799458503723
test_protein_7818,0.472779780626297
test_protein_7817,0.00032578132231719792
test_protein_7816,0.44425186514854431
test_protein_7819,0.28104689717292786
test_protein_7824,0.3960079550743103
test_protein_7822,0.33540815114974976
test_protein_7823,0.74225085973739624
test_protein_7826,0.0001064368843799457
test_protein_7828,0.41447702050209045
test_protein_7829,0.31199586391448975
test_protein_7830,0.10815047472715378
test_protein_7825,0.48651844263076782
test_protein_7827,0.50710523128509521
test_protein_7834,0.5959850549697876
test_protein_7831,0.56706303358078003
test_protein_7836,0.54511833190917969
test_protein_7835,0.029367849230766296
test_protein_7832,0.0015362778212875128
test_protein_7839,0.60592138767242432
test_protein_7838,0.38055419921875
test_protein_7833,0.17441745102405548
test_protein_7837,0.30096712708473206
test_protein_7840,0.041548527777194977
test_protein_7841,0.65782326459884644
test_protein_7843,0.10841145366430283
test_protein_7842,0.16604280471801758
