name,prob_pos
test_protein_1,0.033754300326108932
test_protein_3,0.56204444169998169
test_protein_4,0.014968318864703178
test_protein_2,0.18691219389438629
test_protein_5,0.20324864983558655
test_protein_8,0.564808189868927
test_protein_6,0.81695002317428589
test_protein_7,0.90384054183959961
test_protein_9,0.74895220994949341
test_protein_11,0.86764895915985107
test_protein_12,0.40223440527915955
test_protein_10,0.46442010998725891
test_protein_13,0.4163842499256134
test_protein_14,0.12601236999034882
test_protein_20,0.044789150357246399
test_protein_18,0.71690201759338379
test_protein_17,0.37633609771728516
test_protein_15,0.054004237055778503
test_protein_19,0.40319067239761353
test_protein_24,0.51970517635345459
test_protein_23,0.33983367681503296
test_protein_16,0.068479828536510468
test_protein_21,0.25682362914085388
test_protein_22,0.27042755484580994
test_protein_27,0.57694083452224731
test_protein_26,0.29741165041923523
test_protein_28,0.64230102300643921
test_protein_25,0.55917412042617798
test_protein_29,0.99961578845977783
test_protein_32,0.097544319927692413
test_protein_31,0.18188965320587158
test_protein_35,0.12908811867237091
test_protein_30,0.90778017044067383
test_protein_38,0.99955481290817261
test_protein_39,0.14652049541473389
test_protein_34,0.49872231483459473
test_protein_36,0.10905173420906067
test_protein_40,0.006257140077650547
test_protein_41,0.52587193250656128
test_protein_37,0.16864213347434998
test_protein_33,0.12205755710601807
test_protein_42,0.54777508974075317
test_protein_43,0.4440656304359436
test_protein_45,0.43432316184043884
test_protein_44,0.28020861744880676
test_protein_46,0.28118464350700378
test_protein_50,0.14593605697154999
test_protein_47,0.308724045753479
test_protein_48,0.33382564783096313
test_protein_54,0.37794044613838196
test_protein_49,0.096917979419231415
test_protein_51,0.27012255787849426
test_protein_52,0.59949964284896851
test_protein_53,0.0031272540800273418
test_protein_61,0.22536104917526245
test_protein_55,1.7338534235022962e-06
test_protein_57,0.065926335752010345
test_protein_62,0.13495829701423645
test_protein_64,0.31436699628829956
test_protein_63,0.090062044560909271
test_protein_56,4.0530676415073685e-07
test_protein_60,0.11717887222766876
test_protein_65,0.28005573153495789
test_protein_59,0.46589240431785583
test_protein_66,0.15768778324127197
test_protein_58,0.15820495784282684
test_protein_67,0.15674960613250732
test_protein_68,0.23486380279064178
test_protein_69,0.24783279001712799
test_protein_72,0.26939311623573303
test_protein_71,0.25707170367240906
test_protein_74,0.9302935004234314
test_protein_73,0.19771039485931396
test_protein_76,0.68337339162826538
test_protein_75,0.021287648007273674
test_protein_70,0.18535226583480835
test_protein_82,1
test_protein_77,0.30592328310012817
test_protein_79,0.50318455696105957
test_protein_81,0.99110937118530273
test_protein_80,0.7013775110244751
test_protein_78,0.75511521100997925
test_protein_84,5.4855157941346988e-05
test_protein_83,0.50701212882995605
test_protein_87,0.040671054273843765
test_protein_85,0.26382961869239807
test_protein_86,0.00031459750607609749
test_protein_90,0.1906266063451767
test_protein_92,0.99898749589920044
test_protein_93,0.028785975649952888
test_protein_88,0.15022344887256622
test_protein_96,0.0037532700225710869
test_protein_95,0.3008749783039093
test_protein_94,0.95876258611679077
test_protein_89,0.070081986486911774
test_protein_91,0.25985673069953918
test_protein_97,0.53394192457199097
test_protein_101,0.29884824156761169
test_protein_99,0.59690976142883301
test_protein_98,0.26290750503540039
test_protein_100,0.0086505794897675514
test_protein_104,0.55085760354995728
test_protein_103,0.55440503358840942
test_protein_102,0.34577390551567078
test_protein_106,0.18145127594470978
test_protein_113,0.017277395352721214
test_protein_107,0.20953024923801422
test_protein_109,0.50340092182159424
test_protein_108,0.080161534249782562
test_protein_111,0.2460516095161438
test_protein_114,0.010807767510414124
test_protein_110,0.054435309022665024
test_protein_105,0.43611893057823181
test_protein_112,0.23701521754264832
test_protein_118,0.68713808059692383
test_protein_116,0.022447308525443077
test_protein_117,0.046354420483112335
test_protein_122,8.0943478678818792e-05
test_protein_115,0.31822887063026428
test_protein_119,0.20226296782493591
test_protein_121,0.25545364618301392
test_protein_120,0.18536706268787384
test_protein_124,0.35089763998985291
test_protein_127,0.47240224480628967
test_protein_137,0.014950315468013287
test_protein_130,0.11135269701480865
test_protein_128,0.46654343605041504
test_protein_129,0.41207471489906311
test_protein_135,0.69576877355575562
test_protein_123,0.42672902345657349
test_protein_132,0.28902760148048401
test_protein_125,0.00038138279342092574
test_protein_126,4.244350861881685e-07
test_protein_131,0.31789648532867432
test_protein_133,0.27223023772239685
test_protein_134,0.30674093961715698
test_protein_138,0.11530178785324097
test_protein_136,0.012910990044474602
test_protein_139,0.057009395211935043
test_protein_142,0.35976743698120117
test_protein_143,0.2821694016456604
test_protein_146,0.44097557663917542
test_protein_149,0.019915757700800896
test_protein_144,0.24291299283504486
test_protein_140,0.32228150963783264
test_protein_141,0.1269703209400177
test_protein_145,0.28598242998123169
test_protein_148,0.11352173238992691
test_protein_150,0.24062931537628174
test_protein_152,0.36132299900054932
test_protein_147,0.0043263845145702362
test_protein_157,0.041478611528873444
test_protein_154,0.66172707080841064
test_protein_153,0.25632584095001221
test_protein_151,0.19868995249271393
test_protein_158,0.36088597774505615
test_protein_155,0.040432244539260864
test_protein_161,0.26874762773513794
test_protein_156,0.059708096086978912
test_protein_159,0.99093151092529297
test_protein_162,0.59563398361206055
test_protein_160,0.99824583530426025
test_protein_163,0.2234838604927063
test_protein_164,0.28265067934989929
test_protein_168,0.00060425972333177924
test_protein_165,0.096758544445037842
test_protein_171,0.097468346357345581
test_protein_169,0.20655554533004761
test_protein_167,2.0293316993047483e-05
test_protein_166,0.017479151487350464
test_protein_170,0.21165624260902405
test_protein_174,0.44060376286506653
test_protein_172,0.97954320907592773
test_protein_177,0.31295454502105713
test_protein_173,0.12920063734054565
test_protein_178,0.98132956027984619
test_protein_180,0.10076248645782471
test_protein_182,0.030822025611996651
test_protein_181,0.29813838005065918
test_protein_175,0.7225956916809082
test_protein_183,0.24042811989784241
test_protein_176,0.26733097434043884
test_protein_184,0.83645892143249512
test_protein_179,0.0067378687672317028
test_protein_192,0.39892306923866272
test_protein_188,0.98678731918334961
test_protein_185,0.5306587815284729
test_protein_187,0.78027009963989258
test_protein_190,0.54315811395645142
test_protein_186,0.45274767279624939
test_protein_194,0.22440361976623535
test_protein_191,0.41190171241760254
test_protein_195,0.20563940703868866
test_protein_197,0.2064899206161499
test_protein_200,0.3041040301322937
test_protein_189,0.44836995005607605
test_protein_199,0.17667378485202789
test_protein_201,0.3494393527507782
test_protein_193,0.1088375449180603
test_protein_203,0.77395987510681152
test_protein_202,0.41012492775917053
test_protein_204,0.20285284519195557
test_protein_196,0.63238817453384399
test_protein_198,0.2125106006860733
test_protein_211,0.98200821876525879
test_protein_208,0.12366743385791779
test_protein_207,0.27277931571006775
test_protein_205,0.50586408376693726
test_protein_206,0.25607812404632568
test_protein_209,0.48763889074325562
test_protein_212,0.13070797920227051
test_protein_214,0.026246998459100723
test_protein_210,0.014961414039134979
test_protein_219,0.16545100510120392
test_protein_216,0.66643232107162476
test_protein_218,0.16640888154506683
test_protein_221,0.076010145246982574
test_protein_217,0.051129449158906937
test_protein_215,0.83061748743057251
test_protein_222,0.17303955554962158
test_protein_225,0.58368527889251709
test_protein_227,0.526847243309021
test_protein_224,0.034795511513948441
test_protein_213,0.64737671613693237
test_protein_220,0.022452481091022491
test_protein_223,0.059234987944364548
test_protein_226,0.33266383409500122
test_protein_228,0.13268999755382538
test_protein_230,0.30473953485488892
test_protein_235,0.62377971410751343
test_protein_236,0.70400887727737427
test_protein_234,0.83391129970550537
test_protein_229,0.11725696921348572
test_protein_232,0.32723799347877502
test_protein_233,0.33166739344596863
test_protein_237,0.0021987033542245626
test_protein_231,0.80804318189620972
test_protein_243,0.016656681895256042
test_protein_240,0.0061901798471808434
test_protein_239,0.0034009893424808979
test_protein_242,0.79837960004806519
test_protein_245,0.43293431401252747
test_protein_244,0.021445920690894127
test_protein_247,0.23306255042552948
test_protein_241,0.17518576979637146
test_protein_238,0.54627805948257446
test_protein_249,0.040552493184804916
test_protein_250,0.14487199485301971
test_protein_246,0.42305293679237366
test_protein_248,0.32331064343452454
test_protein_251,0.4955066442489624
test_protein_252,0.28009879589080811
test_protein_259,0.48180016875267029
test_protein_253,0.57217663526535034
test_protein_255,0.4285203218460083
test_protein_256,0.44199419021606445
test_protein_258,0.75916063785552979
test_protein_254,0.4615904688835144
test_protein_262,0.040936902165412903
test_protein_261,0.22598575055599213
test_protein_257,0.043731041252613068
test_protein_260,6.7680821302928962e-06
test_protein_265,0.34754693508148193
test_protein_263,0.50878208875656128
test_protein_267,0.15817488729953766
test_protein_266,0.070639818906784058
test_protein_269,0.37029841542243958
test_protein_264,0.45143896341323853
test_protein_274,0.66991990804672241
test_protein_270,0.39499256014823914
test_protein_271,0.21650436520576477
test_protein_272,0.52525162696838379
test_protein_268,0.14535827934741974
test_protein_273,0.098144277930259705
test_protein_275,0.17465057969093323
test_protein_281,0.17093425989151001
test_protein_276,0.3909912109375
test_protein_280,5.1656548748724163e-05
test_protein_279,0.22803366184234619
test_protein_278,0.14360068738460541
test_protein_282,0.55485475063323975
test_protein_283,0.9982648491859436
test_protein_286,0.4898017942905426
test_protein_277,0.046735454350709915
test_protein_285,0.21493788063526154
test_protein_284,0.38053461909294128
test_protein_290,0.19625763595104218
test_protein_287,0.66053187847137451
test_protein_288,0.53623330593109131
test_protein_292,0.22077493369579315
test_protein_294,0.090103641152381897
test_protein_295,0.082673631608486176
test_protein_289,0.13198168575763702
test_protein_296,0.09087931364774704
test_protein_291,0.23497632145881653
test_protein_293,0.014839154668152332
test_protein_298,0.024209925904870033
test_protein_299,0.029980016872286797
test_protein_297,0.015675762668251991
test_protein_300,0.019979862496256828
test_protein_307,0.22697281837463379
test_protein_303,0.013716422952711582
test_protein_304,0.82819652557373047
test_protein_302,0.025305319577455521
test_protein_301,0.027276918292045593
test_protein_305,0.35558509826660156
test_protein_306,0.00013232117635197937
test_protein_308,0.83999741077423096
test_protein_313,0.29342073202133179
test_protein_310,0.07501557469367981
test_protein_309,0.51673895120620728
test_protein_311,0.059185538440942764
test_protein_314,0.68800646066665649
test_protein_319,0.23827072978019714
test_protein_320,0.28282299637794495
test_protein_315,0.1688484251499176
test_protein_312,0.31487190723419189
test_protein_317,0.059501606971025467
test_protein_318,0.20939424633979797
test_protein_321,0.5839734673500061
test_protein_316,0.94696885347366333
test_protein_322,0.45327213406562805
test_protein_324,0.20144866406917572
test_protein_327,0.16620950400829315
test_protein_328,0.091893777251243591
test_protein_325,0.45318561792373657
test_protein_323,0.28078970313072205
test_protein_326,0.3350360095500946
test_protein_329,0.17535585165023804
test_protein_332,0.34386178851127625
test_protein_334,0.51633256673812866
test_protein_331,0.45516905188560486
test_protein_333,0.43134137988090515
test_protein_330,0.040375441312789917
test_protein_341,0.021889505907893181
test_protein_336,0.1165587306022644
test_protein_339,0.55215650796890259
test_protein_337,0.42791748046875
test_protein_344,0.61563569307327271
test_protein_343,0.343883216381073
test_protein_342,0.50912028551101685
test_protein_340,0.43494817614555359
test_protein_335,0.10585545003414154
test_protein_345,0.34637391567230225
test_protein_338,0.025882426649332047
test_protein_346,0.43927207589149475
test_protein_348,0.50136870145797729
test_protein_353,0.60420888662338257
test_protein_347,0.14919798076152802
test_protein_350,0.69668459892272949
test_protein_352,0.96759974956512451
test_protein_351,0.14799009263515472
test_protein_354,0.28411343693733215
test_protein_349,0.56935268640518188
test_protein_356,0.23673805594444275
test_protein_362,0.46587494015693665
test_protein_355,0.39019227027893066
test_protein_359,0.39905264973640442
test_protein_360,0.10866181552410126
test_protein_363,0.73539268970489502
test_protein_357,0.42765691876411438
test_protein_358,0.76469331979751587
test_protein_361,0.27077266573905945
test_protein_367,0.1922612190246582
test_protein_364,0.60494554042816162
test_protein_365,0.67163527011871338
test_protein_369,0.21457614004611969
test_protein_368,0.14067259430885315
test_protein_366,0.22560171782970428
test_protein_370,0.35644742846488953
test_protein_371,0.49096915125846863
test_protein_377,0.86024385690689087
test_protein_378,0.43488436937332153
test_protein_372,0.93684381246566772
test_protein_373,0.40472188591957092
test_protein_374,0.56147497892379761
test_protein_375,0.28497892618179321
test_protein_380,0.38157063722610474
test_protein_384,0.41493386030197144
test_protein_389,0.56907284259796143
test_protein_388,0.28761881589889526
test_protein_379,0.27898240089416504
test_protein_383,0.16018281877040863
test_protein_376,0.80147528648376465
test_protein_382,0.27469411492347717
test_protein_385,2.0120623958064243e-06
test_protein_392,0.99110573530197144
test_protein_381,0.066323503851890564
test_protein_393,0.116544209420681
test_protein_386,0.0020525322761386633
test_protein_387,0.79032951593399048
test_protein_390,0.49321824312210083
test_protein_391,0.16131214797496796
test_protein_395,0.76783287525177002
test_protein_399,0.67795264720916748
test_protein_398,0.030527824535965919
test_protein_394,0.088608890771865845
test_protein_400,0.48261657357215881
test_protein_397,0.63650703430175781
test_protein_396,0.41798245906829834
test_protein_401,0.82929307222366333
test_protein_404,0.26887139678001404
test_protein_403,0.28920003771781921
test_protein_407,0.83590245246887207
test_protein_405,0.073265150189399719
test_protein_406,7.4530035476527701e-08
test_protein_402,0.14613617956638336
test_protein_415,0.63356542587280273
test_protein_411,0.40970787405967712
test_protein_408,0.43111017346382141
test_protein_412,0.0010933522135019302
test_protein_413,0.53809773921966553
test_protein_409,0.15647618472576141
test_protein_416,0.25555101037025452
test_protein_417,0.075410984456539154
test_protein_410,0.25890392065048218
test_protein_414,0.35911110043525696
test_protein_418,0.60597711801528931
test_protein_419,0.070537835359573364
test_protein_421,0.11939992755651474
test_protein_422,0.10160268098115921
test_protein_423,0.69569748640060425
test_protein_425,0.51372736692428589
test_protein_420,0.43369972705841064
test_protein_427,0.27171885967254639
test_protein_434,0.71613025665283203
test_protein_432,0.16191457211971283
test_protein_430,0.15190698206424713
test_protein_424,0.99098080396652222
test_protein_431,0.046506330370903015
test_protein_428,0.86306846141815186
test_protein_436,0.34700125455856323
test_protein_426,0.27176037430763245
test_protein_435,0.026176458224654198
test_protein_438,0.065416470170021057
test_protein_433,0.2274346798658371
test_protein_439,0.30888596177101135
test_protein_437,0.11559139937162399
test_protein_429,0.055845938622951508
test_protein_443,0.94743978977203369
test_protein_441,0.027560645714402199
test_protein_445,0.66812831163406372
test_protein_446,0.67628729343414307
test_protein_440,0.30410876870155334
test_protein_442,0.64616626501083374
test_protein_448,0.0383572056889534
test_protein_449,0.29315340518951416
test_protein_447,0.094899296760559082
test_protein_444,0.26068803668022156
test_protein_456,0.4706445038318634
test_protein_452,0.5113760232925415
test_protein_450,0.33476483821868896
test_protein_451,0.2355157732963562
test_protein_459,0.57694756984710693
test_protein_462,0.011177066713571548
test_protein_460,0.28295734524726868
test_protein_453,0.13542577624320984
test_protein_458,0.45182481408119202
test_protein_457,0.1878892183303833
test_protein_467,0.02281573973596096
test_protein_454,0.24001044034957886
test_protein_461,0.84285968542098999
test_protein_463,0.1245250478386879
test_protein_455,0.41416138410568237
test_protein_466,0.33855807781219482
test_protein_464,0.29822200536727905
test_protein_465,0.36474946141242981
test_protein_470,0.43718427419662476
test_protein_471,0.57622909545898438
test_protein_469,0.020973652601242065
test_protein_475,0.094041064381599426
test_protein_468,0.31168842315673828
test_protein_472,3.6105899198446423e-05
test_protein_474,0.33436143398284912
test_protein_473,0.64174044132232666
test_protein_482,0.42037004232406616
test_protein_483,0.10766655206680298
test_protein_481,0.14304067194461823
test_protein_478,0.076005734503269196
test_protein_477,0.26701688766479492
test_protein_480,0.023187557235360146
test_protein_479,0.08612736314535141
test_protein_476,0.35111406445503235
test_protein_484,0.54411143064498901
test_protein_490,0.27829626202583313
test_protein_491,0.32696804404258728
test_protein_486,0.025092819705605507
test_protein_485,0.17804989218711853
test_protein_488,0.78091198205947876
test_protein_487,0.5159420371055603
test_protein_492,0.51509052515029907
test_protein_494,0.034358326345682144
test_protein_496,0.13680177927017212
test_protein_493,0.0098560862243175507
test_protein_495,0.62162280082702637
test_protein_489,0.015936724841594696
test_protein_497,0.22764655947685242
test_protein_498,0.84035748243331909
test_protein_500,0.031570140272378922
test_protein_499,0.39341375231742859
test_protein_503,0.086608335375785828
test_protein_505,0.64037191867828369
test_protein_501,0.12889683246612549
test_protein_507,0.31994256377220154
test_protein_504,0.0037648575380444527
test_protein_506,0.1338081955909729
test_protein_502,0.08141588419675827
test_protein_508,0.0023342818021774292
test_protein_511,0.084983542561531067
test_protein_515,0.45059546828269958
test_protein_512,0.97491395473480225
test_protein_510,0.13327620923519135
test_protein_514,0.86900430917739868
test_protein_509,0.70969796180725098
test_protein_513,0.13542377948760986
test_protein_518,0.50648397207260132
test_protein_519,0.4282679557800293
test_protein_516,0.50518769025802612
test_protein_521,0.5378071665763855
test_protein_517,0.63110464811325073
test_protein_524,2.4888116968213581e-05
test_protein_520,0.27490338683128357
test_protein_522,0.57918894290924072
test_protein_523,0.0035377261228859425
test_protein_530,0.63905644416809082
test_protein_536,0.086672857403755188
test_protein_528,0.97047847509384155
test_protein_525,9.7831667517311871e-05
test_protein_529,0.14337955415248871
test_protein_532,0.71721237897872925
test_protein_535,0.39013668894767761
test_protein_527,0.0093613490462303162
test_protein_534,0.58922880887985229
test_protein_537,0.35698217153549194
test_protein_531,0.63173568248748779
test_protein_533,0.032950557768344879
test_protein_526,0.0029311296530067921
test_protein_538,0.49265176057815552
test_protein_542,0.46746188402175903
test_protein_539,0.49803924560546875
test_protein_545,0.8458440899848938
test_protein_540,0.32658243179321289
test_protein_541,0.16609960794448853
test_protein_543,0.34286487102508545
test_protein_549,0.64391934871673584
test_protein_544,0.51210707426071167
test_protein_547,0.69867873191833496
test_protein_546,0.1315566748380661
test_protein_548,0.15484470129013062
test_protein_550,0.55961918830871582
test_protein_552,0.44670102000236511
test_protein_551,0.16522645950317383
test_protein_556,0.44803279638290405
test_protein_553,0.039558865129947662
test_protein_559,0.50499486923217773
test_protein_555,6.9154057200648822e-06
test_protein_557,0.038919743150472641
test_protein_554,0.29319468140602112
test_protein_558,0.50509679317474365
test_protein_560,0.18500329554080963
test_protein_563,0.21437054872512817
test_protein_561,0.52674734592437744
test_protein_564,0.23345731198787689
test_protein_566,0.52011567354202271
test_protein_565,0.69515687227249146
test_protein_567,0.56220453977584839
test_protein_570,0.25426796078681946
test_protein_568,0.49986478686332703
test_protein_562,0.12916065752506256
test_protein_571,0.46991229057312012
test_protein_574,0.81241524219512939
test_protein_569,0.22247740626335144
test_protein_576,0.68076485395431519
test_protein_575,0.33118322491645813
test_protein_578,0.58551567792892456
test_protein_579,1.084361656467081e-06
test_protein_584,0.9463532567024231
test_protein_581,0.40823891758918762
test_protein_572,0.96387392282485962
test_protein_577,0.85620427131652832
test_protein_573,0.067072018980979919
test_protein_580,0.40567359328269958
test_protein_583,0.16358333826065063
test_protein_586,0.87214261293411255
test_protein_582,0.59979873895645142
test_protein_585,0.24572369456291199
test_protein_588,0.82602787017822266
test_protein_589,0.53792428970336914
test_protein_590,0.039407383650541306
test_protein_587,0.63747960329055786
test_protein_592,0.48787686228752136
test_protein_593,0.23019640147686005
test_protein_600,0.79502594470977783
test_protein_597,0.038123209029436111
test_protein_594,0.28637093305587769
test_protein_596,0.3564315140247345
test_protein_599,0.040809608995914459
test_protein_591,0.48835846781730652
test_protein_598,0.56253719329833984
test_protein_604,0.60757702589035034
test_protein_595,0.40019580721855164
test_protein_601,0.57963341474533081
test_protein_607,0.04822179302573204
test_protein_605,0.016630420461297035
test_protein_606,0.31690132617950439
test_protein_602,0.11416707187891006
test_protein_603,0.84829831123352051
test_protein_608,0.21759961545467377
test_protein_609,0.67120814323425293
test_protein_610,0.21251474320888519
test_protein_612,0.5171208381652832
test_protein_611,0.16842237114906311
test_protein_615,0.99782675504684448
test_protein_614,0.50982207059860229
test_protein_619,0.0055156839080154896
test_protein_613,0.44740661978721619
test_protein_616,0.27321404218673706
test_protein_617,0.012781075201928616
test_protein_623,0.26728180050849915
test_protein_624,0.46806800365447998
test_protein_628,0.56781125068664551
test_protein_620,0.66357970237731934
test_protein_621,0.44106981158256531
test_protein_618,0.17936711013317108
test_protein_622,0.57383352518081665
test_protein_630,0.99502134323120117
test_protein_631,0.37238222360610962
test_protein_629,0.089024029672145844
test_protein_627,0.3077273964881897
test_protein_625,0.11446467041969299
test_protein_626,0.55384433269500732
test_protein_633,0.37564492225646973
test_protein_632,0.51499408483505249
test_protein_635,0.80567514896392822
test_protein_638,0.48889690637588501
test_protein_634,0.2159116119146347
test_protein_636,0.033744402229785919
test_protein_641,0.14686554670333862
test_protein_637,0.15898682177066803
test_protein_643,0.030075296759605408
test_protein_640,0.23535732924938202
test_protein_645,0.0036224082577973604
test_protein_642,0.31745579838752747
test_protein_639,0.0035681636072695255
test_protein_647,0.0033270968124270439
test_protein_648,0.0056266034953296185
test_protein_650,0.013033813796937466
test_protein_646,0.27643200755119324
test_protein_649,0.027604935690760612
test_protein_644,0.0012796225491911173
test_protein_656,0.078238882124423981
test_protein_655,0.066540300846099854
test_protein_652,0.0063057723455131054
test_protein_653,0.0093183601275086403
test_protein_651,0.74547898769378662
test_protein_654,0.056181605905294418
test_protein_659,0.053544752299785614
test_protein_657,0.16938269138336182
test_protein_663,0.58889061212539673
test_protein_658,0.6742061972618103
test_protein_660,0.028579078614711761
test_protein_662,0.017635853961110115
test_protein_664,0.98447579145431519
test_protein_661,0.017119759693741798
test_protein_668,0.017307862639427185
test_protein_666,0.74404442310333252
test_protein_671,0.30832323431968689
test_protein_669,0.0060892687179148197
test_protein_670,0.021564759314060211
test_protein_665,0.84806329011917114
test_protein_667,0.32662039995193481
test_protein_672,0.66320359706878662
test_protein_675,0.06132696196436882
test_protein_678,0.85599130392074585
test_protein_673,0.50502359867095947
test_protein_674,0.60950297117233276
test_protein_676,0.0037788243498653173
test_protein_677,0.56484103202819824
test_protein_681,0.02050752192735672
test_protein_684,0.3912939727306366
test_protein_683,0.0088157877326011658
test_protein_682,0.071262158453464508
test_protein_679,0.011116295121610165
test_protein_680,0.29985645413398743
test_protein_688,0.043995317071676254
test_protein_689,0.82836318016052246
test_protein_686,0.04036935418844223
test_protein_687,0.005691838450729847
test_protein_691,0.37305852770805359
test_protein_685,0.093011446297168732
test_protein_690,0.87605029344558716
test_protein_692,0.76142233610153198
test_protein_696,0.58725476264953613
test_protein_693,0.013262767344713211
test_protein_701,0.25350302457809448
test_protein_694,0.48682639002799988
test_protein_698,0.2020626962184906
test_protein_695,0.067695684731006622
test_protein_697,0.010639673098921776
test_protein_702,0.16973190009593964
test_protein_699,0.034618951380252838
test_protein_703,0.18918587267398834
test_protein_706,0.031449273228645325
test_protein_705,0.25748950242996216
test_protein_700,0.1183747723698616
test_protein_704,0.15312632918357849
test_protein_707,0.23708197474479675
test_protein_708,0.65264785289764404
test_protein_712,0.11963725090026855
test_protein_711,0.032750759273767471
test_protein_709,0.15524117648601532
test_protein_710,0.28314998745918274
test_protein_720,0.016523201018571854
test_protein_717,0.022155154496431351
test_protein_714,0.035254567861557007
test_protein_715,0.010833061300218105
test_protein_718,0.4228183925151825
test_protein_724,0.49251019954681396
test_protein_716,0.34151029586791992
test_protein_722,0.25886461138725281
test_protein_725,0.061972193419933319
test_protein_713,0.11552809923887253
test_protein_721,0.32045808434486389
test_protein_727,0.70751100778579712
test_protein_729,0.27353113889694214
test_protein_719,0.45383349061012268
test_protein_723,0.18332107365131378
test_protein_730,0.51537716388702393
test_protein_733,0.72883296012878418
test_protein_728,0.63485461473464966
test_protein_726,0.22524815797805786
test_protein_731,0.43533244729042053
test_protein_732,0.081549376249313354
test_protein_744,0.11269849538803101
test_protein_734,0.47464293241500854
test_protein_736,0.0075621497817337513
test_protein_735,0.027086324989795685
test_protein_737,0.095388740301132202
test_protein_740,0.80109989643096924
test_protein_741,0.33448788523674011
test_protein_739,0.092282123863697052
test_protein_742,0.0305311419069767
test_protein_750,0.79224026203155518
test_protein_748,0.50045096874237061
test_protein_752,0.7000201940536499
test_protein_749,0.48094835877418518
test_protein_755,0.014183463528752327
test_protein_745,0.058233737945556641
test_protein_746,0.0098430179059505463
test_protein_747,0.53616613149642944
test_protein_743,0.053599230945110321
test_protein_738,0.03498169407248497
test_protein_754,0.42085394263267517
test_protein_751,0.25307342410087585
test_protein_753,0.93679606914520264
test_protein_757,0.64774352312088013
test_protein_756,0.23170126974582672
test_protein_759,0.54278004169464111
test_protein_763,0.83667534589767456
test_protein_760,0.040463957935571671
test_protein_765,0.78147649765014648
test_protein_761,0.10430417209863663
test_protein_764,0.32245266437530518
test_protein_762,0.13205914199352264
test_protein_758,0.57533669471740723
test_protein_769,0.015005596913397312
test_protein_768,0.091789014637470245
test_protein_767,0.51305067539215088
test_protein_771,0.97363370656967163
test_protein_766,0.053772546350955963
test_protein_770,0.79177367687225342
test_protein_772,0.24238385260105133
test_protein_774,0.068567872047424316
test_protein_773,0.0087856091558933258
test_protein_775,0.97924864292144775
test_protein_776,0.73563283681869507
test_protein_779,0.69307857751846313
test_protein_778,0.88822489976882935
test_protein_777,0.4063565731048584
test_protein_783,0.71165186166763306
test_protein_781,0.5629536509513855
test_protein_780,0.79706841707229614
test_protein_782,0.84319573640823364
test_protein_784,0.8830726146697998
test_protein_785,0.054214060306549072
test_protein_789,0.32910245656967163
test_protein_787,0.30116069316864014
test_protein_788,0.22493861615657806
test_protein_796,0.64725977182388306
test_protein_791,0.18842199444770813
test_protein_793,0.36448898911476135
test_protein_794,0.0011466961586847901
test_protein_792,0.027307489886879921
test_protein_797,0.11896307021379471
test_protein_786,0.41470268368721008
test_protein_790,0.33837169408798218
test_protein_799,0.77061951160430908
test_protein_795,0.013764414936304092
test_protein_801,0.16455978155136108
test_protein_802,0.18629536032676697
test_protein_798,0.1572355329990387
test_protein_805,0.28870365023612976
test_protein_804,0.15466324985027313
test_protein_807,0.86703938245773315
test_protein_809,0.0054660751484334469
test_protein_808,0.43909549713134766
test_protein_803,0.68455129861831665
test_protein_810,0.012373698875308037
test_protein_800,0.03483131155371666
test_protein_806,0.0063030356541275978
test_protein_813,0.0030769624281674623
test_protein_812,0.72998678684234619
test_protein_811,0.0070689404383301735
test_protein_815,0.0041123130358755589
test_protein_818,0.84511053562164307
test_protein_814,0.0077817109413444996
test_protein_820,0.71955996751785278
test_protein_821,0.17027246952056885
test_protein_816,7.7381764640449546e-06
test_protein_817,0.1041417196393013
test_protein_822,0.18580764532089233
test_protein_819,0.4903082549571991
test_protein_825,0.2579883337020874
test_protein_828,0.25524419546127319
test_protein_823,0.1429809182882309
test_protein_826,0.11121097952127457
test_protein_829,0.0032866203691810369
test_protein_830,0.12753908336162567
test_protein_827,0.0042495741508901119
test_protein_824,0.0015142541378736496
test_protein_832,0.10067423433065414
test_protein_833,0.097107492387294769
test_protein_831,0.66415327787399292
test_protein_842,0.16532537341117859
test_protein_835,0.1761230081319809
test_protein_839,0.020793108269572258
test_protein_838,0.16413095593452454
test_protein_836,0.99191612005233765
test_protein_837,0.49759146571159363
test_protein_843,0.002770118648186326
test_protein_840,0.04744885116815567
test_protein_844,0.033976323902606964
test_protein_847,0.26900529861450195
test_protein_848,1.4264946912589949e-06
test_protein_845,0.08131062239408493
test_protein_846,0.50980675220489502
test_protein_841,0.040273427963256836
test_protein_834,0.16875238716602325
test_protein_854,0.19176715612411499
test_protein_853,0.05438530445098877
test_protein_850,0.078511103987693787
test_protein_851,0.014803520403802395
test_protein_849,0.0045530372299253941
test_protein_855,0.28273797035217285
test_protein_852,0.072974272072315216
test_protein_858,0.31298452615737915
test_protein_856,0.5750725269317627
test_protein_860,0.16262230277061462
test_protein_857,0.1222137063741684
test_protein_859,0.047137249261140823
test_protein_867,0.23283417522907257
test_protein_865,0.49083438515663147
test_protein_861,0.49007582664489746
test_protein_863,0.42646989226341248
test_protein_864,0.27813819050788879
test_protein_866,0.61997681856155396
test_protein_877,0.42502442002296448
test_protein_872,0.26019203662872314
test_protein_871,0.020151015371084213
test_protein_869,0.10633552074432373
test_protein_868,0.012169241905212402
test_protein_870,0.016230447217822075
test_protein_862,0.85684686899185181
test_protein_879,0.45229074358940125
test_protein_873,0.065814383327960968
test_protein_874,0.18768081068992615
test_protein_875,0.090876266360282898
test_protein_876,0.11242734640836716
test_protein_878,0.23726312816143036
test_protein_881,0.50261527299880981
test_protein_880,0.13551642000675201
test_protein_883,0.0035001125652343035
test_protein_885,0.045278299599885941
test_protein_887,0.56079274415969849
test_protein_891,0.84401053190231323
test_protein_886,0.66083437204360962
test_protein_882,0.67988014221191406
test_protein_884,7.4381045124027878e-05
test_protein_889,0.56160396337509155
test_protein_888,0.92961674928665161
test_protein_897,0.73542666435241699
test_protein_890,0.13623113930225372
test_protein_901,0.54630583524703979
test_protein_895,0.50094693899154663
test_protein_892,0.96442264318466187
test_protein_902,0.64566171169281006
test_protein_893,0.093789353966712952
test_protein_894,0.89794516563415527
test_protein_898,0.99514466524124146
test_protein_899,0.053311683237552643
test_protein_904,0.286039799451828
test_protein_903,0.88355785608291626
test_protein_896,0.99970716238021851
test_protein_900,0.3994634747505188
test_protein_916,0.0020048744045197964
test_protein_909,0.12000294774770737
test_protein_908,0.32579043507575989
test_protein_911,0.86864012479782104
test_protein_905,0.74630594253540039
test_protein_910,0.60852265357971191
test_protein_906,0.16150595247745514
test_protein_914,0.47256806492805481
test_protein_913,0.65444314479827881
test_protein_912,0.65498971939086914
test_protein_915,0.0021231540013104677
test_protein_907,0.84253889322280884
test_protein_920,0.20969575643539429
test_protein_917,0.19466419517993927
test_protein_919,0.39524146914482117
test_protein_922,0.46095520257949829
test_protein_923,0.23553583025932312
test_protein_918,0.34281441569328308
test_protein_921,0.38318303227424622
test_protein_927,0.001298510585911572
test_protein_926,0.20398271083831787
test_protein_925,0.145152747631073
test_protein_924,0.52015513181686401
test_protein_932,0.33203592896461487
test_protein_931,0.52681136131286621
test_protein_929,0.18932619690895081
test_protein_934,0.10870655626058578
test_protein_937,0.50842958688735962
test_protein_930,0.48225387930870056
test_protein_928,0.060244843363761902
test_protein_942,0.90496915578842163
test_protein_935,0.25471886992454529
test_protein_941,0.99827837944030762
test_protein_933,0.38488310575485229
test_protein_936,0.54118925333023071
test_protein_938,0.34360930323600769
test_protein_940,0.21518217027187347
test_protein_943,0.74755871295928955
test_protein_944,0.12275541573762894
test_protein_946,8.099798287730664e-05
test_protein_945,0.37089797854423523
test_protein_947,0.44515746831893921
test_protein_948,0.055360201746225357
test_protein_951,0.13749939203262329
test_protein_939,0.024764016270637512
test_protein_950,0.50980246067047119
test_protein_949,0.69205594062805176
test_protein_953,0.33509540557861328
test_protein_952,0.35292375087738037
test_protein_955,0.22236840426921844
test_protein_957,0.066704601049423218
test_protein_954,0.30495035648345947
test_protein_956,0.99504196643829346
test_protein_958,0.22064298391342163
test_protein_966,0.20251503586769104
test_protein_964,0.43325003981590271
test_protein_962,0.64581626653671265
test_protein_960,4.0001509660214651e-06
test_protein_961,0.26196607947349548
test_protein_965,0.18117497861385345
test_protein_963,0.26179260015487671
test_protein_968,0.4132198691368103
test_protein_959,0.30627670884132385
test_protein_972,0.99922001361846924
test_protein_973,7.1938666224014014e-06
test_protein_976,0.12248353660106659
test_protein_969,0.42832371592521667
test_protein_975,0.013328238390386105
test_protein_967,0.13860964775085449
test_protein_974,0.45171210169792175
test_protein_970,0.086832009255886078
test_protein_971,0.29559281468391418
test_protein_980,0.36344310641288757
test_protein_977,0.34497395157814026
test_protein_979,0.053379274904727936
test_protein_982,0.61290967464447021
test_protein_978,0.42504671216011047
test_protein_981,0.014526470564305782
test_protein_984,0.073196224868297577
test_protein_988,0.50334841012954712
test_protein_987,0.36953949928283691
test_protein_983,0.9233238697052002
test_protein_986,0.12320314347743988
test_protein_992,0.74898511171340942
test_protein_985,0.77474504709243774
test_protein_994,0.6195330023765564
test_protein_996,0.48902815580368042
test_protein_989,0.055415399372577667
test_protein_1000,0.51782500743865967
test_protein_991,0.74500447511672974
test_protein_998,0.63120847940444946
test_protein_990,0.0063815843313932419
test_protein_993,0.95279258489608765
test_protein_1002,0.14299239218235016
test_protein_995,0.17206171154975891
test_protein_997,0.065838821232318878
test_protein_999,0.44794172048568726
test_protein_1003,0.67188620567321777
test_protein_1001,0.20546498894691467
test_protein_1004,0.18395604193210602
test_protein_1008,0.27210667729377747
test_protein_1006,0.38581186532974243
test_protein_1007,0.41296964883804321
test_protein_1009,0.013201373629271984
test_protein_1005,0.1281360387802124
test_protein_1011,0.33423349261283875
test_protein_1016,0.34045937657356262
test_protein_1012,0.020086141303181648
test_protein_1010,0.5147135853767395
test_protein_1020,0.62809628248214722
test_protein_1014,0.00070756470086053014
test_protein_1013,0.55280178785324097
test_protein_1018,0.77160847187042236
test_protein_1019,0.50650721788406372
test_protein_1017,0.56578946113586426
test_protein_1015,0.28103786706924438
test_protein_1025,0.49216371774673462
test_protein_1021,0.49543941020965576
test_protein_1024,0.00013155234046280384
test_protein_1027,0.17680005729198456
test_protein_1026,0.98053151369094849
test_protein_1023,0.79422587156295776
test_protein_1028,0.10458730906248093
test_protein_1022,0.057865366339683533
test_protein_1029,0.15377083420753479
test_protein_1030,0.11417902261018753
test_protein_1039,0.99598890542984009
test_protein_1035,0.84140902757644653
test_protein_1033,0.072511725127696991
test_protein_1032,0.21520194411277771
test_protein_1036,0.37029784917831421
test_protein_1031,0.19052028656005859
test_protein_1040,0.64377522468566895
test_protein_1034,0.1132371723651886
test_protein_1038,0.087762951850891113
test_protein_1037,0.030233003199100494
test_protein_1041,0.72137486934661865
test_protein_1042,0.77732068300247192
test_protein_1044,0.81870204210281372
test_protein_1048,0.12441019713878632
test_protein_1045,0.88673847913742065
test_protein_1046,0.95407962799072266
test_protein_1051,0.37340927124023438
test_protein_1047,0.61715131998062134
test_protein_1054,0.30839210748672485
test_protein_1050,0.17619304358959198
test_protein_1053,0.17112419009208679
test_protein_1049,0.18654359877109528
test_protein_1052,0.21657797694206238
test_protein_1043,0.88456165790557861
test_protein_1055,0.63250285387039185
test_protein_1056,0.35888180136680603
test_protein_1062,0.18847021460533142
test_protein_1057,0.13461689651012421
test_protein_1058,0.14515222609043121
test_protein_1059,0.97982245683670044
test_protein_1063,0.18769404292106628
test_protein_1064,0.20054325461387634
test_protein_1060,0.25917035341262817
test_protein_1066,0.036297384649515152
test_protein_1061,0.098237849771976471
test_protein_1073,0.1115625873208046
test_protein_1075,0.0058459159918129444
test_protein_1065,0.22482879459857941
test_protein_1068,0.024495840072631836
test_protein_1079,0.63762611150741577
test_protein_1070,0.040198713541030884
test_protein_1067,0.18284465372562408
test_protein_1071,0.29585528373718262
test_protein_1072,0.65728515386581421
test_protein_1077,0.013688049279153347
test_protein_1069,0.24611324071884155
test_protein_1074,0.15888798236846924
test_protein_1078,0.4867992103099823
test_protein_1076,0.28764572739601135
test_protein_1080,0.56797617673873901
test_protein_1082,0.21770387887954712
test_protein_1083,0.59768009185791016
test_protein_1081,0.6873394250869751
test_protein_1084,0.67885047197341919
test_protein_1091,0.50256490707397461
test_protein_1094,0.31802675127983093
test_protein_1090,0.79846078157424927
test_protein_1089,0.85667413473129272
test_protein_1088,0.60349178314208984
test_protein_1093,0.54285389184951782
test_protein_1092,0.45160475373268127
test_protein_1086,0.21784298121929169
test_protein_1085,0.67243432998657227
test_protein_1095,0.59158074855804443
test_protein_1087,0.45744085311889648
test_protein_1098,0.68776994943618774
test_protein_1100,0.55396437644958496
test_protein_1096,0.82502478361129761
test_protein_1097,0.42664197087287903
test_protein_1101,0.76541405916213989
test_protein_1102,0.70611488819122314
test_protein_1099,0.84985208511352539
test_protein_1105,0.033644761890172958
test_protein_1103,0.45509296655654907
test_protein_1106,0.86394375562667847
test_protein_1104,0.13344921171665192
test_protein_1108,0.83848917484283447
test_protein_1112,0.6929481029510498
test_protein_1107,0.53355193138122559
test_protein_1111,0.085068270564079285
test_protein_1109,0.83407241106033325
test_protein_1114,0.049488987773656845
test_protein_1116,0.20747454464435577
test_protein_1110,0.46659216284751892
test_protein_1113,0.63450652360916138
test_protein_1125,0.034981384873390198
test_protein_1117,0.32045194506645203
test_protein_1119,0.3575407862663269
test_protein_1121,0.96618574857711792
test_protein_1124,1.2874997992184944e-06
test_protein_1115,0.20777508616447449
test_protein_1122,0.033947218209505081
test_protein_1118,0.22659872472286224
test_protein_1120,0.55154836177825928
test_protein_1123,0.50503122806549072
test_protein_1127,0.25176823139190674
test_protein_1131,0.96137714385986328
test_protein_1126,0.09831506758928299
test_protein_1129,0.068327471613883972
test_protein_1134,0.21936765313148499
test_protein_1130,0.49691885709762573
test_protein_1132,0.37107056379318237
test_protein_1128,0.00015002454165369272
test_protein_1135,0.085482694208621979
test_protein_1137,0.089254669845104218
test_protein_1138,0.076640628278255463
test_protein_1133,0.24390655755996704
test_protein_1136,0.13737575709819794
test_protein_1141,0.63446086645126343
test_protein_1139,0.75790244340896606
test_protein_1140,0.10702317208051682
test_protein_1145,0.31966513395309448
test_protein_1142,0.27654191851615906
test_protein_1147,0.40772661566734314
test_protein_1146,0.99853229522705078
test_protein_1148,0.45806729793548584
test_protein_1151,0.36996152997016907
test_protein_1144,0.34651362895965576
test_protein_1143,0.41019374132156372
test_protein_1150,0.23000432550907135
test_protein_1149,0.12584386765956879
test_protein_1156,0.51677995920181274
test_protein_1155,0.30654898285865784
test_protein_1153,0.49415141344070435
test_protein_1154,0.97233778238296509
test_protein_1152,0.98816269636154175
test_protein_1157,0.85181427001953125
test_protein_1158,0.60877317190170288
test_protein_1160,0.18643374741077423
test_protein_1164,0.59717702865600586
test_protein_1168,0.058780882507562637
test_protein_1161,0.4713141918182373
test_protein_1165,0.2632560133934021
test_protein_1170,0.71331882476806641
test_protein_1159,0.14574398100376129
test_protein_1162,0.16741853952407837
test_protein_1163,0.067849181592464447
test_protein_1167,0.092083588242530823
test_protein_1166,0.47659778594970703
test_protein_1169,0.20719076693058014
test_protein_1172,0.87886375188827515
test_protein_1171,0.30240508913993835
test_protein_1180,0.13247260451316833
test_protein_1178,0.16857689619064331
test_protein_1175,0.74343985319137573
test_protein_1173,0.02023080550134182
test_protein_1176,7.2426599217578769e-05
test_protein_1182,0.41335406899452209
test_protein_1177,0.12487337738275528
test_protein_1174,6.0399905521535402e-08
test_protein_1181,0.13920748233795166
test_protein_1186,0.093623869121074677
test_protein_1179,0.36184009909629822
test_protein_1183,0.11985281854867935
test_protein_1190,0.79116040468215942
test_protein_1185,0.59514099359512329
test_protein_1189,0.27350181341171265
test_protein_1188,0.92084157466888428
test_protein_1184,0.042580317705869675
test_protein_1195,0.86136585474014282
test_protein_1191,0.55945426225662231
test_protein_1187,0.99988842010498047
test_protein_1192,0.20414789021015167
test_protein_1200,0.011965510435402393
test_protein_1196,0.98268049955368042
test_protein_1194,0.20276959240436554
test_protein_1198,0.26616135239601135
test_protein_1193,0.50642961263656616
test_protein_1197,0.4108414351940155
test_protein_1199,0.67742174863815308
test_protein_1203,0.93386173248291016
test_protein_1206,0.063205815851688385
test_protein_1205,0.65981286764144897
test_protein_1202,0.66782498359680176
test_protein_1209,0.079678758978843689
test_protein_1204,0.78446346521377563
test_protein_1201,0.15224979817867279
test_protein_1207,0.56276047229766846
test_protein_1210,0.84448254108428955
test_protein_1208,0.4810117781162262
test_protein_1211,0.25446674227714539
test_protein_1214,0.016551880165934563
test_protein_1212,0.74432665109634399
test_protein_1216,0.93707382678985596
test_protein_1217,0.99022102355957031
test_protein_1213,0.80284160375595093
test_protein_1220,0.35504609346389771
test_protein_1221,0.96690571308135986
test_protein_1222,0.04303215816617012
test_protein_1219,0.70863783359527588
test_protein_1227,0.97089660167694092
test_protein_1223,0.81727820634841919
test_protein_1218,0.02289225161075592
test_protein_1228,0.94049978256225586
test_protein_1215,0.7425956130027771
test_protein_1231,0.7549625039100647
test_protein_1224,0.042296323925256729
test_protein_1229,0.92176145315170288
test_protein_1230,0.96796643733978271
test_protein_1226,0.71713995933532715
test_protein_1232,0.69299221038818359
test_protein_1225,0.40626013278961182
test_protein_1233,0.88421821594238281
test_protein_1235,0.89637058973312378
test_protein_1234,0.64313143491744995
test_protein_1236,0.9990239143371582
test_protein_1237,0.67383784055709839
test_protein_1239,0.62232410907745361
test_protein_1240,0.28085258603096008
test_protein_1238,0.9598003625869751
test_protein_1242,0.63329035043716431
test_protein_1244,0.77912181615829468
test_protein_1245,0.76013296842575073
test_protein_1241,0.36984032392501831
test_protein_1253,0.10585997253656387
test_protein_1250,0.379294753074646
test_protein_1243,0.51203370094299316
test_protein_1247,0.54126322269439697
test_protein_1257,0.46851959824562073
test_protein_1246,0.67961704730987549
test_protein_1251,0.54066300392150879
test_protein_1252,0.0012962332693859935
test_protein_1249,0.76609969139099121
test_protein_1248,0.77422916889190674
test_protein_1259,0.25364312529563904
test_protein_1255,0.22451336681842804
test_protein_1258,0.38941472768783569
test_protein_1256,0.0063792383298277855
test_protein_1254,0.059947852045297623
test_protein_1261,0.55764508247375488
test_protein_1260,0.76263564825057983
test_protein_1268,2.2814765543444082e-06
test_protein_1262,0.052423097193241119
test_protein_1263,0.14685659110546112
test_protein_1264,0.11306338757276535
test_protein_1267,0.34387049078941345
test_protein_1266,0.49273401498794556
test_protein_1271,0.0053074052557349205
test_protein_1272,0.62385082244873047
test_protein_1273,0.13798406720161438
test_protein_1265,0.0022888386156409979
test_protein_1269,0.00020647680503316224
test_protein_1275,0.40258049964904785
test_protein_1274,0.0018451843643561006
test_protein_1277,0.37378183007240295
test_protein_1270,0.28901669383049011
test_protein_1278,0.86340063810348511
test_protein_1276,0.4150102436542511
test_protein_1281,0.2851569652557373
test_protein_1279,0.9016495943069458
test_protein_1282,0.0070935124531388283
test_protein_1283,0.37482365965843201
test_protein_1285,0.66575390100479126
test_protein_1286,0.5461534857749939
test_protein_1288,0.086920611560344696
test_protein_1280,0.5669216513633728
test_protein_1289,0.52800929546356201
test_protein_1292,0.0010206641163676977
test_protein_1284,0.55445504188537598
test_protein_1300,0.35798490047454834
test_protein_1294,0.2446296364068985
test_protein_1287,0.91348105669021606
test_protein_1296,0.32100597023963928
test_protein_1291,0.35644081234931946
test_protein_1290,0.92480885982513428
test_protein_1293,0.017969263717532158
test_protein_1299,0.33064708113670349
test_protein_1297,0.019460577517747879
test_protein_1295,0.27327549457550049
test_protein_1301,0.6306571364402771
test_protein_1298,0.64150017499923706
test_protein_1306,0.17731350660324097
test_protein_1305,0.38940274715423584
test_protein_1302,0.28817200660705566
test_protein_1309,0.4918210506439209
test_protein_1307,0.0002591167576611042
test_protein_1303,0.34199181199073792
test_protein_1308,0.9165569543838501
test_protein_1313,0.15944434702396393
test_protein_1304,0.58658528327941895
test_protein_1310,0.10442612320184708
test_protein_1317,0.50282222032546997
test_protein_1319,0.55068314075469971
test_protein_1322,0.079616479575634003
test_protein_1320,0.12202049791812897
test_protein_1314,0.26310914754867554
test_protein_1312,0.30426004528999329
test_protein_1315,0.1600179523229599
test_protein_1311,0.068996354937553406
test_protein_1318,0.026650788262486458
test_protein_1316,0.57382196187973022
test_protein_1321,0.057684008032083511
test_protein_1325,0.47604498267173767
test_protein_1323,0.216692253947258
test_protein_1324,0.093371622264385223
test_protein_1329,0.22712989151477814
test_protein_1326,0.29209572076797485
test_protein_1330,0.062919951975345612
test_protein_1327,0.84175628423690796
test_protein_1334,0.81403672695159912
test_protein_1332,0.22910377383232117
test_protein_1328,0.2615889310836792
test_protein_1331,0.83334225416183472
test_protein_1337,0.65857458114624023
test_protein_1346,0.50533103942871094
test_protein_1339,0.53184092044830322
test_protein_1333,0.9885629415512085
test_protein_1335,0.71186858415603638
test_protein_1340,0.30726161599159241
test_protein_1342,0.96065294742584229
test_protein_1341,0.15763801336288452
test_protein_1344,0.61440134048461914
test_protein_1336,0.28791463375091553
test_protein_1347,0.65606832504272461
test_protein_1338,0.19072164595127106
test_protein_1343,0.67786872386932373
test_protein_1345,0.46729758381843567
test_protein_1350,0.48723864555358887
test_protein_1351,0.56842136383056641
test_protein_1348,0.39563018083572388
test_protein_1349,0.27247485518455505
test_protein_1352,0.45273461937904358
test_protein_1353,0.15681128203868866
test_protein_1358,0.3976803719997406
test_protein_1354,0.34595540165901184
test_protein_1361,0.074801534414291382
test_protein_1357,0.4498659074306488
test_protein_1359,0.48911339044570923
test_protein_1362,0.041690357029438019
test_protein_1365,0.36798352003097534
test_protein_1367,0.11987002938985825
test_protein_1355,0.39420408010482788
test_protein_1366,0.77955561876296997
test_protein_1369,0.043531633913516998
test_protein_1364,0.51502203941345215
test_protein_1356,0.35032975673675537
test_protein_1360,0.27372768521308899
test_protein_1368,0.10652950406074524
test_protein_1372,0.45413658022880554
test_protein_1370,0.52813553810119629
test_protein_1363,0.1600986123085022
test_protein_1373,0.27374812960624695
test_protein_1371,0.26739111542701721
test_protein_1376,0.00079754955368116498
test_protein_1379,0.70317226648330688
test_protein_1378,0.73438882827758789
test_protein_1375,0.37215891480445862
test_protein_1380,0.00032354905852116644
test_protein_1374,0.34394636750221252
test_protein_1382,0.39503782987594604
test_protein_1381,0.63922649621963501
test_protein_1377,0.048780899494886398
test_protein_1384,0.07395220547914505
test_protein_1383,0.2071349173784256
test_protein_1386,0.39266461133956909
test_protein_1385,0.60823166370391846
test_protein_1391,0.3326154351234436
test_protein_1388,0.27521955966949463
test_protein_1387,0.48531118035316467
test_protein_1389,0.19623979926109314
test_protein_1392,0.33269277215003967
test_protein_1390,0.22691431641578674
test_protein_1393,0.99586617946624756
test_protein_1395,0.52213817834854126
test_protein_1394,0.35353061556816101
test_protein_1397,0.48842582106590271
test_protein_1398,0.56537783145904541
test_protein_1396,0.12931466102600098
test_protein_1402,0.65285885334014893
test_protein_1404,0.31256568431854248
test_protein_1400,0.43991735577583313
test_protein_1401,0.25899049639701843
test_protein_1399,0.11675004661083221
test_protein_1406,0.26966306567192078
test_protein_1403,0.45222485065460205
test_protein_1412,0.16778488457202911
test_protein_1407,0.80446457862854004
test_protein_1405,0.0069132335484027863
test_protein_1410,0.030040895566344261
test_protein_1409,0.1413397490978241
test_protein_1411,0.17253142595291138
test_protein_1413,0.35412693023681641
test_protein_1408,0.14645552635192871
test_protein_1414,0.18940955400466919
test_protein_1415,0.29326102137565613
test_protein_1420,0.55606335401535034
test_protein_1416,0.42709597945213318
test_protein_1418,0.28432893753051758
test_protein_1419,0.65880030393600464
test_protein_1417,0.25402465462684631
test_protein_1427,0.078461878001689911
test_protein_1422,0.018907321617007256
test_protein_1421,0.13660004734992981
test_protein_1433,0.64073950052261353
test_protein_1423,0.040645938366651535
test_protein_1429,0.15713109076023102
test_protein_1431,0.019947700202465057
test_protein_1428,0.038491874933242798
test_protein_1426,0.56155014038085938
test_protein_1435,0.58866167068481445
test_protein_1425,0.26321703195571899
test_protein_1434,0.54688864946365356
test_protein_1424,0.47039467096328735
test_protein_1436,0.58414685726165771
test_protein_1430,0.12041326612234116
test_protein_1438,0.89159440994262695
test_protein_1437,0.58836930990219116
test_protein_1439,0.64086490869522095
test_protein_1440,0.83267521858215332
test_protein_1432,0.57239693403244019
test_protein_1441,0.57444149255752563
test_protein_1443,0.033341486006975174
test_protein_1442,0.65304315090179443
test_protein_1445,0.16400943696498871
test_protein_1449,0.20907828211784363
test_protein_1444,0.15871803462505341
test_protein_1447,0.41175639629364014
test_protein_1448,0.25922799110412598
test_protein_1452,0.10459671914577484
test_protein_1446,0.00039344260585494339
test_protein_1450,0.089080661535263062
test_protein_1454,0.28415170311927795
test_protein_1455,0.46896687150001526
test_protein_1451,0.12441588938236237
test_protein_1457,0.015220880508422852
test_protein_1460,0.58118188381195068
test_protein_1456,0.1765831857919693
test_protein_1458,0.28219234943389893
test_protein_1453,0.11573390662670135
test_protein_1459,0.091970004141330719
test_protein_1462,0.61838948726654053
test_protein_1467,0.85787904262542725
test_protein_1461,0.33608940243721008
test_protein_1463,0.19663102924823761
test_protein_1465,0.28681680560112
test_protein_1464,0.80031341314315796
test_protein_1466,0.0025716631207615137
test_protein_1468,0.28706207871437073
test_protein_1473,0.010027686133980751
test_protein_1470,0.14326222240924835
test_protein_1469,0.062139958143234253
test_protein_1474,0.57102328538894653
test_protein_1476,0.23295396566390991
test_protein_1477,0.22961178421974182
test_protein_1471,0.0058564529754221439
test_protein_1480,0.77735096216201782
test_protein_1472,0.0083622056990861893
test_protein_1475,0.19630169868469238
test_protein_1479,0.060832791030406952
test_protein_1478,0.27428829669952393
test_protein_1490,0.60769927501678467
test_protein_1486,0.17820335924625397
test_protein_1481,0.062437530606985092
test_protein_1488,0.95839762687683105
test_protein_1482,0.36939209699630737
test_protein_1487,0.42591843008995056
test_protein_1483,0.24076108634471893
test_protein_1489,0.98894613981246948
test_protein_1491,0.83392578363418579
test_protein_1493,0.076550990343093872
test_protein_1484,0.16616658866405487
test_protein_1492,0.004746987484395504
test_protein_1495,0.40417775511741638
test_protein_1485,0.30657434463500977
test_protein_1499,0.37022736668586731
test_protein_1501,3.6554589314619079e-05
test_protein_1497,0.15791122615337372
test_protein_1498,0.0014511648332700133
test_protein_1494,0.59390640258789062
test_protein_1496,0.024984966963529587
test_protein_1504,0.32130777835845947
test_protein_1500,2.968706758110784e-05
test_protein_1502,0.011042054742574692
test_protein_1505,0.69308841228485107
test_protein_1503,0.01434489618986845
test_protein_1508,0.00023083199630491436
test_protein_1507,0.9929736852645874
test_protein_1506,0.96969878673553467
test_protein_1509,0.80300694704055786
test_protein_1510,0.25161415338516235
test_protein_1511,0.31345611810684204
test_protein_1512,0.1938861757516861
test_protein_1516,0.39181363582611084
test_protein_1514,0.26810476183891296
test_protein_1518,0.42153456807136536
test_protein_1515,0.7822224497795105
test_protein_1513,0.28285440802574158
test_protein_1519,0.13787123560905457
test_protein_1517,0.26381880044937134
test_protein_1520,0.200264573097229
test_protein_1527,0.76654678583145142
test_protein_1528,0.95243173837661743
test_protein_1522,4.9781567213358358e-05
test_protein_1532,0.99961638450622559
test_protein_1529,0.98683595657348633
test_protein_1533,0.0035336504224687815
test_protein_1521,0.24711036682128906
test_protein_1523,0.57584625482559204
test_protein_1524,0.21642005443572998
test_protein_1531,0.0278459582477808
test_protein_1526,0.34831380844116211
test_protein_1530,0.24676373600959778
test_protein_1525,0.063866063952445984
test_protein_1534,0.7381322979927063
test_protein_1538,0.065812855958938599
test_protein_1537,0.13228079676628113
test_protein_1541,0.17171040177345276
test_protein_1535,0.70184379816055298
test_protein_1536,0.3471752405166626
test_protein_1543,0.89677238464355469
test_protein_1544,0.58939319849014282
test_protein_1542,0.2900906503200531
test_protein_1540,0.10642746835947037
test_protein_1539,0.23313228785991669
test_protein_1548,2.6328356739213632e-07
test_protein_1547,0.29283168911933899
test_protein_1545,0.0012243295786902308
test_protein_1554,0.30738398432731628
test_protein_1549,0.18139424920082092
test_protein_1550,0.33472400903701782
test_protein_1546,0.22222816944122314
test_protein_1559,0.53789442777633667
test_protein_1553,0.50577759742736816
test_protein_1557,0.48075854778289795
test_protein_1551,0.91875261068344116
test_protein_1552,0.41138279438018799
test_protein_1555,0.14983631670475006
test_protein_1558,0.20253057777881622
test_protein_1556,0.3291841447353363
test_protein_1562,0.26379263401031494
test_protein_1561,0.048600669950246811
test_protein_1563,0.36420920491218567
test_protein_1560,0.2238938957452774
test_protein_1565,0.26505756378173828
test_protein_1567,0.18362089991569519
test_protein_1566,0.49615716934204102
test_protein_1571,0.064442671835422516
test_protein_1576,0.4692457914352417
test_protein_1568,0.029134765267372131
test_protein_1573,0.070399098098278046
test_protein_1564,0.24564433097839355
test_protein_1569,0.24462908506393433
test_protein_1578,0.3877737820148468
test_protein_1574,0.004678766243159771
test_protein_1572,0.076534099876880646
test_protein_1575,0.27326717972755432
test_protein_1570,0.10485952347517014
test_protein_1577,0.7033964991569519
test_protein_1583,0.18220770359039307
test_protein_1579,0.92131298780441284
test_protein_1580,0.47321295738220215
test_protein_1582,0.15526378154754639
test_protein_1581,0.0024925346951931715
test_protein_1587,0.88010793924331665
test_protein_1585,0.36195790767669678
test_protein_1588,0.46979984641075134
test_protein_1586,0.038389116525650024
test_protein_1589,0.49766916036605835
test_protein_1584,0.0074660410173237324
test_protein_1590,0.055527232587337494
test_protein_1595,0.91287624835968018
test_protein_1596,0.0077095474116504192
test_protein_1593,0.029611591249704361
test_protein_1592,0.42289566993713379
test_protein_1594,0.10401202738285065
test_protein_1597,0.18272830545902252
test_protein_1603,0.074926301836967468
test_protein_1607,0.0016087358817458153
test_protein_1608,0.66422522068023682
test_protein_1601,0.49834686517715454
test_protein_1591,0.32850009202957153
test_protein_1598,0.43200346827507019
test_protein_1600,0.42412731051445007
test_protein_1602,0.045072883367538452
test_protein_1609,0.49120360612869263
test_protein_1605,0.64740520715713501
test_protein_1599,0.24875038862228394
test_protein_1604,0.34745433926582336
test_protein_1606,0.48236289620399475
test_protein_1612,0.32577881217002869
test_protein_1610,0.86563098430633545
test_protein_1611,0.21300998330116272
test_protein_1614,0.38706600666046143
test_protein_1613,0.00052501860773190856
test_protein_1618,0.14533321559429169
test_protein_1615,0.26254749298095703
test_protein_1616,0.1760915070772171
test_protein_1622,2.6437128326506354e-06
test_protein_1621,0.45300298929214478
test_protein_1620,0.44592598080635071
test_protein_1617,0.9866144061088562
test_protein_1623,0.11338716745376587
test_protein_1624,0.14679908752441406
test_protein_1619,0.10492236167192459
test_protein_1628,0.023051692172884941
test_protein_1626,0.26632177829742432
test_protein_1625,0.097101591527462006
test_protein_1627,0.64305895566940308
test_protein_1631,0.19535526633262634
test_protein_1630,0.089328743517398834
test_protein_1629,0.57686787843704224
test_protein_1633,0.33446261286735535
test_protein_1634,0.38855674862861633
test_protein_1632,7.4930503615178168e-06
test_protein_1635,0.37551581859588623
test_protein_1636,0.76300746202468872
test_protein_1641,0.47213271260261536
test_protein_1637,0.24485459923744202
test_protein_1638,0.43786939978599548
test_protein_1639,0.10154863446950912
test_protein_1640,0.65736210346221924
test_protein_1642,0.27062049508094788
test_protein_1646,0.26348587870597839
test_protein_1644,0.40772759914398193
test_protein_1645,0.39926144480705261
test_protein_1653,0.16352328658103943
test_protein_1657,0.049296118319034576
test_protein_1650,0.21855774521827698
test_protein_1651,0.14368508756160736
test_protein_1649,0.43069246411323547
test_protein_1643,0.49911567568778992
test_protein_1655,0.27830976247787476
test_protein_1652,0.59688526391983032
test_protein_1647,6.5664899011608213e-05
test_protein_1656,0.19059549272060394
test_protein_1658,0.40351209044456482
test_protein_1659,0.0038054033648222685
test_protein_1654,0.090784713625907898
test_protein_1648,0.1204204186797142
test_protein_1660,0.33241882920265198
test_protein_1661,0.025777764618396759
test_protein_1662,0.76142299175262451
test_protein_1665,0.046274527907371521
test_protein_1667,0.047371901571750641
test_protein_1663,0.0064863949082791805
test_protein_1664,0.92559128999710083
test_protein_1670,0.59038335084915161
test_protein_1671,0.69932329654693604
test_protein_1668,0.1415468156337738
test_protein_1666,0.62710762023925781
test_protein_1672,0.70546942949295044
test_protein_1675,0.50771898031234741
test_protein_1678,0.08058764785528183
test_protein_1669,0.17121817171573639
test_protein_1676,0.62799328565597534
test_protein_1677,0.03559860959649086
test_protein_1673,0.74734550714492798
test_protein_1683,0.16166432201862335
test_protein_1674,0.70939797163009644
test_protein_1681,0.38961911201477051
test_protein_1679,0.19090211391448975
test_protein_1680,0.24037286639213562
test_protein_1682,0.50601619482040405
test_protein_1684,0.16262933611869812
test_protein_1686,0.45250639319419861
test_protein_1685,0.55825942754745483
test_protein_1687,0.041260063648223877
test_protein_1688,0.36889052391052246
test_protein_1689,0.36198592185974121
test_protein_1691,0.0039562806487083435
test_protein_1693,0.013509824872016907
test_protein_1694,0.50057542324066162
test_protein_1690,0.420305997133255
test_protein_1698,0.78329378366470337
test_protein_1692,0.39290830492973328
test_protein_1695,8.5609799498342909e-06
test_protein_1702,0.42472067475318909
test_protein_1696,0.65915000438690186
test_protein_1705,0.26678293943405151
test_protein_1703,0.55647170543670654
test_protein_1697,0.61455559730529785
test_protein_1706,0.30121764540672302
test_protein_1701,0.022544136270880699
test_protein_1700,0.45766761898994446
test_protein_1699,0.35579437017440796
test_protein_1710,0.36342692375183105
test_protein_1708,0.0055171223357319832
test_protein_1704,0.42538797855377197
test_protein_1709,0.0024546843487769365
test_protein_1707,0.30266332626342773
test_protein_1715,0.98228490352630615
test_protein_1712,0.00021712540183216333
test_protein_1711,0.51538139581680298
test_protein_1714,0.99521905183792114
test_protein_1716,0.19368967413902283
test_protein_1717,0.16399425268173218
test_protein_1723,0.83977985382080078
test_protein_1713,0.23005956411361694
test_protein_1720,0.12960094213485718
test_protein_1718,0.43828484416007996
test_protein_1719,0.34233194589614868
test_protein_1729,0.5519787073135376
test_protein_1730,0.16732713580131531
test_protein_1721,0.42768657207489014
test_protein_1722,0.86518770456314087
test_protein_1727,0.084563151001930237
test_protein_1724,0.88160717487335205
test_protein_1725,0.27653795480728149
test_protein_1728,0.85493654012680054
test_protein_1731,0.79249417781829834
test_protein_1734,0.47634598612785339
test_protein_1732,0.089830540120601654
test_protein_1733,0.85067737102508545
test_protein_1726,0.57638806104660034
test_protein_1735,0.33299374580383301
test_protein_1736,0.57024282217025757
test_protein_1737,0.58862912654876709
test_protein_1741,0.99995434284210205
test_protein_1738,0.44938954710960388
test_protein_1739,0.63881313800811768
test_protein_1740,0.54020345211029053
test_protein_1742,0.71076995134353638
test_protein_1744,0.26775085926055908
test_protein_1743,0.059878196567296982
test_protein_1746,0.48963400721549988
test_protein_1745,0.088862709701061249
test_protein_1755,0.81708770990371704
test_protein_1758,0.013183191418647766
test_protein_1757,0.52415913343429565
test_protein_1749,0.52954208850860596
test_protein_1750,0.15890100598335266
test_protein_1751,0.70242655277252197
test_protein_1747,0.48241680860519409
test_protein_1759,0.99859076738357544
test_protein_1754,0.63437700271606445
test_protein_1760,0.00035663522430695593
test_protein_1753,0.052542440593242645
test_protein_1752,0.50665640830993652
test_protein_1756,0.33098036050796509
test_protein_1748,0.38667267560958862
test_protein_1761,0.21307039260864258
test_protein_1762,0.84076982736587524
test_protein_1766,0.13617891073226929
test_protein_1768,0.41874152421951294
test_protein_1763,0.76010394096374512
test_protein_1764,0.78122234344482422
test_protein_1769,0.52555066347122192
test_protein_1773,0.23870956897735596
test_protein_1772,0.49344554543495178
test_protein_1770,0.48388156294822693
test_protein_1765,0.40076050162315369
test_protein_1776,0.55399304628372192
test_protein_1767,0.14874443411827087
test_protein_1775,0.44347018003463745
test_protein_1779,0.39504903554916382
test_protein_1782,0.58152478933334351
test_protein_1781,0.5049329400062561
test_protein_1780,0.50725638866424561
test_protein_1774,0.90591293573379517
test_protein_1784,0.32030361890792847
test_protein_1777,0.61939120292663574
test_protein_1771,0.0753365159034729
test_protein_1778,0.61559760570526123
test_protein_1783,0.42984491586685181
test_protein_1785,0.57175713777542114
test_protein_1791,0.25074383616447449
test_protein_1787,0.80825281143188477
test_protein_1786,0.20407122373580933
test_protein_1790,0.46013295650482178
test_protein_1789,0.56228381395339966
test_protein_1788,0.58691698312759399
test_protein_1792,0.540721595287323
test_protein_1794,0.3402768075466156
test_protein_1795,0.063432037830352783
test_protein_1803,0.46714112162590027
test_protein_1800,0.53551936149597168
test_protein_1797,0.27982088923454285
test_protein_1801,0.016678947955369949
test_protein_1799,0.12150612473487854
test_protein_1796,0.1117568239569664
test_protein_1793,0.70376920700073242
test_protein_1808,0.013051871210336685
test_protein_1807,4.0179065763368271e-06
test_protein_1806,0.19882181286811829
test_protein_1798,0.11031855642795563
test_protein_1805,0.22461947798728943
test_protein_1802,0.0023864246904850006
test_protein_1804,0.2920691967010498
test_protein_1811,0.22775641083717346
test_protein_1809,0.007364950142800808
test_protein_1810,0.18222619593143463
test_protein_1812,0.58626216650009155
test_protein_1814,0.21966873109340668
test_protein_1813,0.10456369817256927
test_protein_1815,0.50296127796173096
test_protein_1816,0.31669774651527405
test_protein_1820,0.51922506093978882
test_protein_1825,0.47701367735862732
test_protein_1821,0.46679618954658508
test_protein_1818,0.45050489902496338
test_protein_1826,0.08928719162940979
test_protein_1822,0.16592136025428772
test_protein_1819,0.38078290224075317
test_protein_1817,0.13603545725345612
test_protein_1823,0.49036672711372375
test_protein_1829,0.46140936017036438
test_protein_1831,0.13761900365352631
test_protein_1828,0.50613975524902344
test_protein_1830,0.10558066517114639
test_protein_1824,0.13521668314933777
test_protein_1835,0.89521205425262451
test_protein_1837,0.7097095251083374
test_protein_1832,0.71548515558242798
test_protein_1833,0.98529887199401855
test_protein_1827,0.18612541258335114
test_protein_1834,0.87657970190048218
test_protein_1836,0.81130474805831909
test_protein_1838,0.56348210573196411
test_protein_1841,0.50603020191192627
test_protein_1839,0.41736236214637756
test_protein_1842,2.0150109776295722e-05
test_protein_1851,0.63226544857025146
test_protein_1847,0.10300692170858383
test_protein_1849,0.63687914609909058
test_protein_1840,0.49109181761741638
test_protein_1845,0.016381565481424332
test_protein_1846,6.2708918449061457e-06
test_protein_1850,0.64147287607192993
test_protein_1852,0.54984456300735474
test_protein_1844,0.018119970336556435
test_protein_1848,0.58956712484359741
test_protein_1854,0.51797157526016235
test_protein_1843,0.0022915189620107412
test_protein_1853,0.31411084532737732
test_protein_1856,0.59714722633361816
test_protein_1857,0.64009493589401245
test_protein_1858,0.00066514743957668543
test_protein_1855,0.27746614813804626
test_protein_1861,0.28729027509689331
test_protein_1859,0.60893535614013672
test_protein_1863,0.56292104721069336
test_protein_1862,0.67689394950866699
test_protein_1860,0.24858035147190094
test_protein_1864,0.39296931028366089
test_protein_1874,0.19109721481800079
test_protein_1865,0.31758609414100647
test_protein_1870,0.44728821516036987
test_protein_1867,0.57320326566696167
test_protein_1872,0.46915927529335022
test_protein_1869,0.10609641671180725
test_protein_1873,0.41701894998550415
test_protein_1877,0.54644447565078735
test_protein_1866,0.54863756895065308
test_protein_1875,0.09907909482717514
test_protein_1879,0.63994812965393066
test_protein_1871,0.076148025691509247
test_protein_1881,0.40926980972290039
test_protein_1868,0.66866028308868408
test_protein_1878,0.1081676259636879
test_protein_1876,0.81681877374649048
test_protein_1880,0.30922761559486389
test_protein_1883,0.40328267216682434
test_protein_1884,0.26696380972862244
test_protein_1887,0.057960484176874161
test_protein_1885,0.45702436566352844
test_protein_1882,0.58589744567871094
test_protein_1889,0.17902250587940216
test_protein_1894,0.80371016263961792
test_protein_1888,0.41842284798622131
test_protein_1895,0.57994991540908813
test_protein_1901,0.75796914100646973
test_protein_1891,0.1277301013469696
test_protein_1886,0.31039375066757202
test_protein_1890,0.91386657953262329
test_protein_1896,0.9227067232131958
test_protein_1899,0.56123697757720947
test_protein_1897,0.43062478303909302
test_protein_1893,0.9846159815788269
test_protein_1892,0.53508776426315308
test_protein_1898,0.94799286127090454
test_protein_1903,0.85079187154769897
test_protein_1902,0.85854631662368774
test_protein_1900,0.68659764528274536
test_protein_1904,0.13014832139015198
test_protein_1907,0.10840385407209396
test_protein_1906,0.5361974835395813
test_protein_1908,0.006947448942810297
test_protein_1912,0.34350153803825378
test_protein_1911,0.13940979540348053
test_protein_1910,0.5517195463180542
test_protein_1909,0.96917444467544556
test_protein_1905,0.13501708209514618
test_protein_1913,0.42837849259376526
test_protein_1916,0.28616884350776672
test_protein_1915,0.05160895362496376
test_protein_1918,0.51957857608795166
test_protein_1919,0.11826790124177933
test_protein_1914,0.0013048503315076232
test_protein_1921,0.053945831954479218
test_protein_1917,0.22057107090950012
test_protein_1922,0.44631284475326538
test_protein_1924,0.16414687037467957
test_protein_1926,0.25974604487419128
test_protein_1923,0.16218912601470947
test_protein_1920,0.4214138388633728
test_protein_1925,0.30432051420211792
test_protein_1927,0.70758640766143799
test_protein_1929,0.081965453922748566
test_protein_1931,0.57524871826171875
test_protein_1934,0.5231252908706665
test_protein_1930,0.99588876962661743
test_protein_1935,0.00016515202878508717
test_protein_1932,0.98572772741317749
test_protein_1933,0.12426803261041641
test_protein_1936,3.1685154681326821e-05
test_protein_1928,0.44493308663368225
test_protein_1939,0.40679705142974854
test_protein_1940,0.23484843969345093
test_protein_1937,5.4968422773526981e-05
test_protein_1938,0.041331879794597626
test_protein_1942,0.5130913257598877
test_protein_1946,0.54204255342483521
test_protein_1945,0.1934581845998764
test_protein_1941,0.2207135409116745
test_protein_1947,0.55501449108123779
test_protein_1953,0.37641260027885437
test_protein_1944,0.12570342421531677
test_protein_1954,0.67172539234161377
test_protein_1952,0.54069942235946655
test_protein_1951,0.13264493644237518
test_protein_1943,0.79687315225601196
test_protein_1948,0.24982883036136627
test_protein_1956,0.80567425489425659
test_protein_1955,0.21040798723697662
test_protein_1949,0.22881424427032471
test_protein_1960,0.54459738731384277
test_protein_1957,0.81200820207595825
test_protein_1958,0.31550949811935425
test_protein_1950,0.17868536710739136
test_protein_1959,0.52064752578735352
test_protein_1961,0.94429111480712891
test_protein_1967,0.26373589038848877
test_protein_1963,0.34219774603843689
test_protein_1962,0.55139279365539551
test_protein_1964,0.43246841430664062
test_protein_1966,0.35379302501678467
test_protein_1965,0.6197696328163147
test_protein_1971,0.46945524215698242
test_protein_1969,0.36973437666893005
test_protein_1968,0.59248995780944824
test_protein_1970,0.57450985908508301
test_protein_1975,0.52608460187911987
test_protein_1979,0.40350496768951416
test_protein_1972,0.21960453689098358
test_protein_1982,0.27101254463195801
test_protein_1977,0.5220409631729126
test_protein_1981,0.19343742728233337
test_protein_1978,0.59824275970458984
test_protein_1984,0.8115655779838562
test_protein_1976,0.37081322073936462
test_protein_1983,0.19298677146434784
test_protein_1980,0.4419160783290863
test_protein_1974,0.27529850602149963
test_protein_1973,0.4056236743927002
test_protein_1985,0.76739346981048584
test_protein_1988,0.64272433519363403
test_protein_1986,0.96073096990585327
test_protein_1995,0.96041417121887207
test_protein_1987,0.20176509022712708
test_protein_1989,0.37206387519836426
test_protein_1998,0.0015653290320187807
test_protein_1991,0.69554102420806885
test_protein_1992,0.51552575826644897
test_protein_1996,0.9945986270904541
test_protein_1993,0.99364686012268066
test_protein_1994,0.9759717583656311
test_protein_1990,0.6251295804977417
test_protein_2000,0.44041728973388672
test_protein_2001,0.00011470619938336313
test_protein_1999,0.019530408084392548
test_protein_2002,0.0019654890056699514
test_protein_2003,0.32130557298660278
test_protein_1997,0.24920132756233215
test_protein_2004,0.80285775661468506
test_protein_2008,0.40859323740005493
test_protein_2006,0.32552015781402588
test_protein_2009,0.81476020812988281
test_protein_2010,0.59205341339111328
test_protein_2007,7.891505811130628e-05
test_protein_2005,0.11335156112909317
test_protein_2013,0.4656929075717926
test_protein_2011,0.50642335414886475
test_protein_2012,0.34734508395195007
test_protein_2017,0.62414455413818359
test_protein_2016,0.49634286761283875
test_protein_2020,0.45611193776130676
test_protein_2014,0.65688413381576538
test_protein_2018,0.22951473295688629
test_protein_2015,0.43897676467895508
test_protein_2021,0.2950671911239624
test_protein_2019,0.4961521327495575
test_protein_2023,0.60688859224319458
test_protein_2024,0.65060532093048096
test_protein_2022,0.97675281763076782
test_protein_2031,0.072402231395244598
test_protein_2030,0.36100670695304871
test_protein_2028,0.99578684568405151
test_protein_2027,0.57099616527557373
test_protein_2029,0.71965605020523071
test_protein_2025,0.52618700265884399
test_protein_2026,0.66651517152786255
test_protein_2036,0.26336362957954407
test_protein_2032,0.3696351945400238
test_protein_2037,0.68008881807327271
test_protein_2034,0.68601274490356445
test_protein_2033,0.63818389177322388
test_protein_2035,0.029244836419820786
test_protein_2040,0.94176161289215088
test_protein_2041,0.69577533006668091
test_protein_2043,0.6505504846572876
test_protein_2038,0.50706326961517334
test_protein_2042,0.92445570230484009
test_protein_2046,0.53340452909469604
test_protein_2045,0.63549947738647461
test_protein_2048,0.29308372735977173
test_protein_2039,0.47261735796928406
test_protein_2047,0.59156990051269531
test_protein_2044,0.48999816179275513
test_protein_2056,0.75838989019393921
test_protein_2050,0.24665698409080505
test_protein_2057,0.71979987621307373
test_protein_2052,0.99479782581329346
test_protein_2053,0.94362622499465942
test_protein_2051,0.74815094470977783
test_protein_2059,0.70773929357528687
test_protein_2049,0.12962146103382111
test_protein_2054,0.46078294515609741
test_protein_2055,0.49229148030281067
test_protein_2060,0.54557281732559204
test_protein_2061,0.28912892937660217
test_protein_2058,0.44766691327095032
test_protein_2064,0.29743584990501404
test_protein_2067,0.40763062238693237
test_protein_2062,0.70802819728851318
test_protein_2068,0.50566267967224121
test_protein_2069,0.53492963314056396
test_protein_2063,0.12083841115236282
test_protein_2065,0.29383814334869385
test_protein_2066,0.13166627287864685
test_protein_2070,0.88780093193054199
test_protein_2076,0.32103231549263
test_protein_2071,0.55242007970809937
test_protein_2072,0.39366716146469116
test_protein_2074,0.91872519254684448
test_protein_2077,0.025991607457399368
test_protein_2073,0.35768067836761475
test_protein_2079,0.25743722915649414
test_protein_2081,0.47596162557601929
test_protein_2078,0.054885473102331161
test_protein_2083,0.30440926551818848
test_protein_2080,0.54120159149169922
test_protein_2082,0.20224516093730927
test_protein_2075,0.99770587682723999
test_protein_2087,0.46040135622024536
test_protein_2088,0.66170865297317505
test_protein_2086,0.18386909365653992
test_protein_2084,0.19055676460266113
test_protein_2092,0.37909236550331116
test_protein_2091,0.39358231425285339
test_protein_2089,0.48582866787910461
test_protein_2085,0.35393914580345154
test_protein_2095,0.72994834184646606
test_protein_2094,0.069217585027217865
test_protein_2090,0.42614462971687317
test_protein_2098,0.49734264612197876
test_protein_2093,0.76453626155853271
test_protein_2101,0.56415081024169922
test_protein_2096,0.43519344925880432
test_protein_2097,0.1545269787311554
test_protein_2103,0.64878469705581665
test_protein_2105,0.63795661926269531
test_protein_2099,0.67097795009613037
test_protein_2100,0.24693605303764343
test_protein_2104,0.48465213179588318
test_protein_2102,0.25432178378105164
test_protein_2106,0.59675097465515137
test_protein_2108,0.29816073179244995
test_protein_2112,0.72420245409011841
test_protein_2110,0.39127764105796814
test_protein_2107,0.82442933320999146
test_protein_2115,0.058126114308834076
test_protein_2111,0.48262947797775269
test_protein_2113,0.37600934505462646
test_protein_2118,0.5177149772644043
test_protein_2114,0.53314030170440674
test_protein_2109,0.066984347999095917
test_protein_2116,0.056315280497074127
test_protein_2119,0.26650676131248474
test_protein_2117,0.18551760911941528
test_protein_2120,0.17911766469478607
test_protein_2123,0.77304923534393311
test_protein_2121,0.44776922464370728
test_protein_2122,0.65845757722854614
test_protein_2124,0.41089311242103577
test_protein_2129,0.68842285871505737
test_protein_2125,0.12656930088996887
test_protein_2128,0.6181948184967041
test_protein_2131,0.96832394599914551
test_protein_2126,0.57000142335891724
test_protein_2127,0.57157027721405029
test_protein_2130,0.50275713205337524
test_protein_2136,0.55777966976165771
test_protein_2137,0.63104730844497681
test_protein_2141,0.78648680448532104
test_protein_2138,0.38486254215240479
test_protein_2135,0.26877599954605103
test_protein_2133,0.00056197773665189743
test_protein_2139,0.12777373194694519
test_protein_2132,0.34909078478813171
test_protein_2134,0.64232432842254639
test_protein_2144,0.60213446617126465
test_protein_2142,0.35895857214927673
test_protein_2140,0.13806259632110596
test_protein_2147,0.37219509482383728
test_protein_2149,0.46744450926780701
test_protein_2145,0.72849041223526001
test_protein_2146,0.19622591137886047
test_protein_2150,0.42614701390266418
test_protein_2143,0.26745837926864624
test_protein_2152,0.59129178524017334
test_protein_2153,0.50255781412124634
test_protein_2148,0.65815150737762451
test_protein_2151,0.53168517351150513
test_protein_2154,0.71833604574203491
test_protein_2155,0.57674384117126465
test_protein_2157,0.23756776750087738
test_protein_2158,0.93237298727035522
test_protein_2159,0.36366119980812073
test_protein_2161,0.12296063452959061
test_protein_2156,0.25990590453147888
test_protein_2162,0.00027834551292471588
test_protein_2160,0.61876207590103149
test_protein_2164,0.5813329815864563
test_protein_2163,0.15133059024810791
test_protein_2168,0.36824113130569458
test_protein_2172,0.43895894289016724
test_protein_2171,0.20235273241996765
test_protein_2166,0.54472458362579346
test_protein_2174,0.9753538966178894
test_protein_2173,0.082323335111141205
test_protein_2177,0.84532415866851807
test_protein_2165,0.99320375919342041
test_protein_2167,0.4261932373046875
test_protein_2170,0.76182460784912109
test_protein_2169,0.93727433681488037
test_protein_2175,0.0092828413471579552
test_protein_2176,0.45969760417938232
test_protein_2180,0.05678117647767067
test_protein_2181,0.60902714729309082
test_protein_2182,0.63938605785369873
test_protein_2178,0.45952087640762329
test_protein_2179,0.23811514675617218
test_protein_2184,0.018053421750664711
test_protein_2183,0.03607046976685524
test_protein_2188,0.39842507243156433
test_protein_2187,0.16957549750804901
test_protein_2186,0.1560775488615036
test_protein_2185,0.73432070016860962
test_protein_2192,0.8305593729019165
test_protein_2191,0.25912734866142273
test_protein_2190,0.59948784112930298
test_protein_2197,0.58726769685745239
test_protein_2196,0.55921071767807007
test_protein_2189,0.55552214384078979
test_protein_2195,0.49565911293029785
test_protein_2194,0.54884886741638184
test_protein_2193,0.42513734102249146
test_protein_2198,0.18860822916030884
test_protein_2202,0.9023594856262207
test_protein_2200,0.26317808032035828
test_protein_2206,0.36330583691596985
test_protein_2204,0.5336882472038269
test_protein_2199,0.73177081346511841
test_protein_2201,0.42410501837730408
test_protein_2203,0.00039865894359536469
test_protein_2205,0.031572405248880386
test_protein_2207,0.11113223433494568
test_protein_2210,0.74636822938919067
test_protein_2208,0.4494759738445282
test_protein_2209,0.6186985969543457
test_protein_2213,0.26889225840568542
test_protein_2214,0.12883496284484863
test_protein_2211,0.43172591924667358
test_protein_2215,0.15206614136695862
test_protein_2217,0.11673608422279358
test_protein_2216,0.10970640182495117
test_protein_2212,0.41006630659103394
test_protein_2218,0.02186998724937439
test_protein_2219,0.048898413777351379
test_protein_2222,0.51503658294677734
test_protein_2221,0.62200969457626343
test_protein_2223,0.38405051827430725
test_protein_2220,0.53871166706085205
test_protein_2230,0.2840627133846283
test_protein_2225,0.26378697156906128
test_protein_2224,0.33502349257469177
test_protein_2227,0.45553845167160034
test_protein_2229,0.34084537625312805
test_protein_2228,0.61103034019470215
test_protein_2226,0.64609044790267944
test_protein_2236,0.12545867264270782
test_protein_2238,0.36631855368614197
test_protein_2233,0.3222595751285553
test_protein_2244,0.78882676362991333
test_protein_2234,0.29011297225952148
test_protein_2237,0.17809176445007324
test_protein_2232,0.46783235669136047
test_protein_2235,0.17269985377788544
test_protein_2240,0.52541995048522949
test_protein_2231,0.23967118561267853
test_protein_2242,0.69415998458862305
test_protein_2241,0.51273649930953979
test_protein_2239,0.44399458169937134
test_protein_2246,0.72591513395309448
test_protein_2243,0.76822793483734131
test_protein_2245,0.96743893623352051
test_protein_2248,0.79963761568069458
test_protein_2252,0.26992994546890259
test_protein_2247,0.99379926919937134
test_protein_2250,0.26750144362449646
test_protein_2249,0.67134183645248413
test_protein_2253,0.10855609923601151
test_protein_2251,0.51438862085342407
test_protein_2257,0.7227470874786377
test_protein_2258,0.74652600288391113
test_protein_2256,0.22759124636650085
test_protein_2259,0.35285365581512451
test_protein_2260,0.28484567999839783
test_protein_2262,0.90454751253128052
test_protein_2255,0.25568416714668274
test_protein_2261,0.79517310857772827
test_protein_2254,0.99371629953384399
test_protein_2266,0.75446337461471558
test_protein_2264,0.15460421144962311
test_protein_2263,0.19409507513046265
test_protein_2267,0.94734269380569458
test_protein_2268,0.23966860771179199
test_protein_2269,0.64270663261413574
test_protein_2271,0.60593575239181519
test_protein_2270,0.601948082447052
test_protein_2265,0.43413317203521729
test_protein_2272,0.13017255067825317
test_protein_2273,0.016874229535460472
test_protein_2275,0.40949618816375732
test_protein_2277,0.50242912769317627
test_protein_2274,0.44787740707397461
test_protein_2278,0.59278160333633423
test_protein_2276,0.18362575769424438
test_protein_2284,0.44443997740745544
test_protein_2279,0.55347603559494019
test_protein_2281,0.75206673145294189
test_protein_2287,0.22857096791267395
test_protein_2288,0.43721100687980652
test_protein_2280,0.41692107915878296
test_protein_2292,0.63950777053833008
test_protein_2286,0.84776180982589722
test_protein_2283,0.98935878276824951
test_protein_2291,0.064588844776153564
test_protein_2282,0.94464904069900513
test_protein_2290,0.081721052527427673
test_protein_2289,0.37021088600158691
test_protein_2293,0.21329967677593231
test_protein_2295,0.4735971987247467
test_protein_2294,0.30891710519790649
test_protein_2285,0.9938044548034668
test_protein_2296,0.67772436141967773
test_protein_2301,0.063009932637214661
test_protein_2297,0.48324230313301086
test_protein_2298,0.38746416568756104
test_protein_2300,0.8808245062828064
test_protein_2305,0.50356036424636841
test_protein_2302,0.40809214115142822
test_protein_2299,0.8819078803062439
test_protein_2303,0.50406593084335327
test_protein_2306,0.43421897292137146
test_protein_2308,0.50773894786834717
test_protein_2304,0.66422104835510254
test_protein_2310,0.37290540337562561
test_protein_2316,0.65991133451461792
test_protein_2313,0.072095103561878204
test_protein_2312,0.55287367105484009
test_protein_2309,0.34017607569694519
test_protein_2314,0.83348548412322998
test_protein_2317,0.5067753791809082
test_protein_2318,0.38541290163993835
test_protein_2311,0.27372917532920837
test_protein_2320,0.40177431702613831
test_protein_2321,0.18534606695175171
test_protein_2322,0.58086663484573364
test_protein_2307,0.56788647174835205
test_protein_2315,0.90436476469039917
test_protein_2319,0.62617534399032593
test_protein_2323,0.86869359016418457
test_protein_2327,0.47028407454490662
test_protein_2328,0.99856680631637573
test_protein_2329,0.23063977062702179
test_protein_2325,0.044477004557847977
test_protein_2324,0.061000801622867584
test_protein_2326,0.68452680110931396
test_protein_2330,0.53189408779144287
test_protein_2332,0.61228460073471069
test_protein_2334,0.5107724666595459
test_protein_2333,0.099733933806419373
test_protein_2331,0.36724209785461426
test_protein_2335,0.29786264896392822
test_protein_2336,0.49405795335769653
test_protein_2340,0.68097215890884399
test_protein_2344,0.92323243618011475
test_protein_2337,0.66309744119644165
test_protein_2338,0.078993752598762512
test_protein_2339,0.46034210920333862
test_protein_2345,0.36839285492897034
test_protein_2341,0.8456757664680481
test_protein_2342,0.95472532510757446
test_protein_2343,0.21001318097114563
test_protein_2346,0.55288940668106079
test_protein_2349,0.22910226881504059
test_protein_2347,0.68526554107666016
test_protein_2348,0.73429656028747559
test_protein_2351,0.57768625020980835
test_protein_2353,0.68946695327758789
test_protein_2352,0.78548240661621094
test_protein_2355,0.63797694444656372
test_protein_2357,0.70265036821365356
test_protein_2354,0.54618704319000244
test_protein_2350,0.72099113464355469
test_protein_2358,0.4008963406085968
test_protein_2356,0.96692252159118652
test_protein_2361,0.28831282258033752
test_protein_2360,0.54700261354446411
test_protein_2359,0.38032710552215576
test_protein_2364,0.44891664385795593
test_protein_2369,0.51570802927017212
test_protein_2368,0.46407797932624817
test_protein_2363,0.63991826772689819
test_protein_2365,0.3302554190158844
test_protein_2362,0.51715087890625
test_protein_2366,9.8751144832931459e-05
test_protein_2367,0.20709241926670074
test_protein_2370,0.68352138996124268
test_protein_2371,0.34658753871917725
test_protein_2375,0.14121246337890625
test_protein_2374,0.25004729628562927
test_protein_2372,0.1133003905415535
test_protein_2379,0.54164105653762817
test_protein_2380,0.42638924717903137
test_protein_2381,0.054037071764469147
test_protein_2373,0.44373980164527893
test_protein_2376,0.1164514496922493
test_protein_2378,0.62384206056594849
test_protein_2377,0.37850973010063171
test_protein_2383,0.63797825574874878
test_protein_2385,0.16053840517997742
test_protein_2384,0.34665557742118835
test_protein_2390,0.57040339708328247
test_protein_2386,0.07553786039352417
test_protein_2387,0.10840312391519547
test_protein_2388,0.56761068105697632
test_protein_2393,0.32476392388343811
test_protein_2382,0.586841881275177
test_protein_2389,0.4015088677406311
test_protein_2391,0.21297834813594818
test_protein_2392,0.32868236303329468
test_protein_2394,0.71045184135437012
test_protein_2398,0.039976656436920166
test_protein_2396,0.55385798215866089
test_protein_2395,0.51892709732055664
test_protein_2399,0.34396946430206299
test_protein_2405,0.50210469961166382
test_protein_2404,0.00094991555670276284
test_protein_2403,0.18053184449672699
test_protein_2397,0.99493283033370972
test_protein_2402,0.59082311391830444
test_protein_2401,0.99880409240722656
test_protein_2409,0.028279004618525505
test_protein_2406,0.24985043704509735
test_protein_2410,0.56483513116836548
test_protein_2408,0.241079181432724
test_protein_2400,0.08617980033159256
test_protein_2416,0.015371590852737427
test_protein_2413,0.51126241683959961
test_protein_2407,0.78148829936981201
test_protein_2411,0.52242845296859741
test_protein_2412,0.46471479535102844
test_protein_2414,0.52898770570755005
test_protein_2415,0.63233953714370728
test_protein_2418,0.68891501426696777
test_protein_2421,0.14772720634937286
test_protein_2417,0.29118549823760986
test_protein_2419,0.87061804533004761
test_protein_2422,0.45291757583618164
test_protein_2420,0.91363579034805298
test_protein_2424,0.6535990834236145
test_protein_2427,0.7893226146697998
test_protein_2423,0.63395506143569946
test_protein_2425,0.96602505445480347
test_protein_2433,0.85274589061737061
test_protein_2431,0.28928360342979431
test_protein_2428,0.47094157338142395
test_protein_2426,0.41789239645004272
test_protein_2430,0.50619035959243774
test_protein_2438,0.68089950084686279
test_protein_2437,0.58078938722610474
test_protein_2435,0.35548382997512817
test_protein_2434,0.25803643465042114
test_protein_2429,0.48949539661407471
test_protein_2432,0.54584872722625732
test_protein_2440,0.5470585823059082
test_protein_2441,0.58885878324508667
test_protein_2436,0.7467494010925293
test_protein_2439,0.81697279214859009
test_protein_2447,0.64626002311706543
test_protein_2444,0.098766349256038666
test_protein_2445,0.20060612261295319
test_protein_2442,0.3792063295841217
test_protein_2446,0.40751263499259949
test_protein_2443,0.45922467112541199
test_protein_2449,0.50211739540100098
test_protein_2453,0.9727441668510437
test_protein_2457,0.19947394728660583
test_protein_2454,0.31172454357147217
test_protein_2456,0.1651279628276825
test_protein_2452,0.054470144212245941
test_protein_2462,0.46127936244010925
test_protein_2450,0.14389775693416595
test_protein_2448,0.73118841648101807
test_protein_2455,0.61725145578384399
test_protein_2459,0.18006490170955658
test_protein_2460,0.19187234342098236
test_protein_2465,0.86383211612701416
test_protein_2451,0.051809109747409821
test_protein_2461,0.61262708902359009
test_protein_2464,0.64000129699707031
test_protein_2458,0.80534577369689941
test_protein_2466,0.73150962591171265
test_protein_2463,0.49176514148712158
test_protein_2475,0.32302328944206238
test_protein_2469,0.42445382475852966
test_protein_2468,0.15634983777999878
test_protein_2467,0.16660779714584351
test_protein_2474,0.40722692012786865
test_protein_2472,0.072948463261127472
test_protein_2471,0.051851257681846619
test_protein_2470,0.39837425947189331
test_protein_2477,0.70884197950363159
test_protein_2476,0.55990660190582275
test_protein_2473,0.96600127220153809
test_protein_2481,0.1059204638004303
test_protein_2478,0.91789513826370239
test_protein_2487,0.36856091022491455
test_protein_2482,0.16950614750385284
test_protein_2488,0.65226012468338013
test_protein_2485,0.60571014881134033
test_protein_2479,0.45796710252761841
test_protein_2480,0.11214660108089447
test_protein_2483,0.93144041299819946
test_protein_2489,0.17068542540073395
test_protein_2484,0.40475207567214966
test_protein_2492,0.44892394542694092
test_protein_2495,0.47309938073158264
test_protein_2496,0.62778794765472412
test_protein_2486,0.45389407873153687
test_protein_2494,0.77331113815307617
test_protein_2500,0.077778294682502747
test_protein_2497,0.53709298372268677
test_protein_2491,0.50061208009719849
test_protein_2499,0.073594026267528534
test_protein_2493,0.54056757688522339
test_protein_2498,0.005511957686394453
test_protein_2490,0.81172138452529907
test_protein_2501,0.86181151866912842
test_protein_2505,0.76789796352386475
test_protein_2507,0.47768417000770569
test_protein_2504,0.51064521074295044
test_protein_2502,0.3750903308391571
test_protein_2509,0.69619983434677124
test_protein_2506,0.55371230840682983
test_protein_2508,0.33678033947944641
test_protein_2511,0.054604627192020416
test_protein_2512,0.45600274205207825
test_protein_2503,0.47294208407402039
test_protein_2514,0.20416773855686188
test_protein_2517,0.70526307821273804
test_protein_2522,0.62525385618209839
test_protein_2515,0.51138609647750854
test_protein_2510,0.17053499817848206
test_protein_2521,0.015318590216338634
test_protein_2520,0.26355242729187012
test_protein_2519,0.10601090639829636
test_protein_2513,0.5529409646987915
test_protein_2516,0.3335263729095459
test_protein_2526,0.6918712854385376
test_protein_2528,0.56152689456939697
test_protein_2525,0.13334684073925018
test_protein_2523,0.70647048950195312
test_protein_2518,0.32392719388008118
test_protein_2524,0.43194249272346497
test_protein_2531,0.34857699275016785
test_protein_2533,3.5664481401909143e-05
test_protein_2538,0.74216848611831665
test_protein_2530,0.4271845817565918
test_protein_2529,0.42902910709381104
test_protein_2532,0.23589950799942017
test_protein_2527,0.58299314975738525
test_protein_2537,0.12619492411613464
test_protein_2536,0.49474465847015381
test_protein_2535,0.076663650572299957
test_protein_2534,0.0075921360403299332
test_protein_2540,0.35389181971549988
test_protein_2543,0.086043253540992737
test_protein_2544,0.44599324464797974
test_protein_2541,0.24591743946075439
test_protein_2545,0.40147539973258972
test_protein_2542,0.59644997119903564
test_protein_2539,0.4458199143409729
test_protein_2550,0.6456255316734314
test_protein_2549,0.35991817712783813
test_protein_2554,0.40633794665336609
test_protein_2548,2.5517163521726616e-05
test_protein_2546,0.84436804056167603
test_protein_2557,0.99083030223846436
test_protein_2547,0.33597862720489502
test_protein_2551,0.58710658550262451
test_protein_2552,0.68467134237289429
test_protein_2556,0.51584827899932861
test_protein_2555,0.44628974795341492
test_protein_2560,0.031849931925535202
test_protein_2553,0.71247047185897827
test_protein_2558,0.3467671275138855
test_protein_2561,0.027592089027166367
test_protein_2563,0.99989235401153564
test_protein_2559,0.52152377367019653
test_protein_2564,0.99996769428253174
test_protein_2562,0.2405928373336792
test_protein_2573,0.77140283584594727
test_protein_2572,0.95311659574508667
test_protein_2567,0.016034811735153198
test_protein_2574,0.51456081867218018
test_protein_2570,0.5620800256729126
test_protein_2566,0.063343606889247894
test_protein_2568,0.99791008234024048
test_protein_2565,0.58599162101745605
test_protein_2571,0.51329898834228516
test_protein_2569,0.74670553207397461
test_protein_2575,0.18609794974327087
test_protein_2576,0.16661077737808228
test_protein_2580,0.070663534104824066
test_protein_2579,0.061801958829164505
test_protein_2577,0.2135174423456192
test_protein_2578,0.56189364194869995
test_protein_2586,0.65815156698226929
test_protein_2581,0.084550566971302032
test_protein_2582,0.0015512962127104402
test_protein_2584,0.047216009348630905
test_protein_2583,0.54358583688735962
test_protein_2585,0.56882572174072266
test_protein_2590,0.89479279518127441
test_protein_2592,6.1286300478968769e-05
test_protein_2591,0.68464994430541992
test_protein_2588,0.013391654007136822
test_protein_2589,0.16192574799060822
test_protein_2587,0.79118770360946655
test_protein_2594,0.43068933486938477
test_protein_2593,0.61430203914642334
test_protein_2595,0.51619052886962891
test_protein_2596,0.56485223770141602
test_protein_2597,0.37426674365997314
test_protein_2599,0.36199980974197388
test_protein_2600,0.83326584100723267
test_protein_2602,0.87211751937866211
test_protein_2598,7.3149053605447989e-06
test_protein_2603,0.8077775239944458
test_protein_2604,0.78565746545791626
test_protein_2601,0.54089337587356567
test_protein_2610,0.67750084400177002
test_protein_2605,0.54273742437362671
test_protein_2608,0.96057945489883423
test_protein_2606,0.85837852954864502
test_protein_2614,0.91649049520492554
test_protein_2609,0.95437175035476685
test_protein_2612,0.74777239561080933
test_protein_2607,0.55224943161010742
test_protein_2619,0.51318067312240601
test_protein_2611,0.90158826112747192
test_protein_2613,0.93400174379348755
test_protein_2616,0.57385742664337158
test_protein_2618,0.37884372472763062
test_protein_2620,0.8306766152381897
test_protein_2622,0.71444523334503174
test_protein_2624,0.33795827627182007
test_protein_2615,0.96140438318252563
test_protein_2621,0.353575199842453
test_protein_2623,0.73909854888916016
test_protein_2617,0.551186203956604
test_protein_2630,0.764515221118927
test_protein_2629,0.0027041514404118061
test_protein_2633,0.18982438743114471
test_protein_2626,0.91663390398025513
test_protein_2627,0.899727463722229
test_protein_2625,0.66727161407470703
test_protein_2628,0.98030787706375122
test_protein_2634,0.18667583167552948
test_protein_2639,0.06024792417883873
test_protein_2635,0.22912944853305817
test_protein_2637,0.63440227508544922
test_protein_2638,0.058640342205762863
test_protein_2632,0.20517368614673615
test_protein_2631,0.091259792447090149
test_protein_2636,0.078674837946891785
test_protein_2640,0.67750734090805054
test_protein_2642,0.99996101856231689
test_protein_2641,0.99936801195144653
test_protein_2643,0.17287434637546539
test_protein_2646,0.16253010928630829
test_protein_2645,0.22735171020030975
test_protein_2644,0.57175594568252563
test_protein_2652,0.57490485906600952
test_protein_2647,0.400035560131073
test_protein_2648,0.54797720909118652
test_protein_2650,0.28502655029296875
test_protein_2651,0.41866311430931091
test_protein_2655,0.22996547818183899
test_protein_2653,0.44908478856086731
test_protein_2654,0.17474594712257385
test_protein_2657,0.13762688636779785
test_protein_2658,0.45679557323455811
test_protein_2661,0.23322440683841705
test_protein_2666,0.53882515430450439
test_protein_2667,0.42427107691764832
test_protein_2663,0.4337221086025238
test_protein_2668,0.35702744126319885
test_protein_2664,0.69898849725723267
test_protein_2669,0.56557869911193848
test_protein_2659,0.49581703543663025
test_protein_2665,0.57088792324066162
test_protein_2662,0.36455041170120239
test_protein_2656,0.60658568143844604
test_protein_2649,0.43195903301239014
test_protein_2660,0.6502653956413269
test_protein_2672,0.64734655618667603
test_protein_2670,0.48408997058868408
test_protein_2676,0.28484517335891724
test_protein_2674,0.77503436803817749
test_protein_2671,0.6092149019241333
test_protein_2677,0.45011451840400696
test_protein_2686,0.00040039655868895352
test_protein_2675,0.54260760545730591
test_protein_2681,0.8057701587677002
test_protein_2679,0.94300591945648193
test_protein_2673,0.5623289942741394
test_protein_2680,0.29649326205253601
test_protein_2682,0.89498847723007202
test_protein_2691,2.339832644793205e-05
test_protein_2685,0.78326696157455444
test_protein_2690,0.72748100757598877
test_protein_2693,0.56197839975357056
test_protein_2692,0.44645938277244568
test_protein_2684,0.7303926944732666
test_protein_2689,0.59576761722564697
test_protein_2687,0.58418196439743042
test_protein_2683,0.65155023336410522
test_protein_2695,0.41492104530334473
test_protein_2694,0.57123923301696777
test_protein_2688,0.3731587827205658
test_protein_2678,0.42121013998985291
test_protein_2696,0.34979546070098877
test_protein_2697,0.25942578911781311
test_protein_2700,0.37359815835952759
test_protein_2699,0.44040513038635254
test_protein_2698,8.6213243776001036e-05
test_protein_2705,0.69821655750274658
test_protein_2702,0.70322173833847046
test_protein_2701,3.0696185149281519e-07
test_protein_2703,0.12366451323032379
test_protein_2704,0.27237087488174438
test_protein_2706,0.30175954103469849
test_protein_2710,0.10778374224901199
test_protein_2716,0.57067888975143433
test_protein_2715,0.23523138463497162
test_protein_2708,0.0012872546212747693
test_protein_2712,0.5194164514541626
test_protein_2711,0.60764813423156738
test_protein_2721,0.68453764915466309
test_protein_2718,0.93504840135574341
test_protein_2719,0.13443458080291748
test_protein_2714,0.10955343395471573
test_protein_2720,0.97789680957794189
test_protein_2709,0.56896638870239258
test_protein_2707,0.4654274582862854
test_protein_2717,0.62347948551177979
test_protein_2713,0.68412357568740845
test_protein_2724,0.24982194602489471
test_protein_2729,0.52863037586212158
test_protein_2728,0.92007094621658325
test_protein_2722,0.35842999815940857
test_protein_2727,0.0044786711223423481
test_protein_2725,0.48070758581161499
test_protein_2733,0.32247957587242126
test_protein_2726,0.47856289148330688
test_protein_2723,0.53528660535812378
test_protein_2735,0.82478880882263184
test_protein_2731,0.2660280168056488
test_protein_2732,0.74871009588241577
test_protein_2737,0.25577002763748169
test_protein_2730,0.99483513832092285
test_protein_2741,0.031788717955350876
test_protein_2740,0.43927577137947083
test_protein_2734,0.037111438810825348
test_protein_2736,0.14083138108253479
test_protein_2742,0.71682053804397583
test_protein_2744,0.70089828968048096
test_protein_2738,0.25154006481170654
test_protein_2747,0.61091303825378418
test_protein_2739,0.52263557910919189
test_protein_2745,0.77543091773986816
test_protein_2750,0.19649328291416168
test_protein_2746,0.54402792453765869
test_protein_2748,0.28342625498771667
test_protein_2743,0.085808999836444855
test_protein_2749,0.083977900445461273
test_protein_2751,0.025303242728114128
test_protein_2752,0.9958309531211853
test_protein_2753,0.58955812454223633
test_protein_2755,0.84589433670043945
test_protein_2758,0.99969816207885742
test_protein_2754,0.005583509337157011
test_protein_2759,0.86755126714706421
test_protein_2757,0.87917715311050415
test_protein_2762,0.58622884750366211
test_protein_2761,0.48335221409797668
test_protein_2760,0.62604737281799316
test_protein_2756,0.56501609086990356
test_protein_2764,0.71897220611572266
test_protein_2766,0.82656961679458618
test_protein_2772,0.78437936305999756
test_protein_2769,0.28214886784553528
test_protein_2773,0.31375953555107117
test_protein_2767,0.28137019276618958
test_protein_2768,0.40537071228027344
test_protein_2763,0.25653386116027832
test_protein_2771,0.88137161731719971
test_protein_2770,0.43334639072418213
test_protein_2765,0.7921297550201416
test_protein_2774,0.33100149035453796
test_protein_2778,0.81672930717468262
test_protein_2775,0.16157525777816772
test_protein_2776,0.54560196399688721
test_protein_2781,0.03990265354514122
test_protein_2777,0.62944507598876953
test_protein_2782,0.55523025989532471
test_protein_2779,0.20288026332855225
test_protein_2780,0.80461454391479492
test_protein_2786,0.85874724388122559
test_protein_2784,0.9312586784362793
test_protein_2785,0.62179481983184814
test_protein_2787,0.049882739782333374
test_protein_2783,0.68184268474578857
test_protein_2789,0.75771772861480713
test_protein_2792,0.11683116108179092
test_protein_2790,0.46339759230613708
test_protein_2788,0.93335151672363281
test_protein_2793,0.047847732901573181
test_protein_2797,0.0024507117923349142
test_protein_2795,0.67624527215957642
test_protein_2794,0.19901414215564728
test_protein_2796,0.2134401798248291
test_protein_2791,0.96831053495407104
test_protein_2800,0.73434334993362427
test_protein_2802,0.00060890812892466784
test_protein_2798,0.52514678239822388
test_protein_2799,0.08892512321472168
test_protein_2805,0.52222669124603271
test_protein_2804,0.70177412033081055
test_protein_2803,0.77908140420913696
test_protein_2801,0.48545229434967041
test_protein_2806,0.059256117790937424
test_protein_2807,0.49505016207695007
test_protein_2809,0.7993849515914917
test_protein_2813,0.020037194713950157
test_protein_2812,0.60973280668258667
test_protein_2814,0.60044050216674805
test_protein_2818,0.72740733623504639
test_protein_2811,0.42449283599853516
test_protein_2820,0.46696987748146057
test_protein_2810,0.41619756817817688
test_protein_2815,0.0028173751197755337
test_protein_2808,0.97792667150497437
test_protein_2816,0.9047168493270874
test_protein_2823,0.31443089246749878
test_protein_2822,0.70009231567382812
test_protein_2819,0.0093380175530910492
test_protein_2821,0.89489680528640747
test_protein_2817,0.49912691116333008
test_protein_2826,0.23483769595623016
test_protein_2825,0.55885088443756104
test_protein_2827,0.0593523308634758
test_protein_2824,0.48812779784202576
test_protein_2832,0.99508321285247803
test_protein_2830,0.9315294623374939
test_protein_2833,0.16559930145740509
test_protein_2831,0.99132513999938965
test_protein_2839,0.26851794123649597
test_protein_2829,0.98349678516387939
test_protein_2828,0.68658876419067383
test_protein_2836,0.74254095554351807
test_protein_2834,0.5764000415802002
test_protein_2838,0.70480895042419434
test_protein_2840,0.15396247804164886
test_protein_2844,9.3354363343678415e-05
test_protein_2843,0.46138542890548706
test_protein_2835,0.41054382920265198
test_protein_2842,0.07550252228975296
test_protein_2846,0.022400882095098495
test_protein_2845,0.4628443717956543
test_protein_2837,0.9981575608253479
test_protein_2848,0.22174099087715149
test_protein_2841,0.51541483402252197
test_protein_2847,0.46274283528327942
test_protein_2853,0.18542400002479553
test_protein_2851,0.037425365298986435
test_protein_2854,0.064722254872322083
test_protein_2850,0.26648774743080139
test_protein_2856,0.12130152434110641
test_protein_2852,0.15671688318252563
test_protein_2849,0.91269797086715698
test_protein_2861,0.59022438526153564
test_protein_2858,0.085457123816013336
test_protein_2859,0.44072836637496948
test_protein_2862,0.052378937602043152
test_protein_2855,0.22745797038078308
test_protein_2866,0.19046901166439056
test_protein_2857,0.82520318031311035
test_protein_2860,0.073804125189781189
test_protein_2870,0.095656163990497589
test_protein_2869,0.13881070911884308
test_protein_2868,0.44444268941879272
test_protein_2864,0.71652191877365112
test_protein_2867,0.19944320619106293
test_protein_2865,0.26172268390655518
test_protein_2863,0.020398356020450592
test_protein_2872,0.030431255698204041
test_protein_2871,0.35591822862625122
test_protein_2876,0.62828946113586426
test_protein_2879,0.11366607993841171
test_protein_2880,0.14865982532501221
test_protein_2873,0.0035488919820636511
test_protein_2875,0.15521650016307831
test_protein_2877,0.45158281922340393
test_protein_2878,0.03235582634806633
test_protein_2882,0.6657063364982605
test_protein_2874,0.93705391883850098
test_protein_2885,0.51827812194824219
test_protein_2881,0.32384109497070312
test_protein_2886,0.016105527058243752
test_protein_2883,0.0073618758469820023
test_protein_2884,0.19718587398529053
test_protein_2887,0.88640648126602173
test_protein_2891,0.51674890518188477
test_protein_2895,0.71220314502716064
test_protein_2890,0.047894809395074844
test_protein_2894,0.040168400853872299
test_protein_2889,0.82973408699035645
test_protein_2888,0.024515073746442795
test_protein_2893,0.010972258634865284
test_protein_2897,0.55541282892227173
test_protein_2896,0.35679444670677185
test_protein_2892,0.077716156840324402
test_protein_2900,0.0065700258128345013
test_protein_2902,0.98920583724975586
test_protein_2898,0.28345555067062378
test_protein_2899,0.95424330234527588
test_protein_2901,0.011622066609561443
test_protein_2904,0.65716731548309326
test_protein_2907,0.077665187418460846
test_protein_2903,0.016383295878767967
test_protein_2910,0.099968761205673218
test_protein_2905,0.025988500565290451
test_protein_2906,0.14623744785785675
test_protein_2909,0.36024916172027588
test_protein_2915,0.017207428812980652
test_protein_2912,0.0061209560371935368
test_protein_2911,0.26868599653244019
test_protein_2913,0.68510454893112183
test_protein_2908,0.06743091344833374
test_protein_2914,0.38304659724235535
test_protein_2916,0.057280924171209335
test_protein_2917,0.9179883599281311
test_protein_2919,0.57442355155944824
test_protein_2918,0.063013754785060883
test_protein_2922,0.98317378759384155
test_protein_2920,0.20618858933448792
test_protein_2925,0.033020269125699997
test_protein_2924,0.27016255259513855
test_protein_2921,0.057536859065294266
test_protein_2923,0.15047392249107361
test_protein_2929,0.056461159139871597
test_protein_2927,0.44506660103797913
test_protein_2926,0.61709260940551758
test_protein_2931,0.092864349484443665
test_protein_2930,0.83329910039901733
test_protein_2928,0.047360427677631378
test_protein_2932,0.48647630214691162
test_protein_2934,0.27715480327606201
test_protein_2935,0.06126558780670166
test_protein_2937,0.96235436201095581
test_protein_2938,0.99017965793609619
test_protein_2933,0.2094147652387619
test_protein_2944,0.77144896984100342
test_protein_2941,0.66413843631744385
test_protein_2939,0.14003285765647888
test_protein_2942,0.93039697408676147
test_protein_2936,0.77255988121032715
test_protein_2943,0.85545462369918823
test_protein_2940,0.1440780907869339
test_protein_2945,0.088522322475910187
test_protein_2947,0.61628508567810059
test_protein_2946,0.55938273668289185
test_protein_2953,0.54507327079772949
test_protein_2951,0.37562355399131775
test_protein_2948,0.28404456377029419
test_protein_2949,0.84462517499923706
test_protein_2952,0.32009121775627136
test_protein_2950,0.99795758724212646
test_protein_2955,0.18720217049121857
test_protein_2957,0.35780003666877747
test_protein_2958,0.39674776792526245
test_protein_2954,0.21777942776679993
test_protein_2959,0.07403862476348877
test_protein_2962,0.082947283983230591
test_protein_2964,0.10368605703115463
test_protein_2967,0.64548474550247192
test_protein_2960,0.11336935311555862
test_protein_2956,0.48844835162162781
test_protein_2963,0.25437146425247192
test_protein_2966,0.45913755893707275
test_protein_2965,0.04302506148815155
test_protein_2971,0.50650960206985474
test_protein_2968,0.036699682474136353
test_protein_2974,0.10909462720155716
test_protein_2973,0.54414921998977661
test_protein_2969,0.45235332846641541
test_protein_2961,7.0722038799431175e-05
test_protein_2972,0.25562173128128052
test_protein_2970,0.056223288178443909
test_protein_2980,0.52681082487106323
test_protein_2976,0.014480819925665855
test_protein_2978,0.28995350003242493
test_protein_2977,0.03767743706703186
test_protein_2975,0.69339197874069214
test_protein_2979,0.87481260299682617
test_protein_2984,0.23298971354961395
test_protein_2983,0.65712302923202515
test_protein_2982,0.35599318146705627
test_protein_2985,0.71910065412521362
test_protein_2990,0.93642306327819824
test_protein_2988,0.78415441513061523
test_protein_2986,0.58273720741271973
test_protein_2981,0.44845843315124512
test_protein_2989,0.62476950883865356
test_protein_2987,0.015903657302260399
test_protein_2995,0.35094410181045532
test_protein_2991,0.0093637024983763695
test_protein_2996,0.28579375147819519
test_protein_2993,0.92117255926132202
test_protein_2992,0.74558132886886597
test_protein_2994,0.41092407703399658
test_protein_2998,0.11236679553985596
test_protein_2997,0.75477385520935059
test_protein_2999,0.99987256526947021
test_protein_3000,0.63334786891937256
test_protein_3001,0.99918466806411743
test_protein_3005,0.96955251693725586
test_protein_3003,0.45015338063240051
test_protein_3002,0.68493473529815674
test_protein_3004,0.42509233951568604
test_protein_3006,0.56743252277374268
test_protein_3010,0.81073504686355591
test_protein_3014,0.025558449327945709
test_protein_3017,0.42103183269500732
test_protein_3018,0.9994773268699646
test_protein_3011,0.049919608980417252
test_protein_3007,0.044792640954256058
test_protein_3008,0.292490154504776
test_protein_3013,0.96695071458816528
test_protein_3009,0.43435177206993103
test_protein_3012,0.3066832423210144
test_protein_3021,0.90757739543914795
test_protein_3019,0.93014585971832275
test_protein_3020,0.18396604061126709
test_protein_3015,0.69799154996871948
test_protein_3016,0.007648649625480175
test_protein_3022,0.52878916263580322
test_protein_3025,0.88696855306625366
test_protein_3026,0.58278530836105347
test_protein_3023,0.59939926862716675
test_protein_3028,0.96832478046417236
test_protein_3027,0.96773338317871094
test_protein_3031,0.84022194147109985
test_protein_3024,0.79533219337463379
test_protein_3029,0.89391261339187622
test_protein_3034,0.99984049797058105
test_protein_3030,0.77189832925796509
test_protein_3035,1
test_protein_3033,0.2263934314250946
test_protein_3032,0.19581162929534912
test_protein_3037,0.38778233528137207
test_protein_3038,0.17770273983478546
test_protein_3041,0.62033426761627197
test_protein_3036,0.96255755424499512
test_protein_3043,0.84474879503250122
test_protein_3039,0.99918586015701294
test_protein_3040,0.99974030256271362
test_protein_3047,0.91359061002731323
test_protein_3042,0.26995664834976196
test_protein_3046,0.69788521528244019
test_protein_3045,0.25909101963043213
test_protein_3044,0.99451524019241333
test_protein_3055,0.93430167436599731
test_protein_3052,0.49080386757850647
test_protein_3053,0.9904136061668396
test_protein_3050,0.62062591314315796
test_protein_3051,0.93027472496032715
test_protein_3049,0.15686124563217163
test_protein_3048,0.90125870704650879
test_protein_3054,0.81924927234649658
test_protein_3060,0.99767249822616577
test_protein_3057,0.96852344274520874
test_protein_3056,0.85384494066238403
test_protein_3058,0.72045677900314331
test_protein_3062,0.91446173191070557
test_protein_3067,0.7715105414390564
test_protein_3061,0.98260360956192017
test_protein_3059,0.51141023635864258
test_protein_3063,0.90957802534103394
test_protein_3069,0.77375644445419312
test_protein_3065,0.69373476505279541
test_protein_3073,0.98774904012680054
test_protein_3068,0.80978280305862427
test_protein_3072,0.87624913454055786
test_protein_3074,0.99994266033172607
test_protein_3066,0.54459786415100098
test_protein_3064,0.7006104588508606
test_protein_3077,0.33042100071907043
test_protein_3075,0.89401489496231079
test_protein_3070,0.99031126499176025
test_protein_3071,0.26549899578094482
test_protein_3079,0.90536016225814819
test_protein_3078,0.50744569301605225
test_protein_3076,0.28857803344726562
test_protein_3084,0.67446994781494141
test_protein_3082,0.65783590078353882
test_protein_3081,0.70966583490371704
test_protein_3080,0.99787414073944092
test_protein_3085,0.86878871917724609
test_protein_3083,0.90086966753005981
test_protein_3092,0.7771763801574707
test_protein_3088,0.90165716409683228
test_protein_3089,0.90144014358520508
test_protein_3090,0.86023741960525513
test_protein_3086,0.80438071489334106
test_protein_3087,0.062449518591165543
test_protein_3093,0.019812837243080139
test_protein_3095,0.248456209897995
test_protein_3096,0.78571480512619019
test_protein_3097,0.05005178228020668
test_protein_3091,0.97284555435180664
test_protein_3099,0.323335200548172
test_protein_3094,0.90264928340911865
test_protein_3098,0.81024807691574097
test_protein_3103,0.98715370893478394
test_protein_3100,0.57796615362167358
test_protein_3101,0.00097600294975563884
test_protein_3106,0.057089120149612427
test_protein_3107,0.020321914926171303
test_protein_3102,0.57640242576599121
test_protein_3104,0.21780276298522949
test_protein_3108,0.22499403357505798
test_protein_3105,0.57120746374130249
test_protein_3114,0.44158625602722168
test_protein_3112,0.84551656246185303
test_protein_3111,0.46200656890869141
test_protein_3122,0.032461512833833694
test_protein_3110,0.027802480384707451
test_protein_3113,0.029045363888144493
test_protein_3117,0.42995873093605042
test_protein_3121,0.022761993110179901
test_protein_3120,0.003626072546467185
test_protein_3109,0.10567330569028854
test_protein_3119,0.058587726205587387
test_protein_3116,0.11742044240236282
test_protein_3118,0.0034199792426079512
test_protein_3115,0.026787992566823959
test_protein_3125,0.083432465791702271
test_protein_3123,0.13658143579959869
test_protein_3126,0.017114907503128052
test_protein_3129,0.047333888709545135
test_protein_3127,0.26217028498649597
test_protein_3124,0.49965673685073853
test_protein_3128,0.20571319758892059
test_protein_3131,0.1010739803314209
test_protein_3132,0.54170292615890503
test_protein_3133,0.40812471508979797
test_protein_3135,0.20252104103565216
test_protein_3130,0.022581569850444794
test_protein_3137,0.062762528657913208
test_protein_3136,0.40341672301292419
test_protein_3141,0.14616478979587555
test_protein_3138,0.0073773744516074657
test_protein_3143,0.22900448739528656
test_protein_3134,0.38257771730422974
test_protein_3146,0.52407306432723999
test_protein_3139,0.057099141180515289
test_protein_3147,0.6817392110824585
test_protein_3140,0.070547938346862793
test_protein_3145,0.057210531085729599
test_protein_3149,0.46925792098045349
test_protein_3150,0.99991786479949951
test_protein_3142,0.14537551999092102
test_protein_3151,0.67913955450057983
test_protein_3148,0.59140676259994507
test_protein_3144,0.035907506942749023
test_protein_3152,0.31004157662391663
test_protein_3153,0.36696493625640869
test_protein_3160,0.44522082805633545
test_protein_3161,0.45067349076271057
test_protein_3156,0.33543941378593445
test_protein_3154,0.00038209569174796343
test_protein_3157,0.44924119114875793
test_protein_3159,0.58347487449645996
test_protein_3155,0.22680145502090454
test_protein_3166,0.54141741991043091
test_protein_3158,0.2845490574836731
test_protein_3162,0.68649780750274658
test_protein_3163,0.62361693382263184
test_protein_3168,0.19313704967498779
test_protein_3169,0.021271064877510071
test_protein_3167,0.096371173858642578
test_protein_3170,0.14823026955127716
test_protein_3171,0.25237315893173218
test_protein_3164,0.26087775826454163
test_protein_3173,0.032093256711959839
test_protein_3172,0.76803356409072876
test_protein_3165,0.66740697622299194
test_protein_3179,0.52436619997024536
test_protein_3180,0.1308944970369339
test_protein_3174,0.38811799883842468
test_protein_3178,0.43279990553855896
test_protein_3177,0.021083593368530273
test_protein_3181,0.43746733665466309
test_protein_3175,0.16287864744663239
test_protein_3176,0.050543028861284256
test_protein_3182,0.37948983907699585
test_protein_3185,0.47668096423149109
test_protein_3190,0.25097444653511047
test_protein_3183,0.12272841483354568
test_protein_3188,0.27199414372444153
test_protein_3195,0.48131483793258667
test_protein_3184,0.30794969201087952
test_protein_3187,0.1386914849281311
test_protein_3191,0.48701891303062439
test_protein_3192,0.14210392534732819
test_protein_3189,0.83958613872528076
test_protein_3186,0.62260919809341431
test_protein_3197,0.12814109027385712
test_protein_3196,0.56621897220611572
test_protein_3198,0.97093158960342407
test_protein_3194,0.033990044146776199
test_protein_3200,0.082913979887962341
test_protein_3199,0.41370594501495361
test_protein_3193,0.94322741031646729
test_protein_3203,0.79440134763717651
test_protein_3205,0.61792701482772827
test_protein_3202,0.772208571434021
test_protein_3204,0.63298565149307251
test_protein_3201,0.26275673508644104
test_protein_3208,0.45985791087150574
test_protein_3207,0.40606549382209778
test_protein_3206,0.48697900772094727
test_protein_3212,0.14572453498840332
test_protein_3215,0.62275755405426025
test_protein_3210,0.43983781337738037
test_protein_3213,0.26078376173973083
test_protein_3209,0.068468667566776276
test_protein_3214,0.11944766342639923
test_protein_3217,0.037963028997182846
test_protein_3221,0.50716954469680786
test_protein_3219,0.53591823577880859
test_protein_3218,0.75943702459335327
test_protein_3216,0.024303436279296875
test_protein_3220,0.73705899715423584
test_protein_3211,0.019776882603764534
test_protein_3222,0.74348437786102295
test_protein_3226,0.63174152374267578
test_protein_3227,0.10710462927818298
test_protein_3224,0.72218257188796997
test_protein_3225,0.033005606383085251
test_protein_3223,0.24620126187801361
test_protein_3228,0.0004078181809745729
test_protein_3230,0.54483842849731445
test_protein_3232,0.0031246822327375412
test_protein_3229,0.3392300009727478
test_protein_3235,0.39094781875610352
test_protein_3231,0.56874960660934448
test_protein_3234,0.54911047220230103
test_protein_3240,0.91221737861633301
test_protein_3236,0.70813018083572388
test_protein_3233,0.48582151532173157
test_protein_3241,0.98665422201156616
test_protein_3242,0.96812033653259277
test_protein_3239,0.99873751401901245
test_protein_3238,0.57434773445129395
test_protein_3243,0.79980659484863281
test_protein_3249,0.62928348779678345
test_protein_3237,0.33014947175979614
test_protein_3246,0.61784130334854126
test_protein_3245,0.76539301872253418
test_protein_3250,0.83998775482177734
test_protein_3244,0.75333720445632935
test_protein_3247,0.25747498869895935
test_protein_3248,0.73758798837661743
test_protein_3251,0.96934914588928223
test_protein_3252,0.95439696311950684
test_protein_3254,0.73482924699783325
test_protein_3253,0.90831691026687622
test_protein_3256,0.087768405675888062
test_protein_3255,0.79875063896179199
test_protein_3262,0.81658124923706055
test_protein_3258,0.66253548860549927
test_protein_3264,0.92854988574981689
test_protein_3260,0.71242362260818481
test_protein_3259,0.71638375520706177
test_protein_3261,0.8161202073097229
test_protein_3257,0.98538684844970703
test_protein_3266,0.76963633298873901
test_protein_3263,0.12214867770671844
test_protein_3267,0.87402647733688354
test_protein_3272,0.92122441530227661
test_protein_3268,0.76694595813751221
test_protein_3265,0.15981259942054749
test_protein_3269,0.95174866914749146
test_protein_3271,0.74471479654312134
test_protein_3270,0.95120126008987427
test_protein_3273,0.99800223112106323
test_protein_3275,0.86736875772476196
test_protein_3274,0.73424339294433594
test_protein_3277,0.95380723476409912
test_protein_3276,0.87779736518859863
test_protein_3278,0.68495965003967285
test_protein_3279,0.19053652882575989
test_protein_3280,0.55542635917663574
test_protein_3285,0.43739402294158936
test_protein_3281,0.37058848142623901
test_protein_3284,0.90177309513092041
test_protein_3283,0.16322228312492371
test_protein_3289,0.8589775562286377
test_protein_3282,0.35412144660949707
test_protein_3295,0.54857563972473145
test_protein_3293,0.4495682418346405
test_protein_3291,0.51072186231613159
test_protein_3292,0.65664577484130859
test_protein_3294,0.39285379648208618
test_protein_3290,0.44727236032485962
test_protein_3288,0.22385363280773163
test_protein_3286,0.37145599722862244
test_protein_3287,0.85409849882125854
test_protein_3297,0.34696698188781738
test_protein_3296,0.54521453380584717
test_protein_3299,0.42627018690109253
test_protein_3298,0.45538234710693359
test_protein_3304,0.43833792209625244
test_protein_3303,0.48866897821426392
test_protein_3301,0.45695596933364868
test_protein_3302,0.81789183616638184
test_protein_3305,0.43493777513504028
test_protein_3308,0.31917867064476013
test_protein_3307,0.64441335201263428
test_protein_3300,0.24932408332824707
test_protein_3306,0.65010607242584229
test_protein_3314,0.31790345907211304
test_protein_3311,0.36601898074150085
test_protein_3310,0.4534812867641449
test_protein_3309,0.48872244358062744
test_protein_3313,0.023121679201722145
test_protein_3315,0.37488892674446106
test_protein_3316,0.044350683689117432
test_protein_3312,0.39733213186264038
test_protein_3323,0.43740943074226379
test_protein_3317,0.28986185789108276
test_protein_3318,0.39868679642677307
test_protein_3320,0.27410277724266052
test_protein_3319,0.2410704642534256
test_protein_3321,0.86082917451858521
test_protein_3322,0.99954861402511597
test_protein_3324,0.60841745138168335
test_protein_3325,2.1679030396626331e-05
test_protein_3326,0.31765604019165039
test_protein_3327,0.47466325759887695
test_protein_3332,0.59965211153030396
test_protein_3328,0.40095317363739014
test_protein_3336,0.58103203773498535
test_protein_3329,0.5995868444442749
test_protein_3331,0.38556849956512451
test_protein_3334,0.19617342948913574
test_protein_3335,0.65408170223236084
test_protein_3333,0.27421656250953674
test_protein_3337,0.28518885374069214
test_protein_3330,0.647072434425354
test_protein_3342,0.316428542137146
test_protein_3338,0.73281770944595337
test_protein_3341,0.35168209671974182
test_protein_3339,0.23415282368659973
test_protein_3340,0.65996497869491577
test_protein_3343,0.22231318056583405
test_protein_3345,0.33529186248779297
test_protein_3344,0.38981854915618896
test_protein_3346,0.32540133595466614
test_protein_3349,0.25155258178710938
test_protein_3350,0.42885082960128784
test_protein_3348,0.27452921867370605
test_protein_3347,0.64465212821960449
test_protein_3355,0.66221576929092407
test_protein_3353,0.60645532608032227
test_protein_3354,0.30044412612915039
test_protein_3359,0.70397067070007324
test_protein_3357,0.75135165452957153
test_protein_3352,0.45663207769393921
test_protein_3358,0.7060120701789856
test_protein_3351,0.36545842885971069
test_protein_3356,0.4680442214012146
test_protein_3363,0.73334693908691406
test_protein_3365,0.66164898872375488
test_protein_3360,0.48640787601470947
test_protein_3361,0.35019803047180176
test_protein_3364,0.28735324740409851
test_protein_3366,0.24592778086662292
test_protein_3362,0.45082098245620728
test_protein_3370,0.2669360339641571
test_protein_3367,0.35269489884376526
test_protein_3372,0.48025816679000854
test_protein_3369,0.87761110067367554
test_protein_3368,0.71338963508605957
test_protein_3371,0.29482421278953552
test_protein_3373,0.42170065641403198
test_protein_3377,0.46343332529067993
test_protein_3375,0.67395669221878052
test_protein_3380,0.99272388219833374
test_protein_3383,0.00015412276843562722
test_protein_3382,0.49576163291931152
test_protein_3378,0.43056571483612061
test_protein_3381,0.99259686470031738
test_protein_3376,0.46886152029037476
test_protein_3374,0.42355382442474365
test_protein_3385,0.22460384666919708
test_protein_3379,0.46426519751548767
test_protein_3386,0.45246899127960205
test_protein_3391,0.33434551954269409
test_protein_3384,0.0029372607823461294
test_protein_3390,0.59782600402832031
test_protein_3389,0.37967190146446228
test_protein_3388,0.51661348342895508
test_protein_3387,0.17664368450641632
test_protein_3394,0.33385643362998962
test_protein_3397,0.44555023312568665
test_protein_3398,0.18484434485435486
test_protein_3392,0.41553810238838196
test_protein_3402,0.67401069402694702
test_protein_3393,0.65545380115509033
test_protein_3395,0.54137212038040161
test_protein_3396,0.60844862461090088
test_protein_3399,0.46022126078605652
test_protein_3400,0.40678757429122925
test_protein_3401,0.7365119457244873
test_protein_3404,0.9937586784362793
test_protein_3407,0.13320671021938324
test_protein_3408,0.53965973854064941
test_protein_3406,0.47218748927116394
test_protein_3403,0.7814795970916748
test_protein_3411,0.92219007015228271
test_protein_3418,0.41774517297744751
test_protein_3415,0.085198886692523956
test_protein_3412,0.1028309166431427
test_protein_3413,0.2960435152053833
test_protein_3409,0.00095995451556518674
test_protein_3417,0.0022172280587255955
test_protein_3416,0.5090411901473999
test_protein_3405,0.13072672486305237
test_protein_3410,0.14436911046504974
test_protein_3414,0.36906230449676514
test_protein_3420,0.34608224034309387
test_protein_3423,0.90098071098327637
test_protein_3424,0.9996415376663208
test_protein_3421,0.98968327045440674
test_protein_3430,0.3478909432888031
test_protein_3419,0.99897384643554688
test_protein_3422,0.99121874570846558
test_protein_3425,0.38722136616706848
test_protein_3426,0.60780006647109985
test_protein_3428,0.73658180236816406
test_protein_3432,0.76927244663238525
test_protein_3437,0.99905627965927124
test_protein_3429,0.89415687322616577
test_protein_3433,0.49118423461914062
test_protein_3427,0.97385025024414062
test_protein_3434,0.77947103977203369
test_protein_3431,0.68759018182754517
test_protein_3443,0.82090771198272705
test_protein_3436,0.95609158277511597
test_protein_3440,0.76984179019927979
test_protein_3438,0.30730307102203369
test_protein_3442,0.3909834623336792
test_protein_3439,0.26443648338317871
test_protein_3444,0.57721436023712158
test_protein_3441,0.80602788925170898
test_protein_3448,0.2887287437915802
test_protein_3445,0.39365574717521667
test_protein_3435,0.67623549699783325
test_protein_3446,0.74491125345230103
test_protein_3447,0.64994603395462036
test_protein_3449,0.24431034922599792
test_protein_3454,0.70794951915740967
test_protein_3456,0.4943116307258606
test_protein_3452,0.50483304262161255
test_protein_3457,0.44064047932624817
test_protein_3453,0.73654448986053467
test_protein_3458,0.039050985127687454
test_protein_3455,0.17876832187175751
test_protein_3459,0.66927796602249146
test_protein_3466,0.093484237790107727
test_protein_3451,0.44998452067375183
test_protein_3469,0.99899798631668091
test_protein_3450,0.6713411808013916
test_protein_3464,0.081325642764568329
test_protein_3468,0.99920922517776489
test_protein_3467,0.59506911039352417
test_protein_3471,0.43291369080543518
test_protein_3462,0.13872934877872467
test_protein_3460,0.5729367733001709
test_protein_3465,0.15359267592430115
test_protein_3470,0.90065473318099976
test_protein_3461,0.33483895659446716
test_protein_3463,0.19571049511432648
test_protein_3472,0.0040393108502030373
test_protein_3473,0.80995810031890869
test_protein_3476,0.58963149785995483
test_protein_3479,0.15319623053073883
test_protein_3481,0.93826448917388916
test_protein_3477,0.98189306259155273
test_protein_3478,0.090168990194797516
test_protein_3480,0.28994074463844299
test_protein_3474,0.15756469964981079
test_protein_3475,0.45525160431861877
test_protein_3482,0.1669689267873764
test_protein_3486,0.0033143342006951571
test_protein_3483,0.29483640193939209
test_protein_3487,0.00431035365909338
test_protein_3489,0.92786246538162231
test_protein_3494,0.99740713834762573
test_protein_3498,0.76665192842483521
test_protein_3495,0.91190522909164429
test_protein_3484,0.22319290041923523
test_protein_3496,0.99972552061080933
test_protein_3492,0.7226712703704834
test_protein_3493,0.99715542793273926
test_protein_3488,0.99876946210861206
test_protein_3501,0.24061132967472076
test_protein_3485,0.18185757100582123
test_protein_3502,0.27798762917518616
test_protein_3491,0.91254687309265137
test_protein_3497,0.99961274862289429
test_protein_3490,0.75368475914001465
test_protein_3500,0.93564587831497192
test_protein_3499,0.43971341848373413
test_protein_3504,0.75054061412811279
test_protein_3503,0.90055513381958008
test_protein_3505,0.66299813985824585
test_protein_3507,0.90135836601257324
test_protein_3510,0.55471152067184448
test_protein_3508,0.79479986429214478
test_protein_3506,0.72647249698638916
test_protein_3516,0.73236525058746338
test_protein_3509,0.76842570304870605
test_protein_3512,0.9989173412322998
test_protein_3511,0.9877622127532959
test_protein_3517,0.14542923867702484
test_protein_3515,0.92523610591888428
test_protein_3514,0.87359976768493652
test_protein_3519,0.3338274359703064
test_protein_3521,0.57101398706436157
test_protein_3513,0.76344192028045654
test_protein_3520,0.58692198991775513
test_protein_3522,0.4788239598274231
test_protein_3523,0.47671502828598022
test_protein_3527,0.074682578444480896
test_protein_3518,0.37206089496612549
test_protein_3529,0.45974096655845642
test_protein_3524,0.94600260257720947
test_protein_3528,0.29252037405967712
test_protein_3526,0.88386189937591553
test_protein_3525,0.93865585327148438
test_protein_3531,0.62673681974411011
test_protein_3530,0.39928478002548218
test_protein_3532,0.095585145056247711
test_protein_3534,0.32466915249824524
test_protein_3536,0.70651233196258545
test_protein_3533,0.69184422492980957
test_protein_3535,0.37904787063598633
test_protein_3541,0.41205725073814392
test_protein_3537,0.44017615914344788
test_protein_3538,0.12900763750076294
test_protein_3539,4.4017011532559991e-05
test_protein_3544,0.48025238513946533
test_protein_3542,0.16741862893104553
test_protein_3545,0.57704579830169678
test_protein_3540,0.99904638528823853
test_protein_3543,0.5927894115447998
test_protein_3548,0.48115402460098267
test_protein_3547,0.71367180347442627
test_protein_3550,0.18849541246891022
test_protein_3546,0.76020973920822144
test_protein_3553,0.96604418754577637
test_protein_3549,0.062202572822570801
test_protein_3551,0.28255552053451538
test_protein_3552,0.22229184210300446
test_protein_3555,0.32610461115837097
test_protein_3554,0.56317895650863647
test_protein_3556,0.69359284639358521
test_protein_3561,0.78210872411727905
test_protein_3562,0.89697051048278809
test_protein_3566,0.99414044618606567
test_protein_3565,0.98342680931091309
test_protein_3568,0.64548087120056152
test_protein_3564,0.52027595043182373
test_protein_3563,0.75160449743270874
test_protein_3560,0.195028156042099
test_protein_3570,0.65099102258682251
test_protein_3569,0.80658483505249023
test_protein_3571,0.77015995979309082
test_protein_3572,0.73484659194946289
test_protein_3574,0.72540771961212158
test_protein_3575,0.67754960060119629
test_protein_3582,0.89583808183670044
test_protein_3581,0.99969065189361572
test_protein_3577,0.44089451432228088
test_protein_3573,0.87691259384155273
test_protein_3578,0.97313761711120605
test_protein_3576,0.91204333305358887
test_protein_3579,0.50894129276275635
test_protein_3584,0.41703951358795166
test_protein_3583,0.37701907753944397
test_protein_3580,0.45079958438873291
test_protein_3558,0.21876734495162964
test_protein_3585,0.8730272650718689
test_protein_3559,0.12583479285240173
test_protein_3557,0.077914386987686157
test_protein_3567,0.98551648855209351
test_protein_3588,0.83194828033447266
test_protein_3590,0.20650665462017059
test_protein_3586,0.60344743728637695
test_protein_3593,0.73858290910720825
test_protein_3589,0.38892766833305359
test_protein_3592,0.94159811735153198
test_protein_3587,0.4494672417640686
test_protein_3595,0.67654043436050415
test_protein_3591,0.98672032356262207
test_protein_3594,0.93599605560302734
test_protein_3597,0.07418503612279892
test_protein_3596,0.42749509215354919
test_protein_3599,0.77180057764053345
test_protein_3603,0.45351192355155945
test_protein_3601,0.65503662824630737
test_protein_3604,0.25940877199172974
test_protein_3600,0.051737736910581589
test_protein_3606,0.042238205671310425
test_protein_3598,0.26891607046127319
test_protein_3605,0.013641120865941048
test_protein_3608,0.11897771805524826
test_protein_3607,0.45602414011955261
test_protein_3602,0.21433931589126587
test_protein_3611,0.52782922983169556
test_protein_3615,0.99841558933258057
test_protein_3612,0.75861412286758423
test_protein_3609,0.51954996585845947
test_protein_3618,0.94643527269363403
test_protein_3614,0.5940815806388855
test_protein_3613,0.74653077125549316
test_protein_3610,0.031341433525085449
test_protein_3616,0.92009639739990234
test_protein_3617,0.81505745649337769
test_protein_3627,0.53938847780227661
test_protein_3624,0.55222725868225098
test_protein_3622,0.40223640203475952
test_protein_3626,0.68094444274902344
test_protein_3620,0.068044111132621765
test_protein_3619,0.22887079417705536
test_protein_3623,0.20508129894733429
test_protein_3632,0.49548843502998352
test_protein_3628,0.99253571033477783
test_protein_3625,0.39173233509063721
test_protein_3621,0.52136564254760742
test_protein_3631,0.26966321468353271
test_protein_3629,0.0013702046126127243
test_protein_3630,0.21213580667972565
test_protein_3634,0.096455112099647522
test_protein_3633,0.090260989964008331
test_protein_3637,0.089402653276920319
test_protein_3638,0.10303564369678497
test_protein_3635,0.13694913685321808
test_protein_3636,0.47557476162910461
test_protein_3640,0.076247029006481171
test_protein_3639,0.067554712295532227
test_protein_3645,0.6275169849395752
test_protein_3644,0.61116522550582886
test_protein_3642,0.26566439867019653
test_protein_3643,0.50608301162719727
test_protein_3646,0.45394128561019897
test_protein_3641,0.17715367674827576
test_protein_3648,0.78740298748016357
test_protein_3652,0.56080126762390137
test_protein_3654,0.2735917866230011
test_protein_3653,0.29387673735618591
test_protein_3651,0.67330890893936157
test_protein_3650,0.52193266153335571
test_protein_3647,0.71865779161453247
test_protein_3649,0.36403140425682068
test_protein_3657,0.23023588955402374
test_protein_3660,0.53495454788208008
test_protein_3655,0.43915420770645142
test_protein_3658,0.63583624362945557
test_protein_3662,1.0388389455329161e-06
test_protein_3667,0.58737528324127197
test_protein_3665,0.63139051198959351
test_protein_3659,0.3066122829914093
test_protein_3661,0.0042447401210665703
test_protein_3666,0.72814542055130005
test_protein_3663,0.44053149223327637
test_protein_3664,0.47909265756607056
test_protein_3656,0.55798196792602539
test_protein_3676,0.18375183641910553
test_protein_3670,0.35930567979812622
test_protein_3674,0.60724872350692749
test_protein_3671,0.71451354026794434
test_protein_3675,0.49437156319618225
test_protein_3672,0.84883981943130493
test_protein_3669,0.41601964831352234
test_protein_3678,0.55055767297744751
test_protein_3673,0.4248235821723938
test_protein_3677,0.24383047223091125
test_protein_3668,0.65054029226303101
test_protein_3680,3.8729190237063449e-06
test_protein_3679,0.42025792598724365
test_protein_3681,0.58874070644378662
test_protein_3688,0.17623341083526611
test_protein_3687,0.73372292518615723
test_protein_3686,0.30661910772323608
test_protein_3683,0.575439453125
test_protein_3685,0.56715190410614014
test_protein_3682,0.56661039590835571
test_protein_3689,0.14193709194660187
test_protein_3690,0.55312460660934448
test_protein_3684,0.69573307037353516
test_protein_3692,0.5722317099571228
test_protein_3693,0.51838469505310059
test_protein_3696,0.67585551738739014
test_protein_3695,6.2621096731163561e-05
test_protein_3691,0.48852643370628357
test_protein_3699,0.54083222150802612
test_protein_3694,0.24018374085426331
test_protein_3697,0.63691169023513794
test_protein_3698,0.61334657669067383
test_protein_3700,0.75079137086868286
test_protein_3701,0.90069985389709473
test_protein_3702,0.38093101978302002
test_protein_3703,0.38843956589698792
test_protein_3704,0.56774944067001343
test_protein_3706,0.43755221366882324
test_protein_3705,0.69361388683319092
test_protein_3708,0.25123640894889832
test_protein_3707,0.17675085365772247
test_protein_3713,0.30826428532600403
test_protein_3709,0.11884048581123352
test_protein_3710,1.3802753073832719e-07
test_protein_3712,0.043504662811756134
test_protein_3711,0.58436644077301025
test_protein_3714,0.46302837133407593
test_protein_3715,0.40267205238342285
test_protein_3719,0.70022720098495483
test_protein_3718,0.45347881317138672
test_protein_3717,7.1704329457134008e-05
test_protein_3716,0.4996415376663208
test_protein_3723,0.55753260850906372
test_protein_3720,0.55021423101425171
test_protein_3721,0.57051527500152588
test_protein_3722,0.46713942289352417
test_protein_3724,0.73381501436233521
test_protein_3725,0.52244967222213745
test_protein_3730,0.62195777893066406
test_protein_3732,0.77515065670013428
test_protein_3726,0.46006885170936584
test_protein_3727,0.53395116329193115
test_protein_3728,0.0019277922110632062
test_protein_3729,0.00053333077812567353
test_protein_3734,0.57689791917800903
test_protein_3731,0.71263492107391357
test_protein_3736,0.34970378875732422
test_protein_3733,0.79730129241943359
test_protein_3737,4.3171523429919034e-05
test_protein_3735,0.65042704343795776
test_protein_3738,0.05188051238656044
test_protein_3743,0.56903296709060669
test_protein_3741,0.58475750684738159
test_protein_3740,0.00099330942612141371
test_protein_3744,0.97873663902282715
test_protein_3739,0.51453399658203125
test_protein_3742,0.40459796786308289
test_protein_3745,0.71736693382263184
test_protein_3746,0.61123985052108765
test_protein_3750,0.60841560363769531
test_protein_3754,0.55174654722213745
test_protein_3747,0.21396501362323761
test_protein_3752,0.98360943794250488
test_protein_3753,0.16845385730266571
test_protein_3751,0.1942288875579834
test_protein_3757,0.51968550682067871
test_protein_3755,0.60958695411682129
test_protein_3759,0.51968646049499512
test_protein_3756,0.34095656871795654
test_protein_3758,0.56934845447540283
test_protein_3749,0.14407899975776672
test_protein_3748,0.46913048624992371
test_protein_3762,0.036929074674844742
test_protein_3766,0.95905911922454834
test_protein_3763,0.32303580641746521
test_protein_3761,0.32703855633735657
test_protein_3760,0.43951910734176636
test_protein_3769,0.51703059673309326
test_protein_3765,0.51397627592086792
test_protein_3764,0.75336706638336182
test_protein_3768,0.64053982496261597
test_protein_3767,0.65309762954711914
test_protein_3772,0.42090195417404175
test_protein_3771,0.66341620683670044
test_protein_3773,0.47223255038261414
test_protein_3770,0.00028502917848527431
test_protein_3776,0.57089143991470337
test_protein_3774,0.52789366245269775
test_protein_3775,0.4443289041519165
test_protein_3779,0.52374529838562012
test_protein_3777,0.94452136754989624
test_protein_3778,0.56294393539428711
test_protein_3780,0.36404862999916077
test_protein_3784,0.42791342735290527
test_protein_3783,0.46962645649909973
test_protein_3781,0.2431655079126358
test_protein_3782,0.78135061264038086
test_protein_3787,0.71786212921142578
test_protein_3786,0.63389629125595093
test_protein_3785,0.209827721118927
test_protein_3789,0.57329779863357544
test_protein_3788,0.82840126752853394
test_protein_3790,0.0011125719174742699
test_protein_3791,0.84493470191955566
test_protein_3795,0.5177040696144104
test_protein_3796,0.3273027241230011
test_protein_3797,0.034619420766830444
test_protein_3792,0.00029090317548252642
test_protein_3794,0.039300262928009033
test_protein_3793,0.47323095798492432
test_protein_3802,0.23285837471485138
test_protein_3806,0.99253284931182861
test_protein_3807,0.88531476259231567
test_protein_3803,0.095165438950061798
test_protein_3804,0.29688811302185059
test_protein_3800,0.079535797238349915
test_protein_3805,0.64853662252426147
test_protein_3799,0.45445892214775085
test_protein_3798,0.00023471115855500102
test_protein_3808,0.97123980522155762
test_protein_3801,0.61973553895950317
test_protein_3811,0.59244358539581299
test_protein_3809,0.742301344871521
test_protein_3810,0.6789131760597229
test_protein_3813,0.35110688209533691
test_protein_3812,0.22317415475845337
test_protein_3818,0.0001344075717497617
test_protein_3814,0.0017723307246342301
test_protein_3816,0.7040894627571106
test_protein_3815,0.45394739508628845
test_protein_3824,0.48559379577636719
test_protein_3817,0.01902121864259243
test_protein_3819,0.31558114290237427
test_protein_3821,0.58332997560501099
test_protein_3820,0.56751435995101929
test_protein_3822,0.85743290185928345
test_protein_3825,0.56340456008911133
test_protein_3823,0.35281845927238464
test_protein_3829,0.00021490392100531608
test_protein_3827,0.66565591096878052
test_protein_3826,0.52941632270812988
test_protein_3828,9.6660960480221547e-07
test_protein_3832,0.2558339536190033
test_protein_3831,0.14522869884967804
test_protein_3834,0.31529220938682556
test_protein_3837,0.13488416373729706
test_protein_3830,0.21215628087520599
test_protein_3835,0.7794685959815979
test_protein_3833,0.56873506307601929
test_protein_3836,0.7297283411026001
test_protein_3839,0.4345318078994751
test_protein_3838,0.17174346745014191
test_protein_3843,0.71168112754821777
test_protein_3840,0.19429288804531097
test_protein_3842,0.66871559619903564
test_protein_3841,0.00065246195299550891
test_protein_3847,0.017443399876356125
test_protein_3846,0.13046829402446747
test_protein_3845,0.33317866921424866
test_protein_3844,0.00029062264366075397
test_protein_3848,0.70270073413848877
test_protein_3852,0.50954329967498779
test_protein_3849,0.81428200006484985
test_protein_3851,0.75518006086349487
test_protein_3854,0.92121797800064087
test_protein_3850,0.55978339910507202
test_protein_3853,0.23922052979469299
test_protein_3856,0.58322972059249878
test_protein_3857,0.58073717355728149
test_protein_3858,0.11262080073356628
test_protein_3855,0.25510862469673157
test_protein_3859,0.88999521732330322
test_protein_3860,0.38718196749687195
test_protein_3864,0.80571389198303223
test_protein_3865,0.4879765510559082
test_protein_3866,0.65526193380355835
test_protein_3869,0.62710756063461304
test_protein_3861,0.0014218998840078712
test_protein_3863,0.20200155675411224
test_protein_3862,0.33610978722572327
test_protein_3867,0.49904370307922363
test_protein_3868,0.38729006052017212
test_protein_3870,0.40277713537216187
test_protein_3872,0.79775536060333252
test_protein_3873,0.58565187454223633
test_protein_3878,0.35756626725196838
test_protein_3871,0.54416906833648682
test_protein_3876,0.23590995371341705
test_protein_3874,0.48085236549377441
test_protein_3880,0.29591208696365356
test_protein_3879,0.0001034681117744185
test_protein_3877,0.43943163752555847
test_protein_3875,2.554101456553326e-06
test_protein_3883,0.53189700841903687
test_protein_3884,0.25098103284835815
test_protein_3882,0.0020421096123754978
test_protein_3889,0.59462010860443115
test_protein_3881,0.3048664927482605
test_protein_3885,0.67112147808074951
test_protein_3887,1.6566476688240073e-06
test_protein_3890,0.30219924449920654
test_protein_3886,0.38182353973388672
test_protein_3888,0.31763619184494019
test_protein_3894,0.37944811582565308
test_protein_3893,0.94277971982955933
test_protein_3892,0.76655125617980957
test_protein_3898,0.00014911009930074215
test_protein_3899,0.2358299046754837
test_protein_3891,0.25801616907119751
test_protein_3895,0.20216023921966553
test_protein_3900,0.2280602753162384
test_protein_3896,0.51762473583221436
test_protein_3897,8.256479304691311e-06
test_protein_3901,0.63760626316070557
test_protein_3902,0.38340118527412415
test_protein_3908,0.065993018448352814
test_protein_3907,0.073023863136768341
test_protein_3904,0.15461020171642303
test_protein_3905,0.21159538626670837
test_protein_3909,0.28325778245925903
test_protein_3903,0.14283144474029541
test_protein_3906,0.51025247573852539
test_protein_3910,0.87385702133178711
test_protein_3911,0.90693068504333496
test_protein_3912,0.75052797794342041
test_protein_3915,0.67408865690231323
test_protein_3914,0.6649436354637146
test_protein_3913,0.39004451036453247
test_protein_3921,0.5174490213394165
test_protein_3923,0.44619491696357727
test_protein_3916,0.51452827453613281
test_protein_3918,0.51585078239440918
test_protein_3919,0.34776455163955688
test_protein_3917,0.39562773704528809
test_protein_3920,0.039044573903083801
test_protein_3922,0.53345894813537598
test_protein_3926,0.40453705191612244
test_protein_3924,0.99502384662628174
test_protein_3925,0.62483823299407959
test_protein_3933,0.18507766723632812
test_protein_3929,0.51903331279754639
test_protein_3930,0.47517001628875732
test_protein_3928,0.77348446846008301
test_protein_3934,0.82958626747131348
test_protein_3927,0.63884115219116211
test_protein_3935,0.79880094528198242
test_protein_3936,0.51634639501571655
test_protein_3932,0.39661750197410583
test_protein_3931,0.52672004699707031
test_protein_3937,0.42104265093803406
test_protein_3940,0.41635984182357788
test_protein_3939,0.55434620380401611
test_protein_3938,0.8129611611366272
test_protein_3941,0.0029621978756040335
test_protein_3942,0.85930383205413818
test_protein_3947,0.1437661349773407
test_protein_3944,0.0076817711815237999
test_protein_3946,0.0042440691031515598
test_protein_3948,0.59264147281646729
test_protein_3945,0.17404849827289581
test_protein_3943,0.31979048252105713
test_protein_3951,0.27070152759552002
test_protein_3950,0.06169530376791954
test_protein_3952,0.59861630201339722
test_protein_3949,0.00015347881708294153
test_protein_3954,0.67510151863098145
test_protein_3955,0.075506694614887238
test_protein_3953,0.61873549222946167
test_protein_3958,0.40951317548751831
test_protein_3960,0.8830605149269104
test_protein_3962,0.061166219413280487
test_protein_3959,0.5237460732460022
test_protein_3956,0.26811066269874573
test_protein_3961,0.16808894276618958
test_protein_3963,0.47534844279289246
test_protein_3957,0.11249697208404541
test_protein_3964,0.024307409301400185
test_protein_3965,0.62667793035507202
test_protein_3966,0.47404599189758301
test_protein_3967,0.79617166519165039
test_protein_3973,0.87963402271270752
test_protein_3968,0.67929309606552124
test_protein_3971,0.58353632688522339
test_protein_3970,0.22390511631965637
test_protein_3969,0.28111490607261658
test_protein_3972,0.8461986780166626
test_protein_3975,0.095299415290355682
test_protein_3978,0.39120057225227356
test_protein_3977,0.96982085704803467
test_protein_3974,0.70021778345108032
test_protein_3980,0.41294440627098083
test_protein_3979,0.46743741631507874
test_protein_3976,0.00080080516636371613
test_protein_3984,0.78746265172958374
test_protein_3981,0.89059954881668091
test_protein_3983,0.31539636850357056
test_protein_3982,0.74143886566162109
test_protein_3985,0.28518027067184448
test_protein_3988,0.13288235664367676
test_protein_3994,0.65907204151153564
test_protein_3989,0.38138741254806519
test_protein_3986,0.54105556011199951
test_protein_3987,0.39395830035209656
test_protein_3991,0.49412912130355835
test_protein_3995,0.64534324407577515
test_protein_3993,0.77313065528869629
test_protein_3992,0.0035461513325572014
test_protein_3990,0.85837316513061523
test_protein_3996,0.52656495571136475
test_protein_4000,0.42741420865058899
test_protein_3998,0.68192833662033081
test_protein_4003,0.00021377905795816332
test_protein_4001,0.80788004398345947
test_protein_4004,0.57172775268554688
test_protein_4006,0.43682238459587097
test_protein_3999,0.55302691459655762
test_protein_3997,0.19020263850688934
test_protein_4002,0.00016855132707860321
test_protein_4008,0.6094353199005127
test_protein_4005,0.4427715539932251
test_protein_4009,0.88505512475967407
test_protein_4011,0.0036101923324167728
test_protein_4007,0.46175301074981689
test_protein_4010,0.48050534725189209
test_protein_4013,0.37790778279304504
test_protein_4020,0.031533420085906982
test_protein_4017,0.029743321239948273
test_protein_4012,0.71478217840194702
test_protein_4016,0.31024974584579468
test_protein_4015,0.3782060444355011
test_protein_4014,0.48734918236732483
test_protein_4018,0.34986919164657593
test_protein_4019,0.30949509143829346
test_protein_4022,0.00011232434917474166
test_protein_4023,0.0053009092807769775
test_protein_4021,0.00021119212033227086
test_protein_4025,0.5091668963432312
test_protein_4027,0.42445358633995056
test_protein_4029,0.77491360902786255
test_protein_4024,0.49135670065879822
test_protein_4026,0.68872934579849243
test_protein_4030,0.00088020483963191509
test_protein_4028,0.83556455373764038
test_protein_4031,0.5786287784576416
test_protein_4032,0.51598715782165527
test_protein_4033,0.1198214590549469
test_protein_4035,0.58079522848129272
test_protein_4037,0.27964478731155396
test_protein_4036,0.45290288329124451
test_protein_4039,0.75133287906646729
test_protein_4034,0.36809322237968445
test_protein_4038,0.66591668128967285
test_protein_4041,0.60811638832092285
test_protein_4040,0.53315621614456177
test_protein_4042,0.44416743516921997
test_protein_4044,0.17275875806808472
test_protein_4043,0.47544476389884949
test_protein_4049,0.64079946279525757
test_protein_4051,0.52615183591842651
test_protein_4045,0.00014749054389540106
test_protein_4047,0.39000844955444336
test_protein_4048,0.26192799210548401
test_protein_4046,0.38087049126625061
test_protein_4052,0.61148381233215332
test_protein_4050,0.65755230188369751
test_protein_4055,0.61357444524765015
test_protein_4054,0.29185113310813904
test_protein_4058,0.32856851816177368
test_protein_4053,0.54734623432159424
test_protein_4057,0.077810280025005341
test_protein_4056,0.51884829998016357
test_protein_4061,0.44716408848762512
test_protein_4059,0.27904626727104187
test_protein_4060,0.50594466924667358
test_protein_4062,0.36023274064064026
test_protein_4063,0.62541580200195312
test_protein_4067,0.18502770364284515
test_protein_4068,0.4608762264251709
test_protein_4066,0.70570820569992065
test_protein_4064,0.48779457807540894
test_protein_4069,0.28931882977485657
test_protein_4071,0.29693529009819031
test_protein_4065,0.50201773643493652
test_protein_4070,0.80367755889892578
test_protein_4072,0.54623264074325562
test_protein_4079,0.11472830176353455
test_protein_4073,0.25540909171104431
test_protein_4077,0.54366046190261841
test_protein_4076,0.69925379753112793
test_protein_4074,0.44279766082763672
test_protein_4078,0.59064799547195435
test_protein_4080,0.25669386982917786
test_protein_4081,8.5959745987906899e-09
test_protein_4075,0.10995133221149445
test_protein_4084,0.40565982460975647
test_protein_4087,0.67428755760192871
test_protein_4083,0.31768128275871277
test_protein_4088,0.42272830009460449
test_protein_4092,0.60565882921218872
test_protein_4090,0.00014099343388807029
test_protein_4089,0.63301783800125122
test_protein_4082,0.57706689834594727
test_protein_4085,0.72000938653945923
test_protein_4091,0.12421877682209015
test_protein_4086,0.50112742185592651
test_protein_4093,0.66948843002319336
test_protein_4100,0.58144497871398926
test_protein_4102,0.46379643678665161
test_protein_4103,0.027190553024411201
test_protein_4101,0.58293759822845459
test_protein_4098,0.76127666234970093
test_protein_4095,0.84793752431869507
test_protein_4099,0.88291287422180176
test_protein_4096,0.49954867362976074
test_protein_4094,0.55967807769775391
test_protein_4104,0.059253964573144913
test_protein_4097,0.91462093591690063
test_protein_4107,0.43593260645866394
test_protein_4105,0.32194045186042786
test_protein_4110,0.72817134857177734
test_protein_4109,0.6000857949256897
test_protein_4111,0.24492879211902618
test_protein_4112,0.87283676862716675
test_protein_4106,1.0334368880648981e-06
test_protein_4116,0.63967889547348022
test_protein_4115,0.57616925239562988
test_protein_4108,0.014625913463532925
test_protein_4114,0.56217712163925171
test_protein_4113,0.38760000467300415
test_protein_4119,0.40764990448951721
test_protein_4117,0.71364206075668335
test_protein_4118,0.33391779661178589
test_protein_4121,0.70805472135543823
test_protein_4120,0.61549174785614014
test_protein_4123,0.80429685115814209
test_protein_4124,0.82849043607711792
test_protein_4122,0.13415035605430603
test_protein_4125,0.46159863471984863
test_protein_4126,0.69225603342056274
test_protein_4127,0.41406407952308655
test_protein_4128,0.00074583664536476135
test_protein_4134,0.55297219753265381
test_protein_4133,0.75032913684844971
test_protein_4137,0.41935056447982788
test_protein_4130,0.00071852572727948427
test_protein_4131,0.15964210033416748
test_protein_4129,0.99876081943511963
test_protein_4132,0.62962841987609863
test_protein_4136,0.72001826763153076
test_protein_4135,0.51797956228256226
test_protein_4143,0.82713550329208374
test_protein_4144,0.26907035708427429
test_protein_4139,0.59247452020645142
test_protein_4141,0.14752981066703796
test_protein_4138,9.1100060672033578e-05
test_protein_4142,0.16332322359085083
test_protein_4140,0.86253684759140015
test_protein_4146,0.54133427143096924
test_protein_4150,0.90764337778091431
test_protein_4149,0.60612142086029053
test_protein_4148,0.46853277087211609
test_protein_4151,0.78084355592727661
test_protein_4152,0.54027712345123291
test_protein_4147,0.4554847776889801
test_protein_4145,0.35174614191055298
test_protein_4155,0.98764973878860474
test_protein_4153,0.15053747594356537
test_protein_4157,0.41805180907249451
test_protein_4156,0.75850093364715576
test_protein_4160,0.4807802140712738
test_protein_4164,0.581504225730896
test_protein_4162,0.57593190670013428
test_protein_4159,0.6809191107749939
test_protein_4154,0.041507646441459656
test_protein_4161,0.37354433536529541
test_protein_4158,0.37639632821083069
test_protein_4163,0.61830610036849976
test_protein_4165,0.62011700868606567
test_protein_4166,0.20915496349334717
test_protein_4169,0.1669032871723175
test_protein_4167,0.15315310657024384
test_protein_4173,0.47003626823425293
test_protein_4175,0.81722867488861084
test_protein_4168,0.17718145251274109
test_protein_4172,0.24340243637561798
test_protein_4174,0.25769132375717163
test_protein_4170,0.25016146898269653
test_protein_4176,0.19319896399974823
test_protein_4171,0.81904417276382446
test_protein_4177,0.21874202787876129
test_protein_4178,0.32398012280464172
test_protein_4181,0.49634549021720886
test_protein_4182,0.35621729493141174
test_protein_4179,0.62497323751449585
test_protein_4183,0.49267637729644775
test_protein_4184,0.4895952045917511
test_protein_4180,0.69032251834869385
test_protein_4185,0.6487852931022644
test_protein_4187,0.7420927882194519
test_protein_4186,0.56310033798217773
test_protein_4191,0.81446748971939087
test_protein_4189,0.52131366729736328
test_protein_4188,0.80735456943511963
test_protein_4192,0.4372292160987854
test_protein_4195,0.92425286769866943
test_protein_4194,0.87968432903289795
test_protein_4190,0.41532310843467712
test_protein_4193,0.40040388703346252
test_protein_4201,0.60022807121276855
test_protein_4200,0.5788300633430481
test_protein_4199,0.61298114061355591
test_protein_4197,0.6153717041015625
test_protein_4196,0.51546633243560791
test_protein_4202,0.34560427069664001
test_protein_4198,0.74834024906158447
test_protein_4206,0.07991839200258255
test_protein_4204,0.62301528453826904
test_protein_4203,0.43004032969474792
test_protein_4205,0.69633281230926514
test_protein_4208,0.5081591010093689
test_protein_4211,0.0038721910677850246
test_protein_4207,0.71902793645858765
test_protein_4209,6.9040412199683487e-05
test_protein_4210,0.024074701592326164
test_protein_4214,0.56641030311584473
test_protein_4216,0.57722234725952148
test_protein_4217,0.54282569885253906
test_protein_4213,0.57401198148727417
test_protein_4221,0.39749926328659058
test_protein_4218,0.6658560037612915
test_protein_4212,0.054869245737791061
test_protein_4215,0.51221919059753418
test_protein_4222,0.00022432608238887042
test_protein_4219,0.10139869898557663
test_protein_4220,0.26223605871200562
test_protein_4225,0.63861310482025146
test_protein_4223,0.38038715720176697
test_protein_4226,0.50051945447921753
test_protein_4224,0.55681407451629639
test_protein_4231,0.26565033197402954
test_protein_4228,0.7568359375
test_protein_4227,0.50794970989227295
test_protein_4229,8.6780743702163932e-10
test_protein_4232,0.46437293291091919
test_protein_4230,0.17729426920413971
test_protein_4233,0.60781419277191162
test_protein_4234,0.31668934226036072
test_protein_4235,0.48587179183959961
test_protein_4237,0.25458869338035583
test_protein_4238,0.60833019018173218
test_protein_4241,0.40713629126548767
test_protein_4236,0.25718224048614502
test_protein_4243,0.58817404508590698
test_protein_4239,8.261115726782009e-05
test_protein_4240,0.50017410516738892
test_protein_4244,0.00058328121667727828
test_protein_4242,0.00084358715685084462
test_protein_4246,0.45087447762489319
test_protein_4247,0.43248581886291504
test_protein_4250,0.45497080683708191
test_protein_4249,0.073427714407444
test_protein_4255,0.65321868658065796
test_protein_4256,0.71570092439651489
test_protein_4252,0.4141005277633667
test_protein_4253,3.9692718019068707e-06
test_protein_4254,0.33747813105583191
test_protein_4245,0.48626303672790527
test_protein_4248,0.44752228260040283
test_protein_4251,0.21021063625812531
test_protein_4257,0.67172849178314209
test_protein_4259,0.51119863986968994
test_protein_4262,0.53276950120925903
test_protein_4258,0.43323436379432678
test_protein_4264,0.092347443103790283
test_protein_4260,0.50148344039916992
test_protein_4266,0.37882000207901001
test_protein_4261,0.012003087438642979
test_protein_4263,0.40786257386207581
test_protein_4265,0.28758567571640015
test_protein_4270,0.44217681884765625
test_protein_4267,0.39226514101028442
test_protein_4272,0.62976694107055664
test_protein_4271,0.14000992476940155
test_protein_4274,0.50743073225021362
test_protein_4273,0.00032859397470019758
test_protein_4275,0.00021423307771328837
test_protein_4269,0.047281000763177872
test_protein_4268,0.089400239288806915
test_protein_4276,0.66326802968978882
test_protein_4277,0.25203385949134827
test_protein_4278,0.39887902140617371
test_protein_4281,0.0010301900329068303
test_protein_4279,0.70691758394241333
test_protein_4283,0.00046270040911622345
test_protein_4287,0.45714333653450012
test_protein_4285,0.29429236054420471
test_protein_4280,0.014334147796034813
test_protein_4286,2.6667964903026586e-06
test_protein_4284,0.89475953578948975
test_protein_4282,0.24909760057926178
test_protein_4292,0.58504760265350342
test_protein_4289,0.61977279186248779
test_protein_4288,0.21726121008396149
test_protein_4293,0.28632989525794983
test_protein_4290,0.51950043439865112
test_protein_4291,0.6215367317199707
test_protein_4297,0.69209486246109009
test_protein_4296,0.143943190574646
test_protein_4295,0.42914485931396484
test_protein_4294,0.007762229535728693
test_protein_4298,0.38267147541046143
test_protein_4304,0.39827346801757812
test_protein_4300,0.57980090379714966
test_protein_4301,0.37096911668777466
test_protein_4299,0.65188241004943848
test_protein_4303,0.64631325006484985
test_protein_4307,0.50272077322006226
test_protein_4308,0.71052992343902588
test_protein_4306,0.68959993124008179
test_protein_4302,0.72227132320404053
test_protein_4312,0.25518220663070679
test_protein_4311,0.21150203049182892
test_protein_4305,0.37787100672721863
test_protein_4310,0.21990093588829041
test_protein_4309,0.17428117990493774
test_protein_4313,0.25940269231796265
test_protein_4317,0.45257562398910522
test_protein_4321,0.24270229041576385
test_protein_4324,0.49003097414970398
test_protein_4325,0.32937788963317871
test_protein_4318,0.66003876924514771
test_protein_4322,0.0010123468236997724
test_protein_4323,0.66823720932006836
test_protein_4314,0.64376914501190186
test_protein_4316,0.34243711829185486
test_protein_4315,0.57856005430221558
test_protein_4319,0.88969910144805908
test_protein_4320,0.4679374098777771
test_protein_4327,0.68224090337753296
test_protein_4329,0.67782402038574219
test_protein_4326,0.30217146873474121
test_protein_4332,0.68333357572555542
test_protein_4333,0.58735007047653198
test_protein_4334,0.13927209377288818
test_protein_4328,0.30177497863769531
test_protein_4331,0.23413114249706268
test_protein_4330,0.00030529740615747869
test_protein_4335,0.91424745321273804
test_protein_4344,0.23744499683380127
test_protein_4343,0.72189623117446899
test_protein_4341,0.42115071415901184
test_protein_4342,0.82875591516494751
test_protein_4339,0.55975931882858276
test_protein_4336,0.57519972324371338
test_protein_4345,0.30683261156082153
test_protein_4337,0.00013565007247962058
test_protein_4338,0.03877146914601326
test_protein_4340,0.33633533120155334
test_protein_4346,0.7262151837348938
test_protein_4347,0.76906204223632812
test_protein_4353,0.0010406803339719772
test_protein_4354,0.84120661020278931
test_protein_4351,0.57654374837875366
test_protein_4352,0.6708868145942688
test_protein_4350,0.51288163661956787
test_protein_4348,0.0061694798059761524
test_protein_4355,0.34925904870033264
test_protein_4356,0.18941213190555573
test_protein_4349,0.45475727319717407
test_protein_4357,3.149981057504192e-05
test_protein_4359,0.62480849027633667
test_protein_4361,0.62307906150817871
test_protein_4364,0.37437689304351807
test_protein_4366,0.61295527219772339
test_protein_4360,0.48101237416267395
test_protein_4358,0.55751663446426392
test_protein_4365,0.55089724063873291
test_protein_4363,0.024359717965126038
test_protein_4362,0.67899715900421143
test_protein_4368,0.49055257439613342
test_protein_4367,0.6460500955581665
test_protein_4372,0.33002778887748718
test_protein_4375,0.7244148850440979
test_protein_4369,0.61031579971313477
test_protein_4371,0.0039215940050780773
test_protein_4374,0.45212998986244202
test_protein_4373,0.4564795196056366
test_protein_4370,0.023055747151374817
test_protein_4381,0.86530798673629761
test_protein_4377,0.28354600071907043
test_protein_4383,0.58340585231781006
test_protein_4376,0.54210144281387329
test_protein_4379,0.18462441861629486
test_protein_4384,0.58617222309112549
test_protein_4380,0.17060574889183044
test_protein_4386,0.46613454818725586
test_protein_4382,0.55782705545425415
test_protein_4378,0.17783449590206146
test_protein_4385,0.37213602662086487
test_protein_4389,0.80742365121841431
test_protein_4390,0.42794099450111389
test_protein_4388,0.0024974239058792591
test_protein_4392,0.62673187255859375
test_protein_4395,5.9300593420630321e-05
test_protein_4398,0.65984714031219482
test_protein_4394,0.74139535427093506
test_protein_4387,0.2759692370891571
test_protein_4397,0.81598705053329468
test_protein_4396,0.81732159852981567
test_protein_4391,0.47172483801841736
test_protein_4393,0.44155213236808777
test_protein_4400,0.61036616563796997
test_protein_4402,0.11505253612995148
test_protein_4399,0.46093940734863281
test_protein_4401,0.0017930587055161595
test_protein_4405,0.15853336453437805
test_protein_4403,0.94938457012176514
test_protein_4408,0.096444211900234222
test_protein_4406,0.65505766868591309
test_protein_4407,0.0065151955932378769
test_protein_4410,0.302662193775177
test_protein_4404,0.0071013155393302441
test_protein_4409,0.52578294277191162
test_protein_4412,0.66620838642120361
test_protein_4411,0.32723855972290039
test_protein_4413,0.60260277986526489
test_protein_4416,0.64607489109039307
test_protein_4424,0.4387175440788269
test_protein_4422,0.33002951741218567
test_protein_4423,0.37089499831199646
test_protein_4421,0.40944376587867737
test_protein_4414,0.14361101388931274
test_protein_4418,0.58906370401382446
test_protein_4419,0.44227311015129089
test_protein_4420,0.44929701089859009
test_protein_4415,0.60426938533782959
test_protein_4417,0.57640892267227173
test_protein_4429,0.15532694756984711
test_protein_4430,0.86561417579650879
test_protein_4425,0.332203209400177
test_protein_4431,0.76752901077270508
test_protein_4428,0.27823236584663391
test_protein_4426,0.50538808107376099
test_protein_4432,0.42993727326393127
test_protein_4427,0.25608921051025391
test_protein_4433,0.067087285220623016
test_protein_4434,0.45729127526283264
test_protein_4435,0.26717546582221985
test_protein_4437,0.63869702816009521
test_protein_4438,0.66445958614349365
test_protein_4439,0.6258283257484436
test_protein_4440,0.59809291362762451
test_protein_4441,0.54777872562408447
test_protein_4436,0.44012483954429626
test_protein_4442,0.54779040813446045
test_protein_4443,0.63568389415740967
test_protein_4444,0.66439944505691528
test_protein_4448,0.29965966939926147
test_protein_4445,0.45084074139595032
test_protein_4449,0.3304094672203064
test_protein_4447,0.45792686939239502
test_protein_4452,0.70555102825164795
test_protein_4446,0.39029952883720398
test_protein_4450,0.1241949275135994
test_protein_4453,0.77143079042434692
test_protein_4451,0.62793195247650146
test_protein_4455,2.5295096293120878e-06
test_protein_4456,2.4756267521297559e-05
test_protein_4454,0.75742828845977783
test_protein_4457,0.51285439729690552
test_protein_4458,0.51731252670288086
test_protein_4459,0.054080154746770859
test_protein_4461,0.70711338520050049
test_protein_4460,0.57996445894241333
test_protein_4464,0.19918613135814667
test_protein_4465,0.16988861560821533
test_protein_4463,0.81168460845947266
test_protein_4462,0.72878003120422363
test_protein_4467,0.64306128025054932
test_protein_4466,0.25012388825416565
test_protein_4469,0.066938608884811401
test_protein_4468,0.53525090217590332
test_protein_4470,0.17997366189956665
test_protein_4474,0.71189659833908081
test_protein_4472,0.042624857276678085
test_protein_4473,0.021797303110361099
test_protein_4475,0.47724848985671997
test_protein_4476,0.6127275824546814
test_protein_4477,0.52283293008804321
test_protein_4471,0.31920734047889709
test_protein_4480,0.00045583050814457238
test_protein_4478,8.8933353481479571e-07
test_protein_4479,0.21124190092086792
test_protein_4481,0.41685584187507629
test_protein_4483,0.50237447023391724
test_protein_4482,0.66438168287277222
test_protein_4484,0.58642721176147461
test_protein_4485,0.008679988794028759
test_protein_4486,0.59250462055206299
test_protein_4487,0.59793269634246826
test_protein_4491,0.13886275887489319
test_protein_4490,0.83381718397140503
test_protein_4488,0.67661654949188232
test_protein_4489,0.55899572372436523
test_protein_4495,0.51553678512573242
test_protein_4494,0.3741556704044342
test_protein_4496,0.54056137800216675
test_protein_4493,0.25564232468605042
test_protein_4492,0.17332565784454346
test_protein_4497,0.9070594310760498
test_protein_4499,0.73246729373931885
test_protein_4498,0.25038447976112366
test_protein_4501,0.21908560395240784
test_protein_4502,0.7220386266708374
test_protein_4504,0.6574019193649292
test_protein_4505,0.21488980948925018
test_protein_4503,0.74198341369628906
test_protein_4507,0.89193278551101685
test_protein_4500,0.73528903722763062
test_protein_4508,0.5500977635383606
test_protein_4506,0.57558917999267578
test_protein_4509,0.87166333198547363
test_protein_4510,0.58116710186004639
test_protein_4511,0.36885425448417664
test_protein_4512,0.00082994968397542834
test_protein_4517,0.0013899377081543207
test_protein_4513,0.50929617881774902
test_protein_4520,0.62014424800872803
test_protein_4516,0.41627886891365051
test_protein_4514,0.6033206582069397
test_protein_4518,0.48851913213729858
test_protein_4519,0.25594860315322876
test_protein_4515,0.27303558588027954
test_protein_4522,0.00043110223487019539
test_protein_4525,0.60715687274932861
test_protein_4523,0.72290033102035522
test_protein_4527,0.74595338106155396
test_protein_4521,0.17680270969867706
test_protein_4529,0.57491499185562134
test_protein_4528,0.69391000270843506
test_protein_4524,0.59824901819229126
test_protein_4526,0.11245740205049515
test_protein_4530,0.57181686162948608
test_protein_4532,0.59324753284454346
test_protein_4531,0.53963738679885864
test_protein_4533,0.63995820283889771
test_protein_4534,0.23325331509113312
test_protein_4537,0.38217121362686157
test_protein_4536,0.83918142318725586
test_protein_4539,0.15990312397480011
test_protein_4535,0.3179248571395874
test_protein_4538,0.70891785621643066
test_protein_4540,0.67585927248001099
test_protein_4542,0.45240408182144165
test_protein_4543,0.43706279993057251
test_protein_4546,0.77288752794265747
test_protein_4548,0.45629820227622986
test_protein_4545,0.64301329851150513
test_protein_4541,0.45819538831710815
test_protein_4547,0.56377053260803223
test_protein_4549,0.33430841565132141
test_protein_4544,0.018484007567167282
test_protein_4550,0.03807758167386055
test_protein_4553,0.40524417161941528
test_protein_4552,0.0012000511633232236
test_protein_4551,0.22245022654533386
test_protein_4554,0.61431491374969482
test_protein_4557,0.80088168382644653
test_protein_4555,0.84125238656997681
test_protein_4558,0.57299351692199707
test_protein_4556,0.012626934796571732
test_protein_4559,0.15401746332645416
test_protein_4563,0.27745527029037476
test_protein_4561,0.34237158298492432
test_protein_4564,0.57171833515167236
test_protein_4560,0.091277614235877991
test_protein_4562,0.20382183790206909
test_protein_4567,0.36270195245742798
test_protein_4568,0.2893812358379364
test_protein_4565,0.2741314172744751
test_protein_4566,0.29422226548194885
test_protein_4572,0.63009053468704224
test_protein_4575,0.47537541389465332
test_protein_4569,0.33993986248970032
test_protein_4574,0.95981442928314209
test_protein_4570,0.27237379550933838
test_protein_4573,0.62930727005004883
test_protein_4571,0.44697862863540649
test_protein_4581,0.48674917221069336
test_protein_4578,0.65880203247070312
test_protein_4582,0.46533337235450745
test_protein_4576,0.34641218185424805
test_protein_4577,0.27189832925796509
test_protein_4579,0.35964879393577576
test_protein_4580,0.019890638068318367
test_protein_4584,0.70139592885971069
test_protein_4587,0.43542245030403137
test_protein_4585,0.72734779119491577
test_protein_4583,0.42765322327613831
test_protein_4588,0.89358121156692505
test_protein_4592,0.64706552028656006
test_protein_4591,0.91616928577423096
test_protein_4594,0.78315061330795288
test_protein_4589,0.76844483613967896
test_protein_4595,0.99998116493225098
test_protein_4590,0.99915790557861328
test_protein_4593,0.9645763635635376
test_protein_4599,0.95079410076141357
test_protein_4597,0.97063440084457397
test_protein_4586,0.72771793603897095
test_protein_4596,0.99874109029769897
test_protein_4598,0.99549698829650879
test_protein_4601,0.8085782527923584
test_protein_4600,0.94952195882797241
test_protein_4606,0.99999856948852539
test_protein_4602,0.79219615459442139
test_protein_4604,0.82866197824478149
test_protein_4603,0.9952162504196167
test_protein_4605,0.99558371305465698
test_protein_4607,0.98577195405960083
test_protein_4610,0.41760340332984924
test_protein_4609,0.52979463338851929
test_protein_4612,0.49512618780136108
test_protein_4613,0.63514339923858643
test_protein_4608,0.46122008562088013
test_protein_4614,0.58083301782608032
test_protein_4615,0.96470171213150024
test_protein_4611,0.49200490117073059
test_protein_4616,0.60028600692749023
test_protein_4617,0.86690390110015869
test_protein_4620,0.98822313547134399
test_protein_4618,0.96248024702072144
test_protein_4619,0.76549935340881348
test_protein_4621,0.99768161773681641
test_protein_4625,0.82491672039031982
test_protein_4626,0.92054015398025513
test_protein_4622,0.94960540533065796
test_protein_4624,0.97307240962982178
test_protein_4627,0.84201717376708984
test_protein_4623,0.98217141628265381
test_protein_4628,0.99159777164459229
test_protein_4630,0.54082292318344116
test_protein_4629,0.48282888531684875
test_protein_4632,0.6255534291267395
test_protein_4633,0.34943267703056335
test_protein_4631,9.0191115305060521e-06
test_protein_4634,0.29113659262657166
test_protein_4638,0.040270902216434479
test_protein_4636,0.52286899089813232
test_protein_4637,0.57487642765045166
test_protein_4640,0.58941435813903809
test_protein_4635,0.11452437192201614
test_protein_4639,0.0034949434921145439
test_protein_4641,0.35906964540481567
test_protein_4643,0.81425821781158447
test_protein_4646,0.00029413323500193655
test_protein_4648,0.00016997252532746643
test_protein_4644,0.61532312631607056
test_protein_4649,0.2088424414396286
test_protein_4647,7.7641772804781795e-05
test_protein_4642,0.0679326131939888
test_protein_4645,0.84813761711120605
test_protein_4653,0.34937897324562073
test_protein_4650,0.241612508893013
test_protein_4651,0.67645156383514404
test_protein_4652,0.20878516137599945
test_protein_4654,0.16679151356220245
test_protein_4656,0.37742733955383301
test_protein_4655,0.43731263279914856
test_protein_4657,0.51583647727966309
test_protein_4658,0.88937658071517944
test_protein_4662,0.57006967067718506
test_protein_4659,1.831686176956282e-06
test_protein_4666,0.59841465950012207
test_protein_4661,0.6355707049369812
test_protein_4665,0.26825985312461853
test_protein_4664,0.037071689963340759
test_protein_4663,0.031004367396235466
test_protein_4660,0.62222671508789062
test_protein_4667,0.1845613420009613
test_protein_4672,0.00045540166320279241
test_protein_4674,0.63367664813995361
test_protein_4670,0.45777314901351929
test_protein_4673,0.0077702212147414684
test_protein_4668,0.36283722519874573
test_protein_4669,0.35398447513580322
test_protein_4671,0.44910320639610291
test_protein_4677,0.59891694784164429
test_protein_4676,0.58720767498016357
test_protein_4680,0.0024583791382610798
test_protein_4675,0.2452847957611084
test_protein_4678,0.95071703195571899
test_protein_4679,0.84777402877807617
test_protein_4685,0.29034718871116638
test_protein_4689,0.88247907161712646
test_protein_4688,0.0012089095544070005
test_protein_4681,0.38792887330055237
test_protein_4684,0.67327070236206055
test_protein_4682,0.57604461908340454
test_protein_4683,0.1925646960735321
test_protein_4686,0.20315338671207428
test_protein_4687,0.00025085147353820503
test_protein_4693,0.83380061388015747
test_protein_4692,0.53090918064117432
test_protein_4690,0.29974326491355896
test_protein_4694,0.0070969052612781525
test_protein_4696,0.65758776664733887
test_protein_4691,0.87648981809616089
test_protein_4700,0.78412723541259766
test_protein_4697,3.8135243812575936e-05
test_protein_4698,0.57780218124389648
test_protein_4699,0.26675105094909668
test_protein_4695,0.21411463618278503
test_protein_4704,0.5864250659942627
test_protein_4706,0.50258618593215942
test_protein_4703,0.71685022115707397
test_protein_4712,0.36927279829978943
test_protein_4705,0.72834724187850952
test_protein_4701,0.51577097177505493
test_protein_4702,0.55374568700790405
test_protein_4709,0.3567555844783783
test_protein_4710,0.68354696035385132
test_protein_4708,0.52576547861099243
test_protein_4711,0.72101205587387085
test_protein_4707,0.51672184467315674
test_protein_4714,8.9269196905661374e-05
test_protein_4716,0.33413490653038025
test_protein_4713,0.00037820858415216208
test_protein_4715,0.43662863969802856
test_protein_4717,0.16872809827327728
test_protein_4719,0.75837630033493042
test_protein_4718,0.00039515647222287953
test_protein_4722,0.43389260768890381
test_protein_4721,0.32261216640472412
test_protein_4723,0.39685368537902832
test_protein_4720,0.80352890491485596
test_protein_4724,0.98690187931060791
test_protein_4729,0.61937183141708374
test_protein_4725,0.085393793880939484
test_protein_4730,0.49613949656486511
test_protein_4726,0.088016495108604431
test_protein_4732,0.028072407469153404
test_protein_4731,0.77869808673858643
test_protein_4734,0.22736081480979919
test_protein_4735,0.37303301692008972
test_protein_4727,0.5918850302696228
test_protein_4728,0.54907548427581787
test_protein_4733,4.1708467506396119e-06
test_protein_4739,0.58750432729721069
test_protein_4741,0.54580783843994141
test_protein_4737,0.51300543546676636
test_protein_4740,0.81202405691146851
test_protein_4742,0.475271075963974
test_protein_4744,0.32468217611312866
test_protein_4736,0.57774829864501953
test_protein_4738,0.97257035970687866
test_protein_4743,1.6351096121525188e-07
test_protein_4746,0.12717410922050476
test_protein_4745,0.21017096936702728
test_protein_4749,0.40363401174545288
test_protein_4752,0.29365232586860657
test_protein_4751,0.28817954659461975
test_protein_4747,0.39919063448905945
test_protein_4748,0.70076334476470947
test_protein_4753,0.4624994695186615
test_protein_4750,0.012802012264728546
test_protein_4755,0.29717475175857544
test_protein_4759,0.33473077416419983
test_protein_4761,0.58466380834579468
test_protein_4763,0.93392837047576904
test_protein_4764,0.60524880886077881
test_protein_4766,0.83745473623275757
test_protein_4762,0.40292879939079285
test_protein_4765,0.78630900382995605
test_protein_4758,0.58925241231918335
test_protein_4757,0.56727689504623413
test_protein_4756,0.64975368976593018
test_protein_4754,0.00060187611961737275
test_protein_4760,0.35847273468971252
test_protein_4767,0.02975069172680378
test_protein_4770,0.71850347518920898
test_protein_4768,0.71920937299728394
test_protein_4775,0.095132991671562195
test_protein_4773,0.47053170204162598
test_protein_4769,0.71583020687103271
test_protein_4771,0.63948154449462891
test_protein_4774,0.073083057999610901
test_protein_4772,0.53455352783203125
test_protein_4776,0.34073692560195923
test_protein_4780,0.59618282318115234
test_protein_4779,0.31067782640457153
test_protein_4778,0.53606802225112915
test_protein_4781,0.6037524938583374
test_protein_4777,0.064583882689476013
test_protein_4788,0.64940094947814941
test_protein_4782,0.60363602638244629
test_protein_4784,0.43660727143287659
test_protein_4783,0.00038539752131327987
test_protein_4787,0.39426916837692261
test_protein_4789,0.74127805233001709
test_protein_4785,0.00029849211568944156
test_protein_4786,0.068886570632457733
test_protein_4791,0.63822042942047119
test_protein_4794,0.25124135613441467
test_protein_4792,0.82197409868240356
test_protein_4793,0.56656301021575928
test_protein_4795,0.47192287445068359
test_protein_4798,0.56997573375701904
test_protein_4790,0.1263868510723114
test_protein_4797,0.58305245637893677
test_protein_4796,0.85992908477783203
test_protein_4800,0.26102298498153687
test_protein_4799,0.28420716524124146
test_protein_4805,0.56407177448272705
test_protein_4809,0.14036130905151367
test_protein_4806,0.95839858055114746
test_protein_4808,0.076841652393341064
test_protein_4810,0.17926487326622009
test_protein_4802,0.57038438320159912
test_protein_4807,0.20611089468002319
test_protein_4803,0.55297088623046875
test_protein_4804,0.46903866529464722
test_protein_4801,0.40246322751045227
test_protein_4816,0.28882601857185364
test_protein_4815,0.53992164134979248
test_protein_4820,0.4194110631942749
test_protein_4811,0.027686508372426033
test_protein_4814,0.28980502486228943
test_protein_4818,0.14919048547744751
test_protein_4813,0.20403093099594116
test_protein_4812,0.19649752974510193
test_protein_4819,0.53404849767684937
test_protein_4817,0.038114745169878006
test_protein_4823,0.49064734578132629
test_protein_4821,0.34885892271995544
test_protein_4822,0.67930424213409424
test_protein_4826,0.55873668193817139
test_protein_4824,0.1705610603094101
test_protein_4830,0.00032460602233186364
test_protein_4829,0.31844982504844666
test_protein_4825,0.53864008188247681
test_protein_4832,0.62304991483688354
test_protein_4831,0.1970633864402771
test_protein_4834,0.60970866680145264
test_protein_4833,0.22100518643856049
test_protein_4828,0.61181318759918213
test_protein_4827,0.17647659778594971
test_protein_4838,0.48435667157173157
test_protein_4837,0.33000612258911133
test_protein_4835,0.12511420249938965
test_protein_4836,0.51450920104980469
test_protein_4840,0.28546550869941711
test_protein_4841,0.33786249160766602
test_protein_4845,0.38211935758590698
test_protein_4843,0.083801053464412689
test_protein_4844,0.12222539633512497
test_protein_4846,0.59481996297836304
test_protein_4839,5.3588341870636214e-06
test_protein_4847,0.46317130327224731
test_protein_4849,0.51159125566482544
test_protein_4850,0.26976528763771057
test_protein_4842,0.37419193983078003
test_protein_4848,0.47215422987937927
test_protein_4851,0.16276653110980988
test_protein_4853,0.43963098526000977
test_protein_4852,0.49987667798995972
test_protein_4854,0.23373888432979584
test_protein_4859,0.43396368622779846
test_protein_4858,0.0279263686388731
test_protein_4855,0.51363998651504517
test_protein_4866,0.052186213433742523
test_protein_4857,0.030667563900351524
test_protein_4860,0.083156399428844452
test_protein_4861,0.3201180100440979
test_protein_4862,0.25163647532463074
test_protein_4863,0.50871509313583374
test_protein_4865,0.61859750747680664
test_protein_4856,0.52183818817138672
test_protein_4864,0.36527067422866821
test_protein_4868,0.63587981462478638
test_protein_4869,0.076661959290504456
test_protein_4874,0.00032959482632577419
test_protein_4871,0.017213229089975357
test_protein_4867,0.00056438206229358912
test_protein_4873,0.50114387273788452
test_protein_4875,0.49078622460365295
test_protein_4882,0.78072094917297363
test_protein_4870,0.65588945150375366
test_protein_4880,0.9718666672706604
test_protein_4877,0.65245312452316284
test_protein_4884,0.65692257881164551
test_protein_4878,0.7931709885597229
test_protein_4883,9.9955459518241696e-06
test_protein_4886,0.13827979564666748
test_protein_4879,0.54771202802658081
test_protein_4885,0.92490863800048828
test_protein_4872,0.042540784925222397
test_protein_4876,0.23483321070671082
test_protein_4881,0.18368948996067047
test_protein_4894,0.26710906624794006
test_protein_4895,0.5374068021774292
test_protein_4898,0.43283215165138245
test_protein_4892,0.3473956286907196
test_protein_4891,0.56817245483398438
test_protein_4896,0.58817940950393677
test_protein_4889,0.88785910606384277
test_protein_4888,0.00038797472370788455
test_protein_4887,0.35875535011291504
test_protein_4893,4.6700110942765605e-06
test_protein_4890,0.0015760280657559633
test_protein_4897,4.1789728129515424e-05
test_protein_4901,0.50628739595413208
test_protein_4905,0.78441596031188965
test_protein_4904,0.38354101777076721
test_protein_4912,0.58114916086196899
test_protein_4910,0.35893985629081726
test_protein_4903,0.44669368863105774
test_protein_4908,0.1299612820148468
test_protein_4911,0.42142733931541443
test_protein_4902,0.5036957859992981
test_protein_4909,0.19516894221305847
test_protein_4913,0.23512497544288635
test_protein_4907,0.44031223654747009
test_protein_4906,0.23988677561283112
test_protein_4899,0.34691369533538818
test_protein_4900,0.39366579055786133
test_protein_4914,0.11364062875509262
test_protein_4919,0.048784416168928146
test_protein_4921,0.51010918617248535
test_protein_4925,0.095349542796611786
test_protein_4924,0.42780625820159912
test_protein_4926,0.40152901411056519
test_protein_4915,0.59980499744415283
test_protein_4917,0.57839113473892212
test_protein_4920,0.65560799837112427
test_protein_4918,0.00016173723270185292
test_protein_4923,0.5045740008354187
test_protein_4922,0.21212011575698853
test_protein_4916,0.19847753643989563
test_protein_4928,0.57810384035110474
test_protein_4927,0.7499205470085144
test_protein_4932,0.59442466497421265
test_protein_4931,0.47148284316062927
test_protein_4935,0.66305285692214966
test_protein_4933,0.0011276894947513938
test_protein_4929,0.64070123434066772
test_protein_4937,0.75837051868438721
test_protein_4934,0.98685801029205322
test_protein_4936,0.53716981410980225
test_protein_4938,0.48565024137496948
test_protein_4930,0.77372092008590698
test_protein_4939,1.5239620552165434e-05
test_protein_4941,0.37145614624023438
test_protein_4945,0.039046376943588257
test_protein_4944,7.2326974986935966e-06
test_protein_4940,0.67603111267089844
test_protein_4942,0.59699660539627075
test_protein_4946,0.77852237224578857
test_protein_4947,0.28476887941360474
test_protein_4948,0.1649913489818573
test_protein_4943,0.19674006104469299
test_protein_4949,0.095993727445602417
test_protein_4950,0.26238307356834412
test_protein_4951,0.65885668992996216
test_protein_4952,0.018030589446425438
test_protein_4953,0.45622912049293518
test_protein_4957,0.1597188413143158
test_protein_4962,0.76215404272079468
test_protein_4961,0.83020442724227905
test_protein_4960,0.70946609973907471
test_protein_4963,0.57308942079544067
test_protein_4965,0.32457622885704041
test_protein_4966,0.00023426419647876173
test_protein_4971,0.66075849533081055
test_protein_4970,0.15403594076633453
test_protein_4969,0.01800975389778614
test_protein_4968,6.0267018852755427e-05
test_protein_4956,0.054451189935207367
test_protein_4967,0.56457746028900146
test_protein_4954,0.33546572923660278
test_protein_4955,0.57383179664611816
test_protein_4959,0.014777187258005142
test_protein_4958,0.46279355883598328
test_protein_4964,0.6473580002784729
test_protein_4974,0.58909004926681519
test_protein_4972,0.44911476969718933
test_protein_4979,0.50673836469650269
test_protein_4978,0.49087861180305481
test_protein_4976,0.55967563390731812
test_protein_4975,0.60912841558456421
test_protein_4984,0.55518114566802979
test_protein_4980,1.6273656001430936e-05
test_protein_4973,0.24303895235061646
test_protein_4985,0.76415729522705078
test_protein_4989,0.38477393984794617
test_protein_4981,0.0090595781803131104
test_protein_4977,0.022477811202406883
test_protein_4987,0.88567519187927246
test_protein_4982,0.79984891414642334
test_protein_4986,0.88632512092590332
test_protein_4988,0.42024874687194824
test_protein_4983,6.6499114836915396e-06
test_protein_4990,0.55446821451187134
test_protein_4992,0.2887251079082489
test_protein_4995,0.24876648187637329
test_protein_4997,0.67695772647857666
test_protein_5002,0.4783332347869873
test_protein_4991,0.41299363970756531
test_protein_4998,0.34373712539672852
test_protein_5000,0.6338992714881897
test_protein_4996,0.34723600745201111
test_protein_4999,0.56280845403671265
test_protein_5001,0.58459383249282837
test_protein_4994,0.23312237858772278
test_protein_4993,5.9380610764492303e-05
test_protein_5009,0.038419026881456375
test_protein_5006,0.22612208127975464
test_protein_5003,0.051046576350927353
test_protein_5005,0.51483947038650513
test_protein_5004,0.035097602754831314
test_protein_5011,0.014202430844306946
test_protein_5007,0.28030002117156982
test_protein_5014,0.40464276075363159
test_protein_5012,0.28957292437553406
test_protein_5010,0.43408530950546265
test_protein_5013,0.61492288112640381
test_protein_5008,0.0023227781057357788
test_protein_5017,0.69408106803894043
test_protein_5015,0.71017265319824219
test_protein_5020,0.4379744827747345
test_protein_5016,0.13820891082286835
test_protein_5021,0.55531460046768188
test_protein_5022,0.53173547983169556
test_protein_5024,0.071232281625270844
test_protein_5023,0.00017768700490705669
test_protein_5019,0.56816112995147705
test_protein_5018,0.48270553350448608
test_protein_5025,0.66004323959350586
test_protein_5026,7.9034280133782886e-06
test_protein_5027,0.18921531736850739
test_protein_5028,0.52013850212097168
test_protein_5031,0.25995117425918579
test_protein_5034,0.53520238399505615
test_protein_5029,0.037934217602014542
test_protein_5037,3.5575689253164455e-05
test_protein_5032,0.23773069679737091
test_protein_5035,0.59557056427001953
test_protein_5036,0.43433299660682678
test_protein_5038,0.27291852235794067
test_protein_5030,0.1700483113527298
test_protein_5033,0.72413331270217896
test_protein_5041,0.38413408398628235
test_protein_5039,0.49649554491043091
test_protein_5040,0.44016033411026001
test_protein_5049,0.57725149393081665
test_protein_5043,0.38207265734672546
test_protein_5047,0.64219778776168823
test_protein_5044,0.30603289604187012
test_protein_5048,0.55493605136871338
test_protein_5046,0.67232531309127808
test_protein_5045,1.0901238056248985e-05
test_protein_5042,1.7243258980670362e-06
test_protein_5052,0.51675200462341309
test_protein_5050,0.81027203798294067
test_protein_5053,0.66868245601654053
test_protein_5051,0.45398855209350586
test_protein_5054,0.26824802160263062
test_protein_5055,0.019031964242458344
test_protein_5056,0.927337646484375
test_protein_5057,0.51109039783477783
test_protein_5058,0.42838940024375916
test_protein_5060,2.7801610485767014e-05
test_protein_5059,0.37176239490509033
test_protein_5061,0.0012404012959450483
test_protein_5064,0.67717677354812622
test_protein_5069,0.66319584846496582
test_protein_5068,0.47230497002601624
test_protein_5075,0.50024348497390747
test_protein_5070,0.54542815685272217
test_protein_5073,0.57074594497680664
test_protein_5066,0.024924803525209427
test_protein_5074,0.28270122408866882
test_protein_5072,0.23791041970252991
test_protein_5062,0.49360629916191101
test_protein_5071,0.56497353315353394
test_protein_5065,0.51243877410888672
test_protein_5067,0.58037453889846802
test_protein_5063,0.61586105823516846
test_protein_5077,0.84247881174087524
test_protein_5079,0.670585036277771
test_protein_5081,0.54500371217727661
test_protein_5076,0.49987131357192993
test_protein_5086,4.3658806134772021e-06
test_protein_5092,0.28348064422607422
test_protein_5090,0.62272375822067261
test_protein_5091,0.33446136116981506
test_protein_5084,0.61825460195541382
test_protein_5088,0.02710830420255661
test_protein_5093,0.0028150533325970173
test_protein_5087,0.80528908967971802
test_protein_5094,0.00031905394280329347
test_protein_5085,0.26887762546539307
test_protein_5078,0.42930427193641663
test_protein_5083,0.75717771053314209
test_protein_5082,0.78435873985290527
test_protein_5080,0.37797653675079346
test_protein_5089,0.32542887330055237
test_protein_5096,0.50813877582550049
test_protein_5095,0.38498067855834961
test_protein_5101,0.35362899303436279
test_protein_5099,0.44237977266311646
test_protein_5102,0.56373298168182373
test_protein_5097,0.00053188134916126728
test_protein_5098,0.81500810384750366
test_protein_5100,4.020349138045276e-07
test_protein_5104,0.5863335132598877
test_protein_5105,0.61474961042404175
test_protein_5103,0.57742279767990112
test_protein_5110,0.50479239225387573
test_protein_5113,0.0090636285021901131
test_protein_5106,0.025675052776932716
test_protein_5111,0.1388038843870163
test_protein_5107,0.10932062566280365
test_protein_5109,0.51976054906845093
test_protein_5112,0.2758479118347168
test_protein_5108,0.11990717798471451
test_protein_5114,0.40004405379295349
test_protein_5118,0.58284956216812134
test_protein_5124,0.45117256045341492
test_protein_5115,0.019018862396478653
test_protein_5123,0.43776196241378784
test_protein_5122,0.27926516532897949
test_protein_5116,7.2006580012384802e-05
test_protein_5120,0.37180262804031372
test_protein_5125,0.64024674892425537
test_protein_5121,0.78948104381561279
test_protein_5117,0.24798603355884552
test_protein_5119,0.16028419137001038
test_protein_5126,4.9005426262738183e-05
test_protein_5132,0.76349532604217529
test_protein_5131,0.13870443403720856
test_protein_5130,0.10810218751430511
test_protein_5134,0.10889714956283569
test_protein_5137,0.28261053562164307
test_protein_5136,0.4255046546459198
test_protein_5135,0.31692337989807129
test_protein_5138,0.46630430221557617
test_protein_5139,0.97850674390792847
test_protein_5128,0.37567040324211121
test_protein_5133,0.58824533224105835
test_protein_5129,0.10098390281200409
test_protein_5127,0.025937395170331001
test_protein_5140,0.51712220907211304
test_protein_5144,0.80318272113800049
test_protein_5145,0.50503659248352051
test_protein_5143,0.41680788993835449
test_protein_5141,0.71211600303649902
test_protein_5142,0.57539653778076172
test_protein_5146,0.60313200950622559
test_protein_5147,0.22165040671825409
test_protein_5151,0.6122850775718689
test_protein_5149,0.72663211822509766
test_protein_5157,0.05314820259809494
test_protein_5152,0.58522301912307739
test_protein_5153,0.15495952963829041
test_protein_5158,0.37353882193565369
test_protein_5154,0.55442297458648682
test_protein_5156,0.70256572961807251
test_protein_5159,0.47264286875724792
test_protein_5150,0.83832651376724243
test_protein_5148,0.093572057783603668
test_protein_5155,3.2668754101905506e-07
test_protein_5160,0.47316038608551025
test_protein_5163,0.17127120494842529
test_protein_5162,0.024499248713254929
test_protein_5165,0.19842587411403656
test_protein_5161,0.41387823224067688
test_protein_5164,0.070703454315662384
test_protein_5168,0.52536904811859131
test_protein_5166,0.30625835061073303
test_protein_5170,0.35521253943443298
test_protein_5169,0.12430331856012344
test_protein_5171,0.5733305811882019
test_protein_5172,0.053120087832212448
test_protein_5173,0.72979116439819336
test_protein_5174,0.23255062103271484
test_protein_5167,0.58940392732620239
test_protein_5178,0.47832509875297546
test_protein_5180,0.10363145917654037
test_protein_5181,0.50693535804748535
test_protein_5183,0.58333253860473633
test_protein_5175,0.41111114621162415
test_protein_5177,0.090357646346092224
test_protein_5176,0.58891135454177856
test_protein_5182,0.00014062835543882102
test_protein_5184,0.1403314471244812
test_protein_5185,0.16908940672874451
test_protein_5179,0.49929720163345337
test_protein_5186,0.78878271579742432
test_protein_5190,0.33083254098892212
test_protein_5188,0.873618483543396
test_protein_5187,0.60945576429367065
test_protein_5191,0.075874894857406616
test_protein_5193,0.7581406831741333
test_protein_5189,0.075154721736907959
test_protein_5194,0.29088664054870605
test_protein_5197,0.26529538631439209
test_protein_5192,0.26918357610702515
test_protein_5196,0.57173401117324829
test_protein_5198,0.27056130766868591
test_protein_5199,0.45118191838264465
test_protein_5195,0.70754742622375488
test_protein_5200,0.00082926912000402808
test_protein_5203,0.68938148021697998
test_protein_5204,0.53231668472290039
test_protein_5201,0.9593464732170105
test_protein_5202,0.32722684741020203
test_protein_5208,0.40748500823974609
test_protein_5207,0.43907636404037476
test_protein_5206,9.441989277547691e-06
test_protein_5210,0.3872143030166626
test_protein_5213,0.68929582834243774
test_protein_5212,0.61969113349914551
test_protein_5205,5.4449941671919078e-05
test_protein_5209,0.12306716293096542
test_protein_5211,0.51991647481918335
test_protein_5219,0.00013102954835630953
test_protein_5216,0.62310111522674561
test_protein_5214,0.096608363091945648
test_protein_5215,9.0378416643943638e-05
test_protein_5221,0.54163062572479248
test_protein_5225,0.82648038864135742
test_protein_5223,0.76445186138153076
test_protein_5220,0.00040145637467503548
test_protein_5227,0.27528008818626404
test_protein_5222,0.46914514899253845
test_protein_5218,0.052965868264436722
test_protein_5217,0.50549226999282837
test_protein_5226,0.73629450798034668
test_protein_5224,0.76177811622619629
test_protein_5229,0.62911027669906616
test_protein_5228,0.52554225921630859
test_protein_5231,0.625133216381073
test_protein_5230,0.37393677234649658
test_protein_5235,0.47722038626670837
test_protein_5239,0.7672196626663208
test_protein_5242,0.0068729338236153126
test_protein_5237,0.31783658266067505
test_protein_5246,0.79532802104949951
test_protein_5244,0.21861967444419861
test_protein_5245,0.5100332498550415
test_protein_5247,0.00022549438290297985
test_protein_5240,0.71842503547668457
test_protein_5233,0.97264182567596436
test_protein_5241,0.37019640207290649
test_protein_5243,0.14374369382858276
test_protein_5238,0.57228034734725952
test_protein_5232,0.49752801656723022
test_protein_5234,0.21592268347740173
test_protein_5236,0.23459817469120026
test_protein_5248,0.4672437310218811
test_protein_5249,0.79106110334396362
test_protein_5251,0.52851927280426025
test_protein_5252,0.80626958608627319
test_protein_5258,0.019242679700255394
test_protein_5250,0.57793819904327393
test_protein_5256,0.67214721441268921
test_protein_5253,0.11958801746368408
test_protein_5254,0.00092874583788216114
test_protein_5257,0.48886552453041077
test_protein_5255,0.00010220245167147368
test_protein_5261,0.080206915736198425
test_protein_5259,0.17925845086574554
test_protein_5263,0.34050658345222473
test_protein_5262,0.49156233668327332
test_protein_5268,0.012998766265809536
test_protein_5260,0.28776708245277405
test_protein_5264,0.00015318785153795034
test_protein_5266,0.11659779399633408
test_protein_5267,0.39424660801887512
test_protein_5269,0.26926884055137634
test_protein_5265,0.0014353120932355523
test_protein_5270,0.59300988912582397
test_protein_5277,0.00023844825045671314
test_protein_5273,2.7900307031814009e-05
test_protein_5280,0.10368091613054276
test_protein_5276,0.01922881044447422
test_protein_5282,0.187591552734375
test_protein_5284,0.10054401308298111
test_protein_5272,0.78037893772125244
test_protein_5283,0.54356098175048828
test_protein_5281,0.0018206603126600385
test_protein_5274,0.28781959414482117
test_protein_5271,0.35116788744926453
test_protein_5285,0.019363429397344589
test_protein_5279,0.59046840667724609
test_protein_5275,0.15663082897663116
test_protein_5278,0.58646970987319946
test_protein_5290,0.0011017307406291366
test_protein_5292,0.00085761840455234051
test_protein_5289,0.13503970205783844
test_protein_5286,0.17159228026866913
test_protein_5293,0.57315999269485474
test_protein_5294,0.39651674032211304
test_protein_5287,0.67857640981674194
test_protein_5288,0.0048473966307938099
test_protein_5291,0.00054184213513508439
test_protein_5296,0.11069951206445694
test_protein_5295,0.31376549601554871
test_protein_5300,0.79422926902770996
test_protein_5297,0.44916248321533203
test_protein_5298,0.39113432168960571
test_protein_5299,0.37703967094421387
test_protein_5304,0.065316803753376007
test_protein_5305,0.53116005659103394
test_protein_5302,0.21050100028514862
test_protein_5301,0.27284809947013855
test_protein_5303,0.16114741563796997
test_protein_5309,0.44024652242660522
test_protein_5307,0.0062057990580797195
test_protein_5312,0.90448868274688721
test_protein_5313,0.686473548412323
test_protein_5308,0.39328256249427795
test_protein_5306,0.033276960253715515
test_protein_5310,0.23661664128303528
test_protein_5311,0.48797526955604553
test_protein_5314,0.44703039526939392
test_protein_5316,0.2626652717590332
test_protein_5317,9.8038632131647319e-05
test_protein_5315,0.24682043492794037
test_protein_5320,0.66220688819885254
test_protein_5321,0.20175030827522278
test_protein_5319,0.33225715160369873
test_protein_5318,0.32857987284660339
test_protein_5325,0.52780133485794067
test_protein_5329,0.51173532009124756
test_protein_5322,0.53298741579055786
test_protein_5326,0.043061584234237671
test_protein_5328,0.55610084533691406
test_protein_5324,0.14416129887104034
test_protein_5323,0.48640722036361694
test_protein_5327,0.53235608339309692
test_protein_5332,0.58707302808761597
test_protein_5333,0.21849563717842102
test_protein_5330,0.00060520268743857741
test_protein_5331,0.546791672706604
test_protein_5335,0.0013062172802165151
test_protein_5338,5.7957142416853458e-05
test_protein_5336,0.26446208357810974
test_protein_5341,0.53843170404434204
test_protein_5337,0.60592293739318848
test_protein_5334,0.54535037279129028
test_protein_5342,0.73817360401153564
test_protein_5344,0.63183820247650146
test_protein_5339,0.0051450659520924091
test_protein_5340,0.56405752897262573
test_protein_5345,0.57718557119369507
test_protein_5343,0.2833995521068573
test_protein_5346,0.44605690240859985
test_protein_5348,0.27923136949539185
test_protein_5351,0.76160210371017456
test_protein_5349,0.54887557029724121
test_protein_5354,0.44160032272338867
test_protein_5352,0.1325564831495285
test_protein_5353,0.17116518318653107
test_protein_5350,0.5952877402305603
test_protein_5347,0.43686768412590027
test_protein_5357,0.00010738775017671287
test_protein_5356,0.27490735054016113
test_protein_5358,0.37829142808914185
test_protein_5355,0.30750742554664612
test_protein_5360,0.14792592823505402
test_protein_5362,0.29673594236373901
test_protein_5361,0.51919806003570557
test_protein_5364,0.00053699529962614179
test_protein_5367,0.30070781707763672
test_protein_5369,0.0040032370015978813
test_protein_5359,0.0078953448683023453
test_protein_5365,0.45534175634384155
test_protein_5371,0.02460860088467598
test_protein_5366,0.50316536426544189
test_protein_5363,0.42478147149085999
test_protein_5370,0.54022562503814697
test_protein_5368,0.50950253009796143
test_protein_5372,0.20580278337001801
test_protein_5373,0.050344973802566528
test_protein_5381,0.047218814492225647
test_protein_5374,0.077066965401172638
test_protein_5375,0.36924746632575989
test_protein_5378,0.30489996075630188
test_protein_5377,0.77442920207977295
test_protein_5376,0.022321056574583054
test_protein_5387,0.0018073337851092219
test_protein_5384,0.36068233847618103
test_protein_5383,2.00759204744827e-05
test_protein_5380,0.45655202865600586
test_protein_5382,0.84453862905502319
test_protein_5386,0.00021877352264709771
test_protein_5385,0.20071762800216675
test_protein_5388,0.11984842270612717
test_protein_5389,0.49381747841835022
test_protein_5379,0.00014153966912999749
test_protein_5391,0.0016534288879483938
test_protein_5393,9.3434898928990151e-08
test_protein_5392,0.51095372438430786
test_protein_5390,6.7763944571197499e-06
test_protein_5394,0.090476758778095245
test_protein_5398,0.18272772431373596
test_protein_5399,0.31115970015525818
test_protein_5397,0.41450634598731995
test_protein_5396,0.55811077356338501
test_protein_5403,0.75656431913375854
test_protein_5395,0.093190699815750122
test_protein_5404,0.45215046405792236
test_protein_5401,0.45493358373641968
test_protein_5402,0.4002913236618042
test_protein_5400,0.46324723958969116
test_protein_5409,0.65557092428207397
test_protein_5412,0.083157941699028015
test_protein_5413,3.7856458220630884e-05
test_protein_5411,0.12177509069442749
test_protein_5415,0.00047737790737301111
test_protein_5414,0.0075692418031394482
test_protein_5417,0.30134749412536621
test_protein_5408,0.31433871388435364
test_protein_5405,0.29509603977203369
test_protein_5406,0.037403535097837448
test_protein_5416,0.24612607061862946
test_protein_5410,0.052675105631351471
test_protein_5407,0.25715315341949463
test_protein_5418,0.31315502524375916
test_protein_5420,0.076661854982376099
test_protein_5419,0.2937961220741272
test_protein_5421,0.24487270414829254
test_protein_5424,0.015593430958688259
test_protein_5423,0.6313776969909668
test_protein_5425,0.46688258647918701
test_protein_5422,0.09073995053768158
test_protein_5428,0.094845883548259735
test_protein_5427,0.099347949028015137
test_protein_5426,0.58961457014083862
test_protein_5430,0.18002460896968842
test_protein_5429,0.00032960239332169294
test_protein_5431,0.71257001161575317
test_protein_5432,0.61517208814620972
test_protein_5435,0.078572310507297516
test_protein_5434,0.18841411173343658
test_protein_5438,0.56618160009384155
test_protein_5442,0.59720158576965332
test_protein_5446,0.63144189119338989
test_protein_5445,0.32720878720283508
test_protein_5436,0.035868410021066666
test_protein_5437,0.12420517951250076
test_protein_5441,0.40713211894035339
test_protein_5447,0.24519592523574829
test_protein_5443,0.36689910292625427
test_protein_5440,0.091097287833690643
test_protein_5444,0.30767223238945007
test_protein_5439,0.53382349014282227
test_protein_5433,0.61829763650894165
test_protein_5451,0.00031231433968059719
test_protein_5453,0.5738224983215332
test_protein_5459,0.80722963809967041
test_protein_5457,0.57681804895401001
test_protein_5450,1.3242186014394974e-08
test_protein_5456,0.38746491074562073
test_protein_5454,0.11811211705207825
test_protein_5452,0.74789535999298096
test_protein_5449,0.0015193389263004065
test_protein_5455,0.12159259617328644
test_protein_5448,0.32140889763832092
test_protein_5458,0.43895953893661499
test_protein_5460,0.00014216848649084568
test_protein_5461,0.61028510332107544
test_protein_5462,0.60577511787414551
test_protein_5463,0.57099956274032593
test_protein_5464,0.40686485171318054
test_protein_5467,0.23703716695308685
test_protein_5465,0.46440693736076355
test_protein_5470,0.2371392548084259
test_protein_5469,0.84672093391418457
test_protein_5472,0.67970949411392212
test_protein_5468,0.28879344463348389
test_protein_5466,0.76139235496520996
test_protein_5471,0.00095751747721806169
test_protein_5475,0.70378154516220093
test_protein_5473,0.97914665937423706
test_protein_5474,0.41040578484535217
test_protein_5476,0.12021632492542267
test_protein_5484,0.069504186511039734
test_protein_5478,0.18750303983688354
test_protein_5479,0.61051303148269653
test_protein_5485,0.50261408090591431
test_protein_5481,0.1025722324848175
test_protein_5486,0.27596145868301392
test_protein_5487,0.25152760744094849
test_protein_5488,0.59721493721008301
test_protein_5480,0.56979078054428101
test_protein_5477,0.0080153709277510643
test_protein_5483,0.010716769844293594
test_protein_5482,0.0033666605595499277
test_protein_5494,0.37997525930404663
test_protein_5489,0.50167685747146606
test_protein_5491,0.15779611468315125
test_protein_5495,0.37757027149200439
test_protein_5492,0.1873432993888855
test_protein_5496,0.68911910057067871
test_protein_5490,0.035725060850381851
test_protein_5498,0.42814904451370239
test_protein_5493,0.56479471921920776
test_protein_5497,0.000492543273139745
test_protein_5506,0.0025574795436114073
test_protein_5503,0.26212215423583984
test_protein_5499,0.70614922046661377
test_protein_5502,0.54784297943115234
test_protein_5504,0.42130511999130249
test_protein_5508,0.42109087109565735
test_protein_5500,0.23029150068759918
test_protein_5501,0.58965462446212769
test_protein_5509,0.69682013988494873
test_protein_5505,0.31594169139862061
test_protein_5507,0.028585338965058327
test_protein_5510,0.39410695433616638
test_protein_5511,0.67437165975570679
test_protein_5515,0.23597687482833862
test_protein_5520,0.57405436038970947
test_protein_5516,0.29240891337394714
test_protein_5517,0.8797641396522522
test_protein_5512,0.0090821702033281326
test_protein_5518,0.38395342230796814
test_protein_5513,0.4843219518661499
test_protein_5519,0.028939126059412956
test_protein_5514,0.030663073062896729
test_protein_5521,0.50795125961303711
test_protein_5523,0.29971039295196533
test_protein_5524,0.68744027614593506
test_protein_5522,0.078153640031814575
test_protein_5526,0.71811819076538086
test_protein_5527,0.44241300225257874
test_protein_5528,0.45419648289680481
test_protein_5532,0.64483052492141724
test_protein_5533,0.10387393087148666
test_protein_5525,0.59635049104690552
test_protein_5531,0.34068042039871216
test_protein_5530,0.2357541024684906
test_protein_5529,0.28448492288589478
test_protein_5534,0.56075847148895264
test_protein_5543,0.60892379283905029
test_protein_5535,0.52128511667251587
test_protein_5539,0.73127800226211548
test_protein_5537,0.6070711612701416
test_protein_5541,0.80878770351409912
test_protein_5538,0.41206920146942139
test_protein_5546,0.72224074602127075
test_protein_5544,0.25116562843322754
test_protein_5540,0.63851350545883179
test_protein_5542,0.51237213611602783
test_protein_5545,0.47471669316291809
test_protein_5536,0.27121475338935852
test_protein_5547,0.14019384980201721
test_protein_5550,0.49466061592102051
test_protein_5553,0.24129952490329742
test_protein_5549,0.77137774229049683
test_protein_5548,0.8778606653213501
test_protein_5552,0.11558263748884201
test_protein_5551,0.00052531919209286571
test_protein_5556,0.57686769962310791
test_protein_5559,0.45934253931045532
test_protein_5558,0.39746421575546265
test_protein_5555,0.75048434734344482
test_protein_5557,0.30888068675994873
test_protein_5554,0.57789808511734009
test_protein_5561,0.2607700526714325
test_protein_5563,0.68409836292266846
test_protein_5569,0.70538347959518433
test_protein_5566,5.5977784541028086e-07
test_protein_5573,0.77947771549224854
test_protein_5574,0.45824599266052246
test_protein_5568,0.18106928467750549
test_protein_5571,0.34349903464317322
test_protein_5570,0.16005237400531769
test_protein_5572,0.7738652229309082
test_protein_5564,0.68395340442657471
test_protein_5565,0.00050877087051048875
test_protein_5560,0.16119834780693054
test_protein_5567,0.39150324463844299
test_protein_5562,0.92022061347961426
test_protein_5581,0.5369376540184021
test_protein_5576,0.23499888181686401
test_protein_5579,0.0062014837749302387
test_protein_5575,0.039339352399110794
test_protein_5580,0.0030529871582984924
test_protein_5577,0.54934173822402954
test_protein_5578,0.17115621268749237
test_protein_5584,0.29520994424819946
test_protein_5583,0.044323675334453583
test_protein_5582,0.0019031270639970899
test_protein_5585,0.082742676138877869
test_protein_5587,0.82906752824783325
test_protein_5590,0.54502880573272705
test_protein_5592,4.6189150452846661e-05
test_protein_5593,9.8669617727864534e-05
test_protein_5594,0.20182353258132935
test_protein_5589,0.64607089757919312
test_protein_5596,0.59389710426330566
test_protein_5586,0.21999214589595795
test_protein_5588,0.59696805477142334
test_protein_5591,0.47174835205078125
test_protein_5595,0.0059432890266180038
test_protein_5599,0.090233504772186279
test_protein_5600,0.0042472244240343571
test_protein_5598,0.9769819974899292
test_protein_5597,0.12476477771997452
test_protein_5601,0.18274343013763428
test_protein_5602,0.47896775603294373
test_protein_5603,0.65606570243835449
test_protein_5607,0.41798639297485352
test_protein_5606,0.54450243711471558
test_protein_5608,0.55194723606109619
test_protein_5605,0.12712396681308746
test_protein_5604,0.048462744802236557
test_protein_5611,0.66866016387939453
test_protein_5613,0.22237762808799744
test_protein_5612,0.55657517910003662
test_protein_5609,0.086754500865936279
test_protein_5614,0.18597510457038879
test_protein_5615,0.3763384222984314
test_protein_5610,0.35272911190986633
test_protein_5619,0.0062400647439062595
test_protein_5622,0.62443399429321289
test_protein_5621,0.46804678440093994
test_protein_5620,0.56121408939361572
test_protein_5624,0.43415465950965881
test_protein_5617,0.22552034258842468
test_protein_5623,0.64460188150405884
test_protein_5626,0.485494464635849
test_protein_5627,0.44350427389144897
test_protein_5625,0.50064182281494141
test_protein_5618,0.43937370181083679
test_protein_5628,0.81051754951477051
test_protein_5616,0.14309337735176086
test_protein_5630,0.42212137579917908
test_protein_5637,0.1347530335187912
test_protein_5633,0.41602295637130737
test_protein_5629,0.28239849209785461
test_protein_5632,0.77365928888320923
test_protein_5631,0.79673957824707031
test_protein_5634,0.54757529497146606
test_protein_5638,0.27541586756706238
test_protein_5635,0.47679141163825989
test_protein_5636,0.54808723926544189
test_protein_5640,0.11403073370456696
test_protein_5639,0.22265554964542389
test_protein_5641,0.061874035745859146
test_protein_5642,0.43980413675308228
test_protein_5643,0.16261379420757294
test_protein_5644,0.88297784328460693
test_protein_5649,0.6666719913482666
test_protein_5645,0.59464424848556519
test_protein_5646,0.61975783109664917
test_protein_5647,0.40962842106819153
test_protein_5651,0.55402064323425293
test_protein_5648,0.27684873342514038
test_protein_5650,0.17461204528808594
test_protein_5652,0.37329655885696411
test_protein_5654,0.0018215498421341181
test_protein_5653,0.50488406419754028
test_protein_5656,0.32103130221366882
test_protein_5659,0.00011087666644016281
test_protein_5657,0.00012027862248942256
test_protein_5655,0.079302117228507996
test_protein_5658,0.5839809775352478
test_protein_5660,0.6826932430267334
test_protein_5661,0.2863793671131134
test_protein_5664,0.50986486673355103
test_protein_5663,0.65651547908782959
test_protein_5662,0.4309791624546051
test_protein_5671,0.57267707586288452
test_protein_5665,0.60152435302734375
test_protein_5668,0.6405903697013855
test_protein_5667,0.3948531448841095
test_protein_5666,0.40912458300590515
test_protein_5669,0.58767729997634888
test_protein_5670,0.31425181031227112
test_protein_5672,0.049917846918106079
test_protein_5675,0.76444911956787109
test_protein_5676,0.064141735434532166
test_protein_5673,0.009556167759001255
test_protein_5674,0.43035396933555603
test_protein_5681,0.35760831832885742
test_protein_5678,0.67755842208862305
test_protein_5679,0.56881612539291382
test_protein_5682,0.38200917840003967
test_protein_5680,0.43269807100296021
test_protein_5684,0.00010263216245220974
test_protein_5677,0.38818594813346863
test_protein_5683,0.37385144829750061
test_protein_5688,0.73164951801300049
test_protein_5686,0.70068836212158203
test_protein_5685,0.0005998241831548512
test_protein_5690,0.99919086694717407
test_protein_5692,0.49568408727645874
test_protein_5689,0.46647071838378906
test_protein_5691,0.67455101013183594
test_protein_5694,0.14190846681594849
test_protein_5693,0.20920538902282715
test_protein_5687,0.65322458744049072
test_protein_5698,0.63667678833007812
test_protein_5699,0.4439527690410614
test_protein_5697,0.47590979933738708
test_protein_5700,0.31865677237510681
test_protein_5695,0.24574980139732361
test_protein_5696,0.51975131034851074
test_protein_5701,0.49857011437416077
test_protein_5702,0.45002326369285583
test_protein_5705,0.00023397024779114872
test_protein_5704,1.3554835277318489e-05
test_protein_5707,0.35541647672653198
test_protein_5706,0.36053153872489929
test_protein_5710,0.52171999216079712
test_protein_5703,0.21632853150367737
test_protein_5713,0.89794111251831055
test_protein_5711,0.62344050407409668
test_protein_5709,0.15163959562778473
test_protein_5708,0.55131775140762329
test_protein_5714,0.27448466420173645
test_protein_5717,0.36026972532272339
test_protein_5715,0.25056055188179016
test_protein_5712,0.34397849440574646
test_protein_5716,0.0023164236918091774
test_protein_5719,0.45396089553833008
test_protein_5718,0.72450745105743408
test_protein_5721,0.33888211846351624
test_protein_5726,0.5988813042640686
test_protein_5723,0.1487848311662674
test_protein_5727,3.0848143069306388e-05
test_protein_5720,0.77095967531204224
test_protein_5725,6.6686567151919007e-05
test_protein_5722,0.5416681170463562
test_protein_5724,0.14568744599819183
test_protein_5728,0.52969515323638916
test_protein_5729,0.51645117998123169
test_protein_5731,0.85069119930267334
test_protein_5733,0.58692002296447754
test_protein_5732,0.4854397177696228
test_protein_5730,0.73271256685256958
test_protein_5735,0.26892203092575073
test_protein_5738,0.62884563207626343
test_protein_5734,0.034880198538303375
test_protein_5739,0.82863718271255493
test_protein_5737,0.17350935935974121
test_protein_5736,0.1542830616235733
test_protein_5740,0.66054642200469971
test_protein_5741,0.00014689726231154054
test_protein_5743,0.61867529153823853
test_protein_5742,0.49976399540901184
test_protein_5746,0.00049926323117688298
test_protein_5745,0.00093910156283527613
test_protein_5744,0.14678153395652771
test_protein_5749,0.0017227369826287031
test_protein_5752,0.25407737493515015
test_protein_5747,0.029588252305984497
test_protein_5748,0.37275794148445129
test_protein_5750,0.63046985864639282
test_protein_5753,0.32594093680381775
test_protein_5751,0.39517846703529358
test_protein_5755,0.20428000390529633
test_protein_5754,0.35235050320625305
test_protein_5756,0.21312619745731354
test_protein_5757,0.056916199624538422
test_protein_5758,0.057148166000843048
test_protein_5762,0.18690864741802216
test_protein_5760,0.38736984133720398
test_protein_5759,0.2082027792930603
test_protein_5761,0.020026285201311111
test_protein_5766,0.40438759326934814
test_protein_5769,0.0014064126880839467
test_protein_5765,0.00036890018964186311
test_protein_5764,3.5860575735569e-05
test_protein_5763,0.15449598431587219
test_protein_5768,0.47683426737785339
test_protein_5767,0.37789875268936157
test_protein_5770,0.034409653395414352
test_protein_5772,0.45083579421043396
test_protein_5771,0.093920260667800903
test_protein_5773,0.40869349241256714
test_protein_5774,0.59854406118392944
test_protein_5777,0.71687835454940796
test_protein_5779,0.51456314325332642
test_protein_5776,0.18478836119174957
test_protein_5781,0.80005234479904175
test_protein_5780,0.046954058110713959
test_protein_5783,0.72894835472106934
test_protein_5778,0.31773772835731506
test_protein_5785,0.30191770195960999
test_protein_5787,0.011074375361204147
test_protein_5782,0.20347417891025543
test_protein_5775,0.32773146033287048
test_protein_5786,0.54138988256454468
test_protein_5784,0.41702374815940857
test_protein_5790,0.43531700968742371
test_protein_5795,0.027889715507626534
test_protein_6061,0.47817420959472656
test_protein_5788,0.15016438066959381
test_protein_5791,0.76852661371231079
test_protein_5789,0.40846869349479675
test_protein_5793,0.18825851380825043
test_protein_6060,0.081895515322685242
test_protein_5794,0.58930367231369019
test_protein_5792,2.7392008632887155e-05
test_protein_6072,0.039474420249462128
test_protein_6062,0.61203974485397339
test_protein_6065,0.34840202331542969
test_protein_6066,0.99639207124710083
test_protein_6067,0.46683117747306824
test_protein_6064,0.36082977056503296
test_protein_6070,0.8030475378036499
test_protein_6069,0.18670664727687836
test_protein_6063,0.0022680019028484821
test_protein_6073,0.24572674930095673
test_protein_6068,0.61355888843536377
test_protein_6071,0.1628011018037796
test_protein_6074,0.038271762430667877
test_protein_6075,0.44731813669204712
test_protein_6079,0.48809638619422913
test_protein_6076,0.25830474495887756
test_protein_6080,0.27934032678604126
test_protein_6083,0.40247038006782532
test_protein_6077,0.33382168412208557
test_protein_6082,0.42673739790916443
test_protein_6081,0.09799608588218689
test_protein_6078,0.48282766342163086
test_protein_6087,0.9239078164100647
test_protein_6086,0.54731881618499756
test_protein_6088,0.055526580661535263
test_protein_6084,0.35331562161445618
test_protein_6093,0.28142252564430237
test_protein_6085,0.044076051563024521
test_protein_6089,0.46010294556617737
test_protein_6096,0.5922742486000061
test_protein_6092,0.81975913047790527
test_protein_6094,0.49930492043495178
test_protein_6090,0.26640582084655762
test_protein_6097,0.61729472875595093
test_protein_6100,0.039489332586526871
test_protein_6091,0.2263273298740387
test_protein_6101,0.17205660045146942
test_protein_6095,0.096754230558872223
test_protein_6103,0.44055351614952087
test_protein_6102,0.064644716680049896
test_protein_6099,0.36072990298271179
test_protein_6098,0.41055384278297424
test_protein_6106,0.34587869048118591
test_protein_6104,0.96429991722106934
test_protein_6108,0.39617863297462463
test_protein_6107,0.60117155313491821
test_protein_6110,0.42112362384796143
test_protein_6105,0.15880894660949707
test_protein_6111,0.51705050468444824
test_protein_6109,0.82127755880355835
test_protein_6112,0.067985132336616516
test_protein_6118,0.79553699493408203
test_protein_6115,0.77467995882034302
test_protein_6116,0.15774379670619965
test_protein_6114,0.35705733299255371
test_protein_6121,0.31856375932693481
test_protein_6117,0.89773458242416382
test_protein_6123,0.22663548588752747
test_protein_6113,0.14259344339370728
test_protein_6119,0.44190233945846558
test_protein_6120,0.55223697423934937
test_protein_6127,0.64054721593856812
test_protein_6128,0.58774077892303467
test_protein_6124,0.64617729187011719
test_protein_6122,0.0066624805331230164
test_protein_6126,0.45958170294761658
test_protein_6129,0.17400152981281281
test_protein_6125,0.45106038451194763
test_protein_6130,0.071846820414066315
test_protein_6131,0.31031358242034912
test_protein_6135,0.65111947059631348
test_protein_6133,0.37391206622123718
test_protein_6134,0.62388288974761963
test_protein_6132,0.12068565189838409
test_protein_6137,0.32464012503623962
test_protein_6140,0.43924877047538757
test_protein_6142,0.10025899112224579
test_protein_6138,0.5585474967956543
test_protein_6139,0.15619471669197083
test_protein_6136,0.13218410313129425
test_protein_6141,0.7375829815864563
test_protein_6145,0.25090634822845459
test_protein_6146,0.2512841522693634
test_protein_6147,0.41830232739448547
test_protein_6148,0.0041263778693974018
test_protein_6143,0.72494173049926758
test_protein_6149,0.16082234680652618
test_protein_6144,0.29399439692497253
test_protein_6150,0.21633124351501465
test_protein_6153,0.19166798889636993
test_protein_6152,0.92649906873703003
test_protein_6151,0.015036243945360184
test_protein_6164,0.014627698808908463
test_protein_6158,0.67285650968551636
test_protein_6156,0.44317945837974548
test_protein_6154,0.40743139386177063
test_protein_6155,0.46320620179176331
test_protein_6163,0.53524565696716309
test_protein_6160,0.31934896111488342
test_protein_6157,0.26924470067024231
test_protein_6161,0.50577205419540405
test_protein_6159,0.20154577493667603
test_protein_6162,0.34913530945777893
test_protein_6167,0.37338757514953613
test_protein_6171,0.31336769461631775
test_protein_6170,0.12603875994682312
test_protein_6174,0.01952897384762764
test_protein_6175,0.04736911877989769
test_protein_6173,0.13962437212467194
test_protein_6172,0.28613913059234619
test_protein_6165,0.51237773895263672
test_protein_6166,0.3900337815284729
test_protein_6168,0.40159228444099426
test_protein_6169,0.17759427428245544
test_protein_6177,0.11438030004501343
test_protein_6181,0.803780198097229
test_protein_6178,0.40531846880912781
test_protein_6180,0.17369961738586426
test_protein_6187,0.75781768560409546
test_protein_6186,0.47698122262954712
test_protein_6182,0.2767733633518219
test_protein_6184,0.6084865927696228
test_protein_6185,0.10860127210617065
test_protein_6176,0.050760388374328613
test_protein_6179,0.35213693976402283
test_protein_6183,0.21146786212921143
test_protein_6189,0.24531660974025726
test_protein_6190,0.11615452170372009
test_protein_6191,0.14359810948371887
test_protein_6193,0.23377959430217743
test_protein_6188,0.33328741788864136
test_protein_6192,0.080564104020595551
test_protein_6194,0.52614104747772217
test_protein_6195,0.3761533796787262
test_protein_6196,0.22123456001281738
test_protein_6197,0.75184434652328491
test_protein_6198,0.16105709969997406
test_protein_6203,0.40307965874671936
test_protein_6201,0.30004772543907166
test_protein_6199,0.68494498729705811
test_protein_6200,0.81353425979614258
test_protein_6205,0.27658334374427795
test_protein_6202,0.098241530358791351
test_protein_6206,0.052474882453680038
test_protein_6207,0.044558703899383545
test_protein_6209,0.25398111343383789
test_protein_6204,0.24988310039043427
test_protein_6208,0.43429669737815857
test_protein_6211,0.27328678965568542
test_protein_6212,0.17842358350753784
test_protein_6217,0.40329259634017944
test_protein_6220,0.49893099069595337
test_protein_6221,0.03935583308339119
test_protein_6219,0.29343047738075256
test_protein_6210,0.75163090229034424
test_protein_6216,0.45292016863822937
test_protein_6213,0.39718171954154968
test_protein_6218,0.10236147791147232
test_protein_6214,0.11439812928438187
test_protein_6215,0.14914916455745697
test_protein_6223,0.010882414877414703
test_protein_6225,0.28759104013442993
test_protein_6230,0.78925418853759766
test_protein_6229,0.57353359460830688
test_protein_6232,0.30690115690231323
test_protein_6224,0.1028280109167099
test_protein_6222,0.50233018398284912
test_protein_6226,0.1415984183549881
test_protein_6228,0.48212209343910217
test_protein_6231,0.014408457092940807
test_protein_6227,0.17287111282348633
test_protein_6233,0.62355804443359375
test_protein_6234,0.13917738199234009
test_protein_6236,0.51240032911300659
test_protein_6240,0.61463826894760132
test_protein_6235,0.24080778658390045
test_protein_6239,0.13468849658966064
test_protein_6237,0.28632155060768127
test_protein_6241,0.22394080460071564
test_protein_6242,0.50158250331878662
test_protein_6243,0.23961466550827026
test_protein_6238,0.269235759973526
test_protein_6247,0.47840601205825806
test_protein_6248,0.29529625177383423
test_protein_6246,0.36769470572471619
test_protein_6253,0.26782369613647461
test_protein_6251,0.56501233577728271
test_protein_6252,2.5533535286115239e-09
test_protein_6244,0.24642364680767059
test_protein_6254,0.12339679896831512
test_protein_6250,0.2925439178943634
test_protein_6245,0.3412797749042511
test_protein_6249,0.31716611981391907
test_protein_6261,0.33541220426559448
test_protein_6258,0.14390042424201965
test_protein_6259,0.63713020086288452
test_protein_6255,0.40451505780220032
test_protein_6256,0.089135311543941498
test_protein_6260,0.32217708230018616
test_protein_6257,0.12912710011005402
test_protein_6264,0.45417430996894836
test_protein_6263,0.10131196677684784
test_protein_6262,0.17995332181453705
test_protein_6265,0.097520038485527039
test_protein_6267,0.37794828414916992
test_protein_6269,0.090851336717605591
test_protein_6276,0.15366499125957489
test_protein_6273,0.58451986312866211
test_protein_6272,0.56792992353439331
test_protein_6275,0.98742294311523438
test_protein_6277,0.010295547544956207
test_protein_6274,0.36858916282653809
test_protein_6266,0.020116182044148445
test_protein_6268,0.1362023651599884
test_protein_6271,0.31499314308166504
test_protein_6270,0.9103395938873291
test_protein_6281,0.66180193424224854
test_protein_6279,0.50498485565185547
test_protein_6284,0.038431800901889801
test_protein_6286,0.43710014224052429
test_protein_6285,0.26404356956481934
test_protein_6288,0.0017812413861975074
test_protein_6289,0.0014743865467607975
test_protein_6278,0.12643539905548096
test_protein_6283,0.30156159400939941
test_protein_6282,0.30358102917671204
test_protein_6287,0.17160461843013763
test_protein_6280,0.72802591323852539
test_protein_6290,0.20217981934547424
test_protein_6291,0.41596034169197083
test_protein_6295,0.86346596479415894
test_protein_6292,0.23597389459609985
test_protein_6294,0.59111869335174561
test_protein_6297,0.063399352133274078
test_protein_6296,0.29258617758750916
test_protein_6293,0.40206119418144226
test_protein_6301,0.10679764300584793
test_protein_6300,0.46129244565963745
test_protein_6299,0.0062611089088022709
test_protein_6298,0.11832287907600403
test_protein_6303,0.56830960512161255
test_protein_6305,0.31035435199737549
test_protein_6308,0.21200202405452728
test_protein_6309,0.065811671316623688
test_protein_6312,0.26887866854667664
test_protein_6313,0.50695693492889404
test_protein_6302,0.49466985464096069
test_protein_6310,0.34438082575798035
test_protein_6307,0.15263153612613678
test_protein_6304,0.30813252925872803
test_protein_6306,0.34970161318778992
test_protein_6311,0.27314916253089905
test_protein_6317,0.23302848637104034
test_protein_6315,0.40153166651725769
test_protein_6316,0.38795813918113708
test_protein_6318,0.32524466514587402
test_protein_6322,0.29800501465797424
test_protein_6319,0.090139098465442657
test_protein_6321,0.13232620060443878
test_protein_6314,0.43346020579338074
test_protein_6320,0.77641558647155762
test_protein_6324,0.4897344708442688
test_protein_6323,0.40598893165588379
test_protein_6325,0.31313148140907288
test_protein_6328,0.55829542875289917
test_protein_6332,0.2940678596496582
test_protein_6329,0.074470944702625275
test_protein_6326,0.49518156051635742
test_protein_6330,8.0379206337966025e-05
test_protein_6334,0.69110405445098877
test_protein_6331,0.022250700742006302
test_protein_6333,0.35670387744903564
test_protein_6337,0.38583597540855408
test_protein_6327,0.31538495421409607
test_protein_6335,0.8634456992149353
test_protein_6336,0.16339272260665894
test_protein_6339,0.38903331756591797
test_protein_6338,0.51245200634002686
test_protein_6343,0.21520811319351196
test_protein_6342,0.05378689244389534
test_protein_6345,0.036968082189559937
test_protein_6341,0.28877067565917969
test_protein_6344,0.043010592460632324
test_protein_6347,0.28131446242332458
test_protein_6349,0.3374561071395874
test_protein_6340,0.064948990941047668
test_protein_6348,9.8924447229364887e-06
test_protein_6346,0.063548997044563293
test_protein_6350,0.31845313310623169
test_protein_6356,0.035283971577882767
test_protein_6353,0.10653691738843918
test_protein_6355,0.78171277046203613
test_protein_6358,0.52552920579910278
test_protein_6359,0.47694271802902222
test_protein_6360,0.538918137550354
test_protein_6352,0.16504779458045959
test_protein_6354,0.41248869895935059
test_protein_6357,0.62496531009674072
test_protein_6351,0.34778830409049988
test_protein_6361,0.57396364212036133
test_protein_6364,0.12491237372159958
test_protein_6363,0.036465425044298172
test_protein_6362,0.11028344184160233
test_protein_6365,0.17109586298465729
test_protein_6367,0.083466917276382446
test_protein_6370,0.42871049046516418
test_protein_6366,0.92468887567520142
test_protein_6371,0.0045181447640061378
test_protein_6369,0.45832574367523193
test_protein_6372,0.54880797863006592
test_protein_6368,0.012395909987390041
test_protein_6374,0.10008057951927185
test_protein_6375,0.53603643178939819
test_protein_6373,0.73504102230072021
test_protein_6380,0.042522542178630829
test_protein_6376,0.02556985430419445
test_protein_6378,0.43162518739700317
test_protein_6382,0.14166159927845001
test_protein_6379,0.057926125824451447
test_protein_6381,0.38918641209602356
test_protein_6377,0.37159141898155212
test_protein_6383,0.011138094589114189
test_protein_6384,0.45010316371917725
test_protein_6385,0.21845445036888123
test_protein_6391,0.29859873652458191
test_protein_6390,0.71328127384185791
test_protein_6397,0.33978763222694397
test_protein_6394,0.24945411086082458
test_protein_6389,0.24582536518573761
test_protein_6395,0.66458982229232788
test_protein_6396,0.2635369598865509
test_protein_6388,0.50134813785552979
test_protein_6392,0.018781522288918495
test_protein_6387,0.68780237436294556
test_protein_6393,0.85895562171936035
test_protein_6386,0.43289980292320251
test_protein_6399,0.47422859072685242
test_protein_6398,0.53145509958267212
test_protein_6409,0.54538923501968384
test_protein_6405,0.14477150142192841
test_protein_6406,0.1151534840464592
test_protein_6408,0.87150311470031738
test_protein_6400,0.26860672235488892
test_protein_6402,0.32696244120597839
test_protein_6403,0.30889970064163208
test_protein_6407,0.46420338749885559
test_protein_6401,0.48251649737358093
test_protein_6404,0.46998482942581177
test_protein_6411,0.48997834324836731
test_protein_6410,0.23604904115200043
test_protein_6412,0.1474456787109375
test_protein_6414,0.56616741418838501
test_protein_6415,0.77005481719970703
test_protein_6413,0.81978815793991089
test_protein_6417,0.68487793207168579
test_protein_6418,0.090162642300128937
test_protein_6416,0.0062868031673133373
test_protein_6420,0.30947735905647278
test_protein_6419,0.36874487996101379
test_protein_6421,0.036363746970891953
test_protein_6426,0.25401648879051208
test_protein_6422,0.36904120445251465
test_protein_6425,0.13704414665699005
test_protein_6424,0.6454131007194519
test_protein_6427,0.27718561887741089
test_protein_6423,0.14160159230232239
test_protein_6429,0.00051548826741054654
test_protein_6428,0.3967660665512085
test_protein_6430,0.26053526997566223
test_protein_6434,0.67009943723678589
test_protein_6431,0.33224278688430786
test_protein_6432,0.99583131074905396
test_protein_6433,0.18597292900085449
test_protein_6441,0.040124647319316864
test_protein_6436,0.65152347087860107
test_protein_6435,0.14847217500209808
test_protein_6438,0.43829897046089172
test_protein_6440,0.5607752799987793
test_protein_6439,0.16989029943943024
test_protein_6437,0.2931220531463623
test_protein_6442,0.37130740284919739
test_protein_6445,0.19613805413246155
test_protein_6444,0.30738216638565063
test_protein_6446,0.13854748010635376
test_protein_6447,0.31188139319419861
test_protein_6449,0.42261824011802673
test_protein_6443,0.0098591670393943787
test_protein_6448,0.16373218595981598
test_protein_6452,0.45798996090888977
test_protein_6454,0.16233892738819122
test_protein_6450,0.38758561015129089
test_protein_6453,0.29811295866966248
test_protein_6451,0.057911399751901627
test_protein_6456,0.081206545233726501
test_protein_6455,0.59891116619110107
test_protein_6457,0.24259614944458008
test_protein_6458,0.16479973495006561
test_protein_6459,0.043762829154729843
test_protein_6463,0.12270336598157883
test_protein_6464,0.53122437000274658
test_protein_6465,0.20960873365402222
test_protein_6461,0.082762286067008972
test_protein_6460,0.74664175510406494
test_protein_6462,0.75116342306137085
test_protein_6467,0.28489014506340027
test_protein_6469,0.089974336326122284
test_protein_6468,0.54204696416854858
test_protein_6471,0.71496379375457764
test_protein_6466,0.2525276243686676
test_protein_6470,0.34464669227600098
test_protein_6472,0.31267333030700684
test_protein_6477,0.31773757934570312
test_protein_6479,0.40236148238182068
test_protein_6481,0.33992508053779602
test_protein_6478,0.13414037227630615
test_protein_6475,0.50488936901092529
test_protein_6474,0.71660834550857544
test_protein_6473,0.45236518979072571
test_protein_6480,0.35508248209953308
test_protein_6476,0.081752441823482513
test_protein_6484,0.038248240947723389
test_protein_6486,0.24935254454612732
test_protein_6482,0.21387028694152832
test_protein_6485,0.27501773834228516
test_protein_6483,0.50993072986602783
test_protein_6487,0.48346993327140808
test_protein_6490,0.43759465217590332
test_protein_6488,0.85654467344284058
test_protein_6489,0.63541454076766968
test_protein_6491,0.17772683501243591
test_protein_6495,0.67572987079620361
test_protein_6492,0.51231080293655396
test_protein_6494,0.51381880044937134
test_protein_6496,0.82770222425460815
test_protein_6499,0.51796537637710571
test_protein_6500,0.042323555797338486
test_protein_6501,0.32514342665672302
test_protein_6493,0.22305366396903992
test_protein_6498,0.10082189738750458
test_protein_6497,0.47642558813095093
test_protein_6503,0.19595248997211456
test_protein_6502,0.19493621587753296
test_protein_6506,0.71141189336776733
test_protein_6508,0.38895672559738159
test_protein_6509,0.6195220947265625
test_protein_6504,0.19245974719524384
test_protein_6505,0.78772085905075073
test_protein_6512,0.44190895557403564
test_protein_6514,0.32872012257575989
test_protein_6510,0.88974297046661377
test_protein_6507,0.27545076608657837
test_protein_6513,0.22907355427742004
test_protein_6511,0.43153706192970276
test_protein_6515,0.028154529631137848
test_protein_6516,0.39577215909957886
test_protein_6518,0.31657052040100098
test_protein_6520,0.40472412109375
test_protein_6517,0.30615919828414917
test_protein_6519,0.25794535875320435
test_protein_6523,0.016194922849535942
test_protein_6521,0.45298534631729126
test_protein_6522,0.61480993032455444
test_protein_6526,0.23289263248443604
test_protein_6524,0.4602702260017395
test_protein_6529,0.22984632849693298
test_protein_6525,0.083008281886577606
test_protein_6527,0.28551897406578064
test_protein_6528,0.65291112661361694
test_protein_6530,0.23185932636260986
test_protein_6531,0.40705761313438416
test_protein_6532,0.2493676096200943
test_protein_6533,0.43682432174682617
test_protein_6538,0.17775626480579376
test_protein_6536,0.43709397315979004
test_protein_6537,0.050915908068418503
test_protein_6534,0.25042828917503357
test_protein_6535,0.2499096691608429
test_protein_6540,0.57389980554580688
test_protein_6539,0.2269120067358017
test_protein_6544,0.22362802922725677
test_protein_6543,0.24235163629055023
test_protein_6541,0.28459751605987549
test_protein_6542,0.31414240598678589
test_protein_6550,0.22480261325836182
test_protein_6545,0.55756598711013794
test_protein_6548,0.37570556998252869
test_protein_6547,0.18963535130023956
test_protein_6549,0.058302253484725952
test_protein_6554,0.052107837051153183
test_protein_6553,0.24750576913356781
test_protein_6546,0.42911389470100403
test_protein_6551,0.086178906261920929
test_protein_6555,0.86011195182800293
test_protein_6556,0.39609155058860779
test_protein_6558,0.033277638256549835
test_protein_6552,0.12322662025690079
test_protein_6557,0.14044860005378723
test_protein_6559,0.092055320739746094
test_protein_6564,0.57002443075180054
test_protein_6565,0.32758641242980957
test_protein_6563,0.59582787752151489
test_protein_6561,0.31021988391876221
test_protein_6562,0.66240382194519043
test_protein_6569,0.07790103554725647
test_protein_6560,0.48709976673126221
test_protein_6566,0.39845743775367737
test_protein_6567,0.35514235496520996
test_protein_6572,0.35507515072822571
test_protein_6570,0.36946007609367371
test_protein_6573,0.42467662692070007
test_protein_6574,0.22783803939819336
test_protein_6568,0.31912550330162048
test_protein_6571,0.50466573238372803
test_protein_6579,0.25494667887687683
test_protein_6577,0.36584961414337158
test_protein_6584,0.056867353618144989
test_protein_6585,0.32835406064987183
test_protein_6583,0.24937863647937775
test_protein_6582,0.47740548849105835
test_protein_6575,0.19227930903434753
test_protein_6580,0.21751101315021515
test_protein_6581,0.71804428100585938
test_protein_6576,0.53908103704452515
test_protein_6578,0.15413708984851837
test_protein_6592,0.31179258227348328
test_protein_6586,0.31852483749389648
test_protein_6591,0.37070468068122864
test_protein_6590,0.19504751265048981
test_protein_6587,0.045880094170570374
test_protein_6588,0.3356660008430481
test_protein_6589,0.47912800312042236
test_protein_6594,0.27220731973648071
test_protein_6599,0.072294920682907104
test_protein_6598,0.068470686674118042
test_protein_6595,0.43256092071533203
test_protein_6597,0.51183056831359863
test_protein_6593,0.2605566680431366
test_protein_6596,0.40482750535011292
test_protein_6600,0.19286723434925079
test_protein_6602,0.53622257709503174
test_protein_6603,0.43628436326980591
test_protein_6601,0.33857250213623047
test_protein_6605,0.13869853317737579
test_protein_6604,0.24010547995567322
test_protein_6606,0.015974570065736771
test_protein_6607,0.20717747509479523
test_protein_6610,0.12943615019321442
test_protein_6611,0.62400233745574951
test_protein_6608,0.17136582732200623
test_protein_6613,0.05084335058927536
test_protein_6612,0.52644944190979004
test_protein_6609,0.33156758546829224
test_protein_6616,0.38635444641113281
test_protein_6618,0.20116879045963287
test_protein_6615,0.34363380074501038
test_protein_6614,0.33625409007072449
test_protein_6620,0.1713896244764328
test_protein_6619,0.50339484214782715
test_protein_6617,0.10066193342208862
test_protein_6626,0.57953137159347534
test_protein_6629,0.0063701318576931953
test_protein_6623,0.27825665473937988
test_protein_6624,0.96579796075820923
test_protein_6625,0.87365889549255371
test_protein_6621,0.37778332829475403
test_protein_6622,0.072723731398582458
test_protein_6628,0.20487433671951294
test_protein_6627,0.60610193014144897
test_protein_6631,0.017278529703617096
test_protein_6630,0.55043953657150269
test_protein_6632,0.80954247713088989
test_protein_6634,0.20984965562820435
test_protein_6635,0.021990437060594559
test_protein_6636,0.0093427328392863274
test_protein_6639,0.62495481967926025
test_protein_6640,0.44285926222801208
test_protein_6633,0.82601827383041382
test_protein_6642,0.38579323887825012
test_protein_6638,0.026281207799911499
test_protein_6637,0.30907425284385681
test_protein_6641,0.5712134838104248
test_protein_6643,0.13595651090145111
test_protein_6645,0.30135893821716309
test_protein_6647,0.49423772096633911
test_protein_6650,0.17889967560768127
test_protein_6652,0.78771960735321045
test_protein_6651,0.49696126580238342
test_protein_6644,0.066327996551990509
test_protein_6646,0.82787579298019409
test_protein_6648,0.35855931043624878
test_protein_6649,0.51231098175048828
test_protein_6653,0.65061992406845093
test_protein_6654,0.8858599066734314
test_protein_6656,0.5288732647895813
test_protein_6659,0.11579396575689316
test_protein_6660,0.18567924201488495
test_protein_6655,0.65853321552276611
test_protein_6661,0.22631822526454926
test_protein_6658,0.23301303386688232
test_protein_6657,0.82498437166213989
test_protein_6662,0.1878514289855957
test_protein_6668,0.35470724105834961
test_protein_6667,0.27182397246360779
test_protein_6669,0.14728821814060211
test_protein_6664,0.329398512840271
test_protein_6663,0.44509559869766235
test_protein_6666,0.37418085336685181
test_protein_6665,0.27453461289405823
test_protein_6671,0.046379957348108292
test_protein_6670,0.068073004484176636
test_protein_6673,0.50686311721801758
test_protein_6676,0.3013455867767334
test_protein_6674,0.42028489708900452
test_protein_6677,0.55108243227005005
test_protein_6672,0.023637743666768074
test_protein_6678,0.62035447359085083
test_protein_6675,0.70768058300018311
test_protein_6681,0.26688665151596069
test_protein_6680,0.5979655385017395
test_protein_6686,0.043471407145261765
test_protein_6679,0.08047841489315033
test_protein_6683,0.24215215444564819
test_protein_6684,0.022508617490530014
test_protein_6685,0.62519633769989014
test_protein_6682,0.3091900646686554
test_protein_6687,0.31225660443305969
test_protein_6694,0.33796697854995728
test_protein_6688,0.073346301913261414
test_protein_6689,0.24778850376605988
test_protein_6696,0.30941075086593628
test_protein_6690,0.55140084028244019
test_protein_6692,0.90791362524032593
test_protein_6691,0.10899634659290314
test_protein_6695,0.84574872255325317
test_protein_6693,0.4677063524723053
test_protein_6698,0.6929357647895813
test_protein_6702,0.57777053117752075
test_protein_6705,0.14223352074623108
test_protein_6697,0.78917562961578369
test_protein_6703,0.7643311619758606
test_protein_6699,0.44298824667930603
test_protein_6700,0.62718969583511353
test_protein_6704,0.083845093846321106
test_protein_6701,0.072020217776298523
test_protein_6706,0.099786460399627686
test_protein_6708,0.31256517767906189
test_protein_6712,0.34427505731582642
test_protein_6713,0.34479823708534241
test_protein_6709,0.029787089675664902
test_protein_6714,0.11446109414100647
test_protein_6707,0.45119410753250122
test_protein_6710,0.80850636959075928
test_protein_6711,0.39535433053970337
test_protein_6716,0.89150440692901611
test_protein_6721,0.37603393197059631
test_protein_6715,0.11062116920948029
test_protein_6723,0.18837246298789978
test_protein_6720,0.25057691335678101
test_protein_6717,0.55798631906509399
test_protein_6722,0.25883540511131287
test_protein_6719,0.51613342761993408
test_protein_6718,0.54645687341690063
test_protein_6724,0.28060522675514221
test_protein_6729,0.36500567197799683
test_protein_6727,0.24467293918132782
test_protein_6730,0.87400925159454346
test_protein_6728,0.4048554003238678
test_protein_6731,0.40045952796936035
test_protein_6725,0.19769629836082458
test_protein_6726,0.42466554045677185
test_protein_6732,0.16980248689651489
test_protein_6737,0.45610490441322327
test_protein_6734,0.58747899532318115
test_protein_6733,0.560016930103302
test_protein_6741,0.41461244225502014
test_protein_6735,0.22791191935539246
test_protein_6736,0.31395697593688965
test_protein_6740,0.6238178014755249
test_protein_6738,0.37388789653778076
test_protein_6739,0.55796784162521362
test_protein_6744,0.50660443305969238
test_protein_6742,0.29643848538398743
test_protein_6745,0.55963408946990967
test_protein_6746,0.094789482653141022
test_protein_6743,0.48346400260925293
test_protein_6749,0.28197577595710754
test_protein_6747,0.4051300585269928
test_protein_6750,0.47470077872276306
test_protein_6748,0.9592822790145874
test_protein_6751,0.44747510552406311
test_protein_6757,0.25398847460746765
test_protein_6753,0.63510113954544067
test_protein_6754,0.302755206823349
test_protein_6752,0.032445639371871948
test_protein_6756,0.70715463161468506
test_protein_6755,0.33806359767913818
test_protein_6758,0.23653899133205414
test_protein_6762,0.69798839092254639
test_protein_6760,0.19351953268051147
test_protein_6765,0.40126687288284302
test_protein_6761,0.61329972743988037
test_protein_6759,0.23584006726741791
test_protein_6763,0.83272850513458252
test_protein_6764,0.35367307066917419
test_protein_6766,0.15296252071857452
test_protein_6767,0.0030982221942394972
test_protein_6770,0.49598932266235352
test_protein_6773,0.22054275870323181
test_protein_6774,0.47955518960952759
test_protein_6772,0.28363630175590515
test_protein_6771,0.43522456288337708
test_protein_6775,0.12281286716461182
test_protein_6768,0.032774262130260468
test_protein_6769,0.023590505123138428
test_protein_6778,0.27647367119789124
test_protein_6776,0.084888368844985962
test_protein_6777,0.50160104036331177
test_protein_6781,0.25970572233200073
test_protein_6779,0.44704785943031311
test_protein_6780,0.32852840423583984
test_protein_6783,0.093442365527153015
test_protein_6784,0.47862035036087036
test_protein_6782,0.41545730829238892
test_protein_6785,0.21403977274894714
test_protein_6786,0.26099053025245667
test_protein_6788,0.9250112771987915
test_protein_6789,0.23247799277305603
test_protein_6790,0.5683588981628418
test_protein_6787,0.55378830432891846
test_protein_6795,0.80654650926589966
test_protein_6792,0.44933325052261353
test_protein_6791,0.16753199696540833
test_protein_6793,0.85615676641464233
test_protein_6797,0.62224453687667847
test_protein_6798,0.4945853054523468
test_protein_6796,0.29358989000320435
test_protein_6794,0.46815195679664612
test_protein_6800,0.40533512830734253
test_protein_6799,0.4780278205871582
test_protein_6808,0.45537102222442627
test_protein_6807,0.0059845205396413803
test_protein_6810,0.38952237367630005
test_protein_6805,0.35335907340049744
test_protein_6811,0.61999666690826416
test_protein_6804,0.75537121295928955
test_protein_6813,0.58538526296615601
test_protein_6801,0.52457284927368164
test_protein_6806,0.52319133281707764
test_protein_6809,0.36139747500419617
test_protein_6803,0.38219964504241943
test_protein_6802,0.6881292462348938
test_protein_6812,0.24478447437286377
test_protein_6816,0.53706556558609009
test_protein_6818,0.60828304290771484
test_protein_6819,0.59515982866287231
test_protein_6820,0.81145113706588745
test_protein_6817,0.41717422008514404
test_protein_6828,0.75285989046096802
test_protein_6827,0.25249087810516357
test_protein_6829,0.11051277071237564
test_protein_6831,0.20311915874481201
test_protein_6832,0.76924949884414673
test_protein_6824,0.00023526141012553126
test_protein_6823,0.64560770988464355
test_protein_6830,0.86161535978317261
test_protein_6833,0.53701359033584595
test_protein_6834,0.14443700015544891
test_protein_6836,0.38421759009361267
test_protein_6839,0.9933631420135498
test_protein_6825,0.34769457578659058
test_protein_6838,0.65253108739852905
test_protein_6840,0.55816930532455444
test_protein_6837,0.18508003652095795
test_protein_6815,0.78404849767684937
test_protein_6814,0.37913873791694641
test_protein_6826,0.19553551077842712
test_protein_6822,0.15175414085388184
test_protein_6835,0.83015495538711548
test_protein_6821,0.26081138849258423
test_protein_6847,0.28115490078926086
test_protein_6845,0.28267508745193481
test_protein_6843,0.42022311687469482
test_protein_6841,0.0044535822235047817
test_protein_6842,0.53695648908615112
test_protein_6844,0.51824313402175903
test_protein_6849,0.30897164344787598
test_protein_6850,0.5803646445274353
test_protein_6851,0.44163432717323303
test_protein_6852,0.58972018957138062
test_protein_6846,0.22301636636257172
test_protein_6848,0.43497473001480103
test_protein_6856,0.37326779961585999
test_protein_6854,0.4040645956993103
test_protein_6857,0.60888141393661499
test_protein_6853,0.56160873174667358
test_protein_6861,0.30507192015647888
test_protein_6858,0.35013064742088318
test_protein_6865,0.45203572511672974
test_protein_6866,0.80428677797317505
test_protein_6864,0.12415724247694016
test_protein_6869,0.21964922547340393
test_protein_6868,0.30282658338546753
test_protein_6859,0.16088603436946869
test_protein_6855,0.4927603006362915
test_protein_6867,0.33434304594993591
test_protein_6863,0.24724973738193512
test_protein_6860,0.13099779188632965
test_protein_6862,0.91015732288360596
test_protein_6876,0.68426519632339478
test_protein_6872,0.46314394474029541
test_protein_6873,0.53473395109176636
test_protein_6870,0.92877638339996338
test_protein_6875,0.69567185640335083
test_protein_6874,0.23559834063053131
test_protein_6871,0.00013942160876467824
test_protein_6878,0.48374056816101074
test_protein_6877,0.074368752539157867
test_protein_6883,0.61197996139526367
test_protein_6879,0.60819786787033081
test_protein_6888,0.4648171067237854
test_protein_6881,0.17134201526641846
test_protein_6884,0.56229150295257568
test_protein_6882,0.35527107119560242
test_protein_6893,0.19678309559822083
test_protein_6890,0.51881784200668335
test_protein_6886,0.26530051231384277
test_protein_6891,0.50219893455505371
test_protein_6892,0.20682412385940552
test_protein_6894,0.89472967386245728
test_protein_6898,0.83699798583984375
test_protein_6896,0.95683085918426514
test_protein_6897,0.71035116910934448
test_protein_6895,0.90062481164932251
test_protein_6880,0.68068420886993408
test_protein_6887,0.5581890344619751
test_protein_6889,0.11959858983755112
test_protein_6885,0.16207040846347809
test_protein_6899,0.16248795390129089
test_protein_6905,0.44246870279312134
test_protein_6904,0.80457097291946411
test_protein_6902,0.39646768569946289
test_protein_6900,0.86325162649154663
test_protein_6903,0.77372646331787109
test_protein_6901,0.1083139181137085
test_protein_6906,0.41129854321479797
test_protein_6911,0.51591974496841431
test_protein_6914,0.45139756798744202
test_protein_6907,0.012314664199948311
test_protein_6908,0.48540791869163513
test_protein_6917,0.50057709217071533
test_protein_6910,0.0060867895372211933
test_protein_6909,0.19451338052749634
test_protein_6918,0.71283537149429321
test_protein_6913,0.97374266386032104
test_protein_6912,0.55492144823074341
test_protein_6916,0.60758328437805176
test_protein_6921,0.3901972770690918
test_protein_6915,0.93655508756637573
test_protein_6919,0.75431215763092041
test_protein_6924,0.53052186965942383
test_protein_6923,0.12386532872915268
test_protein_6927,0.67297625541687012
test_protein_6920,0.44468763470649719
test_protein_6926,0.27472573518753052
test_protein_6922,0.48116236925125122
test_protein_6928,0.4032871425151825
test_protein_6925,0.51980435848236084
test_protein_6932,0.91011893749237061
test_protein_6930,0.52221912145614624
test_protein_6931,0.10237764567136765
test_protein_6934,0.26427513360977173
test_protein_6933,0.60345488786697388
test_protein_6935,0.43920880556106567
test_protein_6936,0.0600588358938694
test_protein_6942,0.78644311428070068
test_protein_6939,0.96699130535125732
test_protein_6940,0.4889577329158783
test_protein_6929,0.059234291315078735
test_protein_6938,0.39361292123794556
test_protein_6944,0.18645448982715607
test_protein_6941,0.45201396942138672
test_protein_6946,0.70150750875473022
test_protein_6943,0.46428400278091431
test_protein_6948,0.76539045572280884
test_protein_6937,0.16532620787620544
test_protein_6949,0.47211214900016785
test_protein_6947,0.17036907374858856
test_protein_6952,0.24657268822193146
test_protein_6950,0.27083697915077209
test_protein_6957,0.61496931314468384
test_protein_6951,0.43631866574287415
test_protein_6954,0.76969254016876221
test_protein_6953,0.9964098334312439
test_protein_6945,0.65673434734344482
test_protein_6956,0.60036039352416992
test_protein_6955,0.469400554895401
test_protein_6962,0.16294507682323456
test_protein_6963,0.039672888815402985
test_protein_6959,0.70166832208633423
test_protein_6958,0.84521591663360596
test_protein_6961,0.67933946847915649
test_protein_6960,0.47450253367424011
test_protein_6966,0.27924323081970215
test_protein_6964,0.46855676174163818
test_protein_6968,0.17651937901973724
test_protein_6969,0.4843997061252594
test_protein_6970,0.27338725328445435
test_protein_6965,0.49884605407714844
test_protein_6967,0.35754406452178955
test_protein_6973,0.86830806732177734
test_protein_6976,0.18949854373931885
test_protein_6971,0.87164139747619629
test_protein_6977,0.027010204270482063
test_protein_6980,0.28907927870750427
test_protein_6972,0.67828899621963501
test_protein_6983,0.28239968419075012
test_protein_6974,0.57646507024765015
test_protein_6978,0.72876530885696411
test_protein_6984,0.55859345197677612
test_protein_6975,0.620433509349823
test_protein_6981,0.45057785511016846
test_protein_6982,0.36298054456710815
test_protein_6979,0.57914000749588013
test_protein_6985,0.81509232521057129
test_protein_6986,0.75000852346420288
test_protein_6991,0.37042668461799622
test_protein_6996,0.65803146362304688
test_protein_6992,0.49731123447418213
test_protein_6988,0.51119154691696167
test_protein_6987,0.40580558776855469
test_protein_6990,0.82358139753341675
test_protein_6989,0.50126492977142334
test_protein_6993,0.54031562805175781
test_protein_6994,0.0012230643769726157
test_protein_6995,0.5204017162322998
test_protein_6997,0.97404545545578003
test_protein_7001,0.41221559047698975
test_protein_7004,0.40306559205055237
test_protein_7002,0.096210047602653503
test_protein_6999,0.64018189907073975
test_protein_7005,0.65608227252960205
test_protein_7009,0.70769548416137695
test_protein_7010,0.84416699409484863
test_protein_7003,0.73245179653167725
test_protein_7000,0.010119104757905006
test_protein_7007,0.54475712776184082
test_protein_7015,0.34716716408729553
test_protein_6998,0.63950800895690918
test_protein_7011,0.53191065788269043
test_protein_7006,0.8255382776260376
test_protein_7008,0.51638233661651611
test_protein_7014,0.0093879634514451027
test_protein_7012,0.322792649269104
test_protein_7013,0.2748781144618988
test_protein_7020,0.46257570385932922
test_protein_7023,0.35626357793807983
test_protein_7017,0.5858074426651001
test_protein_7016,0.32202410697937012
test_protein_7019,0.96398723125457764
test_protein_7022,0.52908074855804443
test_protein_7018,0.61183625459671021
test_protein_7026,0.22810843586921692
test_protein_7025,0.61565852165222168
test_protein_7024,0.47366833686828613
test_protein_7031,0.57217192649841309
test_protein_7028,0.58885651826858521
test_protein_7021,0.97923797369003296
test_protein_7034,0.42264977097511292
test_protein_7027,0.19123838841915131
test_protein_7033,0.047932799905538559
test_protein_7030,0.59997755289077759
test_protein_7032,0.22365021705627441
test_protein_7036,0.63298672437667847
test_protein_7035,0.52985799312591553
test_protein_7038,0.23336602747440338
test_protein_7037,0.94138330221176147
test_protein_7039,0.033648543059825897
test_protein_7042,0.86698508262634277
test_protein_7029,0.586719810962677
test_protein_7041,0.22659005224704742
test_protein_7040,0.22584488987922668
test_protein_7046,0.84668850898742676
test_protein_7045,0.20280270278453827
test_protein_7043,0.26152250170707703
test_protein_7044,0.054119966924190521
test_protein_7047,0.018746174871921539
test_protein_7051,0.45473584532737732
test_protein_7050,0.26823326945304871
test_protein_7049,0.41424867510795593
test_protein_7054,0.26238453388214111
test_protein_7048,0.69060230255126953
test_protein_7052,0.12797261774539948
test_protein_7056,0.65938311815261841
test_protein_7053,0.50531584024429321
test_protein_7055,0.61438554525375366
test_protein_7059,0.032752558588981628
test_protein_7057,0.23898649215698242
test_protein_7058,0.79774880409240723
test_protein_7061,0.32671895623207092
test_protein_7060,0.26697051525115967
test_protein_7064,0.14865593612194061
test_protein_7063,0.09556974470615387
test_protein_7065,0.37182518839836121
test_protein_7067,0.24224798381328583
test_protein_7062,0.37612023949623108
test_protein_7066,0.059259787201881409
test_protein_7068,0.23970673978328705
test_protein_7069,0.45717728137969971
test_protein_7070,0.59190428256988525
test_protein_7075,0.47447454929351807
test_protein_7072,0.69691646099090576
test_protein_7071,0.54954677820205688
test_protein_7073,0.67220765352249146
test_protein_7077,0.39881536364555359
test_protein_7078,0.55965656042098999
test_protein_7076,0.51261991262435913
test_protein_7074,0.24429038166999817
test_protein_7080,0.20004618167877197
test_protein_7079,0.25729179382324219
test_protein_7081,0.44975101947784424
test_protein_7085,0.32416653633117676
test_protein_7083,0.45857313275337219
test_protein_7084,0.049062605947256088
test_protein_7088,0.21154682338237762
test_protein_7082,0.052702128887176514
test_protein_7087,0.34308716654777527
test_protein_7093,0.51773637533187866
test_protein_7090,0.61334377527236938
test_protein_7089,0.50283986330032349
test_protein_7086,0.23188401758670807
test_protein_7092,0.35380387306213379
test_protein_7091,0.9846808910369873
test_protein_7094,0.67740225791931152
test_protein_7098,0.82042646408081055
test_protein_7095,0.14365708827972412
test_protein_7097,0.39131584763526917
test_protein_7101,0.64969938993453979
test_protein_7096,0.48247358202934265
test_protein_7099,0.028181390836834908
test_protein_7103,0.28051987290382385
test_protein_7105,0.21339231729507446
test_protein_7100,0.53625369071960449
test_protein_7102,0.33805140852928162
test_protein_7104,0.34965309500694275
test_protein_7111,0.46296378970146179
test_protein_7107,0.50067567825317383
test_protein_7108,0.42787641286849976
test_protein_7106,0.080680392682552338
test_protein_7109,0.12837359309196472
test_protein_7113,0.12388014793395996
test_protein_7116,0.6882089376449585
test_protein_7115,0.4513089656829834
test_protein_7112,0.67682367563247681
test_protein_7110,0.49989822506904602
test_protein_7114,0.051828660070896149
test_protein_7118,0.60727143287658691
test_protein_7122,0.3448987603187561
test_protein_7117,0.11800654232501984
test_protein_7121,0.3946068286895752
test_protein_7119,0.23410452902317047
test_protein_7126,0.45515948534011841
test_protein_7120,0.61324673891067505
test_protein_7127,0.67294496297836304
test_protein_7124,0.17648759484291077
test_protein_7123,0.50523239374160767
test_protein_7125,0.97877949476242065
test_protein_7130,0.050940554589033127
test_protein_7129,0.59464150667190552
test_protein_7133,0.17792430520057678
test_protein_7132,0.40349301695823669
test_protein_7128,0.26079598069190979
test_protein_7131,0.48901477456092834
test_protein_7135,0.26213929057121277
test_protein_7137,0.35020515322685242
test_protein_7136,0.33058866858482361
test_protein_7134,0.53422266244888306
test_protein_7138,0.12458662688732147
test_protein_7141,0.39297392964363098
test_protein_7139,0.14399164915084839
test_protein_7146,0.59311515092849731
test_protein_7142,0.35704782605171204
test_protein_7143,0.50025391578674316
test_protein_7140,0.62304890155792236
test_protein_7145,0.70903992652893066
test_protein_7144,0.56142032146453857
test_protein_7149,0.51483345031738281
test_protein_7148,0.27275341749191284
test_protein_7147,0.304607093334198
test_protein_7150,0.39915063977241516
test_protein_7154,0.54950010776519775
test_protein_7151,0.52410900592803955
test_protein_7153,0.27348858118057251
test_protein_7152,0.54932248592376709
test_protein_7158,0.53731125593185425
test_protein_7160,0.29656979441642761
test_protein_7157,0.25606673955917358
test_protein_7155,0.28796890377998352
test_protein_7156,0.54470694065093994
test_protein_7159,0.53504019975662231
test_protein_7163,0.079426668584346771
test_protein_7165,0.18138283491134644
test_protein_7168,0.4083017110824585
test_protein_7164,0.2300233393907547
test_protein_7169,0.63928514719009399
test_protein_7171,0.17957450449466705
test_protein_7166,0.28280115127563477
test_protein_7172,0.54545551538467407
test_protein_7167,0.57373720407485962
test_protein_7161,0.40301847457885742
test_protein_7162,0.73917913436889648
test_protein_7170,0.075435437262058258
test_protein_7175,0.435201495885849
test_protein_7173,0.98627334833145142
test_protein_7176,0.13353973627090454
test_protein_7174,0.70025110244750977
test_protein_7178,0.53961044549942017
test_protein_7177,0.43168595433235168
test_protein_7179,0.38005161285400391
test_protein_7182,0.29964953660964966
test_protein_7180,0.014467678964138031
test_protein_7181,0.014396301470696926
test_protein_7184,0.68624144792556763
test_protein_7183,0.70283997058868408
test_protein_7187,0.24240748584270477
test_protein_7188,0.6420554518699646
test_protein_7191,0.1808980256319046
test_protein_7186,0.4284098744392395
test_protein_7189,0.41229790449142456
test_protein_7190,0.57064425945281982
test_protein_7192,0.36539015173912048
test_protein_7185,0.027931228280067444
test_protein_7193,0.64602220058441162
test_protein_7195,0.48272442817687988
test_protein_7196,0.094519123435020447
test_protein_7194,0.35736846923828125
test_protein_7198,0.073799163103103638
test_protein_7197,0.077654406428337097
test_protein_7199,0.093830481171607971
test_protein_7200,0.50265747308731079
test_protein_7204,0.31575796008110046
test_protein_7202,0.44869452714920044
test_protein_7201,0.39265257120132446
test_protein_7203,0.16198503971099854
test_protein_7205,0.77175033092498779
test_protein_7206,0.55185359716415405
test_protein_7207,0.11921852827072144
test_protein_7209,0.33835619688034058
test_protein_7208,0.038407038897275925
test_protein_7214,0.57785826921463013
test_protein_7212,0.12904231250286102
test_protein_7211,0.41097855567932129
test_protein_7216,0.46710735559463501
test_protein_7217,0.24988424777984619
test_protein_7215,0.49104690551757812
test_protein_7210,0.55906385183334351
test_protein_7218,0.27082768082618713
test_protein_7213,0.47764673829078674
test_protein_7220,0.54900407791137695
test_protein_7219,0.29463151097297668
test_protein_7224,0.24634943902492523
test_protein_7223,0.31963253021240234
test_protein_7221,0.6757277250289917
test_protein_7222,0.76204299926757812
test_protein_7225,0.14275014400482178
test_protein_7226,0.29870378971099854
test_protein_7229,0.34113749861717224
test_protein_7227,0.60809081792831421
test_protein_7228,0.351753830909729
test_protein_7231,0.15892957150936127
test_protein_7232,0.094631239771842957
test_protein_7236,0.32542085647583008
test_protein_7230,0.83538544178009033
test_protein_7237,0.49045413732528687
test_protein_7234,0.68061751127243042
test_protein_7233,0.032401077449321747
test_protein_7240,0.079432494938373566
test_protein_7239,0.066667124629020691
test_protein_7238,0.40190631151199341
test_protein_7235,0.32817384600639343
test_protein_7241,0.85125327110290527
test_protein_7243,0.01594151183962822
test_protein_7244,0.25816351175308228
test_protein_7242,0.53680062294006348
test_protein_7245,0.74588477611541748
test_protein_7247,0.25428304076194763
test_protein_7250,0.45911741256713867
test_protein_7249,0.42751204967498779
test_protein_7246,0.56624865531921387
test_protein_7251,0.3947446346282959
test_protein_7252,0.075368277728557587
test_protein_7248,0.63559162616729736
test_protein_7253,0.011430040933191776
test_protein_7254,1.1943160416194587e-06
test_protein_7255,0.58342474699020386
test_protein_7257,0.35306945443153381
test_protein_7256,0.35337802767753601
test_protein_7259,0.25467446446418762
test_protein_7260,0.63751614093780518
test_protein_7261,0.022385913878679276
test_protein_7262,0.36209911108016968
test_protein_7258,0.066397577524185181
test_protein_7263,0.28900808095932007
test_protein_7265,0.25632256269454956
test_protein_7269,0.3854433000087738
test_protein_7267,0.14540812373161316
test_protein_7264,0.57512408494949341
test_protein_7266,0.19616009294986725
test_protein_7268,0.55360156297683716
test_protein_7271,0.3520258367061615
test_protein_7270,0.52183961868286133
test_protein_7273,0.34748473763465881
test_protein_7272,0.57694482803344727
test_protein_7274,0.39609956741333008
test_protein_7275,0.52198779582977295
test_protein_7276,0.54108059406280518
test_protein_7277,0.81232661008834839
test_protein_7279,0.15180747210979462
test_protein_7281,0.10238954424858093
test_protein_7280,0.72495180368423462
test_protein_7285,0.18095067143440247
test_protein_7287,0.27024126052856445
test_protein_7278,0.82780170440673828
test_protein_7282,0.68906688690185547
test_protein_7286,0.54958039522171021
test_protein_7284,0.41706940531730652
test_protein_7283,0.0050498372875154018
test_protein_7288,0.7805982232093811
test_protein_7289,0.34237581491470337
test_protein_7290,0.00041701985173858702
test_protein_7296,0.47505667805671692
test_protein_7295,0.39483499526977539
test_protein_7291,0.42110717296600342
test_protein_7294,0.97733783721923828
test_protein_7293,0.044568285346031189
test_protein_7292,0.40621042251586914
test_protein_7297,0.45030882954597473
test_protein_7298,0.0064639491029083729
test_protein_7299,0.40774136781692505
test_protein_7302,0.27128452062606812
test_protein_7301,0.56205266714096069
test_protein_7304,0.77187240123748779
test_protein_7300,0.84793806076049805
test_protein_7303,0.23795655369758606
test_protein_7305,0.28331142663955688
test_protein_7306,0.19812171161174774
test_protein_7308,0.63464808464050293
test_protein_7311,0.3474108874797821
test_protein_7307,0.13334864377975464
test_protein_7310,0.37519398331642151
test_protein_7309,0.6926034688949585
test_protein_7318,0.48655849695205688
test_protein_7314,0.40003877878189087
test_protein_7313,0.49006521701812744
test_protein_7321,0.26953041553497314
test_protein_7315,0.10114752501249313
test_protein_7312,0.020500706508755684
test_protein_7317,0.15685127675533295
test_protein_7320,0.21779702603816986
test_protein_7319,0.17864817380905151
test_protein_7325,0.72654396295547485
test_protein_7323,0.13854913413524628
test_protein_7316,0.54885572195053101
test_protein_7324,0.045259810984134674
test_protein_7326,0.1837475448846817
test_protein_7322,0.22385320067405701
test_protein_7328,0.72941762208938599
test_protein_7330,0.24460987746715546
test_protein_7329,0.53580254316329956
test_protein_7327,0.44245153665542603
test_protein_7335,0.37429773807525635
test_protein_7333,0.24409860372543335
test_protein_7332,0.040742784738540649
test_protein_7334,0.45837411284446716
test_protein_7331,0.37023159861564636
test_protein_7337,0.36871993541717529
test_protein_7341,0.13578684628009796
test_protein_7336,0.20069402456283569
test_protein_7340,0.29475927352905273
test_protein_7338,0.44536891579627991
test_protein_7339,0.4316672682762146
test_protein_7342,0.38418975472450256
test_protein_7344,0.32450932264328003
test_protein_7343,0.068967476487159729
test_protein_7348,0.55790191888809204
test_protein_7347,0.61583274602890015
test_protein_7350,0.10256084799766541
test_protein_7351,0.83956390619277954
test_protein_7352,0.30920219421386719
test_protein_7357,0.11749632656574249
test_protein_7356,0.51911705732345581
test_protein_7354,0.38541597127914429
test_protein_7345,0.62377762794494629
test_protein_7355,0.23698198795318604
test_protein_7346,0.21476131677627563
test_protein_7353,0.51526236534118652
test_protein_7349,0.57365477085113525
test_protein_7361,0.1485789567232132
test_protein_7363,0.5388222336769104
test_protein_7364,0.28473773598670959
test_protein_7368,0.13265106081962585
test_protein_7367,0.84138393402099609
test_protein_7366,0.52644079923629761
test_protein_7362,0.23202212154865265
test_protein_7372,0.16102269291877747
test_protein_7371,0.41890645027160645
test_protein_7370,0.25462141633033752
test_protein_7359,0.76055872440338135
test_protein_7358,0.34459322690963745
test_protein_7360,0.50228643417358398
test_protein_7369,0.38792949914932251
test_protein_7365,0.063568800687789917
test_protein_7375,0.58915722370147705
test_protein_7374,0.19573900103569031
test_protein_7376,0.0020845693070441484
test_protein_7377,0.41892999410629272
test_protein_7373,0.64004188776016235
test_protein_7382,0.45385313034057617
test_protein_7385,0.9763338565826416
test_protein_7381,0.25172179937362671
test_protein_7387,0.49196016788482666
test_protein_7383,0.60355645418167114
test_protein_7386,0.72087365388870239
test_protein_7384,0.43369412422180176
test_protein_7378,0.17393501102924347
test_protein_7379,0.65344345569610596
test_protein_7380,0.04537021741271019
test_protein_7389,0.69775199890136719
test_protein_7388,0.11869711428880692
test_protein_7393,0.41523176431655884
test_protein_7391,0.78889453411102295
test_protein_7390,0.91555052995681763
test_protein_7395,0.69589662551879883
test_protein_7392,0.99990165233612061
test_protein_7396,0.012775644659996033
test_protein_7399,0.20613260567188263
test_protein_7398,0.21967482566833496
test_protein_7402,0.013054961338639259
test_protein_7394,0.70789319276809692
test_protein_7397,0.29212719202041626
test_protein_7401,0.25147727131843567
test_protein_7400,0.44562965631484985
test_protein_7403,0.38054624199867249
test_protein_7404,0.58320426940917969
test_protein_7406,0.1718192994594574
test_protein_7405,0.035887572914361954
test_protein_7407,0.27117878198623657
test_protein_7408,0.28862833976745605
test_protein_7410,0.21634085476398468
test_protein_7411,0.23274342715740204
test_protein_7409,0.56340104341506958
test_protein_7412,0.50774097442626953
test_protein_7414,0.054334208369255066
test_protein_7413,0.49819278717041016
test_protein_7416,0.37943229079246521
test_protein_7417,0.36127632856369019
test_protein_7415,0.20129692554473877
test_protein_7418,0.50111615657806396
test_protein_7420,0.094817005097866058
test_protein_7419,0.2984025776386261
test_protein_7422,0.11658782511949539
test_protein_7424,0.37991860508918762
test_protein_7426,0.33425900340080261
test_protein_7421,0.7279396653175354
test_protein_7423,0.77539694309234619
test_protein_7427,0.00078286195639520884
test_protein_7432,0.66191375255584717
test_protein_7425,0.30717206001281738
test_protein_7430,0.58075582981109619
test_protein_7431,0.42811575531959534
test_protein_7428,0.66887235641479492
test_protein_7429,0.20235984027385712
test_protein_7436,0.28160020709037781
test_protein_7433,0.46409949660301208
test_protein_7435,0.22611229121685028
test_protein_7434,0.47168979048728943
test_protein_7442,0.67233377695083618
test_protein_7441,0.55833381414413452
test_protein_7440,0.6744878888130188
test_protein_7443,0.52911621332168579
test_protein_7438,0.19983185827732086
test_protein_7437,0.56497275829315186
test_protein_7439,0.73802906274795532
test_protein_7447,0.34621965885162354
test_protein_7444,0.093379594385623932
test_protein_7446,0.75441384315490723
test_protein_7445,0.040314711630344391
test_protein_7451,0.73503398895263672
test_protein_7449,0.086538314819335938
test_protein_7448,0.13608159124851227
test_protein_7453,0.39622628688812256
test_protein_7452,0.24488177895545959
test_protein_7450,0.082878895103931427
test_protein_7458,0.11093641072511673
test_protein_7454,0.45221629738807678
test_protein_7455,0.47728437185287476
test_protein_7456,0.27293440699577332
test_protein_7461,0.33089658617973328
test_protein_7462,0.1269071102142334
test_protein_7459,0.26550635695457458
test_protein_7460,0.9627646803855896
test_protein_7457,0.18726462125778198
test_protein_7463,0.30420964956283569
test_protein_7466,0.35510498285293579
test_protein_7468,0.18591012060642242
test_protein_7471,0.19149118661880493
test_protein_7469,0.49645841121673584
test_protein_7475,0.31729117035865784
test_protein_7473,0.43123543262481689
test_protein_7477,0.77622079849243164
test_protein_7467,0.74309688806533813
test_protein_7470,0.42513072490692139
test_protein_7472,0.58821272850036621
test_protein_7474,0.5966496467590332
test_protein_7465,0.64542907476425171
test_protein_7476,0.11648853868246078
test_protein_7464,0.26503533124923706
test_protein_7481,0.42374405264854431
test_protein_7478,0.28786942362785339
test_protein_7482,0.54485523700714111
test_protein_7484,0.68496477603912354
test_protein_7486,0.40077325701713562
test_protein_7483,0.03608543798327446
test_protein_7485,0.50689816474914551
test_protein_7479,0.48598304390907288
test_protein_7487,0.50210481882095337
test_protein_7480,0.32199141383171082
test_protein_7488,0.27687683701515198
test_protein_7491,0.74373793601989746
test_protein_7490,0.74207758903503418
test_protein_7493,0.31984692811965942
test_protein_7492,0.50413775444030762
test_protein_7494,0.52143460512161255
test_protein_7489,0.83224022388458252
test_protein_7496,0.0085943704470992088
test_protein_7500,0.77159833908081055
test_protein_7501,0.038837794214487076
test_protein_7495,0.17729568481445312
test_protein_7498,0.037508603185415268
test_protein_7497,0.26372841000556946
test_protein_7505,0.61159169673919678
test_protein_7507,0.19995331764221191
test_protein_7506,0.59809237718582153
test_protein_7503,0.16795483231544495
test_protein_7504,0.18103553354740143
test_protein_7508,0.68304812908172607
test_protein_7499,0.14828838407993317
test_protein_7502,0.41052129864692688
test_protein_7509,0.39131566882133484
test_protein_7510,0.60971993207931519
test_protein_7512,0.71000933647155762
test_protein_7514,0.24991925060749054
test_protein_7517,0.27674147486686707
test_protein_7518,0.021854566410183907
test_protein_7521,0.24459026753902435
test_protein_7523,0.17748521268367767
test_protein_7515,0.60232436656951904
test_protein_7519,0.39686751365661621
test_protein_7511,0.46010991930961609
test_protein_7516,0.50289732217788696
test_protein_7513,0.2243504673242569
test_protein_7520,0.26257225871086121
test_protein_7522,0.17158687114715576
test_protein_7526,0.060522634536027908
test_protein_7527,0.31683787703514099
test_protein_7524,0.68067795038223267
test_protein_7528,0.59893923997879028
test_protein_7531,0.83906209468841553
test_protein_7529,0.61052119731903076
test_protein_7530,0.5113411545753479
test_protein_7532,0.55544489622116089
test_protein_7533,0.4235350489616394
test_protein_7538,0.43484517931938171
test_protein_7534,0.059132825583219528
test_protein_7525,0.00037148990668356419
test_protein_7536,0.46640899777412415
test_protein_7535,0.40309476852416992
test_protein_7537,0.43789154291152954
test_protein_7540,0.38793769478797913
test_protein_7539,0.36250671744346619
test_protein_7541,0.10036902874708176
test_protein_7543,0.049004480242729187
test_protein_7542,0.6318284273147583
test_protein_7546,0.66169875860214233
test_protein_7544,0.61918693780899048
test_protein_7552,0.27875113487243652
test_protein_7548,0.17285244166851044
test_protein_7545,0.71184515953063965
test_protein_7551,0.10933153331279755
test_protein_7553,0.18813365697860718
test_protein_7547,0.37717148661613464
test_protein_7549,0.43982517719268799
test_protein_7550,0.032342061400413513
test_protein_7554,0.011660333722829819
test_protein_7555,0.97719371318817139
test_protein_7560,0.00047463280498050153
test_protein_7559,0.15840420126914978
test_protein_7557,0.00046984056825749576
test_protein_7556,0.82115769386291504
test_protein_7558,0.35559487342834473
test_protein_7561,0.47075760364532471
test_protein_7562,0.31004798412322998
test_protein_7564,0.039009716361761093
test_protein_7565,0.41253724694252014
test_protein_7563,0.63687366247177124
test_protein_7567,0.29201734066009521
test_protein_7568,0.20569548010826111
test_protein_7566,0.33645638823509216
test_protein_7569,0.15528444945812225
test_protein_7574,0.019061991944909096
test_protein_7570,0.36057394742965698
test_protein_7572,0.47015520930290222
test_protein_7580,0.69788932800292969
test_protein_7583,0.35447680950164795
test_protein_7582,0.038119286298751831
test_protein_7581,0.18812337517738342
test_protein_7571,0.10125712305307388
test_protein_7576,0.077546834945678711
test_protein_7577,0.57918870449066162
test_protein_7579,0.95749861001968384
test_protein_7584,0.58503937721252441
test_protein_7578,0.15611113607883453
test_protein_7575,0.73948973417282104
test_protein_7573,0.065416492521762848
test_protein_7588,0.14328446984291077
test_protein_7590,0.61535358428955078
test_protein_7589,0.34615686535835266
test_protein_7591,0.31247422099113464
test_protein_7592,0.088296778500080109
test_protein_7585,0.48097750544548035
test_protein_7587,0.33970081806182861
test_protein_7586,0.43760460615158081
test_protein_7594,0.11065280437469482
test_protein_7597,0.41834396123886108
test_protein_7593,0.27554354071617126
test_protein_7595,0.6327739953994751
test_protein_7598,0.43869501352310181
test_protein_7599,0.54069823026657104
test_protein_7596,0.5353391170501709
test_protein_7600,0.43896350264549255
test_protein_7601,0.47741544246673584
test_protein_7603,0.48702302575111389
test_protein_7602,0.17974981665611267
test_protein_7606,0.50007021427154541
test_protein_7604,0.7065892219543457
test_protein_7605,0.63223356008529663
test_protein_7607,0.063560158014297485
test_protein_7608,0.37955453991889954
test_protein_7613,0.34100222587585449
test_protein_7612,0.003546437481418252
test_protein_7610,0.28944811224937439
test_protein_7609,0.61824649572372437
test_protein_7611,0.4336320161819458
test_protein_7616,0.41561692953109741
test_protein_7614,0.5158354640007019
test_protein_7615,0.44479835033416748
test_protein_7620,0.037846706807613373
test_protein_7617,0.82909655570983887
test_protein_7618,0.85369300842285156
test_protein_7619,0.28047740459442139
test_protein_7629,0.99812167882919312
test_protein_7630,0.47113856673240662
test_protein_7623,0.30673238635063171
test_protein_7627,0.59952366352081299
test_protein_7631,0.12820090353488922
test_protein_7634,0.46047642827033997
test_protein_7628,0.58825331926345825
test_protein_7635,0.10933202505111694
test_protein_7632,0.69334453344345093
test_protein_7636,0.44315505027770996
test_protein_7633,0.90498626232147217
test_protein_7625,0.36488959193229675
test_protein_7622,0.017122939229011536
test_protein_7626,0.26351457834243774
test_protein_7624,0.37124112248420715
test_protein_7621,0.58103901147842407
test_protein_7638,0.59974133968353271
test_protein_7637,0.40769016742706299
test_protein_7641,0.87978017330169678
test_protein_7640,0.99574065208435059
test_protein_7639,0.60140520334243774
test_protein_7643,0.76087981462478638
test_protein_7646,0.71288782358169556
test_protein_7647,0.71792608499526978
test_protein_7649,0.44844305515289307
test_protein_7645,0.99878484010696411
test_protein_7648,0.20082738995552063
test_protein_7644,0.38656586408615112
test_protein_7650,0.0008187582716345787
test_protein_7652,0.98014301061630249
test_protein_7642,0.98434096574783325
test_protein_7655,0.980002760887146
test_protein_7651,0.074713952839374542
test_protein_7654,0.86467283964157104
test_protein_7661,0.39787557721138
test_protein_7657,0.59429931640625
test_protein_7660,0.37916478514671326
test_protein_7658,0.44932198524475098
test_protein_7659,0.27102482318878174
test_protein_7663,0.55756843090057373
test_protein_7669,0.15353491902351379
test_protein_7665,0.17025122046470642
test_protein_7668,0.56179994344711304
test_protein_7670,0.98099994659423828
test_protein_7667,0.65796947479248047
test_protein_7674,0.5184749960899353
test_protein_7671,0.51206386089324951
test_protein_7664,0.83951753377914429
test_protein_7673,0.44612428545951843
test_protein_7672,0.30796900391578674
test_protein_7666,0.0011314145522192121
test_protein_7676,0.7816702127456665
test_protein_7675,0.99940049648284912
test_protein_7662,0.83783042430877686
test_protein_7678,0.60784310102462769
test_protein_7653,0.57797974348068237
test_protein_7683,0.0049236360937356949
test_protein_7677,0.41441056132316589
test_protein_7679,0.94348680973052979
test_protein_7656,0.54271471500396729
test_protein_7682,0.45403769612312317
test_protein_7680,0.75793570280075073
test_protein_7681,0.55882030725479126
test_protein_7684,0.77912265062332153
test_protein_7685,0.51488667726516724
test_protein_7690,0.99334418773651123
test_protein_7686,0.38315162062644958
test_protein_7689,0.35694745182991028
test_protein_7696,0.13948215544223785
test_protein_7688,0.6754615306854248
test_protein_7687,0.44207176566123962
test_protein_7691,0.060357160866260529
test_protein_7692,0.90726757049560547
test_protein_7697,0.26912984251976013
test_protein_7693,0.21122084558010101
test_protein_7694,0.63720321655273438
test_protein_7699,0.76794016361236572
test_protein_7698,0.28938961029052734
test_protein_7695,0.18826156854629517
test_protein_7701,0.27290865778923035
test_protein_7700,0.557242751121521
test_protein_7702,0.77958720922470093
test_protein_7707,0.31110936403274536
test_protein_7706,0.46228861808776855
test_protein_7704,0.28139635920524597
test_protein_7703,0.36483746767044067
test_protein_7705,0.7270476222038269
test_protein_7708,0.043544881045818329
test_protein_7710,0.50321543216705322
test_protein_7714,0.41940748691558838
test_protein_7709,0.38520720601081848
test_protein_7713,0.85587668418884277
test_protein_7711,0.43452757596969604
test_protein_7715,0.11398239433765411
test_protein_7712,0.18473976850509644
test_protein_7716,0.71429753303527832
test_protein_7717,0.35995522141456604
test_protein_7718,0.095794819295406342
test_protein_7720,0.67356765270233154
test_protein_7721,0.56112039089202881
test_protein_7719,0.0021881526336073875
test_protein_7724,0.10632509738206863
test_protein_7722,0.44648322463035583
test_protein_7723,0.46185597777366638
test_protein_7726,0.30333694815635681
test_protein_7725,0.4554353654384613
test_protein_7727,0.51483017206192017
test_protein_7729,0.32656776905059814
test_protein_7732,0.7756277322769165
test_protein_7728,0.23989635705947876
test_protein_7733,0.63623273372650146
test_protein_7731,0.5735008716583252
test_protein_7730,0.56962335109710693
test_protein_7737,0.42717695236206055
test_protein_7735,0.79565489292144775
test_protein_7738,0.13846635818481445
test_protein_7741,0.56772911548614502
test_protein_7740,0.22809445858001709
test_protein_7734,0.52645206451416016
test_protein_7739,0.22960536181926727
test_protein_7736,0.51925301551818848
test_protein_7742,0.44993770122528076
test_protein_7743,0.30018997192382812
test_protein_7744,0.038875889033079147
test_protein_7745,0.56213659048080444
test_protein_7746,0.90284156799316406
test_protein_7748,0.29328641295433044
test_protein_7749,0.48578530550003052
test_protein_7750,0.54047131538391113
test_protein_7747,0.32673963904380798
test_protein_7751,0.56785082817077637
test_protein_7753,0.47242876887321472
test_protein_7755,0.057352744042873383
test_protein_7757,0.57346373796463013
test_protein_7754,0.3858608603477478
test_protein_7752,0.45919707417488098
test_protein_7756,0.15120552480220795
test_protein_7758,0.21951764822006226
test_protein_7759,0.17852635681629181
test_protein_7764,0.0167390126734972
test_protein_7761,0.17300122976303101
test_protein_7760,0.47156652808189392
test_protein_7766,0.028428399935364723
test_protein_7762,0.29525399208068848
test_protein_7763,0.16812832653522491
test_protein_7765,0.24257281422615051
test_protein_7767,0.097285114228725433
test_protein_7768,0.59755563735961914
test_protein_7773,0.4912990927696228
test_protein_7769,0.41545397043228149
test_protein_7770,0.4574897289276123
test_protein_7772,0.18693834543228149
test_protein_7771,0.42697018384933472
test_protein_7774,0.48417162895202637
test_protein_7775,0.62674480676651001
test_protein_7776,0.37650668621063232
test_protein_7780,0.11240004748106003
test_protein_7777,0.40881159901618958
test_protein_7778,0.24999204277992249
test_protein_7779,0.11359930038452148
test_protein_7783,0.49738317728042603
test_protein_7781,0.42216166853904724
test_protein_7782,0.60123723745346069
test_protein_7784,0.54907673597335815
test_protein_7785,0.4547579288482666
test_protein_7788,0.57271414995193481
test_protein_7786,0.65727823972702026
test_protein_7789,0.50973010063171387
test_protein_7787,0.47413212060928345
test_protein_7790,0.38423097133636475
test_protein_7792,0.51497840881347656
test_protein_7793,0.60569584369659424
test_protein_7794,0.65909773111343384
test_protein_7791,0.59103906154632568
test_protein_7797,0.17952209711074829
test_protein_7795,0.32765215635299683
test_protein_7796,0.60454237461090088
test_protein_7799,0.042377185076475143
test_protein_7802,0.43541225790977478
test_protein_7803,0.21016432344913483
test_protein_7800,0.088919691741466522
test_protein_7798,0.25440484285354614
test_protein_7801,0.41684243083000183
test_protein_7808,0.30269947648048401
test_protein_7805,0.50786995887756348
test_protein_7804,0.40302658081054688
test_protein_7807,0.17386157810688019
test_protein_7811,0.23860190808773041
test_protein_7806,0.4842369556427002
test_protein_7809,0.13731232285499573
test_protein_7810,0.33247393369674683
test_protein_7812,0.92334115505218506
test_protein_7814,0.086148358881473541
test_protein_7813,0.49331796169281006
test_protein_7820,0.4742196798324585
test_protein_7816,0.47193074226379395
test_protein_7817,2.1173171262489632e-05
test_protein_7821,0.50790280103683472
test_protein_7815,0.22476682066917419
test_protein_7819,0.21844276785850525
test_protein_7818,0.62262165546417236
test_protein_7823,0.77583521604537964
test_protein_7822,0.46080109477043152
test_protein_7825,0.29560765624046326
test_protein_7824,0.35781958699226379
test_protein_7826,0.19456042349338531
test_protein_7827,0.54902887344360352
test_protein_7829,0.19822207093238831
test_protein_7828,0.42367792129516602
test_protein_7830,0.083071291446685791
test_protein_7836,0.52095532417297363
test_protein_7834,0.72618657350540161
test_protein_7835,0.0063731996342539787
test_protein_7831,0.7080344557762146
test_protein_7833,0.62117499113082886
test_protein_7832,0.0010625730501487851
test_protein_7838,0.38515931367874146
test_protein_7839,0.65829688310623169
test_protein_7837,0.25929504632949829
test_protein_7840,0.089479543268680573
test_protein_7842,0.18907488882541656
test_protein_7841,0.70817780494689941
test_protein_7843,0.11134187132120132
