name,prob_pos
test_protein_9,0.3275509774684906
test_protein_2,0.084382347762584686
test_protein_7,0.83366918563842773
test_protein_4,0.008362908847630024
test_protein_5,0.23254135251045227
test_protein_15,0.1519160270690918
test_protein_12,0.44935363531112671
test_protein_3,0.76775574684143066
test_protein_1,0.03996802493929863
test_protein_6,0.69186532497406006
test_protein_10,0.23129715025424957
test_protein_17,0.22285130620002747
test_protein_8,0.12829872965812683
test_protein_11,0.71104562282562256
test_protein_14,0.090379737317562103
test_protein_13,0.57519245147705078
test_protein_21,0.39376416802406311
test_protein_22,0.4187837541103363
test_protein_18,0.6140558123588562
test_protein_20,0.21407565474510193
test_protein_19,0.40968984365463257
test_protein_16,0.12127681076526642
test_protein_23,0.29400062561035156
test_protein_24,0.52360928058624268
test_protein_27,0.46386301517486572
test_protein_26,0.51809638738632202
test_protein_29,0.99856191873550415
test_protein_28,0.5478518009185791
test_protein_32,0.13565251231193542
test_protein_25,0.69195502996444702
test_protein_30,0.74965512752532959
test_protein_37,0.22461587190628052
test_protein_31,0.3415069580078125
test_protein_35,0.26343023777008057
test_protein_34,0.52239000797271729
test_protein_36,0.085163280367851257
test_protein_39,0.23375281691551208
test_protein_38,0.99752765893936157
test_protein_33,0.2564215362071991
test_protein_41,0.56519228219985962
test_protein_44,0.22317600250244141
test_protein_43,0.45192590355873108
test_protein_40,0.0088425390422344208
test_protein_42,0.40184283256530762
test_protein_45,0.32267189025878906
test_protein_51,0.38010856509208679
test_protein_48,0.20496954023838043
test_protein_47,0.34546363353729248
test_protein_53,0.0008156869444064796
test_protein_50,0.072072908282279968
test_protein_46,0.39259442687034607
test_protein_49,0.090294502675533295
test_protein_55,0.00053318083519116044
test_protein_57,0.031783387064933777
test_protein_59,0.28094378113746643
test_protein_52,0.58396148681640625
test_protein_56,5.7515336493452196e-07
test_protein_58,0.15184874832630157
test_protein_54,0.055028278380632401
test_protein_62,0.14008118212223053
test_protein_60,0.051535807549953461
test_protein_65,0.31039091944694519
test_protein_64,0.34341380000114441
test_protein_63,0.098513968288898468
test_protein_66,0.1521998792886734
test_protein_61,0.14189261198043823
test_protein_70,0.19771453738212585
test_protein_69,0.28441643714904785
test_protein_67,0.100692018866539
test_protein_68,0.13781961798667908
test_protein_71,0.40982946753501892
test_protein_72,0.17371396720409393
test_protein_75,0.029256859794259071
test_protein_79,0.43624305725097656
test_protein_76,0.31418463587760925
test_protein_73,0.10279081016778946
test_protein_74,0.80588549375534058
test_protein_82,0.99744534492492676
test_protein_77,0.26033583283424377
test_protein_86,5.1691335102077574e-05
test_protein_80,0.70952993631362915
test_protein_81,0.99925857782363892
test_protein_85,0.26847144961357117
test_protein_87,0.00095771666383370757
test_protein_78,0.63321340084075928
test_protein_95,0.47811782360076904
test_protein_84,4.7341432946268469e-05
test_protein_88,0.11568091809749603
test_protein_96,0.0022797253914177418
test_protein_90,0.20758743584156036
test_protein_83,0.37083050608634949
test_protein_94,0.74553787708282471
test_protein_93,0.076646536588668823
test_protein_89,0.19530461728572845
test_protein_97,0.58459341526031494
test_protein_91,0.55500316619873047
test_protein_92,0.99510455131530762
test_protein_98,0.22050212323665619
test_protein_103,0.64999741315841675
test_protein_100,0.00056538678472861648
test_protein_101,0.254412442445755
test_protein_99,0.45693123340606689
test_protein_102,0.29890194535255432
test_protein_107,0.14799758791923523
test_protein_106,0.17470233142375946
test_protein_104,0.64819467067718506
test_protein_105,0.24317239224910736
test_protein_108,0.11632070690393448
test_protein_109,0.63847625255584717
test_protein_113,0.019108299165964127
test_protein_112,0.27673164010047913
test_protein_110,0.15154235064983368
test_protein_114,0.016378078609704971
test_protein_111,0.13013298809528351
test_protein_122,0.0010768981883302331
test_protein_117,0.042556397616863251
test_protein_120,0.14389677345752716
test_protein_119,0.17187032103538513
test_protein_116,0.02073187567293644
test_protein_115,0.26324605941772461
test_protein_121,0.38884764909744263
test_protein_118,0.64456498622894287
test_protein_123,0.45941236615180969
test_protein_125,0.00020335250883363187
test_protein_124,0.19026657938957214
test_protein_130,0.56099832057952881
test_protein_128,0.28825286030769348
test_protein_126,1.3842413864040282e-05
test_protein_129,0.4275054931640625
test_protein_134,0.24426624178886414
test_protein_131,0.17277796566486359
test_protein_127,0.35653015971183777
test_protein_137,0.0046443669125437737
test_protein_136,0.049103062599897385
test_protein_139,0.024354642257094383
test_protein_133,0.29273828864097595
test_protein_135,0.92145943641662598
test_protein_132,0.31598597764968872
test_protein_138,0.075687579810619354
test_protein_145,0.38067722320556641
test_protein_140,0.21623280644416809
test_protein_141,0.086610265076160431
test_protein_142,0.29811382293701172
test_protein_155,0.060033917427062988
test_protein_151,0.21858024597167969
test_protein_150,0.57688266038894653
test_protein_146,0.33791351318359375
test_protein_144,0.32757455110549927
test_protein_143,0.31188958883285522
test_protein_147,0.0080915065482258797
test_protein_148,0.17849664390087128
test_protein_152,0.20913724601268768
test_protein_149,0.068452604115009308
test_protein_156,0.093792758882045746
test_protein_154,0.59148705005645752
test_protein_153,0.2289394736289978
test_protein_158,0.41360723972320557
test_protein_161,0.22800761461257935
test_protein_157,0.086909227073192596
test_protein_160,0.9919695258140564
test_protein_162,0.71873480081558228
test_protein_159,0.96650320291519165
test_protein_163,0.22674325108528137
test_protein_165,0.14618687331676483
test_protein_167,0.00017546795425005257
test_protein_168,0.0021705436520278454
test_protein_171,0.47580912709236145
test_protein_166,0.0053752264939248562
test_protein_164,0.26142337918281555
test_protein_175,0.53707355260848999
test_protein_170,0.31804364919662476
test_protein_173,0.040502175688743591
test_protein_177,0.28574076294898987
test_protein_172,0.85295140743255615
test_protein_169,0.21718324720859528
test_protein_178,0.97994542121887207
test_protein_179,0.00056333671091124415
test_protein_180,0.46859389543533325
test_protein_174,0.2333051860332489
test_protein_181,0.16149018704891205
test_protein_176,0.25713455677032471
test_protein_182,0.00057780888164415956
test_protein_184,0.58062875270843506
test_protein_183,0.15166901051998138
test_protein_187,0.32946658134460449
test_protein_185,0.33334863185882568
test_protein_186,0.23875300586223602
test_protein_188,0.9438406229019165
test_protein_190,0.19263182580471039
test_protein_191,0.49408763647079468
test_protein_197,0.30859747529029846
test_protein_194,0.063521921634674072
test_protein_189,0.29464620351791382
test_protein_192,0.49622318148612976
test_protein_193,0.054110266268253326
test_protein_195,0.0085506504401564598
test_protein_198,0.28385347127914429
test_protein_199,0.0725536048412323
test_protein_200,0.15998224914073944
test_protein_204,0.21079236268997192
test_protein_202,0.5714949369430542
test_protein_201,0.35151007771492004
test_protein_196,0.38275671005249023
test_protein_203,0.84404510259628296
test_protein_208,0.13411892950534821
test_protein_211,0.9572719931602478
test_protein_207,0.31079950928688049
test_protein_205,0.46507048606872559
test_protein_206,0.27473258972167969
test_protein_214,0.093054622411727905
test_protein_213,0.28398790955543518
test_protein_209,0.49984845519065857
test_protein_210,0.01965857669711113
test_protein_212,0.21654866635799408
test_protein_215,0.80110126733779907
test_protein_221,0.045794438570737839
test_protein_218,0.18381214141845703
test_protein_216,0.30207988619804382
test_protein_217,0.065432526171207428
test_protein_219,0.023050133138895035
test_protein_222,0.12064220011234283
test_protein_223,0.064605608582496643
test_protein_226,0.25720340013504028
test_protein_225,0.45654076337814331
test_protein_227,0.62028735876083374
test_protein_224,0.056418098509311676
test_protein_220,0.019031153991818428
test_protein_231,0.55679827928543091
test_protein_234,0.49975678324699402
test_protein_228,0.10385885834693909
test_protein_230,0.35659363865852356
test_protein_229,0.12538696825504303
test_protein_237,0.0020693403203040361
test_protein_232,0.33319315314292908
test_protein_233,0.33841359615325928
test_protein_240,0.024282032623887062
test_protein_235,0.54203832149505615
test_protein_238,0.60140597820281982
test_protein_242,0.51995968818664551
test_protein_241,0.1049494743347168
test_protein_248,0.26069673895835876
test_protein_239,0.0017155420500785112
test_protein_246,0.26686248183250427
test_protein_244,0.038527440279722214
test_protein_249,0.053367830812931061
test_protein_247,0.16668935120105743
test_protein_245,0.39610615372657776
test_protein_236,0.62627595663070679
test_protein_243,0.025189448148012161
test_protein_250,0.16580356657505035
test_protein_251,0.30690869688987732
test_protein_252,0.41400697827339172
test_protein_256,0.36972337961196899
test_protein_255,0.45923337340354919
test_protein_257,0.041822656989097595
test_protein_253,0.28109791874885559
test_protein_254,0.45167756080627441
test_protein_261,0.736674964427948
test_protein_259,0.16920296847820282
test_protein_263,0.45445024967193604
test_protein_260,1.6770783986430615e-05
test_protein_262,0.034287773072719574
test_protein_258,0.52223789691925049
test_protein_268,0.20781904458999634
test_protein_264,0.28834295272827148
test_protein_266,0.084747418761253357
test_protein_265,0.35530853271484375
test_protein_269,0.38479745388031006
test_protein_272,0.41263219714164734
test_protein_274,0.38343679904937744
test_protein_273,0.36784803867340088
test_protein_267,0.45674285292625427
test_protein_270,0.58211547136306763
test_protein_271,0.35542529821395874
test_protein_275,0.18804444372653961
test_protein_280,0.0020409419666975737
test_protein_285,0.10372601449489594
test_protein_276,0.4399590790271759
test_protein_277,0.092185325920581818
test_protein_279,0.24625824391841888
test_protein_281,0.19823081791400909
test_protein_278,0.2415061742067337
test_protein_284,0.4529215395450592
test_protein_292,0.17247243225574493
test_protein_282,0.25481384992599487
test_protein_287,0.64417451620101929
test_protein_291,0.13179959356784821
test_protein_294,0.14463561773300171
test_protein_290,0.18095655739307404
test_protein_288,0.51336914300918579
test_protein_286,0.38621559739112854
test_protein_293,0.13694792985916138
test_protein_283,0.94914025068283081
test_protein_289,0.18749988079071045
test_protein_296,0.13645242154598236
test_protein_298,0.04019005224108696
test_protein_297,0.023969965055584908
test_protein_295,0.12102625519037247
test_protein_299,0.041045211255550385
test_protein_302,0.053840041160583496
test_protein_301,0.03058025985956192
test_protein_307,0.23424245417118073
test_protein_304,0.77874726057052612
test_protein_303,0.060727663338184357
test_protein_306,0.0044987513683736324
test_protein_300,0.15548291802406311
test_protein_305,0.52688854932785034
test_protein_311,0.093952648341655731
test_protein_309,0.6230664849281311
test_protein_310,0.074337281286716461
test_protein_308,0.65595340728759766
test_protein_318,0.22739852964878082
test_protein_312,0.32655364274978638
test_protein_315,0.19244635105133057
test_protein_319,0.18880833685398102
test_protein_314,0.7273712158203125
test_protein_316,0.69950854778289795
test_protein_322,0.33792319893836975
test_protein_313,0.28331160545349121
test_protein_317,0.10958822816610336
test_protein_321,0.58325403928756714
test_protein_320,0.22865916788578033
test_protein_325,0.35273531079292297
test_protein_323,0.3821699321269989
test_protein_329,0.14682169258594513
test_protein_326,0.43536588549613953
test_protein_324,0.32646849751472473
test_protein_327,0.10970323532819748
test_protein_331,0.29723775386810303
test_protein_337,0.34963211417198181
test_protein_335,0.12766878306865692
test_protein_328,0.05207003653049469
test_protein_333,0.44503480195999146
test_protein_332,0.3633849024772644
test_protein_334,0.55171406269073486
test_protein_330,0.023133644834160805
test_protein_344,0.42280358076095581
test_protein_340,0.5435677170753479
test_protein_341,0.0076407743617892265
test_protein_339,0.55317497253417969
test_protein_345,0.27865812182426453
test_protein_336,0.22308585047721863
test_protein_346,0.52174091339111328
test_protein_338,0.23855501413345337
test_protein_342,0.6403576135635376
test_protein_343,0.33143186569213867
test_protein_349,0.47462943196296692
test_protein_354,0.21088506281375885
test_protein_352,0.64433950185775757
test_protein_353,0.37928718328475952
test_protein_348,0.34360364079475403
test_protein_351,0.035616736859083176
test_protein_356,0.071495823562145233
test_protein_347,0.22273088991641998
test_protein_350,0.49028044939041138
test_protein_359,0.3800700306892395
test_protein_361,0.37740045785903931
test_protein_362,0.495515376329422
test_protein_360,0.064504049718379974
test_protein_355,0.20393866300582886
test_protein_365,0.48782452940940857
test_protein_368,0.11926960200071335
test_protein_358,0.80267971754074097
test_protein_364,0.47600218653678894
test_protein_357,0.65341305732727051
test_protein_366,0.10547691583633423
test_protein_370,0.49083042144775391
test_protein_363,0.63653767108917236
test_protein_367,0.11872094869613647
test_protein_369,0.11159943044185638
test_protein_371,0.56166744232177734
test_protein_377,0.90736484527587891
test_protein_376,0.88387131690979004
test_protein_379,0.32427304983139038
test_protein_373,0.38138368725776672
test_protein_380,0.45588770508766174
test_protein_375,0.51056516170501709
test_protein_374,0.41744843125343323
test_protein_372,0.64616882801055908
test_protein_383,0.16493596136569977
test_protein_382,0.23072159290313721
test_protein_384,0.15389709174633026
test_protein_385,2.8522385946416762e-06
test_protein_378,0.56564861536026001
test_protein_381,0.14063814282417297
test_protein_386,0.0084869926795363426
test_protein_387,0.22521115839481354
test_protein_388,0.36869266629219055
test_protein_389,0.44169536232948303
test_protein_392,0.90694212913513184
test_protein_393,0.14270295202732086
test_protein_390,0.36543387174606323
test_protein_391,0.13303132355213165
test_protein_398,0.05619010329246521
test_protein_394,0.13324441015720367
test_protein_397,0.55132675170898438
test_protein_395,0.66293042898178101
test_protein_400,0.56686878204345703
test_protein_405,0.187138631939888
test_protein_403,0.38272300362586975
test_protein_404,0.34806060791015625
test_protein_399,0.7488982081413269
test_protein_396,0.36231788992881775
test_protein_401,0.62988525629043579
test_protein_402,0.33998760581016541
test_protein_407,0.62449836730957031
test_protein_414,0.3555607795715332
test_protein_406,6.2164411929188645e-07
test_protein_413,0.54940611124038696
test_protein_412,0.057803712785243988
test_protein_411,0.4286503791809082
test_protein_408,0.48065182566642761
test_protein_416,0.32394620776176453
test_protein_410,0.31501835584640503
test_protein_409,0.20305797457695007
test_protein_415,0.56116789579391479
test_protein_417,0.25548049807548523
test_protein_423,0.52874875068664551
test_protein_424,0.94726002216339111
test_protein_419,0.19871619343757629
test_protein_421,0.12166079878807068
test_protein_422,0.16421526670455933
test_protein_420,0.41732096672058105
test_protein_418,0.35569027066230774
test_protein_428,0.28631740808486938
test_protein_426,0.1485133022069931
test_protein_431,0.043589357286691666
test_protein_427,0.2612500786781311
test_protein_429,0.019490528851747513
test_protein_430,0.11216986179351807
test_protein_425,0.44918999075889587
test_protein_433,0.086684219539165497
test_protein_434,0.17928321659564972
test_protein_432,0.099957644939422607
test_protein_435,0.078359462320804596
test_protein_437,0.15112699568271637
test_protein_436,0.30509716272354126
test_protein_438,0.07268127053976059
test_protein_439,0.32143071293830872
test_protein_441,0.00034510577097535133
test_protein_445,0.60821884870529175
test_protein_443,0.80836772918701172
test_protein_446,0.40425336360931396
test_protein_442,0.69350916147232056
test_protein_440,0.14765165746212006
test_protein_447,0.085562810301780701
test_protein_451,0.51697301864624023
test_protein_454,0.29958546161651611
test_protein_450,0.26575952768325806
test_protein_444,0.33300730586051941
test_protein_449,0.49488785862922668
test_protein_459,0.44141358137130737
test_protein_448,0.035681784152984619
test_protein_453,0.070351585745811462
test_protein_464,0.39217659831047058
test_protein_456,0.33753311634063721
test_protein_457,0.20929872989654541
test_protein_461,0.42937934398651123
test_protein_455,0.36366766691207886
test_protein_460,0.21862535178661346
test_protein_452,0.41386988759040833
test_protein_458,0.31404349207878113
test_protein_462,0.017973648384213448
test_protein_463,0.2734915018081665
test_protein_467,0.05580507218837738
test_protein_465,0.67375928163528442
test_protein_466,0.42695018649101257
test_protein_473,0.63443887233734131
test_protein_474,0.37592148780822754
test_protein_475,0.17888489365577698
test_protein_471,0.59751206636428833
test_protein_470,0.28454038500785828
test_protein_468,0.14889872074127197
test_protein_469,0.027566730976104736
test_protein_472,0.00065717846155166626
test_protein_476,0.27838519215583801
test_protein_480,0.024526333436369896
test_protein_482,0.27707752585411072
test_protein_477,0.37931498885154724
test_protein_481,0.19733013212680817
test_protein_479,0.12594775855541229
test_protein_478,0.09835004061460495
test_protein_486,0.034148655831813812
test_protein_483,0.16429951786994934
test_protein_487,0.5201416015625
test_protein_484,0.44812178611755371
test_protein_488,0.55668312311172485
test_protein_485,0.20378150045871735
test_protein_491,0.30739179253578186
test_protein_490,0.28537291288375854
test_protein_489,0.0093667153269052505
test_protein_495,0.66504883766174316
test_protein_493,0.032942581921815872
test_protein_492,0.50481694936752319
test_protein_498,0.72453153133392334
test_protein_494,0.035231757909059525
test_protein_500,0.16822107136249542
test_protein_501,0.16158045828342438
test_protein_499,0.30303511023521423
test_protein_497,0.1302027702331543
test_protein_496,0.1212947890162468
test_protein_502,0.16129790246486664
test_protein_504,0.014048587530851364
test_protein_505,0.61561650037765503
test_protein_503,0.1442602127790451
test_protein_506,0.21606254577636719
test_protein_507,0.33317574858665466
test_protein_508,0.0012376728700473905
test_protein_509,0.63867133855819702
test_protein_513,0.28887510299682617
test_protein_511,0.21533027291297913
test_protein_512,0.97014826536178589
test_protein_516,0.81666827201843262
test_protein_514,0.90360510349273682
test_protein_515,0.38748744130134583
test_protein_517,0.62579923868179321
test_protein_518,0.47166818380355835
test_protein_527,0.0071410373784601688
test_protein_510,0.23087447881698608
test_protein_519,0.38205087184906006
test_protein_520,0.41930419206619263
test_protein_528,0.87360531091690063
test_protein_521,0.55557501316070557
test_protein_525,0.00021356841898523271
test_protein_523,0.047536157071590424
test_protein_522,0.53996556997299194
test_protein_529,0.032739117741584778
test_protein_530,0.4470333456993103
test_protein_531,0.62566852569580078
test_protein_532,0.60262167453765869
test_protein_526,0.005387540441006422
test_protein_524,2.8354606911307201e-05
test_protein_537,0.41474735736846924
test_protein_535,0.38820073008537292
test_protein_533,0.0074584195390343666
test_protein_534,0.4867035448551178
test_protein_536,0.066650919616222382
test_protein_539,0.59150117635726929
test_protein_542,0.6628449559211731
test_protein_540,0.287893146276474
test_protein_541,0.15688315033912659
test_protein_544,0.31266233325004578
test_protein_538,0.58197754621505737
test_protein_548,0.23778112232685089
test_protein_546,0.33060440421104431
test_protein_549,0.87407600879669189
test_protein_547,0.55333852767944336
test_protein_545,0.42888689041137695
test_protein_543,0.21972410380840302
test_protein_551,0.23658885061740875
test_protein_554,0.13440795242786407
test_protein_550,0.48063334822654724
test_protein_555,0.00011428725701989606
test_protein_557,0.10527966916561127
test_protein_559,0.52066797018051147
test_protein_552,0.41056644916534424
test_protein_556,0.36776408553123474
test_protein_558,0.30335596203804016
test_protein_553,0.17684701085090637
test_protein_561,0.1213836669921875
test_protein_565,0.24594347178936005
test_protein_569,0.22230364382266998
test_protein_568,0.45917594432830811
test_protein_563,0.21120299398899078
test_protein_562,0.076341539621353149
test_protein_560,0.29428479075431824
test_protein_571,0.57173103094100952
test_protein_564,0.32499685883522034
test_protein_566,0.54236960411071777
test_protein_567,0.37841817736625671
test_protein_572,0.88826769590377808
test_protein_573,0.055067114531993866
test_protein_574,0.59629440307617188
test_protein_570,0.30715435743331909
test_protein_575,0.4211793839931488
test_protein_582,0.41234868764877319
test_protein_583,0.23712806403636932
test_protein_576,0.78963816165924072
test_protein_581,0.29349148273468018
test_protein_579,0.011901943944394588
test_protein_578,0.43757545948028564
test_protein_577,0.3849169909954071
test_protein_586,0.82107347249984741
test_protein_584,0.73886942863464355
test_protein_585,0.49366578459739685
test_protein_580,0.44323000311851501
test_protein_592,0.71902823448181152
test_protein_590,0.30285492539405823
test_protein_587,0.64960026741027832
test_protein_591,0.45416253805160522
test_protein_588,0.63617253303527832
test_protein_595,0.65393400192260742
test_protein_601,0.44150295853614807
test_protein_596,0.34084954857826233
test_protein_589,0.3638058602809906
test_protein_598,0.48965024948120117
test_protein_593,0.34123227000236511
test_protein_597,0.021755073219537735
test_protein_599,0.15682835876941681
test_protein_594,0.37282916903495789
test_protein_602,0.3284071683883667
test_protein_604,0.90968930721282959
test_protein_606,0.43541976809501648
test_protein_600,0.48618504405021667
test_protein_607,0.075832121074199677
test_protein_605,0.012543903663754463
test_protein_603,0.82274842262268066
test_protein_608,0.23516605794429779
test_protein_611,0.1546567976474762
test_protein_614,0.45692256093025208
test_protein_615,0.9654465913772583
test_protein_610,0.17964743077754974
test_protein_619,0.038202941417694092
test_protein_612,0.26175791025161743
test_protein_616,0.25194531679153442
test_protein_613,0.40191107988357544
test_protein_609,0.41910281777381897
test_protein_617,0.019303200766444206
test_protein_618,0.26797664165496826
test_protein_620,0.7380492091178894
test_protein_622,0.52548593282699585
test_protein_625,0.3008866012096405
test_protein_631,0.32234793901443481
test_protein_626,0.50177663564682007
test_protein_621,0.47331428527832031
test_protein_627,0.30297204852104187
test_protein_624,0.43143004179000854
test_protein_623,0.23318572342395782
test_protein_628,0.58667874336242676
test_protein_633,0.28637406229972839
test_protein_630,0.9921879768371582
test_protein_629,0.5113186240196228
test_protein_632,0.49323642253875732
test_protein_636,0.031663179397583008
test_protein_642,0.17716734111309052
test_protein_641,0.15597395598888397
test_protein_634,0.33883020281791687
test_protein_638,0.37734472751617432
test_protein_639,0.003003027755767107
test_protein_635,0.69148755073547363
test_protein_637,0.33209022879600525
test_protein_640,0.23375268280506134
test_protein_646,0.57418733835220337
test_protein_647,0.0052643939852714539
test_protein_644,0.0026061036624014378
test_protein_645,0.0026924207340925932
test_protein_649,0.033688336610794067
test_protein_648,0.0075325365178287029
test_protein_643,0.0077436934225261211
test_protein_653,0.0060063847340643406
test_protein_650,0.019444368779659271
test_protein_652,0.017353549599647522
test_protein_651,0.61169028282165527
test_protein_655,0.15830577909946442
test_protein_656,0.039199713617563248
test_protein_654,0.072681903839111328
test_protein_662,0.045416105538606644
test_protein_657,0.14309313893318176
test_protein_660,0.02322874404489994
test_protein_661,0.013527120463550091
test_protein_663,0.60081171989440918
test_protein_659,0.17901955544948578
test_protein_664,0.90894567966461182
test_protein_658,0.81137150526046753
test_protein_665,0.76529604196548462
test_protein_669,0.063595771789550781
test_protein_667,0.20857490599155426
test_protein_670,0.026366624981164932
test_protein_674,0.5801088809967041
test_protein_671,0.31111162900924683
test_protein_666,0.84069901704788208
test_protein_668,0.12148050963878632
test_protein_680,0.27746453881263733
test_protein_675,0.02049265056848526
test_protein_676,0.0038116031792014837
test_protein_684,0.2626604437828064
test_protein_672,0.79264134168624878
test_protein_677,0.55567878484725952
test_protein_673,0.99392032623291016
test_protein_678,0.77404493093490601
test_protein_683,0.022510087117552757
test_protein_679,0.022755412384867668
test_protein_682,0.055989891290664673
test_protein_681,0.026686729863286018
test_protein_688,0.047377102077007294
test_protein_689,0.80932509899139404
test_protein_691,0.3162720799446106
test_protein_685,0.17230704426765442
test_protein_687,0.0048343036323785782
test_protein_686,0.0481422059237957
test_protein_693,0.015119576826691628
test_protein_694,0.46924883127212524
test_protein_690,0.68802857398986816
test_protein_692,0.67828500270843506
test_protein_703,0.1371651291847229
test_protein_698,0.18333235383033752
test_protein_700,0.017337003722786903
test_protein_696,0.76525402069091797
test_protein_695,0.044951394200325012
test_protein_701,0.41541400551795959
test_protein_699,0.021779626607894897
test_protein_704,0.13769030570983887
test_protein_697,0.027084037661552429
test_protein_706,0.044004108756780624
test_protein_705,0.31071439385414124
test_protein_702,0.22361509501934052
test_protein_712,0.15426146984100342
test_protein_708,0.47105506062507629
test_protein_707,0.43879184126853943
test_protein_709,0.16984479129314423
test_protein_711,0.0069075725041329861
test_protein_710,0.67680132389068604
test_protein_715,0.01749279722571373
test_protein_716,0.32025745511054993
test_protein_713,0.094864986836910248
test_protein_721,0.24211163818836212
test_protein_714,0.052494537085294724
test_protein_719,0.55576282739639282
test_protein_720,0.010654269717633724
test_protein_717,0.036582048982381821
test_protein_723,0.070070892572402954
test_protein_718,0.66185450553894043
test_protein_722,0.54464602470397949
test_protein_725,0.060064263641834259
test_protein_730,0.50592416524887085
test_protein_726,0.22108805179595947
test_protein_729,0.43458756804466248
test_protein_727,0.7116050124168396
test_protein_724,0.55719369649887085
test_protein_732,0.15608929097652435
test_protein_728,0.17697891592979431
test_protein_731,0.47878524661064148
test_protein_733,0.76835924386978149
test_protein_736,0.0036516140680760145
test_protein_737,0.046955104917287827
test_protein_735,0.04622785747051239
test_protein_739,0.28694906830787659
test_protein_734,0.36376410722732544
test_protein_741,0.52250802516937256
test_protein_747,0.8529430627822876
test_protein_738,0.035622432827949524
test_protein_743,0.023306583985686302
test_protein_745,0.19533061981201172
test_protein_742,0.033191036432981491
test_protein_740,0.70936989784240723
test_protein_744,0.15330120921134949
test_protein_746,0.010097943246364594
test_protein_748,0.63311582803726196
test_protein_750,0.81235551834106445
test_protein_752,0.55545836687088013
test_protein_755,0.0088883768767118454
test_protein_754,0.51068955659866333
test_protein_753,0.90378463268280029
test_protein_757,0.73649764060974121
test_protein_751,0.1710239052772522
test_protein_749,0.56283825635910034
test_protein_756,0.22676537930965424
test_protein_760,0.032142076641321182
test_protein_758,0.50005793571472168
test_protein_761,0.097412995994091034
test_protein_764,0.49087899923324585
test_protein_763,0.44745078682899475
test_protein_762,0.17636829614639282
test_protein_759,0.51946514844894409
test_protein_768,0.1317722350358963
test_protein_765,0.80905026197433472
test_protein_771,0.81252288818359375
test_protein_767,0.79169267416000366
test_protein_769,0.070261448621749878
test_protein_772,0.189234659075737
test_protein_773,0.0057470817118883133
test_protein_776,0.64380806684494019
test_protein_766,0.028622081503272057
test_protein_774,0.073123112320899963
test_protein_777,0.55318772792816162
test_protein_778,0.89049828052520752
test_protein_779,0.60471993684768677
test_protein_770,0.56337577104568481
test_protein_775,0.69123542308807373
test_protein_780,0.89589530229568481
test_protein_781,0.62416732311248779
test_protein_783,0.78178197145462036
test_protein_784,0.88075411319732666
test_protein_782,0.94086039066314697
test_protein_785,0.044322479516267776
test_protein_787,0.2313411682844162
test_protein_786,0.34552094340324402
test_protein_788,0.17186744511127472
test_protein_789,0.25156527757644653
test_protein_790,0.3717930018901825
test_protein_795,0.019684877246618271
test_protein_794,0.0010844510979950428
test_protein_792,0.02391863614320755
test_protein_791,0.22682391107082367
test_protein_798,0.22810594737529755
test_protein_797,0.12944906949996948
test_protein_796,0.61048805713653564
test_protein_793,0.27289727330207825
test_protein_800,0.041192475706338882
test_protein_799,0.86127001047134399
test_protein_805,0.31414660811424255
test_protein_801,0.18385063111782074
test_protein_807,0.72557663917541504
test_protein_802,0.025603480637073517
test_protein_810,0.0097377505153417587
test_protein_809,0.01682458259165287
test_protein_808,0.21392197906970978
test_protein_804,0.23245622217655182
test_protein_806,0.0028333151713013649
test_protein_803,0.49370965361595154
test_protein_813,0.0037446450442075729
test_protein_811,0.0049703111872076988
test_protein_812,0.51557862758636475
test_protein_815,0.0037275725044310093
test_protein_814,0.0067515159025788307
test_protein_816,1.3002837476960849e-05
test_protein_819,0.47512465715408325
test_protein_817,0.067564293742179871
test_protein_820,0.66811835765838623
test_protein_818,0.80885285139083862
test_protein_821,0.25015163421630859
test_protein_823,0.12001889944076538
test_protein_822,0.33611565828323364
test_protein_828,0.27821841835975647
test_protein_825,0.12192483991384506
test_protein_830,0.10414465516805649
test_protein_832,0.10644138604402542
test_protein_827,0.0012355054495856166
test_protein_824,7.265951808221871e-06
test_protein_833,0.086214415729045868
test_protein_826,0.15018989145755768
test_protein_831,0.62808114290237427
test_protein_829,0.00079614820424467325
test_protein_839,0.02617872878909111
test_protein_842,0.16604575514793396
test_protein_836,0.92375338077545166
test_protein_835,0.25074717402458191
test_protein_834,0.20022210478782654
test_protein_837,0.48445561528205872
test_protein_838,0.16675211489200592
test_protein_846,0.33963140845298767
test_protein_840,0.047612763941287994
test_protein_843,0.0023846512194722891
test_protein_841,0.018733223900198936
test_protein_844,0.033354412764310837
test_protein_845,0.11126530170440674
test_protein_852,0.1297408789396286
test_protein_850,0.098819822072982788
test_protein_847,0.309091717004776
test_protein_855,0.50340163707733154
test_protein_848,0.00030222447821870446
test_protein_849,0.002623304259032011
test_protein_854,0.074825964868068695
test_protein_853,0.10366929322481155
test_protein_851,0.0077309240587055683
test_protein_864,0.60168361663818359
test_protein_856,0.57280468940734863
test_protein_860,0.20373474061489105
test_protein_859,0.16425815224647522
test_protein_858,0.35184475779533386
test_protein_861,0.420042484998703
test_protein_857,0.19910179078578949
test_protein_863,0.32350894808769226
test_protein_862,0.80943083763122559
test_protein_866,0.43117764592170715
test_protein_865,0.49551099538803101
test_protein_868,0.065949335694313049
test_protein_867,0.41340193152427673
test_protein_871,0.11260209977626801
test_protein_873,0.0038051246665418148
test_protein_875,0.079023569822311401
test_protein_872,0.31220054626464844
test_protein_874,0.084866136312484741
test_protein_877,0.37333676218986511
test_protein_869,0.28918513655662537
test_protein_878,0.27825227379798889
test_protein_879,0.48357671499252319
test_protein_870,0.02745269238948822
test_protein_876,0.29159295558929443
test_protein_884,0.00014835360343568027
test_protein_886,0.93120193481445312
test_protein_881,0.43310573697090149
test_protein_882,0.54248881340026855
test_protein_883,0.0025497549213469028
test_protein_880,0.19675007462501526
test_protein_885,0.059081587940454483
test_protein_887,0.42574504017829895
test_protein_891,0.67282325029373169
test_protein_894,0.57173770666122437
test_protein_889,0.57285577058792114
test_protein_888,0.95023059844970703
test_protein_893,0.016325708478689194
test_protein_892,0.81804221868515015
test_protein_897,0.81649178266525269
test_protein_895,0.52582114934921265
test_protein_898,0.97792679071426392
test_protein_896,0.99371331930160522
test_protein_890,0.30267000198364258
test_protein_899,0.068689852952957153
test_protein_903,0.66166651248931885
test_protein_904,0.25337249040603638
test_protein_900,0.34657928347587585
test_protein_902,0.317059725522995
test_protein_901,0.29082989692687988
test_protein_910,0.37469673156738281
test_protein_906,0.13856539130210876
test_protein_909,0.25506988167762756
test_protein_905,0.74086087942123413
test_protein_908,0.55439740419387817
test_protein_907,0.81017720699310303
test_protein_911,0.87655347585678101
test_protein_914,0.23535384237766266
test_protein_913,0.30915886163711548
test_protein_917,0.10850179195404053
test_protein_915,0.008432348258793354
test_protein_912,0.76128911972045898
test_protein_916,0.00057723530335351825
test_protein_922,0.43288138508796692
test_protein_918,0.3520551323890686
test_protein_921,0.18899284303188324
test_protein_923,0.20172792673110962
test_protein_919,0.41478484869003296
test_protein_926,0.13409282267093658
test_protein_920,0.43197348713874817
test_protein_925,0.15743817389011383
test_protein_924,0.36998125910758972
test_protein_927,0.0040382882580161095
test_protein_935,0.41418826580047607
test_protein_936,0.55861788988113403
test_protein_933,0.40034082531929016
test_protein_928,0.057139847427606583
test_protein_929,0.18173845112323761
test_protein_934,0.20463310182094574
test_protein_930,0.3014189600944519
test_protein_931,0.38848063349723816
test_protein_932,0.34553283452987671
test_protein_939,0.038966383785009384
test_protein_938,0.29476672410964966
test_protein_937,0.40022176504135132
test_protein_940,0.23390607535839081
test_protein_944,0.090006761252880096
test_protein_950,0.16594049334526062
test_protein_946,0.00047331131645478308
test_protein_942,0.73360198736190796
test_protein_943,0.53394472599029541
test_protein_941,0.99717366695404053
test_protein_948,0.17010772228240967
test_protein_951,0.033593807369470596
test_protein_947,0.40728139877319336
test_protein_945,0.48093113303184509
test_protein_949,0.44705313444137573
test_protein_952,0.44228118658065796
test_protein_956,0.95696544647216797
test_protein_955,0.27615639567375183
test_protein_954,0.59555131196975708
test_protein_958,0.1789558082818985
test_protein_953,0.54061543941497803
test_protein_959,0.31778189539909363
test_protein_957,0.13963282108306885
test_protein_965,0.13345395028591156
test_protein_963,0.033217970281839371
test_protein_962,0.18978908658027649
test_protein_960,4.9927552936424036e-06
test_protein_961,0.34117928147315979
test_protein_964,0.35440805554389954
test_protein_967,0.28902941942214966
test_protein_969,0.53487920761108398
test_protein_966,0.22514349222183228
test_protein_970,0.061541065573692322
test_protein_973,5.0361628382233903e-05
test_protein_968,0.4600759744644165
test_protein_974,0.45657625794410706
test_protein_972,0.99850547313690186
test_protein_976,0.13252913951873779
test_protein_975,0.040070198476314545
test_protein_971,0.23230330646038055
test_protein_980,0.12806132435798645
test_protein_984,0.01490081287920475
test_protein_977,0.41275143623352051
test_protein_981,0.0026953341439366341
test_protein_979,0.051581136882305145
test_protein_983,0.68792849779129028
test_protein_978,0.32518354058265686
test_protein_985,0.55939280986785889
test_protein_982,0.40688806772232056
test_protein_986,0.0089061306789517403
test_protein_988,0.53355616331100464
test_protein_989,0.044719275087118149
test_protein_994,0.63861966133117676
test_protein_991,0.54467666149139404
test_protein_1001,0.27741685509681702
test_protein_990,0.01193927600979805
test_protein_992,0.60857802629470825
test_protein_993,0.73324912786483765
test_protein_997,0.10049499571323395
test_protein_995,0.044326398521661758
test_protein_987,0.30692729353904724
test_protein_998,0.47064697742462158
test_protein_996,0.5755687952041626
test_protein_1002,0.24952585995197296
test_protein_999,0.48115134239196777
test_protein_1000,0.53117746114730835
test_protein_1003,0.52079260349273682
test_protein_1004,0.22341389954090118
test_protein_1009,0.091574348509311676
test_protein_1012,0.026894064620137215
test_protein_1007,0.45543470978736877
test_protein_1010,0.46811532974243164
test_protein_1011,0.20689921081066132
test_protein_1006,0.6322968602180481
test_protein_1005,0.21843129396438599
test_protein_1008,0.25458666682243347
test_protein_1015,0.25811010599136353
test_protein_1014,0.00019699538825079799
test_protein_1019,0.4278138279914856
test_protein_1013,0.390220046043396
test_protein_1016,0.63235533237457275
test_protein_1017,0.44979855418205261
test_protein_1021,0.48211011290550232
test_protein_1018,0.53264099359512329
test_protein_1024,4.1466748371021822e-05
test_protein_1022,0.2070489227771759
test_protein_1020,0.40222349762916565
test_protein_1026,0.99197900295257568
test_protein_1027,0.19277673959732056
test_protein_1023,0.58920645713806152
test_protein_1028,0.068142898380756378
test_protein_1029,0.1932942271232605
test_protein_1030,0.1349027007818222
test_protein_1025,0.39839485287666321
test_protein_1035,0.43186628818511963
test_protein_1033,0.044852130115032196
test_protein_1031,0.19433771073818207
test_protein_1037,0.030920105054974556
test_protein_1036,0.32589751482009888
test_protein_1038,0.099002547562122345
test_protein_1034,0.066001616418361664
test_protein_1044,0.80465865135192871
test_protein_1039,0.98649328947067261
test_protein_1032,0.19053830206394196
test_protein_1040,0.81044107675552368
test_protein_1043,0.85520660877227783
test_protein_1042,0.63168686628341675
test_protein_1046,0.85238039493560791
test_protein_1054,0.32797253131866455
test_protein_1045,0.59825152158737183
test_protein_1041,0.58345544338226318
test_protein_1050,0.21306654810905457
test_protein_1047,0.32708257436752319
test_protein_1053,0.18411555886268616
test_protein_1048,0.1160760372877121
test_protein_1055,0.2933027446269989
test_protein_1051,0.41998523473739624
test_protein_1049,0.24768026173114777
test_protein_1052,0.23868703842163086
test_protein_1058,0.10317643731832504
test_protein_1060,0.51338672637939453
test_protein_1061,0.095886871218681335
test_protein_1057,0.090279325842857361
test_protein_1065,0.18297486007213593
test_protein_1062,0.22034209966659546
test_protein_1056,0.21382227540016174
test_protein_1066,0.051090456545352936
test_protein_1063,0.25937885046005249
test_protein_1067,0.037637069821357727
test_protein_1059,0.9957956075668335
test_protein_1064,0.086171470582485199
test_protein_1068,0.11427997797727585
test_protein_1070,0.078390546143054962
test_protein_1074,0.13203084468841553
test_protein_1073,0.079396918416023254
test_protein_1069,0.49278059601783752
test_protein_1077,0.0019029452232643962
test_protein_1075,7.5259340519551188e-05
test_protein_1072,0.28891372680664062
test_protein_1079,0.7341991662979126
test_protein_1071,0.41084587574005127
test_protein_1078,0.28283834457397461
test_protein_1076,0.45531189441680908
test_protein_1089,0.66491341590881348
test_protein_1084,0.46289211511611938
test_protein_1086,0.33101323246955872
test_protein_1083,0.40888625383377075
test_protein_1081,0.55362260341644287
test_protein_1085,0.49259483814239502
test_protein_1082,0.21015153825283051
test_protein_1080,0.52279216051101685
test_protein_1090,0.61591917276382446
test_protein_1088,0.54577326774597168
test_protein_1087,0.45947617292404175
test_protein_1091,0.42425188422203064
test_protein_1095,0.3341841995716095
test_protein_1097,0.42403122782707214
test_protein_1092,0.42243379354476929
test_protein_1093,0.46199265122413635
test_protein_1094,0.49043285846710205
test_protein_1099,0.14364403486251831
test_protein_1096,0.68326377868652344
test_protein_1102,0.73510265350341797
test_protein_1101,0.73005777597427368
test_protein_1100,0.47465959191322327
test_protein_1098,0.31976178288459778
test_protein_1106,0.8443794846534729
test_protein_1107,0.35273244976997375
test_protein_1105,0.056773744523525238
test_protein_1103,0.36433538794517517
test_protein_1112,0.23714587092399597
test_protein_1109,0.87139695882797241
test_protein_1108,0.80401605367660522
test_protein_1111,0.11736187338829041
test_protein_1104,0.20298422873020172
test_protein_1113,0.44991171360015869
test_protein_1115,0.10808093100786209
test_protein_1114,0.016505219042301178
test_protein_1110,0.59363889694213867
test_protein_1119,0.3010847270488739
test_protein_1121,0.90117651224136353
test_protein_1122,0.0019629765301942825
test_protein_1116,0.36592650413513184
test_protein_1124,1.3871010196453426e-05
test_protein_1118,0.22535170614719391
test_protein_1120,0.36833041906356812
test_protein_1117,0.35590434074401855
test_protein_1125,0.0047177155502140522
test_protein_1123,0.65432167053222656
test_protein_1130,0.51290601491928101
test_protein_1128,0.00019396019342821091
test_protein_1127,0.2428504079580307
test_protein_1131,0.87863063812255859
test_protein_1129,0.0037416683044284582
test_protein_1132,0.085493326187133789
test_protein_1135,0.16810515522956848
test_protein_1134,0.27601209282875061
test_protein_1126,0.23333975672721863
test_protein_1138,0.23761999607086182
test_protein_1137,0.07446713000535965
test_protein_1136,0.25047490000724792
test_protein_1142,0.22749882936477661
test_protein_1133,0.21495799720287323
test_protein_1140,0.19299052655696869
test_protein_1139,0.71178370714187622
test_protein_1141,0.6360359787940979
test_protein_1144,0.36270207166671753
test_protein_1146,0.99880671501159668
test_protein_1145,0.014115743339061737
test_protein_1149,0.084616102278232574
test_protein_1148,0.34967267513275146
test_protein_1147,0.32234051823616028
test_protein_1143,0.29223322868347168
test_protein_1151,0.56108003854751587
test_protein_1150,0.43292418122291565
test_protein_1153,0.73797726631164551
test_protein_1152,0.99194592237472534
test_protein_1160,0.095875635743141174
test_protein_1155,0.36797395348548889
test_protein_1156,0.53808039426803589
test_protein_1158,0.68667483329772949
test_protein_1154,0.92658782005310059
test_protein_1159,0.13168501853942871
test_protein_1157,0.84910565614700317
test_protein_1161,0.32741639018058777
test_protein_1166,0.49185988306999207
test_protein_1164,0.39141616225242615
test_protein_1162,0.13490235805511475
test_protein_1165,0.31314685940742493
test_protein_1167,0.021084856241941452
test_protein_1163,0.13967536389827728
test_protein_1168,0.097559705376625061
test_protein_1170,0.55993396043777466
test_protein_1171,0.55156874656677246
test_protein_1169,0.28817504644393921
test_protein_1172,0.12270220369100571
test_protein_1173,0.0010119177168235183
test_protein_1178,0.24961915612220764
test_protein_1175,0.420278400182724
test_protein_1174,6.0356975154718384e-05
test_protein_1176,4.5930137275718153e-05
test_protein_1177,0.27898722887039185
test_protein_1179,0.16502229869365692
test_protein_1180,0.089963242411613464
test_protein_1181,0.1629953533411026
test_protein_1185,0.74676895141601562
test_protein_1191,0.56129598617553711
test_protein_1188,0.76573830842971802
test_protein_1182,0.53897362947463989
test_protein_1184,0.025774780660867691
test_protein_1190,0.54159277677536011
test_protein_1194,0.27437222003936768
test_protein_1186,0.2129465788602829
test_protein_1187,0.99828928709030151
test_protein_1195,0.84436827898025513
test_protein_1189,0.30298346281051636
test_protein_1183,0.32756879925727844
test_protein_1192,0.21262510120868683
test_protein_1197,0.32551795244216919
test_protein_1193,0.72474616765975952
test_protein_1196,0.88720232248306274
test_protein_1199,0.41407972574234009
test_protein_1200,0.015122374519705772
test_protein_1198,0.17799289524555206
test_protein_1201,0.22030928730964661
test_protein_1206,0.054084807634353638
test_protein_1204,0.54762941598892212
test_protein_1208,0.58713614940643311
test_protein_1202,0.43269839882850647
test_protein_1203,0.67578083276748657
test_protein_1207,0.59665137529373169
test_protein_1209,0.053869321942329407
test_protein_1210,0.78578537702560425
test_protein_1211,0.40135383605957031
test_protein_1205,0.45830452442169189
test_protein_1212,0.63947051763534546
test_protein_1228,0.78160154819488525
test_protein_1214,0.019683102145791054
test_protein_1220,0.26289013028144836
test_protein_1216,0.86692988872528076
test_protein_1215,0.77687186002731323
test_protein_1213,0.73216694593429565
test_protein_1218,0.095855996012687683
test_protein_1223,0.76141560077667236
test_protein_1217,0.83115744590759277
test_protein_1222,0.047358967363834381
test_protein_1227,0.92978233098983765
test_protein_1221,0.95986843109130859
test_protein_1219,0.50476932525634766
test_protein_1224,0.037829302251338959
test_protein_1225,0.36663186550140381
test_protein_1232,0.49535238742828369
test_protein_1231,0.5426984429359436
test_protein_1226,0.59290415048599243
test_protein_1229,0.85806316137313843
test_protein_1233,0.91496551036834717
test_protein_1230,0.90826869010925293
test_protein_1234,0.40785887837409973
test_protein_1237,0.56987291574478149
test_protein_1238,0.92129021883010864
test_protein_1240,0.099291600286960602
test_protein_1243,0.57655811309814453
test_protein_1236,0.99604392051696777
test_protein_1235,0.73471570014953613
test_protein_1245,0.61920225620269775
test_protein_1239,0.28344479203224182
test_protein_1242,0.68030780553817749
test_protein_1241,0.47545638680458069
test_protein_1244,0.75233006477355957
test_protein_1247,0.24178901314735413
test_protein_1248,0.65286415815353394
test_protein_1246,0.7938883900642395
test_protein_1250,0.55246156454086304
test_protein_1256,0.096197567880153656
test_protein_1255,0.067428939044475555
test_protein_1253,0.71275222301483154
test_protein_1252,9.5997093012556434e-05
test_protein_1254,0.098768554627895355
test_protein_1251,0.53469806909561157
test_protein_1259,0.29837909340858459
test_protein_1257,0.39665314555168152
test_protein_1249,0.7800176739692688
test_protein_1258,0.31883206963539124
test_protein_1261,0.38097161054611206
test_protein_1263,0.20977586507797241
test_protein_1262,0.072998456656932831
test_protein_1260,0.65086066722869873
test_protein_1265,0.013605231419205666
test_protein_1271,0.10250411182641983
test_protein_1266,0.47106760740280151
test_protein_1268,0.0001316295238211751
test_protein_1264,0.24027976393699646
test_protein_1272,0.35209202766418457
test_protein_1270,0.47871443629264832
test_protein_1277,0.39982664585113525
test_protein_1274,0.0027865217998623848
test_protein_1273,0.23063944280147552
test_protein_1275,0.34456062316894531
test_protein_1278,0.5925215482711792
test_protein_1267,0.40032476186752319
test_protein_1276,0.49438399076461792
test_protein_1269,0.0002316674217581749
test_protein_1280,0.54848796129226685
test_protein_1282,0.020829547196626663
test_protein_1284,0.65238845348358154
test_protein_1283,0.18728671967983246
test_protein_1279,0.48032841086387634
test_protein_1281,0.26841607689857483
test_protein_1288,0.09257575124502182
test_protein_1286,0.44988754391670227
test_protein_1291,0.31144565343856812
test_protein_1285,0.5498652458190918
test_protein_1293,0.0042278999462723732
test_protein_1287,0.75432473421096802
test_protein_1298,0.40029388666152954
test_protein_1296,0.36353260278701782
test_protein_1290,0.72525858879089355
test_protein_1292,0.00057030864991247654
test_protein_1289,0.6031184196472168
test_protein_1301,0.50033974647521973
test_protein_1297,0.0044973078183829784
test_protein_1294,0.26886779069900513
test_protein_1295,0.33866438269615173
test_protein_1299,0.1440500020980835
test_protein_1300,0.3160441517829895
test_protein_1305,0.24561057984828949
test_protein_1304,0.43229749798774719
test_protein_1303,0.24727891385555267
test_protein_1302,0.2292858213186264
test_protein_1307,2.7573374609346502e-05
test_protein_1311,0.16923084855079651
test_protein_1308,0.52579385042190552
test_protein_1309,0.43820935487747192
test_protein_1310,0.13282404839992523
test_protein_1318,0.10227077454328537
test_protein_1312,0.29723760485649109
test_protein_1320,0.22285684943199158
test_protein_1315,0.15476050972938538
test_protein_1313,0.21054062247276306
test_protein_1319,0.78631734848022461
test_protein_1316,0.45088797807693481
test_protein_1306,0.26072108745574951
test_protein_1323,0.35132676362991333
test_protein_1314,0.27308309078216553
test_protein_1317,0.27142345905303955
test_protein_1321,0.24173420667648315
test_protein_1325,0.44022932648658752
test_protein_1324,0.24392588436603546
test_protein_1322,0.30704712867736816
test_protein_1335,0.41487395763397217
test_protein_1326,0.49738034605979919
test_protein_1329,0.19376407563686371
test_protein_1331,0.56330424547195435
test_protein_1328,0.22420549392700195
test_protein_1327,0.51098525524139404
test_protein_1330,0.13077954947948456
test_protein_1332,0.29267087578773499
test_protein_1333,0.87695908546447754
test_protein_1336,0.29494583606719971
test_protein_1337,0.6871371865272522
test_protein_1338,0.64578145742416382
test_protein_1341,0.15958887338638306
test_protein_1334,0.65661913156509399
test_protein_1343,0.55622601509094238
test_protein_1339,0.70770317316055298
test_protein_1340,0.25854507088661194
test_protein_1342,0.56525319814682007
test_protein_1347,0.6965828537940979
test_protein_1344,0.64898526668548584
test_protein_1346,0.68275147676467896
test_protein_1345,0.35418999195098877
test_protein_1350,0.50685155391693115
test_protein_1349,0.266196608543396
test_protein_1352,0.5323827862739563
test_protein_1348,0.49913942813873291
test_protein_1351,0.49266475439071655
test_protein_1353,0.16989496350288391
test_protein_1354,0.24688372015953064
test_protein_1355,0.50509047508239746
test_protein_1358,0.51570224761962891
test_protein_1356,0.42575934529304504
test_protein_1357,0.34503677487373352
test_protein_1363,0.09526003897190094
test_protein_1359,0.49274691939353943
test_protein_1362,0.21965721249580383
test_protein_1369,0.096062414348125458
test_protein_1367,0.20558454096317291
test_protein_1371,0.27706876397132874
test_protein_1365,0.7318727970123291
test_protein_1372,0.41614037752151489
test_protein_1361,0.043272092938423157
test_protein_1370,0.52004659175872803
test_protein_1366,0.69188469648361206
test_protein_1360,0.3406853973865509
test_protein_1368,0.1215333417057991
test_protein_1364,0.62902301549911499
test_protein_1373,0.33993002772331238
test_protein_1376,0.019426260143518448
test_protein_1379,0.69439107179641724
test_protein_1375,0.44901594519615173
test_protein_1374,0.39323544502258301
test_protein_1377,0.095690533518791199
test_protein_1382,0.43035179376602173
test_protein_1383,0.34154489636421204
test_protein_1381,0.58528691530227661
test_protein_1389,0.21876958012580872
test_protein_1386,0.41747012734413147
test_protein_1380,0.00030567226349376142
test_protein_1387,0.59099602699279785
test_protein_1385,0.62253451347351074
test_protein_1378,0.58926159143447876
test_protein_1388,0.31299722194671631
test_protein_1392,0.1188301146030426
test_protein_1391,0.18657511472702026
test_protein_1384,0.10004584491252899
test_protein_1390,0.14769962430000305
test_protein_1393,0.9122888445854187
test_protein_1394,0.10496451705694199
test_protein_1395,0.57097899913787842
test_protein_1396,0.22440169751644135
test_protein_1398,0.37267360091209412
test_protein_1397,0.52651125192642212
test_protein_1406,0.19451653957366943
test_protein_1404,0.28998279571533203
test_protein_1402,0.53093957901000977
test_protein_1408,0.24725237488746643
test_protein_1405,0.047188218683004379
test_protein_1401,0.38619914650917053
test_protein_1399,0.14489227533340454
test_protein_1403,0.53142744302749634
test_protein_1400,0.76878762245178223
test_protein_1411,0.15519073605537415
test_protein_1412,0.21260158717632294
test_protein_1407,0.75326073169708252
test_protein_1413,0.44635406136512756
test_protein_1409,0.19635701179504395
test_protein_1410,0.10904442518949509
test_protein_1414,0.30839499831199646
test_protein_1415,0.24915482103824615
test_protein_1417,0.17069396376609802
test_protein_1420,0.49541366100311279
test_protein_1423,0.080532915890216827
test_protein_1422,0.0076398961246013641
test_protein_1424,0.56332355737686157
test_protein_1416,0.36910355091094971
test_protein_1421,0.12325333803892136
test_protein_1419,0.55495929718017578
test_protein_1418,0.61028939485549927
test_protein_1426,0.52936118841171265
test_protein_1430,0.038950823247432709
test_protein_1429,0.04818231612443924
test_protein_1427,0.033946763724088669
test_protein_1425,0.30731937289237976
test_protein_1433,0.67007511854171753
test_protein_1428,0.024943895637989044
test_protein_1431,0.008609449490904808
test_protein_1440,0.73865789175033569
test_protein_1437,0.77532851696014404
test_protein_1442,0.36386862397193909
test_protein_1436,0.25364407896995544
test_protein_1432,0.65307879447937012
test_protein_1438,0.6010667085647583
test_protein_1434,0.43543383479118347
test_protein_1439,0.3647838830947876
test_protein_1435,0.41652107238769531
test_protein_1443,0.025717070326209068
test_protein_1441,0.38196155428886414
test_protein_1450,0.061977021396160126
test_protein_1451,0.064572125673294067
test_protein_1452,0.11812324076890945
test_protein_1446,0.038101185113191605
test_protein_1448,0.20223517715930939
test_protein_1447,0.31243664026260376
test_protein_1449,0.32734805345535278
test_protein_1445,0.27422222495079041
test_protein_1444,0.066766820847988129
test_protein_1456,0.15392026305198669
test_protein_1460,0.40380859375
test_protein_1453,0.11595407128334045
test_protein_1458,0.23547136783599854
test_protein_1459,0.08157125860452652
test_protein_1466,0.0071749519556760788
test_protein_1464,0.56515151262283325
test_protein_1455,0.39154365658760071
test_protein_1463,0.22205391526222229
test_protein_1454,0.45867264270782471
test_protein_1457,0.008617796003818512
test_protein_1465,0.15971775352954865
test_protein_1462,0.49008813500404358
test_protein_1461,0.37172818183898926
test_protein_1467,0.47571307420730591
test_protein_1470,0.11949456483125687
test_protein_1469,0.13074867427349091
test_protein_1472,0.020899033173918724
test_protein_1473,0.12243667989969254
test_protein_1476,0.15387009084224701
test_protein_1471,0.0049113985151052475
test_protein_1475,0.18413512408733368
test_protein_1468,0.13653506338596344
test_protein_1477,0.30675843358039856
test_protein_1474,0.50955438613891602
test_protein_1478,0.20369155704975128
test_protein_1480,0.47010135650634766
test_protein_1479,0.095761738717556
test_protein_1485,0.5196843147277832
test_protein_1484,0.1588783860206604
test_protein_1481,0.10991343110799789
test_protein_1486,0.26502689719200134
test_protein_1488,0.92748492956161499
test_protein_1483,0.21979731321334839
test_protein_1487,0.30582815408706665
test_protein_1490,0.5712209939956665
test_protein_1482,0.25569155812263489
test_protein_1492,0.0071446150541305542
test_protein_1489,0.9274284839630127
test_protein_1497,0.019290080294013023
test_protein_1495,0.34341591596603394
test_protein_1493,0.11445336043834686
test_protein_1499,0.43862229585647583
test_protein_1491,0.68745726346969604
test_protein_1494,0.30096396803855896
test_protein_1498,0.00033687090035527945
test_protein_1496,0.031932473182678223
test_protein_1500,8.0571982834953815e-05
test_protein_1504,0.33317574858665466
test_protein_1502,0.12780526280403137
test_protein_1507,0.99837327003479004
test_protein_1508,0.00041012011934071779
test_protein_1506,0.99561774730682373
test_protein_1505,0.57534384727478027
test_protein_1503,0.022186534479260445
test_protein_1501,0.00017919023230206221
test_protein_1509,0.3689981997013092
test_protein_1510,0.26802468299865723
test_protein_1512,0.22214870154857635
test_protein_1511,0.31418192386627197
test_protein_1514,0.31254494190216064
test_protein_1519,0.073168307542800903
test_protein_1513,0.076663583517074585
test_protein_1517,0.2304212749004364
test_protein_1516,0.16071966290473938
test_protein_1518,0.51785570383071899
test_protein_1515,0.58173185586929321
test_protein_1521,0.19088970124721527
test_protein_1522,3.1171875889413059e-05
test_protein_1520,0.2077995091676712
test_protein_1523,0.49823015928268433
test_protein_1527,0.43124845623970032
test_protein_1526,0.23006519675254822
test_protein_1528,0.8632737398147583
test_protein_1525,0.088744297623634338
test_protein_1532,0.99953699111938477
test_protein_1524,0.26268258690834045
test_protein_1530,0.27618587017059326
test_protein_1533,0.0074958018958568573
test_protein_1531,0.049559738487005234
test_protein_1529,0.89390641450881958
test_protein_1534,0.55149823427200317
test_protein_1540,0.056402113288640976
test_protein_1537,0.24789862334728241
test_protein_1539,0.1208704337477684
test_protein_1538,0.27634572982788086
test_protein_1535,0.34057822823524475
test_protein_1544,0.42660188674926758
test_protein_1542,0.15932965278625488
test_protein_1543,0.56423550844192505
test_protein_1536,0.32483243942260742
test_protein_1545,0.08159203827381134
test_protein_1548,7.9091114457696676e-07
test_protein_1546,0.13169102370738983
test_protein_1541,0.095206387341022491
test_protein_1550,0.18768391013145447
test_protein_1552,0.27062004804611206
test_protein_1551,0.8066178560256958
test_protein_1549,0.2927992045879364
test_protein_1555,0.23103414475917816
test_protein_1554,0.2947080135345459
test_protein_1559,0.55360203981399536
test_protein_1557,0.45950037240982056
test_protein_1556,0.48220202326774597
test_protein_1553,0.52847146987915039
test_protein_1558,0.19305984675884247
test_protein_1547,0.33598500490188599
test_protein_1563,0.53337788581848145
test_protein_1562,0.31500387191772461
test_protein_1564,0.43460255861282349
test_protein_1561,0.05823180079460144
test_protein_1568,0.10983297973871231
test_protein_1567,0.24765762686729431
test_protein_1569,0.3147202730178833
test_protein_1572,0.11801072955131531
test_protein_1566,0.41700559854507446
test_protein_1560,0.29308664798736572
test_protein_1565,0.29121831059455872
test_protein_1571,0.096914559602737427
test_protein_1570,0.13055229187011719
test_protein_1576,0.39618834853172302
test_protein_1573,0.14415976405143738
test_protein_1574,0.054099544882774353
test_protein_1583,0.22351637482643127
test_protein_1578,0.35256952047348022
test_protein_1581,0.00039867436862550676
test_protein_1577,0.65620279312133789
test_protein_1580,0.34639009833335876
test_protein_1582,0.23839735984802246
test_protein_1579,0.46881431341171265
test_protein_1575,0.13555525243282318
test_protein_1588,0.53441733121871948
test_protein_1586,0.099179111421108246
test_protein_1593,0.012240306474268436
test_protein_1584,0.0033553948160260916
test_protein_1590,0.038638383150100708
test_protein_1587,0.65195202827453613
test_protein_1585,0.40228971838951111
test_protein_1592,0.5258142352104187
test_protein_1598,0.43552505970001221
test_protein_1597,0.15608663856983185
test_protein_1596,0.028825860470533371
test_protein_1594,0.18711203336715698
test_protein_1589,0.58534759283065796
test_protein_1591,0.43476954102516174
test_protein_1601,0.65462905168533325
test_protein_1600,0.69418901205062866
test_protein_1599,0.28890469670295715
test_protein_1606,0.46013337373733521
test_protein_1604,0.33713778853416443
test_protein_1610,0.90592050552368164
test_protein_1605,0.63206958770751953
test_protein_1611,0.16734814643859863
test_protein_1595,0.84878790378570557
test_protein_1608,0.59337508678436279
test_protein_1603,0.098405443131923676
test_protein_1609,0.52556020021438599
test_protein_1612,0.4140942394733429
test_protein_1602,0.070585168898105621
test_protein_1607,0.0022655394859611988
test_protein_1617,0.77173727750778198
test_protein_1616,0.15793512761592865
test_protein_1613,0.017339169979095459
test_protein_1619,0.1331118643283844
test_protein_1618,0.12498977780342102
test_protein_1615,0.23444853723049164
test_protein_1614,0.29761174321174622
test_protein_1620,0.3559718132019043
test_protein_1624,0.18696703016757965
test_protein_1626,0.28036531805992126
test_protein_1629,0.46815094351768494
test_protein_1623,0.2412593811750412
test_protein_1621,0.50049388408660889
test_protein_1628,0.034776680171489716
test_protein_1622,9.6747440693434328e-05
test_protein_1625,0.055225513875484467
test_protein_1632,8.9036591816693544e-05
test_protein_1627,0.35955053567886353
test_protein_1630,0.13932453095912933
test_protein_1635,0.46227860450744629
test_protein_1633,0.3155880868434906
test_protein_1631,0.13001030683517456
test_protein_1634,0.51826483011245728
test_protein_1636,0.46828842163085938
test_protein_1639,0.091739632189273834
test_protein_1637,0.37261918187141418
test_protein_1643,0.36620330810546875
test_protein_1642,0.19328249990940094
test_protein_1641,0.27952706813812256
test_protein_1638,0.37301653623580933
test_protein_1646,0.27412578463554382
test_protein_1644,0.43842926621437073
test_protein_1645,0.37138465046882629
test_protein_1650,0.21867761015892029
test_protein_1640,0.53495186567306519
test_protein_1648,0.092634700238704681
test_protein_1647,9.4585002443636768e-06
test_protein_1649,0.32907319068908691
test_protein_1655,0.21883417665958405
test_protein_1654,0.096070103347301483
test_protein_1652,0.67086958885192871
test_protein_1658,0.3919050395488739
test_protein_1651,0.11311503499746323
test_protein_1653,0.20821808278560638
test_protein_1659,0.0052117239683866501
test_protein_1656,0.81803655624389648
test_protein_1657,0.024981660768389702
test_protein_1660,0.26376304030418396
test_protein_1661,0.06377846747636795
test_protein_1665,0.024358650669455528
test_protein_1664,0.41988414525985718
test_protein_1671,0.45186090469360352
test_protein_1667,0.030781423673033714
test_protein_1662,0.49286016821861267
test_protein_1663,0.0055891834199428558
test_protein_1669,0.17330320179462433
test_protein_1666,0.73511815071105957
test_protein_1676,0.5590522289276123
test_protein_1681,0.6680372953414917
test_protein_1674,0.46123582124710083
test_protein_1670,0.51019012928009033
test_protein_1668,0.16831505298614502
test_protein_1673,0.52272796630859375
test_protein_1678,0.38151979446411133
test_protein_1672,0.60567700862884521
test_protein_1682,0.63041430711746216
test_protein_1677,0.18353885412216187
test_protein_1675,0.55114561319351196
test_protein_1679,0.21855978667736053
test_protein_1680,0.57282096147537231
test_protein_1683,0.11485034972429276
test_protein_1684,0.14226129651069641
test_protein_1687,0.063235141336917877
test_protein_1690,0.26480439305305481
test_protein_1695,6.5844465098052751e-06
test_protein_1692,0.53741645812988281
test_protein_1686,0.44440847635269165
test_protein_1688,0.43408823013305664
test_protein_1685,0.47718480229377747
test_protein_1689,0.46668493747711182
test_protein_1693,0.11178505420684814
test_protein_1691,0.001533372444100678
test_protein_1696,0.63805359601974487
test_protein_1697,0.52811127901077271
test_protein_1694,0.51254045963287354
test_protein_1701,0.0096819782629609108
test_protein_1699,0.58370059728622437
test_protein_1706,0.19405925273895264
test_protein_1703,0.34717905521392822
test_protein_1705,0.27811726927757263
test_protein_1698,0.67566031217575073
test_protein_1708,0.00054701609769836068
test_protein_1702,0.22299091517925262
test_protein_1704,0.13538685441017151
test_protein_1700,0.45834118127822876
test_protein_1710,0.32294261455535889
test_protein_1707,0.47410029172897339
test_protein_1709,0.0078201461583375931
test_protein_1715,0.97774052619934082
test_protein_1719,0.32629108428955078
test_protein_1717,0.22531932592391968
test_protein_1714,0.99059945344924927
test_protein_1712,0.0011398266069591045
test_protein_1713,0.19048914313316345
test_protein_1711,0.40897265076637268
test_protein_1716,0.056211594492197037
test_protein_1720,0.12876084446907043
test_protein_1721,0.42681765556335449
test_protein_1727,0.11482224613428116
test_protein_1724,0.53427803516387939
test_protein_1722,0.74795305728912354
test_protein_1725,0.23020552098751068
test_protein_1726,0.41236177086830139
test_protein_1729,0.48907047510147095
test_protein_1723,0.73939794301986694
test_protein_1730,0.19533036649227142
test_protein_1718,0.14627942442893982
test_protein_1732,0.048779487609863281
test_protein_1733,0.6879613995552063
test_protein_1728,0.84363782405853271
test_protein_1735,0.16213038563728333
test_protein_1736,0.7730863094329834
test_protein_1731,0.97835320234298706
test_protein_1734,0.48778843879699707
test_protein_1737,0.66302371025085449
test_protein_1743,0.051708899438381195
test_protein_1741,0.99989926815032959
test_protein_1740,0.68344402313232422
test_protein_1738,0.16288082301616669
test_protein_1739,0.5347016453742981
test_protein_1744,0.14648245275020599
test_protein_1742,0.55588781833648682
test_protein_1748,0.34428423643112183
test_protein_1749,0.53754210472106934
test_protein_1745,0.11796718090772629
test_protein_1752,0.32989585399627686
test_protein_1751,0.1485636979341507
test_protein_1759,0.96178656816482544
test_protein_1747,0.56250739097595215
test_protein_1754,0.53563761711120605
test_protein_1750,0.32171022891998291
test_protein_1746,0.48969036340713501
test_protein_1753,0.058691829442977905
test_protein_1755,0.90901333093643188
test_protein_1758,0.06061258539557457
test_protein_1760,1.1795369573519565e-05
test_protein_1756,0.12521335482597351
test_protein_1757,0.59792894124984741
test_protein_1761,0.3647797703742981
test_protein_1762,0.81649941205978394
test_protein_1764,0.9739607572555542
test_protein_1766,0.19447571039199829
test_protein_1767,0.14346352219581604
test_protein_1765,0.37296563386917114
test_protein_1773,0.29622995853424072
test_protein_1763,0.97408199310302734
test_protein_1771,0.1330142468214035
test_protein_1769,0.49847650527954102
test_protein_1768,0.46044450998306274
test_protein_1770,0.27501800656318665
test_protein_1772,0.573589026927948
test_protein_1777,0.55091935396194458
test_protein_1780,0.44359993934631348
test_protein_1779,0.50676494836807251
test_protein_1778,0.45614558458328247
test_protein_1775,0.35013169050216675
test_protein_1776,0.47442114353179932
test_protein_1784,0.19970890879631042
test_protein_1781,0.50793743133544922
test_protein_1774,0.76462739706039429
test_protein_1785,0.56177711486816406
test_protein_1782,0.61739999055862427
test_protein_1783,0.43231931328773499
test_protein_1790,0.63217049837112427
test_protein_1793,0.71180444955825806
test_protein_1789,0.62786304950714111
test_protein_1786,0.15633073449134827
test_protein_1787,0.73996138572692871
test_protein_1788,0.66536468267440796
test_protein_1794,0.30239632725715637
test_protein_1791,0.56345939636230469
test_protein_1796,0.70890897512435913
test_protein_1792,0.59991008043289185
test_protein_1795,0.24201291799545288
test_protein_1797,0.80856364965438843
test_protein_1798,0.11629278957843781
test_protein_1801,0.26794156432151794
test_protein_1803,0.36215981841087341
test_protein_1799,0.23819860816001892
test_protein_1807,1.1775970051530749e-05
test_protein_1806,0.35251045227050781
test_protein_1805,0.42536696791648865
test_protein_1802,0.034200225025415421
test_protein_1800,0.43792781233787537
test_protein_1804,0.22416560351848602
test_protein_1808,0.026945943012833595
test_protein_1809,0.034738492220640182
test_protein_1812,0.17945535480976105
test_protein_1811,0.36778891086578369
test_protein_1810,0.092925645411014557
test_protein_1814,0.19610753655433655
test_protein_1813,0.10784222930669785
test_protein_1816,0.2490072101354599
test_protein_1822,0.32877826690673828
test_protein_1819,0.43364900350570679
test_protein_1815,0.1492445170879364
test_protein_1823,0.46941271424293518
test_protein_1818,0.52852797508239746
test_protein_1817,0.11549978703260422
test_protein_1824,0.089056983590126038
test_protein_1826,0.050205748528242111
test_protein_1820,0.6326291561126709
test_protein_1827,0.048408977687358856
test_protein_1821,0.49874582886695862
test_protein_1829,0.36670675873756409
test_protein_1828,0.35197487473487854
test_protein_1831,0.23651686310768127
test_protein_1833,0.99333399534225464
test_protein_1830,0.05684250220656395
test_protein_1832,0.80151468515396118
test_protein_1825,0.21051892638206482
test_protein_1835,0.54138284921646118
test_protein_1836,0.85540860891342163
test_protein_1834,0.42613112926483154
test_protein_1837,0.76592999696731567
test_protein_1840,0.40077635645866394
test_protein_1839,0.45121711492538452
test_protein_1841,0.572498619556427
test_protein_1838,0.56414079666137695
test_protein_1842,0.002320209052413702
test_protein_1843,0.057255573570728302
test_protein_1844,0.015511422418057919
test_protein_1847,0.024970315396785736
test_protein_1848,0.38952690362930298
test_protein_1845,0.0012179751647636294
test_protein_1851,0.65790659189224243
test_protein_1846,7.9021236160770059e-05
test_protein_1850,0.61728012561798096
test_protein_1849,0.42273044586181641
test_protein_1852,0.46921089291572571
test_protein_1853,0.37464049458503723
test_protein_1856,0.45753812789916992
test_protein_1854,0.3495611846446991
test_protein_1857,0.58016306161880493
test_protein_1855,0.44230315089225769
test_protein_1858,5.1538463594624773e-06
test_protein_1862,0.53124415874481201
test_protein_1859,0.39541423320770264
test_protein_1863,0.42724117636680603
test_protein_1861,0.16521573066711426
test_protein_1860,0.26651939749717712
test_protein_1866,0.4980601966381073
test_protein_1864,0.15719127655029297
test_protein_1867,0.51047968864440918
test_protein_1865,0.43045994639396667
test_protein_1870,0.33480966091156006
test_protein_1875,0.1834837943315506
test_protein_1868,0.61526310443878174
test_protein_1873,0.4388488233089447
test_protein_1871,0.28911185264587402
test_protein_1869,0.27385851740837097
test_protein_1874,0.30541530251502991
test_protein_1877,0.28901341557502747
test_protein_1879,0.73948150873184204
test_protein_1876,0.71577596664428711
test_protein_1878,0.45200496912002563
test_protein_1872,0.19669049978256226
test_protein_1881,0.51427173614501953
test_protein_1880,0.3788115382194519
test_protein_1887,0.12550035119056702
test_protein_1885,0.76020139455795288
test_protein_1888,0.3663770854473114
test_protein_1889,0.31139373779296875
test_protein_1884,0.27881476283073425
test_protein_1882,0.58579230308532715
test_protein_1886,0.47630408406257629
test_protein_1891,0.35894665122032166
test_protein_1892,0.35717514157295227
test_protein_1883,0.59342396259307861
test_protein_1897,0.5547490119934082
test_protein_1894,0.81362128257751465
test_protein_1895,0.65539532899856567
test_protein_1890,0.61995124816894531
test_protein_1896,0.84763473272323608
test_protein_1898,0.86503767967224121
test_protein_1893,0.66476994752883911
test_protein_1899,0.60628938674926758
test_protein_1902,0.71842670440673828
test_protein_1906,0.54423695802688599
test_protein_1901,0.75372934341430664
test_protein_1900,0.65734297037124634
test_protein_1903,0.62465435266494751
test_protein_1904,0.27268460392951965
test_protein_1908,0.010739770717918873
test_protein_1905,0.37032800912857056
test_protein_1907,0.15632879734039307
test_protein_1909,0.87486916780471802
test_protein_1910,0.51959425210952759
test_protein_1912,0.30400362610816956
test_protein_1911,0.32426205277442932
test_protein_1918,0.46482643485069275
test_protein_1922,0.57873719930648804
test_protein_1916,0.15509393811225891
test_protein_1917,0.17142561078071594
test_protein_1915,0.095017500221729279
test_protein_1913,0.38003256916999817
test_protein_1920,0.27380833029747009
test_protein_1921,0.0049233892932534218
test_protein_1919,0.064553365111351013
test_protein_1923,0.066575489938259125
test_protein_1924,0.110971599817276
test_protein_1928,0.93343335390090942
test_protein_1926,0.34417030215263367
test_protein_1914,0.0054276171140372753
test_protein_1931,0.72288841009140015
test_protein_1934,0.45129513740539551
test_protein_1925,0.51807236671447754
test_protein_1927,0.5340951681137085
test_protein_1936,0.0018812419148162007
test_protein_1929,0.073418699204921722
test_protein_1933,0.11482966691255569
test_protein_1932,0.94083911180496216
test_protein_1935,0.016762590035796165
test_protein_1930,0.99557375907897949
test_protein_1943,0.6582796573638916
test_protein_1937,0.0010134676704183221
test_protein_1939,0.22611565887928009
test_protein_1940,0.29425960779190063
test_protein_1938,0.10922809690237045
test_protein_1941,0.084975093603134155
test_protein_1942,0.25759121775627136
test_protein_1946,0.54407525062561035
test_protein_1944,0.21142119169235229
test_protein_1945,0.41742068529129028
test_protein_1947,0.49273139238357544
test_protein_1954,0.68329912424087524
test_protein_1948,0.24118177592754364
test_protein_1951,0.21241103112697601
test_protein_1955,0.45740059018135071
test_protein_1949,0.35326376557350159
test_protein_1956,0.66436767578125
test_protein_1952,0.55370068550109863
test_protein_1958,0.31052947044372559
test_protein_1953,0.49845811724662781
test_protein_1950,0.23125520348548889
test_protein_1961,0.75304967164993286
test_protein_1959,0.32661977410316467
test_protein_1957,0.81092852354049683
test_protein_1960,0.38601359724998474
test_protein_1962,0.65357941389083862
test_protein_1963,0.4920070469379425
test_protein_1964,0.37726640701293945
test_protein_1969,0.42152535915374756
test_protein_1970,0.5302661657333374
test_protein_1971,0.24712067842483521
test_protein_1965,0.54216736555099487
test_protein_1967,0.39404383301734924
test_protein_1975,0.6042364239692688
test_protein_1980,0.46987488865852356
test_protein_1974,0.31083923578262329
test_protein_1966,0.41378140449523926
test_protein_1968,0.67066574096679688
test_protein_1978,0.45165657997131348
test_protein_1976,0.36479845643043518
test_protein_1972,0.18486097455024719
test_protein_1977,0.51589304208755493
test_protein_1981,0.14571696519851685
test_protein_1979,0.48603373765945435
test_protein_1973,0.38704359531402588
test_protein_1984,0.51314175128936768
test_protein_1982,0.24934114515781403
test_protein_1983,0.2374144047498703
test_protein_1988,0.47768369317054749
test_protein_1989,0.38887321949005127
test_protein_1986,0.85943603515625
test_protein_1990,0.67561453580856323
test_protein_1987,0.21113239228725433
test_protein_1991,0.39294019341468811
test_protein_1985,0.54206091165542603
test_protein_1992,0.48946702480316162
test_protein_1997,0.25144279003143311
test_protein_1993,0.89689522981643677
test_protein_2000,0.45150762796401978
test_protein_2001,0.00035168128670193255
test_protein_1996,0.87220096588134766
test_protein_1999,0.10628622770309448
test_protein_2002,0.0052914991974830627
test_protein_1994,0.79149413108825684
test_protein_1995,0.91129529476165771
test_protein_1998,0.04794083908200264
test_protein_2004,0.56473022699356079
test_protein_2006,0.40202081203460693
test_protein_2010,0.40284135937690735
test_protein_2003,0.29589080810546875
test_protein_2009,0.53258156776428223
test_protein_2011,0.57475036382675171
test_protein_2008,0.17515146732330322
test_protein_2007,0.00029852631269022822
test_protein_2013,0.66744887828826904
test_protein_2005,0.078691832721233368
test_protein_2012,0.44563373923301697
test_protein_2014,0.67820847034454346
test_protein_2016,0.69043856859207153
test_protein_2019,0.45409175753593445
test_protein_2017,0.70757013559341431
test_protein_2015,0.51524645090103149
test_protein_2022,0.67176848649978638
test_protein_2021,0.240772545337677
test_protein_2020,0.55489575862884521
test_protein_2024,0.56301522254943848
test_protein_2023,0.51738697290420532
test_protein_2018,0.30538567900657654
test_protein_2028,0.92831677198410034
test_protein_2027,0.47483664751052856
test_protein_2030,0.93588286638259888
test_protein_2026,0.57849496603012085
test_protein_2029,0.60533827543258667
test_protein_2025,0.70270133018493652
test_protein_2035,0.041321121156215668
test_protein_2031,0.24891726672649384
test_protein_2033,0.54052609205245972
test_protein_2032,0.40339815616607666
test_protein_2034,0.48096704483032227
test_protein_2036,0.20537193119525909
test_protein_2037,0.68479514122009277
test_protein_2043,0.63177454471588135
test_protein_2038,0.18033070862293243
test_protein_2041,0.60597634315490723
test_protein_2042,0.88325941562652588
test_protein_2040,0.54948312044143677
test_protein_2039,0.25562393665313721
test_protein_2044,0.56978023052215576
test_protein_2047,0.56735134124755859
test_protein_2046,0.48886501789093018
test_protein_2048,0.32317596673965454
test_protein_2045,0.63276344537734985
test_protein_2050,0.24615059792995453
test_protein_2051,0.47877150774002075
test_protein_2049,0.093554720282554626
test_protein_2055,0.50147861242294312
test_protein_2058,0.36496511101722717
test_protein_2060,0.49873203039169312
test_protein_2056,0.62626653909683228
test_protein_2053,0.91123789548873901
test_protein_2057,0.61791598796844482
test_protein_2052,0.92345327138900757
test_protein_2059,0.71383804082870483
test_protein_2054,0.32930797338485718
test_protein_2061,0.53472542762756348
test_protein_2063,0.095251172780990601
test_protein_2068,0.55713242292404175
test_protein_2072,0.17221330106258392
test_protein_2067,0.42925596237182617
test_protein_2062,0.61605870723724365
test_protein_2066,0.12065665423870087
test_protein_2064,0.19848786294460297
test_protein_2065,0.28014883399009705
test_protein_2069,0.27365514636039734
test_protein_2073,0.27018210291862488
test_protein_2071,0.33971300721168518
test_protein_2074,0.88343912363052368
test_protein_2070,0.92107313871383667
test_protein_2075,0.91317540407180786
test_protein_2079,0.30402672290802002
test_protein_2077,0.023880451917648315
test_protein_2080,0.50330269336700439
test_protein_2076,0.11941965669393539
test_protein_2083,0.43366765975952148
test_protein_2081,0.37111407518386841
test_protein_2082,0.28098475933074951
test_protein_2078,0.069435678422451019
test_protein_2088,0.6341819167137146
test_protein_2089,0.46085107326507568
test_protein_2087,0.30602520704269409
test_protein_2086,0.27241873741149902
test_protein_2090,0.41435062885284424
test_protein_2084,0.28523868322372437
test_protein_2085,0.32799577713012695
test_protein_2091,0.20684017241001129
test_protein_2092,0.39339941740036011
test_protein_2100,0.092477507889270782
test_protein_2095,0.56880390644073486
test_protein_2094,0.031186433508992195
test_protein_2097,0.11699596047401428
test_protein_2093,0.5592426061630249
test_protein_2098,0.5257686972618103
test_protein_2102,0.17527757585048676
test_protein_2104,0.39353477954864502
test_protein_2101,0.55224156379699707
test_protein_2096,0.3920409083366394
test_protein_2099,0.40501856803894043
test_protein_2103,0.49474820494651794
test_protein_2105,0.49881789088249207
test_protein_2106,0.51423722505569458
test_protein_2109,0.10041395574808121
test_protein_2116,0.026337606832385063
test_protein_2108,0.30189812183380127
test_protein_2112,0.73533910512924194
test_protein_2111,0.29923334717750549
test_protein_2110,0.43937572836875916
test_protein_2107,0.66246879100799561
test_protein_2113,0.5701519250869751
test_protein_2114,0.66836768388748169
test_protein_2117,0.084147855639457703
test_protein_2118,0.25970068573951721
test_protein_2123,0.63498407602310181
test_protein_2120,0.18343430757522583
test_protein_2119,0.290292888879776
test_protein_2130,0.49348512291908264
test_protein_2115,0.099023871123790741
test_protein_2124,0.53029996156692505
test_protein_2125,0.15437129139900208
test_protein_2127,0.42495888471603394
test_protein_2121,0.18533527851104736
test_protein_2122,0.42195755243301392
test_protein_2126,0.62390810251235962
test_protein_2129,0.59801006317138672
test_protein_2128,0.51052767038345337
test_protein_2131,0.91530853509902954
test_protein_2134,0.6805797815322876
test_protein_2133,0.00013465208758134395
test_protein_2132,0.50242859125137329
test_protein_2135,0.28072613477706909
test_protein_2138,0.44060081243515015
test_protein_2140,0.080386362969875336
test_protein_2139,0.33912119269371033
test_protein_2137,0.64314961433410645
test_protein_2136,0.31490993499755859
test_protein_2143,0.38416728377342224
test_protein_2144,0.21996378898620605
test_protein_2146,0.40989181399345398
test_protein_2149,0.55862432718276978
test_protein_2142,0.4248775839805603
test_protein_2150,0.4744688868522644
test_protein_2141,0.56076163053512573
test_protein_2147,0.45176157355308533
test_protein_2152,0.5630871057510376
test_protein_2153,0.52788180112838745
test_protein_2151,0.58937031030654907
test_protein_2145,0.57749474048614502
test_protein_2148,0.67497879266738892
test_protein_2155,0.35304251313209534
test_protein_2160,0.57597053050994873
test_protein_2154,0.62283086776733398
test_protein_2161,0.25045180320739746
test_protein_2158,0.74977654218673706
test_protein_2159,0.18472667038440704
test_protein_2156,0.54967254400253296
test_protein_2157,0.48548328876495361
test_protein_2163,0.090615846216678619
test_protein_2164,0.42995107173919678
test_protein_2162,0.00043418799759820104
test_protein_2169,0.91463041305541992
test_protein_2171,0.46670928597450256
test_protein_2166,0.64856904745101929
test_protein_2170,0.66956329345703125
test_protein_2174,0.66518908739089966
test_protein_2165,0.57063311338424683
test_protein_2173,0.24943023920059204
test_protein_2167,0.64474326372146606
test_protein_2172,0.59976726770401001
test_protein_2177,0.73805099725723267
test_protein_2168,0.49548789858818054
test_protein_2175,0.034254740923643112
test_protein_2176,0.26581960916519165
test_protein_2180,0.10423491895198822
test_protein_2178,0.49273860454559326
test_protein_2179,0.1300099790096283
test_protein_2181,0.35369297862052917
test_protein_2182,0.36148744821548462
test_protein_2183,0.012664359994232655
test_protein_2186,0.10179184377193451
test_protein_2192,0.79759883880615234
test_protein_2188,0.40334418416023254
test_protein_2194,0.25731649994850159
test_protein_2184,0.0051005729474127293
test_protein_2185,0.3521459698677063
test_protein_2190,0.49213021993637085
test_protein_2189,0.55670487880706787
test_protein_2197,0.57212483882904053
test_protein_2193,0.21600450575351715
test_protein_2187,0.14192375540733337
test_protein_2191,0.24113136529922485
test_protein_2196,0.32733836770057678
test_protein_2195,0.51600539684295654
test_protein_2198,0.28007122874259949
test_protein_2201,0.39172986149787903
test_protein_2205,0.088311277329921722
test_protein_2204,0.52167022228240967
test_protein_2202,0.88601917028427124
test_protein_2200,0.32403776049613953
test_protein_2209,0.59293287992477417
test_protein_2208,0.54641062021255493
test_protein_2207,0.16793361306190491
test_protein_2199,0.42339888215065002
test_protein_2203,0.0050897058099508286
test_protein_2210,0.58687490224838257
test_protein_2211,0.41305795311927795
test_protein_2215,0.072519555687904358
test_protein_2206,0.48302504420280457
test_protein_2213,0.3411594033241272
test_protein_2218,0.076483055949211121
test_protein_2216,0.077250018715858459
test_protein_2217,0.12946337461471558
test_protein_2214,0.063661202788352966
test_protein_2212,0.21883997321128845
test_protein_2220,0.32427844405174255
test_protein_2222,0.29473090171813965
test_protein_2225,0.32267513871192932
test_protein_2226,0.66563165187835693
test_protein_2224,0.33164951205253601
test_protein_2219,0.034484162926673889
test_protein_2223,0.20117399096488953
test_protein_2228,0.62698531150817871
test_protein_2221,0.39283561706542969
test_protein_2227,0.40809836983680725
test_protein_2229,0.40304467082023621
test_protein_2233,0.30903926491737366
test_protein_2232,0.39955788850784302
test_protein_2231,0.39729347825050354
test_protein_2230,0.46953311562538147
test_protein_2234,0.3235156238079071
test_protein_2235,0.2376270592212677
test_protein_2239,0.33015957474708557
test_protein_2242,0.48467954993247986
test_protein_2237,0.3369593620300293
test_protein_2244,0.54305535554885864
test_protein_2240,0.51950812339782715
test_protein_2243,0.71621060371398926
test_protein_2241,0.25220015645027161
test_protein_2246,0.39548087120056152
test_protein_2236,0.15915434062480927
test_protein_2238,0.37611764669418335
test_protein_2245,0.99124544858932495
test_protein_2249,0.4881439208984375
test_protein_2251,0.4103672206401825
test_protein_2247,0.3943583071231842
test_protein_2254,0.95240163803100586
test_protein_2248,0.70067942142486572
test_protein_2253,0.041739292442798615
test_protein_2250,0.50570428371429443
test_protein_2255,0.42166432738304138
test_protein_2252,0.13766102492809296
test_protein_2256,0.33583360910415649
test_protein_2258,0.66961896419525146
test_protein_2261,0.60053837299346924
test_protein_2266,0.59010696411132812
test_protein_2257,0.62693822383880615
test_protein_2263,0.30049148201942444
test_protein_2264,0.088306710124015808
test_protein_2260,0.0092557668685913086
test_protein_2270,0.40770277380943298
test_protein_2265,0.58183002471923828
test_protein_2262,0.73685717582702637
test_protein_2269,0.41264593601226807
test_protein_2259,0.16083446145057678
test_protein_2271,0.44762051105499268
test_protein_2267,0.71814811229705811
test_protein_2268,0.25517138838768005
test_protein_2276,0.33500963449478149
test_protein_2274,0.56957125663757324
test_protein_2275,0.37304893136024475
test_protein_2272,0.12028287351131439
test_protein_2273,0.037226814776659012
test_protein_2277,0.47260701656341553
test_protein_2279,0.5307738184928894
test_protein_2278,0.59557539224624634
test_protein_2281,0.76845180988311768
test_protein_2283,0.75512039661407471
test_protein_2282,0.90827775001525879
test_protein_2285,0.91280144453048706
test_protein_2291,0.059114430099725723
test_protein_2296,0.75050050020217896
test_protein_2289,0.38790065050125122
test_protein_2288,0.45770642161369324
test_protein_2287,0.2765485942363739
test_protein_2290,0.13617376983165741
test_protein_2294,0.25909164547920227
test_protein_2280,0.38420748710632324
test_protein_2284,0.72382146120071411
test_protein_2286,0.82794910669326782
test_protein_2292,0.49366751313209534
test_protein_2293,0.12543307244777679
test_protein_2295,0.53532701730728149
test_protein_2297,0.26472863554954529
test_protein_2298,0.65523409843444824
test_protein_2299,0.74049282073974609
test_protein_2301,0.19133633375167847
test_protein_2300,0.42841503024101257
test_protein_2303,0.49976536631584167
test_protein_2302,0.51014047861099243
test_protein_2304,0.54921668767929077
test_protein_2307,0.48898908495903015
test_protein_2305,0.55435270071029663
test_protein_2310,0.59125125408172607
test_protein_2309,0.49576163291931152
test_protein_2308,0.60488039255142212
test_protein_2313,0.12708480656147003
test_protein_2306,0.44113469123840332
test_protein_2315,0.81334394216537476
test_protein_2317,0.76579689979553223
test_protein_2311,0.32352635264396667
test_protein_2316,0.56047284603118896
test_protein_2312,0.52179723978042603
test_protein_2321,0.47678285837173462
test_protein_2323,0.70076996088027954
test_protein_2314,0.74614536762237549
test_protein_2319,0.47348356246948242
test_protein_2318,0.43194955587387085
test_protein_2322,0.54074621200561523
test_protein_2320,0.29634124040603638
test_protein_2328,0.90563184022903442
test_protein_2333,0.14799568057060242
test_protein_2326,0.66459763050079346
test_protein_2329,0.23447965085506439
test_protein_2332,0.58782100677490234
test_protein_2327,0.49367457628250122
test_protein_2325,0.22570192813873291
test_protein_2330,0.50617939233779907
test_protein_2324,0.54204791784286499
test_protein_2331,0.5076519250869751
test_protein_2335,0.47928336262702942
test_protein_2334,0.47648611664772034
test_protein_2341,0.72070896625518799
test_protein_2336,0.34803950786590576
test_protein_2342,0.67275834083557129
test_protein_2337,0.56999295949935913
test_protein_2339,0.53441804647445679
test_protein_2343,0.43888729810714722
test_protein_2340,0.60541284084320068
test_protein_2344,0.88841545581817627
test_protein_2345,0.41386339068412781
test_protein_2338,0.16026163101196289
test_protein_2346,0.47086250782012939
test_protein_2355,0.47869935631752014
test_protein_2352,0.84179168939590454
test_protein_2347,0.58543217182159424
test_protein_2348,0.71383082866668701
test_protein_2353,0.6188960075378418
test_protein_2354,0.20657804608345032
test_protein_2351,0.44704607129096985
test_protein_2357,0.65583938360214233
test_protein_2349,0.17640960216522217
test_protein_2350,0.55017107725143433
test_protein_2356,0.67261701822280884
test_protein_2362,0.23957231640815735
test_protein_2361,0.29965049028396606
test_protein_2359,0.4217890202999115
test_protein_2358,0.57642024755477905
test_protein_2363,0.49438416957855225
test_protein_2370,0.71577084064483643
test_protein_2360,0.68998414278030396
test_protein_2366,2.9597711545648053e-05
test_protein_2364,0.38126656413078308
test_protein_2365,0.38572162389755249
test_protein_2369,0.52719461917877197
test_protein_2367,0.28453850746154785
test_protein_2368,0.47901430726051331
test_protein_2371,0.13946792483329773
test_protein_2375,0.25160577893257141
test_protein_2372,0.10859798640012741
test_protein_2374,0.26125994324684143
test_protein_2373,0.34500965476036072
test_protein_2377,0.36845695972442627
test_protein_2380,0.65376549959182739
test_protein_2378,0.37116947770118713
test_protein_2376,0.13254806399345398
test_protein_2381,0.1561431884765625
test_protein_2379,0.62982547283172607
test_protein_2386,0.047245923429727554
test_protein_2384,0.29887261986732483
test_protein_2382,0.71470624208450317
test_protein_2387,0.11282625049352646
test_protein_2385,0.16684973239898682
test_protein_2388,0.53441798686981201
test_protein_2390,0.50741839408874512
test_protein_2392,0.22151266038417816
test_protein_2391,0.12672844529151917
test_protein_2389,0.60569179058074951
test_protein_2383,0.65400874614715576
test_protein_2393,0.1765809953212738
test_protein_2397,0.96825659275054932
test_protein_2394,0.57169508934020996
test_protein_2399,0.27508336305618286
test_protein_2398,0.016318298876285553
test_protein_2401,0.99706047773361206
test_protein_2403,0.16437725722789764
test_protein_2404,0.00033762937528081238
test_protein_2396,0.52605229616165161
test_protein_2395,0.46477785706520081
test_protein_2400,0.13330155611038208
test_protein_2405,0.38056671619415283
test_protein_2408,0.49304434657096863
test_protein_2409,0.14502532780170441
test_protein_2402,0.58638322353363037
test_protein_2406,0.2299857884645462
test_protein_2407,0.69507688283920288
test_protein_2411,0.47334140539169312
test_protein_2414,0.58477449417114258
test_protein_2416,0.049473583698272705
test_protein_2412,0.47922024130821228
test_protein_2413,0.45864000916481018
test_protein_2415,0.55082887411117554
test_protein_2410,0.32893311977386475
test_protein_2426,0.55412709712982178
test_protein_2423,0.6045348048210144
test_protein_2417,0.50762045383453369
test_protein_2422,0.27269628643989563
test_protein_2420,0.93774086236953735
test_protein_2421,0.42504513263702393
test_protein_2418,0.57101243734359741
test_protein_2419,0.82015174627304077
test_protein_2431,0.3974546492099762
test_protein_2427,0.50033903121948242
test_protein_2424,0.6391303539276123
test_protein_2428,0.40568408370018005
test_protein_2432,0.4756186306476593
test_protein_2425,0.99700134992599487
test_protein_2434,0.39011722803115845
test_protein_2433,0.91023033857345581
test_protein_2430,0.45267131924629211
test_protein_2436,0.70368397235870361
test_protein_2437,0.54984396696090698
test_protein_2441,0.52758347988128662
test_protein_2440,0.5765497088432312
test_protein_2438,0.74822616577148438
test_protein_2429,0.48003301024436951
test_protein_2435,0.44138893485069275
test_protein_2439,0.53704559803009033
test_protein_2446,0.27395394444465637
test_protein_2442,0.34097006916999817
test_protein_2443,0.3850385844707489
test_protein_2445,0.28525960445404053
test_protein_2444,0.072176903486251831
test_protein_2448,0.66376978158950806
test_protein_2449,0.56275320053100586
test_protein_2450,0.24364221096038818
test_protein_2451,0.09479224681854248
test_protein_2452,0.071026802062988281
test_protein_2463,0.26075920462608337
test_protein_2454,0.31901127099990845
test_protein_2453,0.95794218778610229
test_protein_2455,0.34341660141944885
test_protein_2447,0.5419013500213623
test_protein_2456,0.16721636056900024
test_protein_2458,0.84471613168716431
test_protein_2460,0.15807294845581055
test_protein_2465,0.78469794988632202
test_protein_2461,0.74993962049484253
test_protein_2462,0.40959054231643677
test_protein_2464,0.57923614978790283
test_protein_2457,0.50093787908554077
test_protein_2459,0.37555217742919922
test_protein_2466,0.58810728788375854
test_protein_2472,0.060043796896934509
test_protein_2471,0.034306060522794724
test_protein_2473,0.81352978944778442
test_protein_2469,0.42336243391036987
test_protein_2468,0.39813700318336487
test_protein_2467,0.2059355229139328
test_protein_2475,0.33560824394226074
test_protein_2474,0.37006151676177979
test_protein_2470,0.41786220669746399
test_protein_2478,0.82016265392303467
test_protein_2476,0.48674389719963074
test_protein_2483,0.94037884473800659
test_protein_2488,0.40213683247566223
test_protein_2481,0.15446797013282776
test_protein_2479,0.38414692878723145
test_protein_2484,0.4050000011920929
test_protein_2477,0.51720011234283447
test_protein_2489,0.24773474037647247
test_protein_2487,0.37770760059356689
test_protein_2485,0.57516831159591675
test_protein_2491,0.26552993059158325
test_protein_2482,0.22853441536426544
test_protein_2480,0.13027523458003998
test_protein_2492,0.41052946448326111
test_protein_2486,0.45383983850479126
test_protein_2495,0.63334280252456665
test_protein_2494,0.60793983936309814
test_protein_2498,0.011004107072949409
test_protein_2493,0.53972715139389038
test_protein_2499,0.073697306215763092
test_protein_2496,0.55988240242004395
test_protein_2497,0.34799903631210327
test_protein_2500,0.040498826652765274
test_protein_2490,0.55602836608886719
test_protein_2505,0.73631292581558228
test_protein_2509,0.59870272874832153
test_protein_2502,0.44733613729476929
test_protein_2506,0.6233481764793396
test_protein_2503,0.38561132550239563
test_protein_2501,0.66486191749572754
test_protein_2504,0.55105423927307129
test_protein_2510,0.215465247631073
test_protein_2508,0.48569181561470032
test_protein_2512,0.39728045463562012
test_protein_2507,0.38863271474838257
test_protein_2517,0.56418991088867188
test_protein_2511,0.21218657493591309
test_protein_2514,0.13497331738471985
test_protein_2515,0.4258807897567749
test_protein_2513,0.4918677806854248
test_protein_2516,0.27376794815063477
test_protein_2523,0.64704549312591553
test_protein_2524,0.36093044281005859
test_protein_2520,0.29763102531433105
test_protein_2518,0.29520392417907715
test_protein_2519,0.22866718471050262
test_protein_2521,0.028763303533196449
test_protein_2531,0.24729663133621216
test_protein_2526,0.8695375919342041
test_protein_2522,0.52185922861099243
test_protein_2528,0.48811373114585876
test_protein_2530,0.33467304706573486
test_protein_2529,0.44210171699523926
test_protein_2534,0.082227133214473724
test_protein_2525,0.30075275897979736
test_protein_2532,0.23714859783649445
test_protein_2537,0.12468358129262924
test_protein_2527,0.58910137414932251
test_protein_2533,1.1353329682606272e-05
test_protein_2538,0.63117241859436035
test_protein_2535,0.055550377815961838
test_protein_2536,0.32618001103401184
test_protein_2540,0.27510768175125122
test_protein_2542,0.4382111132144928
test_protein_2541,0.11186952888965607
test_protein_2543,0.10762476921081543
test_protein_2544,0.25930923223495483
test_protein_2539,0.39010247588157654
test_protein_2546,0.81769084930419922
test_protein_2547,0.54224061965942383
test_protein_2545,0.25674879550933838
test_protein_2548,0.00019886600784957409
test_protein_2550,0.55431896448135376
test_protein_2549,0.36165037751197815
test_protein_2554,0.49735379219055176
test_protein_2556,0.46552631258964539
test_protein_2558,0.3131316602230072
test_protein_2560,0.03495560958981514
test_protein_2557,0.996917724609375
test_protein_2559,0.29189738631248474
test_protein_2553,0.70156693458557129
test_protein_2551,0.60707491636276245
test_protein_2561,0.03734210878610611
test_protein_2555,0.23801594972610474
test_protein_2562,0.14440913498401642
test_protein_2563,0.99888616800308228
test_protein_2565,0.4127928614616394
test_protein_2568,0.98034036159515381
test_protein_2569,0.61501228809356689
test_protein_2567,0.10424506664276123
test_protein_2552,0.60762315988540649
test_protein_2566,0.30240055918693542
test_protein_2571,0.30229085683822632
test_protein_2578,0.56598532199859619
test_protein_2570,0.65943610668182373
test_protein_2564,0.99944812059402466
test_protein_2576,0.13999976217746735
test_protein_2575,0.19818159937858582
test_protein_2572,0.85631680488586426
test_protein_2573,0.69562840461730957
test_protein_2579,0.099633015692234039
test_protein_2574,0.54347562789916992
test_protein_2577,0.25612786412239075
test_protein_2580,0.12925298511981964
test_protein_2584,0.080681018531322479
test_protein_2583,0.65195989608764648
test_protein_2582,0.0013131760060787201
test_protein_2581,0.10818721354007721
test_protein_2585,0.44430112838745117
test_protein_2586,0.50936198234558105
test_protein_2589,0.25686663389205933
test_protein_2587,0.77290850877761841
test_protein_2597,0.39280742406845093
test_protein_2591,0.34470996260643005
test_protein_2601,0.32932958006858826
test_protein_2588,0.044004324823617935
test_protein_2596,0.93372327089309692
test_protein_2590,0.54612845182418823
test_protein_2593,0.61967861652374268
test_protein_2599,0.33945509791374207
test_protein_2598,6.6393290580890607e-06
test_protein_2594,0.27958431839942932
test_protein_2602,0.7832258939743042
test_protein_2595,0.53205472230911255
test_protein_2603,0.71346855163574219
test_protein_2592,0.0004504104726947844
test_protein_2604,0.33641111850738525
test_protein_2600,0.54338425397872925
test_protein_2605,0.91232234239578247
test_protein_2607,0.65519005060195923
test_protein_2610,0.62503772974014282
test_protein_2608,0.96493208408355713
test_protein_2612,0.64090311527252197
test_protein_2609,0.88172638416290283
test_protein_2611,0.74291867017745972
test_protein_2615,0.73334419727325439
test_protein_2606,0.58602756261825562
test_protein_2614,0.64983892440795898
test_protein_2613,0.91462552547454834
test_protein_2616,0.42393973469734192
test_protein_2618,0.48224031925201416
test_protein_2620,0.61854207515716553
test_protein_2622,0.41891568899154663
test_protein_2623,0.55065792798995972
test_protein_2617,0.61327165365219116
test_protein_2619,0.51509809494018555
test_protein_2624,0.40496599674224854
test_protein_2621,0.40385910868644714
test_protein_2627,0.65233761072158813
test_protein_2628,0.43853548169136047
test_protein_2625,0.59466809034347534
test_protein_2629,0.00026434494066052139
test_protein_2630,0.72342860698699951
test_protein_2626,0.57430148124694824
test_protein_2631,0.14453695714473724
test_protein_2633,0.31997326016426086
test_protein_2632,0.25787293910980225
test_protein_2635,0.38476428389549255
test_protein_2636,0.29777619242668152
test_protein_2639,0.10415936261415482
test_protein_2637,0.48256558179855347
test_protein_2640,0.56057268381118774
test_protein_2634,0.29194596409797668
test_protein_2641,0.99471163749694824
test_protein_2646,0.1033274233341217
test_protein_2638,0.021726230159401894
test_protein_2644,0.43931707739830017
test_protein_2645,0.29298833012580872
test_protein_2643,0.21170839667320251
test_protein_2642,0.99787402153015137
test_protein_2647,0.57319647073745728
test_protein_2648,0.63046300411224365
test_protein_2649,0.1351090669631958
test_protein_2651,0.56038737297058105
test_protein_2653,0.39356830716133118
test_protein_2650,0.32891988754272461
test_protein_2660,0.4388478696346283
test_protein_2652,0.57965010404586792
test_protein_2658,0.56275385618209839
test_protein_2654,0.2500840425491333
test_protein_2662,0.49848562479019165
test_protein_2661,0.42020708322525024
test_protein_2655,0.081779196858406067
test_protein_2656,0.64921104907989502
test_protein_2657,0.22089701890945435
test_protein_2665,0.5066491961479187
test_protein_2669,0.75132793188095093
test_protein_2668,0.30464506149291992
test_protein_2663,0.29166123270988464
test_protein_2659,0.47913029789924622
test_protein_2666,0.31651175022125244
test_protein_2667,0.40208035707473755
test_protein_2664,0.48643597960472107
test_protein_2674,0.65493559837341309
test_protein_2670,0.58987253904342651
test_protein_2675,0.5412183403968811
test_protein_2671,0.58868902921676636
test_protein_2672,0.53239530324935913
test_protein_2678,0.36626142263412476
test_protein_2673,0.35513016581535339
test_protein_2676,0.25345239043235779
test_protein_2680,0.48112121224403381
test_protein_2677,0.34869062900543213
test_protein_2679,0.99428313970565796
test_protein_2682,0.73449009656906128
test_protein_2687,0.50279331207275391
test_protein_2681,0.71574699878692627
test_protein_2691,0.00046776435920037329
test_protein_2685,0.64946138858795166
test_protein_2684,0.5129929780960083
test_protein_2688,0.31565660238265991
test_protein_2689,0.53321743011474609
test_protein_2683,0.4457680881023407
test_protein_2692,0.45055264234542847
test_protein_2697,0.10117615759372711
test_protein_2693,0.48493948578834534
test_protein_2686,0.12071798741817474
test_protein_2694,0.63768941164016724
test_protein_2690,0.55407744646072388
test_protein_2696,0.047465570271015167
test_protein_2695,0.16126661002635956
test_protein_2704,0.12153831124305725
test_protein_2701,1.735770865707309e-06
test_protein_2702,0.78804570436477661
test_protein_2698,5.1574934332165867e-05
test_protein_2705,0.41209268569946289
test_protein_2699,0.27763807773590088
test_protein_2703,0.15152397751808167
test_protein_2700,0.43956577777862549
test_protein_2706,0.50788509845733643
test_protein_2707,0.37194183468818665
test_protein_2708,0.00013508509437087923
test_protein_2709,0.37060457468032837
test_protein_2713,0.39779549837112427
test_protein_2712,0.51556456089019775
test_protein_2710,0.13594977557659149
test_protein_2715,0.0752548947930336
test_protein_2711,0.56058192253112793
test_protein_2717,0.52583581209182739
test_protein_2714,0.14961694180965424
test_protein_2716,0.5070420503616333
test_protein_2721,0.59339910745620728
test_protein_2719,0.034084055572748184
test_protein_2720,0.97053772211074829
test_protein_2718,0.7946779727935791
test_protein_2728,0.86687940359115601
test_protein_2724,0.50973409414291382
test_protein_2730,0.97788155078887939
test_protein_2722,0.23263542354106903
test_protein_2725,0.49501478672027588
test_protein_2726,0.48520365357398987
test_protein_2727,0.021711274981498718
test_protein_2723,0.430225670337677
test_protein_2729,0.53108185529708862
test_protein_2732,0.69625598192214966
test_protein_2731,0.41782063245773315
test_protein_2733,0.30138897895812988
test_protein_2734,0.14913570880889893
test_protein_2738,0.18285556137561798
test_protein_2737,0.23838575184345245
test_protein_2739,0.39452949166297913
test_protein_2741,0.00083722476847469807
test_protein_2740,0.30970659852027893
test_protein_2735,0.68187278509140015
test_protein_2736,0.41577634215354919
test_protein_2743,0.14614759385585785
test_protein_2742,0.66633403301239014
test_protein_2747,0.40671831369400024
test_protein_2746,0.65565818548202515
test_protein_2748,0.20397983491420746
test_protein_2744,0.51230138540267944
test_protein_2745,0.67507702112197876
test_protein_2750,0.060609612613916397
test_protein_2749,0.043544206768274307
test_protein_2760,0.58833855390548706
test_protein_2757,0.75395321846008301
test_protein_2759,0.81131893396377563
test_protein_2758,0.99559754133224487
test_protein_2756,0.53144121170043945
test_protein_2753,0.580913245677948
test_protein_2755,0.85114502906799316
test_protein_2754,0.22444425523281097
test_protein_2752,0.98751556873321533
test_protein_2761,0.50826555490493774
test_protein_2751,0.04436156153678894
test_protein_2763,0.27745318412780762
test_protein_2762,0.38359510898590088
test_protein_2767,0.076012805104255676
test_protein_2766,0.60470670461654663
test_protein_2769,0.15020535886287689
test_protein_2768,0.28898876905441284
test_protein_2774,0.29768112301826477
test_protein_2770,0.23219132423400879
test_protein_2764,0.67588949203491211
test_protein_2773,0.28509140014648438
test_protein_2772,0.74071532487869263
test_protein_2765,0.73838895559310913
test_protein_2771,0.68541765213012695
test_protein_2777,0.5048326849937439
test_protein_2779,0.3214886486530304
test_protein_2775,0.12833608686923981
test_protein_2781,0.11179596185684204
test_protein_2780,0.79471743106842041
test_protein_2776,0.34592482447624207
test_protein_2782,0.48389095067977905
test_protein_2778,0.74795442819595337
test_protein_2783,0.80066800117492676
test_protein_2786,0.84897154569625854
test_protein_2784,0.77053338289260864
test_protein_2790,0.35964164137840271
test_protein_2788,0.80602145195007324
test_protein_2785,0.56489092111587524
test_protein_2789,0.86840319633483887
test_protein_2794,0.29620572924613953
test_protein_2791,0.9815068244934082
test_protein_2796,0.13460379838943481
test_protein_2787,0.080958135426044464
test_protein_2797,0.0084227053448557854
test_protein_2793,0.026678062975406647
test_protein_2792,0.13365703821182251
test_protein_2795,0.51015728712081909
test_protein_2800,0.42794591188430786
test_protein_2798,0.57609903812408447
test_protein_2799,0.10168483108282089
test_protein_2807,0.45748728513717651
test_protein_2810,0.16184625029563904
test_protein_2806,0.16829389333724976
test_protein_2803,0.39484822750091553
test_protein_2805,0.50077646970748901
test_protein_2801,0.49548384547233582
test_protein_2802,0.0013295270036906004
test_protein_2804,0.54143321514129639
test_protein_2809,0.72988516092300415
test_protein_2808,0.86316341161727905
test_protein_2811,0.48556733131408691
test_protein_2813,0.012983652763068676
test_protein_2812,0.50121849775314331
test_protein_2815,0.016933763399720192
test_protein_2814,0.56872272491455078
test_protein_2817,0.42995133996009827
test_protein_2819,0.010373573750257492
test_protein_2820,0.51837539672851562
test_protein_2821,0.72153699398040771
test_protein_2822,0.70845800638198853
test_protein_2818,0.55916625261306763
test_protein_2816,0.89467102289199829
test_protein_2823,0.34122294187545776
test_protein_2830,0.94817578792572021
test_protein_2826,0.24057002365589142
test_protein_2825,0.59852343797683716
test_protein_2824,0.55374211072921753
test_protein_2827,0.076610252261161804
test_protein_2829,0.69552314281463623
test_protein_2828,0.61632037162780762
test_protein_2831,0.89896863698959351
test_protein_2832,0.8493683934211731
test_protein_2833,0.19705206155776978
test_protein_2836,0.6221613883972168
test_protein_2834,0.55908393859863281
test_protein_2838,0.61319446563720703
test_protein_2843,0.3252372145652771
test_protein_2839,0.27185007929801941
test_protein_2835,0.41462573409080505
test_protein_2842,0.068829789757728577
test_protein_2847,0.5262143611907959
test_protein_2841,0.56338632106781006
test_protein_2837,0.97311270236968994
test_protein_2846,0.012028299272060394
test_protein_2845,0.51326167583465576
test_protein_2840,0.27595338225364685
test_protein_2848,0.046697229146957397
test_protein_2844,0.0022117786575108767
test_protein_2850,0.19005665183067322
test_protein_2851,0.06220577284693718
test_protein_2849,0.80422717332839966
test_protein_2855,0.248326376080513
test_protein_2853,0.31610402464866638
test_protein_2854,0.058309424668550491
test_protein_2856,0.11889997124671936
test_protein_2852,0.13742750883102417
test_protein_2858,0.11605827510356903
test_protein_2859,0.41005757451057434
test_protein_2857,0.80334502458572388
test_protein_2861,0.79367244243621826
test_protein_2860,0.10155721008777618
test_protein_2868,0.64850038290023804
test_protein_2865,0.32785782217979431
test_protein_2862,0.05945172905921936
test_protein_2866,0.23392747342586517
test_protein_2869,0.033769670873880386
test_protein_2870,0.15764410793781281
test_protein_2867,0.13977968692779541
test_protein_2863,0.021296095103025436
test_protein_2864,0.62243938446044922
test_protein_2871,0.34035265445709229
test_protein_2872,0.029488049447536469
test_protein_2882,0.61542165279388428
test_protein_2875,0.17295224964618683
test_protein_2874,0.90195739269256592
test_protein_2878,0.05588236078619957
test_protein_2879,0.29682996869087219
test_protein_2883,0.0061513567343354225
test_protein_2876,0.34079504013061523
test_protein_2873,0.0040605426765978336
test_protein_2877,0.24925835430622101
test_protein_2880,0.11191482096910477
test_protein_2885,0.10108455270528793
test_protein_2881,0.24319657683372498
test_protein_2884,0.40239101648330688
test_protein_2886,0.014275217428803444
test_protein_2888,0.067470148205757141
test_protein_2887,0.8122132420539856
test_protein_2890,0.063095882534980774
test_protein_2889,0.69409370422363281
test_protein_2891,0.34949970245361328
test_protein_2899,0.78353685140609741
test_protein_2893,0.013447157107293606
test_protein_2895,0.52768057584762573
test_protein_2896,0.2884184718132019
test_protein_2901,0.054599117487668991
test_protein_2897,0.49449720978736877
test_protein_2898,0.19185525178909302
test_protein_2894,0.026024807244539261
test_protein_2902,0.96268314123153687
test_protein_2892,0.091237105429172516
test_protein_2900,0.0095362123101949692
test_protein_2903,0.029662972316145897
test_protein_2908,0.13684239983558655
test_protein_2911,0.257292240858078
test_protein_2909,0.36090415716171265
test_protein_2907,0.2060474306344986
test_protein_2904,0.62174481153488159
test_protein_2906,0.29470556974411011
test_protein_2905,0.064838595688343048
test_protein_2910,0.10073100030422211
test_protein_2914,0.33449527621269226
test_protein_2918,0.099282175302505493
test_protein_2915,0.025066552683711052
test_protein_2912,0.010623152367770672
test_protein_2916,0.11765445023775101
test_protein_2917,0.73820328712463379
test_protein_2913,0.48502200841903687
test_protein_2921,0.10842256993055344
test_protein_2922,0.83851349353790283
test_protein_2923,0.22119615972042084
test_protein_2919,0.5347711443901062
test_protein_2925,0.10643940418958664
test_protein_2920,0.30872321128845215
test_protein_2924,0.34835577011108398
test_protein_2932,0.46965280175209045
test_protein_2931,0.12597784399986267
test_protein_2929,0.15103547275066376
test_protein_2926,0.36865997314453125
test_protein_2927,0.4607144296169281
test_protein_2930,0.82104641199111938
test_protein_2928,0.14239872992038727
test_protein_2934,0.28641724586486816
test_protein_2935,0.10599955916404724
test_protein_2933,0.15246324241161346
test_protein_2937,0.99474650621414185
test_protein_2940,0.084944918751716614
test_protein_2938,0.95817047357559204
test_protein_2942,0.91771179437637329
test_protein_2936,0.58759021759033203
test_protein_2945,0.26950269937515259
test_protein_2939,0.084992125630378723
test_protein_2941,0.69642007350921631
test_protein_2944,0.83256417512893677
test_protein_2947,0.40659061074256897
test_protein_2946,0.58296495676040649
test_protein_2943,0.95207953453063965
test_protein_2948,0.49569383263587952
test_protein_2951,0.63337260484695435
test_protein_2949,0.59347808361053467
test_protein_2950,0.67356187105178833
test_protein_2954,0.20153604447841644
test_protein_2959,0.10509547591209412
test_protein_2953,0.52113491296768188
test_protein_2955,0.13924981653690338
test_protein_2958,0.23648309707641602
test_protein_2956,0.71569764614105225
test_protein_2952,0.4072030782699585
test_protein_2957,0.30701208114624023
test_protein_2961,0.0028874191921204329
test_protein_2960,0.15666255354881287
test_protein_2964,0.10730187594890594
test_protein_2962,0.060256674885749817
test_protein_2963,0.20435208082199097
test_protein_2969,0.34835219383239746
test_protein_2965,0.049936134368181229
test_protein_2972,0.38514867424964905
test_protein_2970,0.010183884762227535
test_protein_2967,0.48896154761314392
test_protein_2966,0.3356303870677948
test_protein_2968,0.010442588478326797
test_protein_2971,0.56221002340316772
test_protein_2973,0.73250186443328857
test_protein_2974,0.17885737121105194
test_protein_2978,0.50280845165252686
test_protein_2979,0.77922123670578003
test_protein_2983,0.67127197980880737
test_protein_2980,0.3318430483341217
test_protein_2975,0.51946520805358887
test_protein_2977,0.14176914095878601
test_protein_2976,0.012071252800524235
test_protein_2981,0.38161319494247437
test_protein_2984,0.2484012246131897
test_protein_2985,0.88110947608947754
test_protein_2982,0.51721179485321045
test_protein_2986,0.64382326602935791
test_protein_2987,0.014746083877980709
test_protein_2996,0.29015141725540161
test_protein_2989,0.43872138857841492
test_protein_2988,0.80722004175186157
test_protein_2994,0.36645522713661194
test_protein_2991,0.032335177063941956
test_protein_2990,0.5661395788192749
test_protein_2997,0.6275031566619873
test_protein_2992,0.54688215255737305
test_protein_2993,0.95146423578262329
test_protein_2995,0.21273575723171234
test_protein_2998,0.11274018883705139
test_protein_3002,0.43148428201675415
test_protein_3000,0.57805424928665161
test_protein_2999,0.99995541572570801
test_protein_3003,0.54921752214431763
test_protein_3001,0.98586916923522949
test_protein_3005,0.79166191816329956
test_protein_3008,0.58424258232116699
test_protein_3007,0.056274767965078354
test_protein_3014,0.026833556592464447
test_protein_3006,0.43666806817054749
test_protein_3009,0.53541558980941772
test_protein_3011,0.11766984313726425
test_protein_3010,0.71407067775726318
test_protein_3015,0.68060910701751709
test_protein_3004,0.43483796715736389
test_protein_3013,0.78228121995925903
test_protein_3017,0.48278328776359558
test_protein_3012,0.25396740436553955
test_protein_3016,0.043030068278312683
test_protein_3018,0.96666127443313599
test_protein_3019,0.93236112594604492
test_protein_3021,0.69044625759124756
test_protein_3020,0.11631958186626434
test_protein_3030,0.99168878793716431
test_protein_3027,0.97750967741012573
test_protein_3031,0.48400026559829712
test_protein_3028,0.88667362928390503
test_protein_3023,0.0443292036652565
test_protein_3033,0.20315153896808624
test_protein_3024,0.67118340730667114
test_protein_3022,0.57414203882217407
test_protein_3026,0.35895821452140808
test_protein_3029,0.89974880218505859
test_protein_3025,0.81221479177474976
test_protein_3035,1
test_protein_3037,0.65413117408752441
test_protein_3032,0.096386879682540894
test_protein_3036,0.97083783149719238
test_protein_3041,0.78012067079544067
test_protein_3039,0.98381710052490234
test_protein_3040,0.99782568216323853
test_protein_3043,0.87204062938690186
test_protein_3034,0.99061030149459839
test_protein_3042,0.13343748450279236
test_protein_3038,0.19467785954475403
test_protein_3045,0.39938533306121826
test_protein_3044,0.87239271402359009
test_protein_3047,0.43508362770080566
test_protein_3046,0.58172488212585449
test_protein_3056,0.91807287931442261
test_protein_3057,0.93660026788711548
test_protein_3048,0.87207651138305664
test_protein_3050,0.77447617053985596
test_protein_3052,0.59872722625732422
test_protein_3053,0.97944849729537964
test_protein_3051,0.83335745334625244
test_protein_3054,0.99545836448669434
test_protein_3055,0.9759371280670166
test_protein_3049,0.068068638443946838
test_protein_3063,0.93489271402359009
test_protein_3067,0.51028650999069214
test_protein_3058,0.31844767928123474
test_protein_3059,0.35898515582084656
test_protein_3060,0.9994889497756958
test_protein_3066,0.38715267181396484
test_protein_3068,0.74934482574462891
test_protein_3064,0.7012595534324646
test_protein_3065,0.69361960887908936
test_protein_3062,0.97649490833282471
test_protein_3061,0.8701552152633667
test_protein_3072,0.86517751216888428
test_protein_3071,0.057520497590303421
test_protein_3070,0.99248838424682617
test_protein_3073,0.98151671886444092
test_protein_3069,0.55796277523040771
test_protein_3078,0.35263201594352722
test_protein_3074,0.99387794733047485
test_protein_3075,0.85945570468902588
test_protein_3077,0.53309661149978638
test_protein_3076,0.7507699728012085
test_protein_3079,0.94075405597686768
test_protein_3087,0.053826507180929184
test_protein_3080,0.99590343236923218
test_protein_3082,0.74355608224868774
test_protein_3081,0.66071736812591553
test_protein_3088,0.92277985811233521
test_protein_3089,0.94864523410797119
test_protein_3084,0.62454867362976074
test_protein_3085,0.78846496343612671
test_protein_3083,0.72065311670303345
test_protein_3090,0.81302154064178467
test_protein_3094,0.89612299203872681
test_protein_3097,0.015114337205886841
test_protein_3091,0.94406729936599731
test_protein_3095,0.4460369348526001
test_protein_3093,0.10705125331878662
test_protein_3096,0.7433704137802124
test_protein_3086,0.74758046865463257
test_protein_3092,0.69136279821395874
test_protein_3098,0.8013603687286377
test_protein_3099,0.50453150272369385
test_protein_3102,0.38768628239631653
test_protein_3100,0.40053054690361023
test_protein_3101,0.0017366077518090606
test_protein_3106,0.031989555805921555
test_protein_3108,0.44086736440658569
test_protein_3103,0.88936907052993774
test_protein_3107,0.028652908280491829
test_protein_3104,0.091714635491371155
test_protein_3111,0.36084851622581482
test_protein_3112,0.80297082662582397
test_protein_3110,0.023218939080834389
test_protein_3105,0.54395228624343872
test_protein_3114,0.35591921210289001
test_protein_3109,0.13399572670459747
test_protein_3117,0.43096828460693359
test_protein_3125,0.085121624171733856
test_protein_3116,0.089451342821121216
test_protein_3122,0.048948053270578384
test_protein_3113,0.022258596494793892
test_protein_3118,0.0057201273739337921
test_protein_3115,0.036034338176250458
test_protein_3119,0.043939400464296341
test_protein_3124,0.46923896670341492
test_protein_3126,0.0073551926761865616
test_protein_3120,0.0044903028756380081
test_protein_3123,0.13040393590927124
test_protein_3121,0.036460429430007935
test_protein_3129,0.073845721781253815
test_protein_3127,0.32824462652206421
test_protein_3128,0.29238355159759521
test_protein_3130,0.045563776046037674
test_protein_3135,0.2352345883846283
test_protein_3132,0.33642846345901489
test_protein_3133,0.71155756711959839
test_protein_3131,0.05947229266166687
test_protein_3134,0.43833664059638977
test_protein_3139,0.13897192478179932
test_protein_3137,0.011657367460429668
test_protein_3136,0.49174413084983826
test_protein_3141,0.21127688884735107
test_protein_3138,0.022268613800406456
test_protein_3142,0.11459454894065857
test_protein_3140,0.11636345833539963
test_protein_3143,0.24494017660617828
test_protein_3145,0.12439879775047302
test_protein_3146,0.46705326437950134
test_protein_3148,0.40862402319908142
test_protein_3149,0.49123603105545044
test_protein_3147,0.60841619968414307
test_protein_3144,0.052261538803577423
test_protein_3151,0.48833382129669189
test_protein_3150,0.99936896562576294
test_protein_3154,0.00022111955331638455
test_protein_3153,0.4975055456161499
test_protein_3155,0.22114376723766327
test_protein_3157,0.39285847544670105
test_protein_3160,0.33389124274253845
test_protein_3152,0.36874395608901978
test_protein_3162,0.82358527183532715
test_protein_3159,0.6225472092628479
test_protein_3156,0.25848701596260071
test_protein_3158,0.25041040778160095
test_protein_3163,0.63290953636169434
test_protein_3167,0.25185024738311768
test_protein_3164,0.38560843467712402
test_protein_3161,0.1271994411945343
test_protein_3170,0.037420306354761124
test_protein_3172,0.46018508076667786
test_protein_3168,0.25311604142189026
test_protein_3166,0.58796483278274536
test_protein_3165,0.37846854329109192
test_protein_3171,0.12777918577194214
test_protein_3169,0.19909738004207611
test_protein_3173,0.044634871184825897
test_protein_3179,0.66479533910751343
test_protein_3177,0.064826346933841705
test_protein_3178,0.52399694919586182
test_protein_3176,0.086958318948745728
test_protein_3175,0.11911556124687195
test_protein_3174,0.50351297855377197
test_protein_3182,0.29322502017021179
test_protein_3187,0.19556018710136414
test_protein_3183,0.14982108771800995
test_protein_3181,0.50795829296112061
test_protein_3180,0.23891650140285492
test_protein_3186,0.7751922607421875
test_protein_3184,0.20161044597625732
test_protein_3188,0.32346659898757935
test_protein_3191,0.79255658388137817
test_protein_3185,0.93826603889465332
test_protein_3190,0.44718649983406067
test_protein_3193,0.88692784309387207
test_protein_3194,0.10360715538263321
test_protein_3189,0.68400055170059204
test_protein_3196,0.49976912140846252
test_protein_3197,0.19261083006858826
test_protein_3198,0.93422532081604004
test_protein_3199,0.56667071580886841
test_protein_3200,0.23900356888771057
test_protein_3192,0.37160179018974304
test_protein_3195,0.52418440580368042
test_protein_3202,0.70897477865219116
test_protein_3201,0.70031952857971191
test_protein_3207,0.41031491756439209
test_protein_3206,0.53088593482971191
test_protein_3210,0.5911528468132019
test_protein_3204,0.61908364295959473
test_protein_3208,0.46614107489585876
test_protein_3203,0.73945015668869019
test_protein_3209,0.064587093889713287
test_protein_3211,0.023417305201292038
test_protein_3205,0.77126079797744751
test_protein_3214,0.30783307552337646
test_protein_3218,0.78539741039276123
test_protein_3212,0.2557905912399292
test_protein_3219,0.53240233659744263
test_protein_3220,0.58219712972640991
test_protein_3226,0.47845995426177979
test_protein_3222,0.56424844264984131
test_protein_3213,0.29301494359970093
test_protein_3217,0.21282193064689636
test_protein_3223,0.24170891940593719
test_protein_3221,0.5545276403427124
test_protein_3216,0.07317739725112915
test_protein_3225,0.093750089406967163
test_protein_3224,0.58020442724227905
test_protein_3215,0.67479288578033447
test_protein_3227,0.14439059793949127
test_protein_3233,0.30042493343353271
test_protein_3230,0.38742339611053467
test_protein_3232,0.0029520711395889521
test_protein_3240,0.79558134078979492
test_protein_3231,0.58703768253326416
test_protein_3229,0.12812362611293793
test_protein_3237,0.42758926749229431
test_protein_3228,1.4856816960673314e-05
test_protein_3235,0.31972989439964294
test_protein_3234,0.27735599875450134
test_protein_3241,0.97535759210586548
test_protein_3238,0.53547120094299316
test_protein_3236,0.47455093264579773
test_protein_3243,0.83922106027603149
test_protein_3246,0.70232194662094116
test_protein_3242,0.90580654144287109
test_protein_3244,0.85128307342529297
test_protein_3245,0.90236163139343262
test_protein_3239,0.99655920267105103
test_protein_3248,0.75806719064712524
test_protein_3247,0.063695110380649567
test_protein_3249,0.48642906546592712
test_protein_3252,0.92970198392868042
test_protein_3250,0.86929190158843994
test_protein_3251,0.91733026504516602
test_protein_3259,0.71294528245925903
test_protein_3256,0.076145194470882416
test_protein_3257,0.8911089301109314
test_protein_3263,0.095166422426700592
test_protein_3255,0.81724321842193604
test_protein_3258,0.67176586389541626
test_protein_3254,0.85583597421646118
test_protein_3253,0.92656528949737549
test_protein_3261,0.80712038278579712
test_protein_3260,0.22340886294841766
test_protein_3268,0.67831915616989136
test_protein_3262,0.84421122074127197
test_protein_3269,0.68106174468994141
test_protein_3266,0.78190159797668457
test_protein_3265,0.063964329659938812
test_protein_3264,0.640480637550354
test_protein_3273,0.96371001005172729
test_protein_3271,0.75697749853134155
test_protein_3267,0.66331511735916138
test_protein_3274,0.52168756723403931
test_protein_3270,0.85704749822616577
test_protein_3272,0.9274412989616394
test_protein_3275,0.69348692893981934
test_protein_3276,0.95308107137680054
test_protein_3279,0.33451774716377258
test_protein_3283,0.1345515102148056
test_protein_3278,0.60051214694976807
test_protein_3282,0.33103811740875244
test_protein_3281,0.32733708620071411
test_protein_3284,0.80642277002334595
test_protein_3286,0.2634042501449585
test_protein_3285,0.49263396859169006
test_protein_3280,0.68306648731231689
test_protein_3277,0.95054823160171509
test_protein_3287,0.78861629962921143
test_protein_3289,0.87420690059661865
test_protein_3291,0.2263663113117218
test_protein_3292,0.3918863832950592
test_protein_3296,0.41507551074028015
test_protein_3288,0.21005783975124359
test_protein_3293,0.60761547088623047
test_protein_3294,0.30592700839042664
test_protein_3295,0.59785324335098267
test_protein_3290,0.42873263359069824
test_protein_3297,0.27258259057998657
test_protein_3298,0.27470645308494568
test_protein_3301,0.37344709038734436
test_protein_3300,0.17863255739212036
test_protein_3303,0.42039048671722412
test_protein_3299,0.38359653949737549
test_protein_3304,0.25989291071891785
test_protein_3302,0.58297109603881836
test_protein_3305,0.18165890872478485
test_protein_3307,0.75125211477279663
test_protein_3312,0.45067945122718811
test_protein_3306,0.3241826593875885
test_protein_3308,0.32133769989013672
test_protein_3309,0.23554039001464844
test_protein_3310,0.448924720287323
test_protein_3311,0.23355118930339813
test_protein_3314,0.27204462885856628
test_protein_3315,0.23993627727031708
test_protein_3316,0.31011983752250671
test_protein_3313,0.061117310076951981
test_protein_3321,0.73457789421081543
test_protein_3318,0.3315197229385376
test_protein_3317,0.16951847076416016
test_protein_3319,0.29987046122550964
test_protein_3322,0.97263586521148682
test_protein_3325,2.1791003746329807e-05
test_protein_3320,0.14987203478813171
test_protein_3323,0.39270156621932983
test_protein_3329,0.63473236560821533
test_protein_3326,0.28745537996292114
test_protein_3324,0.56539076566696167
test_protein_3331,0.39783367514610291
test_protein_3330,0.55651253461837769
test_protein_3327,0.41415217518806458
test_protein_3333,0.31177306175231934
test_protein_3328,0.41084340214729309
test_protein_3332,0.60739803314208984
test_protein_3334,0.24425883591175079
test_protein_3336,0.49177348613739014
test_protein_3338,0.83277601003646851
test_protein_3341,0.022523375228047371
test_protein_3335,0.59124290943145752
test_protein_3339,0.1835193932056427
test_protein_3340,0.590675950050354
test_protein_3342,0.017625050619244576
test_protein_3337,0.23249652981758118
test_protein_3345,0.53888750076293945
test_protein_3346,0.57192671298980713
test_protein_3343,0.023556668311357498
test_protein_3344,0.72236138582229614
test_protein_3348,0.39881342649459839
test_protein_3350,0.71308046579360962
test_protein_3349,0.20190870761871338
test_protein_3351,0.68931049108505249
test_protein_3352,0.40876868367195129
test_protein_3354,0.2815992534160614
test_protein_3347,0.52993208169937134
test_protein_3355,0.57799142599105835
test_protein_3360,0.54659295082092285
test_protein_3359,0.46093934774398804
test_protein_3358,0.77875828742980957
test_protein_3362,0.53772151470184326
test_protein_3357,0.7837674617767334
test_protein_3353,0.60828554630279541
test_protein_3356,0.60733568668365479
test_protein_3365,0.50210905075073242
test_protein_3364,0.082289732992649078
test_protein_3361,0.35455900430679321
test_protein_3363,0.67378520965576172
test_protein_3366,0.32868579030036926
test_protein_3368,0.49445241689682007
test_protein_3370,0.31233537197113037
test_protein_3369,0.72766196727752686
test_protein_3367,0.39480242133140564
test_protein_3371,0.19454957544803619
test_protein_3374,0.37657546997070312
test_protein_3376,0.62065786123275757
test_protein_3377,0.43518197536468506
test_protein_3378,0.36705294251441956
test_protein_3373,0.31012427806854248
test_protein_3384,0.22122739255428314
test_protein_3382,0.41060379147529602
test_protein_3375,0.64052259922027588
test_protein_3379,0.42133247852325439
test_protein_3380,0.97825747728347778
test_protein_3383,0.025258986279368401
test_protein_3372,0.37331894040107727
test_protein_3389,0.33576387166976929
test_protein_3381,0.99931681156158447
test_protein_3387,0.20583026111125946
test_protein_3388,0.47634023427963257
test_protein_3386,0.35371959209442139
test_protein_3385,0.43229225277900696
test_protein_3390,0.48753765225410461
test_protein_3391,0.24518145620822906
test_protein_3392,0.16239511966705322
test_protein_3393,0.18275861442089081
test_protein_3395,0.42790374159812927
test_protein_3396,0.20957827568054199
test_protein_3399,0.5429384708404541
test_protein_3397,0.35399103164672852
test_protein_3394,0.3781639039516449
test_protein_3398,0.30318790674209595
test_protein_3402,0.42680308222770691
test_protein_3401,0.77685624361038208
test_protein_3403,0.79196012020111084
test_protein_3400,0.49538439512252808
test_protein_3405,0.13430356979370117
test_protein_3404,0.98280161619186401
test_protein_3408,0.51432454586029053
test_protein_3406,0.34771531820297241
test_protein_3411,0.97406941652297974
test_protein_3407,0.20041121542453766
test_protein_3417,0.015382043085992336
test_protein_3415,0.1124982163310051
test_protein_3410,0.30785375833511353
test_protein_3414,0.12087821215391159
test_protein_3413,0.16271413862705231
test_protein_3418,0.14943037927150726
test_protein_3409,7.8749370004516095e-05
test_protein_3412,0.096661150455474854
test_protein_3416,0.33082789182662964
test_protein_3423,0.86348193883895874
test_protein_3419,0.99790573120117188
test_protein_3421,0.98852300643920898
test_protein_3420,0.35527411103248596
test_protein_3424,0.9959491491317749
test_protein_3425,0.42898416519165039
test_protein_3429,0.72791731357574463
test_protein_3427,0.89135986566543579
test_protein_3426,0.61445599794387817
test_protein_3422,0.99262577295303345
test_protein_3432,0.7528337836265564
test_protein_3428,0.72685801982879639
test_protein_3436,0.62417995929718018
test_protein_3431,0.6917184591293335
test_protein_3435,0.61078733205795288
test_protein_3434,0.61644291877746582
test_protein_3437,0.98920291662216187
test_protein_3430,0.42387789487838745
test_protein_3438,0.42918610572814941
test_protein_3433,0.47806769609451294
test_protein_3445,0.44108983874320984
test_protein_3439,0.50769394636154175
test_protein_3440,0.80846112966537476
test_protein_3441,0.336843341588974
test_protein_3446,0.67374587059020996
test_protein_3447,0.78446906805038452
test_protein_3442,0.38209950923919678
test_protein_3444,0.4217974841594696
test_protein_3443,0.56150335073471069
test_protein_3448,0.61867916584014893
test_protein_3454,0.90475469827651978
test_protein_3456,0.45410054922103882
test_protein_3455,0.2654898464679718
test_protein_3457,0.55335849523544312
test_protein_3450,0.63192504644393921
test_protein_3451,0.48219802975654602
test_protein_3449,0.37900674343109131
test_protein_3452,0.65408074855804443
test_protein_3453,0.65715658664703369
test_protein_3458,0.050812646746635437
test_protein_3460,0.42654606699943542
test_protein_3461,0.44812047481536865
test_protein_3459,0.75187897682189941
test_protein_3463,0.54151445627212524
test_protein_3473,0.87589561939239502
test_protein_3462,0.22274138033390045
test_protein_3469,0.98456281423568726
test_protein_3464,0.023668128997087479
test_protein_3466,0.34751605987548828
test_protein_3465,0.074707068502902985
test_protein_3467,0.54493087530136108
test_protein_3472,0.0027825254946947098
test_protein_3471,0.36204272508621216
test_protein_3470,0.77735435962677002
test_protein_3468,0.99648165702819824
test_protein_3478,0.088850364089012146
test_protein_3475,0.34385102987289429
test_protein_3480,0.57588261365890503
test_protein_3477,0.9085126519203186
test_protein_3476,0.73640161752700806
test_protein_3474,0.041081082075834274
test_protein_3479,0.15288324654102325
test_protein_3484,0.14994610846042633
test_protein_3481,0.84164142608642578
test_protein_3487,0.0048585603944957256
test_protein_3485,0.15197132527828217
test_protein_3483,0.34565526247024536
test_protein_3482,0.10530223697423935
test_protein_3490,0.47189649939537048
test_protein_3486,0.0066695883870124817
test_protein_3498,0.58404475450515747
test_protein_3495,0.7755616307258606
test_protein_3493,0.96641099452972412
test_protein_3491,0.57725054025650024
test_protein_3488,0.99299871921539307
test_protein_3492,0.51048439741134644
test_protein_3497,0.9290623664855957
test_protein_3500,0.76816362142562866
test_protein_3489,0.8552585244178772
test_protein_3499,0.42132103443145752
test_protein_3494,0.97122544050216675
test_protein_3503,0.60207623243331909
test_protein_3502,0.41234102845191956
test_protein_3501,0.37211838364601135
test_protein_3504,0.37816187739372253
test_protein_3496,0.99482166767120361
test_protein_3505,0.61886465549468994
test_protein_3511,0.88194149732589722
test_protein_3514,0.80666649341583252
test_protein_3509,0.76715278625488281
test_protein_3510,0.62848848104476929
test_protein_3507,0.72293305397033691
test_protein_3508,0.62141239643096924
test_protein_3506,0.76372480392456055
test_protein_3515,0.94670796394348145
test_protein_3512,0.99702078104019165
test_protein_3513,0.67276877164840698
test_protein_3521,0.625457763671875
test_protein_3522,0.62267833948135376
test_protein_3516,0.62715381383895874
test_protein_3520,0.71447074413299561
test_protein_3519,0.46218600869178772
test_protein_3518,0.39810657501220703
test_protein_3526,0.73203390836715698
test_protein_3517,0.1813439279794693
test_protein_3523,0.40307092666625977
test_protein_3525,0.89868921041488647
test_protein_3529,0.42141345143318176
test_protein_3527,0.085859499871730804
test_protein_3528,0.26493963599205017
test_protein_3524,0.83504563570022583
test_protein_3534,0.68573087453842163
test_protein_3532,0.11857578903436661
test_protein_3538,0.12790681421756744
test_protein_3530,0.35037511587142944
test_protein_3536,0.56634652614593506
test_protein_3533,0.5134284496307373
test_protein_3535,0.44287461042404175
test_protein_3531,0.69090420007705688
test_protein_3537,0.18829019367694855
test_protein_3541,0.43238300085067749
test_protein_3544,0.46898755431175232
test_protein_3548,0.46181589365005493
test_protein_3539,0.00078373186988756061
test_protein_3543,0.52662086486816406
test_protein_3542,0.15340414643287659
test_protein_3547,0.61663258075714111
test_protein_3546,0.65555810928344727
test_protein_3540,0.99529922008514404
test_protein_3545,0.56938236951828003
test_protein_3549,0.047104794532060623
test_protein_3555,0.46281543374061584
test_protein_3551,0.26089745759963989
test_protein_3552,0.1821877658367157
test_protein_3554,0.13593961298465729
test_protein_3550,0.10206069797277451
test_protein_3556,0.55001461505889893
test_protein_3553,0.94400215148925781
test_protein_3560,0.16289046406745911
test_protein_3559,0.082319989800453186
test_protein_3557,0.019530650228261948
test_protein_3558,0.15668866038322449
test_protein_3562,0.83039987087249756
test_protein_3563,0.80999976396560669
test_protein_3565,0.93502920866012573
test_protein_3561,0.43707701563835144
test_protein_3566,0.98718225955963135
test_protein_3568,0.55861407518386841
test_protein_3569,0.78943246603012085
test_protein_3570,0.68092536926269531
test_protein_3567,0.99031656980514526
test_protein_3575,0.32232871651649475
test_protein_3572,0.73707926273345947
test_protein_3577,0.40883705019950867
test_protein_3574,0.54095357656478882
test_protein_3564,0.52912819385528564
test_protein_3573,0.67944645881652832
test_protein_3580,0.48139825463294983
test_protein_3576,0.91676843166351318
test_protein_3583,0.35922342538833618
test_protein_3584,0.54742038249969482
test_protein_3578,0.98651021718978882
test_protein_3582,0.85271739959716797
test_protein_3571,0.67320811748504639
test_protein_3579,0.59124183654785156
test_protein_3585,0.68940615653991699
test_protein_3581,0.99800699949264526
test_protein_3591,0.91346174478530884
test_protein_3593,0.54265081882476807
test_protein_3588,0.64017641544342041
test_protein_3587,0.41997784376144409
test_protein_3592,0.936756432056427
test_protein_3586,0.45640137791633606
test_protein_3594,0.79628479480743408
test_protein_3589,0.50311297178268433
test_protein_3590,0.28901156783103943
test_protein_3595,0.48871210217475891
test_protein_3597,0.097367353737354279
test_protein_3599,0.79161322116851807
test_protein_3596,0.17983978986740112
test_protein_3603,0.54361069202423096
test_protein_3598,0.45276501774787903
test_protein_3605,0.024254731833934784
test_protein_3601,0.41505351662635803
test_protein_3608,0.081010766327381134
test_protein_3602,0.048170167952775955
test_protein_3600,0.090346150100231171
test_protein_3607,0.42829513549804688
test_protein_3604,0.28202781081199646
test_protein_3606,0.068748787045478821
test_protein_3613,0.52310258150100708
test_protein_3615,0.99694091081619263
test_protein_3616,0.77461427450180054
test_protein_3609,0.39458000659942627
test_protein_3614,0.62160223722457886
test_protein_3611,0.56343954801559448
test_protein_3612,0.41716405749320984
test_protein_3610,0.032258719205856323
test_protein_3617,0.70152938365936279
test_protein_3619,0.30771863460540771
test_protein_3620,0.040182974189519882
test_protein_3621,0.47055551409721375
test_protein_3618,0.61295849084854126
test_protein_3628,0.98229986429214478
test_protein_3627,0.51381075382232666
test_protein_3622,0.45823943614959717
test_protein_3624,0.56020557880401611
test_protein_3631,0.18491385877132416
test_protein_3630,0.35318174958229065
test_protein_3632,0.46600055694580078
test_protein_3623,0.42580395936965942
test_protein_3626,0.61776906251907349
test_protein_3629,6.1750273744110018e-05
test_protein_3625,0.45876699686050415
test_protein_3633,0.033795688301324844
test_protein_3634,0.036086715757846832
test_protein_3643,0.52599465847015381
test_protein_3640,0.042540058493614197
test_protein_3636,0.37847831845283508
test_protein_3639,0.031341534107923508
test_protein_3638,0.046009812504053116
test_protein_3635,0.081771120429039001
test_protein_3642,0.17660796642303467
test_protein_3641,0.1424703449010849
test_protein_3637,0.030365249142050743
test_protein_3645,0.59243744611740112
test_protein_3644,0.62523418664932251
test_protein_3646,0.40562286972999573
test_protein_3650,0.57988899946212769
test_protein_3647,0.76516109704971313
test_protein_3649,0.34600108861923218
test_protein_3652,0.51725077629089355
test_protein_3648,0.60308343172073364
test_protein_3654,0.25657311081886292
test_protein_3653,0.48771649599075317
test_protein_3651,0.82258254289627075
test_protein_3656,0.7772635817527771
test_protein_3658,0.57904630899429321
test_protein_3655,0.51692867279052734
test_protein_3659,0.3740716278553009
test_protein_3657,0.1886780709028244
test_protein_3661,0.00042794586624950171
test_protein_3660,0.58755433559417725
test_protein_3664,0.53559690713882446
test_protein_3662,5.9655479844877846e-07
test_protein_3667,0.45349574089050293
test_protein_3663,0.27803331613540649
test_protein_3665,0.52832049131393433
test_protein_3666,0.68526935577392578
test_protein_3668,0.71340268850326538
test_protein_3671,0.61897456645965576
test_protein_3669,0.38343966007232666
test_protein_3670,0.34132805466651917
test_protein_3672,0.73958224058151245
test_protein_3673,0.51838958263397217
test_protein_3675,0.54826867580413818
test_protein_3678,0.5197988748550415
test_protein_3677,0.20047520101070404
test_protein_3676,0.52800416946411133
test_protein_3674,0.61690360307693481
test_protein_3679,0.39002007246017456
test_protein_3681,0.61059421300888062
test_protein_3680,1.2846351637563203e-05
test_protein_3683,0.41831290721893311
test_protein_3682,0.5599244236946106
test_protein_3688,0.23549100756645203
test_protein_3684,0.7438470721244812
test_protein_3687,0.62935364246368408
test_protein_3685,0.59032666683197021
test_protein_3686,0.22543716430664062
test_protein_3690,0.45270442962646484
test_protein_3689,0.20678502321243286
test_protein_3693,0.62969064712524414
test_protein_3696,0.70270073413848877
test_protein_3691,0.54562431573867798
test_protein_3695,1.0624824398064447e-07
test_protein_3692,0.68564581871032715
test_protein_3697,0.59663873910903931
test_protein_3694,0.3254622220993042
test_protein_3700,0.65875309705734253
test_protein_3699,0.50212925672531128
test_protein_3702,0.44591492414474487
test_protein_3701,0.76690298318862915
test_protein_3698,0.63187462091445923
test_protein_3706,0.41294336318969727
test_protein_3704,0.65643608570098877
test_protein_3705,0.75876426696777344
test_protein_3703,0.37327325344085693
test_protein_3709,0.068862006068229675
test_protein_3707,0.16892236471176147
test_protein_3708,0.20908892154693604
test_protein_3714,0.64418411254882812
test_protein_3713,0.36933928728103638
test_protein_3712,0.015141475014388561
test_protein_3715,0.51111650466918945
test_protein_3710,4.2741758079500869e-06
test_protein_3711,0.6440969705581665
test_protein_3716,0.33307641744613647
test_protein_3718,0.52161163091659546
test_protein_3717,2.6089608581969514e-05
test_protein_3723,0.50387495756149292
test_protein_3721,0.57768779993057251
test_protein_3719,0.60524213314056396
test_protein_3720,0.58142620325088501
test_protein_3724,0.77964824438095093
test_protein_3722,0.57180213928222656
test_protein_3725,0.6287347674369812
test_protein_3726,0.63549643754959106
test_protein_3729,1.1375112080713734e-05
test_protein_3728,0.0004576986248139292
test_protein_3730,0.58207148313522339
test_protein_3727,0.50544679164886475
test_protein_3732,0.24430552124977112
test_protein_3735,0.51593410968780518
test_protein_3733,0.74853414297103882
test_protein_3736,0.37578302621841431
test_protein_3731,0.56874412298202515
test_protein_3737,4.3468258809298277e-05
test_protein_3734,0.53310006856918335
test_protein_3738,0.026909962296485901
test_protein_3740,0.0014079484390094876
test_protein_3739,0.50154858827590942
test_protein_3741,0.47039517760276794
test_protein_3742,0.39030647277832031
test_protein_3744,0.94255506992340088
test_protein_3745,0.71587270498275757
test_protein_3746,0.63884264230728149
test_protein_3743,0.44573533535003662
test_protein_3749,0.18450890481472015
test_protein_3747,0.22239765524864197
test_protein_3750,0.56640803813934326
test_protein_3752,0.68515110015869141
test_protein_3748,0.39586171507835388
test_protein_3755,0.52388280630111694
test_protein_3754,0.52967238426208496
test_protein_3753,0.18347209692001343
test_protein_3758,0.42715927958488464
test_protein_3751,0.31773456931114197
test_protein_3759,0.57999986410140991
test_protein_3757,0.56306123733520508
test_protein_3756,0.41210108995437622
test_protein_3760,0.46402063965797424
test_protein_3764,0.56351840496063232
test_protein_3763,0.28116381168365479
test_protein_3765,0.39597907662391663
test_protein_3767,0.65459108352661133
test_protein_3768,0.58690297603607178
test_protein_3769,0.51870781183242798
test_protein_3761,0.339496910572052
test_protein_3766,0.8889002799987793
test_protein_3770,0.0002180149604100734
test_protein_3762,0.052582573145627975
test_protein_3772,0.43365740776062012
test_protein_3771,0.65839552879333496
test_protein_3773,0.5458253026008606
test_protein_3777,0.87957286834716797
test_protein_3779,0.61531317234039307
test_protein_3776,0.51382815837860107
test_protein_3775,0.27175596356391907
test_protein_3778,0.37393027544021606
test_protein_3781,0.094728067517280579
test_protein_3782,0.62382322549819946
test_protein_3774,0.66321253776550293
test_protein_3780,0.45380586385726929
test_protein_3783,0.49019211530685425
test_protein_3784,0.43996652960777283
test_protein_3787,0.67326104640960693
test_protein_3785,0.51031351089477539
test_protein_3786,0.58199125528335571
test_protein_3790,0.0014025290729478002
test_protein_3794,0.047795452177524567
test_protein_3788,0.70904392004013062
test_protein_3789,0.5395311713218689
test_protein_3793,0.36729550361633301
test_protein_3791,0.67381525039672852
test_protein_3792,4.6729044697713107e-05
test_protein_3795,0.35881787538528442
test_protein_3796,0.38895547389984131
test_protein_3797,0.0047446461394429207
test_protein_3799,0.35391318798065186
test_protein_3800,0.29744055867195129
test_protein_3798,9.7749962151283398e-06
test_protein_3802,0.23058992624282837
test_protein_3803,0.18794862926006317
test_protein_3801,0.44267305731773376
test_protein_3806,0.99244046211242676
test_protein_3805,0.60323721170425415
test_protein_3804,0.34722095727920532
test_protein_3807,0.83993667364120483
test_protein_3810,0.73187911510467529
test_protein_3808,0.83960705995559692
test_protein_3809,0.69620794057846069
test_protein_3811,0.60720312595367432
test_protein_3812,0.095174230635166168
test_protein_3813,0.35964080691337585
test_protein_3816,0.80208826065063477
test_protein_3814,0.0021617098245769739
test_protein_3817,0.039919290691614151
test_protein_3815,0.36901262402534485
test_protein_3823,0.5203055739402771
test_protein_3819,0.14738073945045471
test_protein_3822,0.6300320029258728
test_protein_3821,0.41935145854949951
test_protein_3818,1.6669788237777539e-05
test_protein_3820,0.59119594097137451
test_protein_3825,0.49486559629440308
test_protein_3824,0.55155616998672485
test_protein_3831,0.21403348445892334
test_protein_3827,0.61838805675506592
test_protein_3829,4.3527015805011615e-06
test_protein_3826,0.55493175983428955
test_protein_3828,1.044977307174122e-05
test_protein_3833,0.59740203619003296
test_protein_3830,0.29590457677841187
test_protein_3832,0.18944011628627777
test_protein_3835,0.60093933343887329
test_protein_3834,0.29120352864265442
test_protein_3837,0.016778551042079926
test_protein_3836,0.48091429471969604
test_protein_3839,0.21174098551273346
test_protein_3840,0.20200321078300476
test_protein_3838,0.18621793389320374
test_protein_3842,0.60537993907928467
test_protein_3845,0.22881235182285309
test_protein_3841,1.1289368558209389e-05
test_protein_3843,0.76468276977539062
test_protein_3844,3.601782736950554e-05
test_protein_3848,0.76951676607131958
test_protein_3847,0.051162537187337875
test_protein_3846,0.1042436808347702
test_protein_3849,0.70848989486694336
test_protein_3852,0.4599723219871521
test_protein_3850,0.53624421358108521
test_protein_3854,0.74021792411804199
test_protein_3855,0.10837173461914062
test_protein_3856,0.77280372381210327
test_protein_3853,0.45602697134017944
test_protein_3859,0.73985368013381958
test_protein_3860,0.38275298476219177
test_protein_3851,0.62338310480117798
test_protein_3857,0.67912226915359497
test_protein_3858,0.17897607386112213
test_protein_3862,0.44168743491172791
test_protein_3865,0.58742344379425049
test_protein_3861,0.00014260881289374083
test_protein_3864,0.74331915378570557
test_protein_3863,0.041599161922931671
test_protein_3867,0.4619789719581604
test_protein_3869,0.58493947982788086
test_protein_3866,0.65653872489929199
test_protein_3868,0.62112236022949219
test_protein_3870,0.37002286314964294
test_protein_3872,0.62971997261047363
test_protein_3871,0.64220786094665527
test_protein_3873,0.53444176912307739
test_protein_3875,5.0040250698657474e-07
test_protein_3874,0.49527984857559204
test_protein_3880,0.35464575886726379
test_protein_3876,0.35010215640068054
test_protein_3877,0.37533947825431824
test_protein_3878,0.29532471299171448
test_protein_3879,3.1567589758196846e-05
test_protein_3882,0.00055260583758354187
test_protein_3881,0.21405677497386932
test_protein_3883,0.34696772694587708
test_protein_3884,0.50421750545501709
test_protein_3887,6.5412643834861228e-07
test_protein_3885,0.40059939026832581
test_protein_3886,0.52350592613220215
test_protein_3889,0.38472285866737366
test_protein_3890,0.32634249329566956
test_protein_3888,0.23975005745887756
test_protein_3891,0.23174098134040833
test_protein_3892,0.68672341108322144
test_protein_3896,0.66022086143493652
test_protein_3893,0.82720398902893066
test_protein_3895,0.1742631196975708
test_protein_3899,0.28252512216567993
test_protein_3897,7.9262299550464377e-06
test_protein_3894,0.4319462776184082
test_protein_3898,0.00028073025168851018
test_protein_3901,0.7032238245010376
test_protein_3900,0.26692759990692139
test_protein_3902,0.39032530784606934
test_protein_3904,0.19690480828285217
test_protein_3905,0.15545330941677094
test_protein_3907,0.14735496044158936
test_protein_3903,0.22442886233329773
test_protein_3908,0.6527705192565918
test_protein_3906,0.60172545909881592
test_protein_3910,0.86637842655181885
test_protein_3909,0.42582586407661438
test_protein_3911,0.84691613912582397
test_protein_3912,0.79491686820983887
test_protein_3915,0.70965296030044556
test_protein_3917,0.38329064846038818
test_protein_3913,0.41240507364273071
test_protein_3916,0.61524605751037598
test_protein_3918,0.42973893880844116
test_protein_3914,0.51294940710067749
test_protein_3920,0.005549080204218626
test_protein_3919,0.41565430164337158
test_protein_3921,0.57621634006500244
test_protein_3922,0.53479969501495361
test_protein_3925,0.64086627960205078
test_protein_3924,0.65074014663696289
test_protein_3923,0.55794459581375122
test_protein_3926,0.48935019969940186
test_protein_3929,0.62617886066436768
test_protein_3927,0.71598130464553833
test_protein_3930,0.54330068826675415
test_protein_3932,0.40419986844062805
test_protein_3933,0.086531586945056915
test_protein_3928,0.68776988983154297
test_protein_3931,0.59616619348526001
test_protein_3935,0.78458553552627563
test_protein_3936,0.69537782669067383
test_protein_3934,0.77167600393295288
test_protein_3937,0.30174979567527771
test_protein_3939,0.11204540729522705
test_protein_3940,0.49552053213119507
test_protein_3938,0.72644776105880737
test_protein_3941,0.00011827675916720182
test_protein_3943,0.49935653805732727
test_protein_3942,0.68851959705352783
test_protein_3948,0.59019356966018677
test_protein_3946,4.5021231926511973e-05
test_protein_3947,0.10790417343378067
test_protein_3944,0.0022665648721158504
test_protein_3945,0.19415596127510071
test_protein_3949,1.4998448023106903e-05
test_protein_3950,0.019756468012928963
test_protein_3953,0.41852894425392151
test_protein_3951,0.41930031776428223
test_protein_3952,0.33539623022079468
test_protein_3955,0.12174026668071747
test_protein_3954,0.39023175835609436
test_protein_3958,0.3566138744354248
test_protein_3959,0.5613672137260437
test_protein_3957,0.068397089838981628
test_protein_3960,0.40210402011871338
test_protein_3956,0.052898954600095749
test_protein_3961,0.11581801623106003
test_protein_3967,0.72420448064804077
test_protein_3962,0.096529804170131683
test_protein_3966,0.49205243587493896
test_protein_3965,0.61119371652603149
test_protein_3963,0.61532145738601685
test_protein_3964,0.019163923338055611
test_protein_3968,0.66293561458587646
test_protein_3972,0.45612305402755737
test_protein_3971,0.61895698308944702
test_protein_3969,0.1925065815448761
test_protein_3970,0.086583591997623444
test_protein_3974,0.57729989290237427
test_protein_3978,0.38767209649085999
test_protein_3977,0.88733559846878052
test_protein_3973,0.72733098268508911
test_protein_3975,0.22516882419586182
test_protein_3980,0.10970579087734222
test_protein_3976,0.0015919852303341031
test_protein_3979,0.29372695088386536
test_protein_3981,0.72283655405044556
test_protein_3986,0.54384642839431763
test_protein_3987,0.28291264176368713
test_protein_3982,0.52266561985015869
test_protein_3983,0.30641698837280273
test_protein_3984,0.30717125535011292
test_protein_3990,0.7155877947807312
test_protein_3985,0.24310356378555298
test_protein_3988,0.086229048669338226
test_protein_3989,0.20203004777431488
test_protein_3992,0.00054504431318491697
test_protein_3995,0.26795023679733276
test_protein_3993,0.61467915773391724
test_protein_3994,0.56573837995529175
test_protein_3991,0.37206465005874634
test_protein_3996,0.35320174694061279
test_protein_3998,0.56645607948303223
test_protein_3997,0.094626791775226593
test_protein_4001,0.6565476655960083
test_protein_4000,0.5348975658416748
test_protein_3999,0.51179850101470947
test_protein_4002,9.3424539954867214e-05
test_protein_4004,0.42707628011703491
test_protein_4008,0.62839299440383911
test_protein_4005,0.39648622274398804
test_protein_4009,0.82773703336715698
test_protein_4003,6.50531001156196e-05
test_protein_4006,0.43161055445671082
test_protein_4007,0.29212751984596252
test_protein_4010,0.37311023473739624
test_protein_4011,0.0026064817793667316
test_protein_4012,0.64244413375854492
test_protein_4013,0.33206245303153992
test_protein_4015,0.48689639568328857
test_protein_4014,0.38299846649169922
test_protein_4017,0.045092146843671799
test_protein_4016,0.20408864319324493
test_protein_4020,0.043762441724538803
test_protein_4019,0.12501917779445648
test_protein_4018,0.014096790924668312
test_protein_4025,0.38352951407432556
test_protein_4022,6.594791921088472e-05
test_protein_4021,0.00068898027529940009
test_protein_4026,0.75352948904037476
test_protein_4023,0.00030568244983442128
test_protein_4024,0.48773452639579773
test_protein_4028,0.86798292398452759
test_protein_4029,0.78984016180038452
test_protein_4027,0.50654757022857666
test_protein_4031,0.43166553974151611
test_protein_4030,0.0003881508600898087
test_protein_4032,0.56082653999328613
test_protein_4034,0.50631994009017944
test_protein_4035,0.67947888374328613
test_protein_4033,0.15358747541904449
test_protein_4036,0.28209948539733887
test_protein_4037,0.17824257910251617
test_protein_4040,0.3949260413646698
test_protein_4041,0.57202178239822388
test_protein_4039,0.66918951272964478
test_protein_4038,0.54788076877593994
test_protein_4044,0.20384493470191956
test_protein_4043,0.60137659311294556
test_protein_4042,0.32710731029510498
test_protein_4049,0.50146657228469849
test_protein_4045,0.00052212580339983106
test_protein_4046,0.52425813674926758
test_protein_4047,0.42441409826278687
test_protein_4052,0.51309967041015625
test_protein_4050,0.59263986349105835
test_protein_4051,0.60058349370956421
test_protein_4048,0.37737917900085449
test_protein_4057,0.17509070038795471
test_protein_4056,0.43412694334983826
test_protein_4055,0.73690855503082275
test_protein_4053,0.54232555627822876
test_protein_4058,0.41185054183006287
test_protein_4054,0.66602146625518799
test_protein_4059,0.25164464116096497
test_protein_4061,0.5181729793548584
test_protein_4060,0.53218483924865723
test_protein_4063,0.58667510747909546
test_protein_4065,0.46057635545730591
test_protein_4062,0.21891771256923676
test_protein_4064,0.39970740675926208
test_protein_4070,0.93928331136703491
test_protein_4067,0.2070058286190033
test_protein_4071,0.033521279692649841
test_protein_4068,0.44327789545059204
test_protein_4066,0.7207757830619812
test_protein_4069,0.27279755473136902
test_protein_4072,0.59109652042388916
test_protein_4074,0.59168267250061035
test_protein_4075,0.10948976874351501
test_protein_4076,0.58485895395278931
test_protein_4080,0.32862129807472229
test_protein_4073,0.24694986641407013
test_protein_4077,0.71385705471038818
test_protein_4081,2.9980956606223685e-10
test_protein_4079,0.087762266397476196
test_protein_4078,0.71418756246566772
test_protein_4082,0.47628319263458252
test_protein_4084,0.5236625075340271
test_protein_4085,0.66238868236541748
test_protein_4088,0.41299700736999512
test_protein_4086,0.59599411487579346
test_protein_4083,0.33954101800918579
test_protein_4091,0.10359632968902588
test_protein_4092,0.57833594083786011
test_protein_4089,0.65487110614776611
test_protein_4087,0.66218340396881104
test_protein_4090,6.9969350988685619e-06
test_protein_4096,0.39013183116912842
test_protein_4094,0.48450657725334167
test_protein_4095,0.65121805667877197
test_protein_4093,0.8069911003112793
test_protein_4098,0.59636324644088745
test_protein_4097,0.88831394910812378
test_protein_4099,0.73374629020690918
test_protein_4104,0.10183016210794449
test_protein_4101,0.6561044454574585
test_protein_4100,0.71763378381729126
test_protein_4103,0.036528907716274261
test_protein_4102,0.42943623661994934
test_protein_4105,0.35416120290756226
test_protein_4108,0.036432851105928421
test_protein_4106,6.0261236001224461e-08
test_protein_4107,0.4141106903553009
test_protein_4112,0.68288087844848633
test_protein_4111,0.10125018656253815
test_protein_4115,0.5689203143119812
test_protein_4116,0.59582328796386719
test_protein_4113,0.42865374684333801
test_protein_4109,0.60885363817214966
test_protein_4110,0.66261953115463257
test_protein_4114,0.62071031332015991
test_protein_4118,0.3004620373249054
test_protein_4120,0.52889555692672729
test_protein_4117,0.85388296842575073
test_protein_4119,0.33652797341346741
test_protein_4123,0.65508109331130981
test_protein_4125,0.30016219615936279
test_protein_4122,0.29996433854103088
test_protein_4121,0.26744481921195984
test_protein_4128,4.3629148422041908e-05
test_protein_4124,0.69087725877761841
test_protein_4126,0.49315062165260315
test_protein_4127,0.47326675057411194
test_protein_4133,0.68342131376266479
test_protein_4131,0.30866563320159912
test_protein_4130,0.0065738148987293243
test_protein_4129,0.57995003461837769
test_protein_4132,0.72678369283676147
test_protein_4138,0.00015527258801739663
test_protein_4141,0.12194369733333588
test_protein_4134,0.52111369371414185
test_protein_4136,0.5553814172744751
test_protein_4142,0.28175881505012512
test_protein_4139,0.60654270648956299
test_protein_4135,0.532024085521698
test_protein_4144,0.25591409206390381
test_protein_4137,0.46761220693588257
test_protein_4143,0.71918469667434692
test_protein_4140,0.77533870935440063
test_protein_4145,0.39618551731109619
test_protein_4148,0.55354106426239014
test_protein_4147,0.45039495825767517
test_protein_4149,0.61350512504577637
test_protein_4146,0.52063411474227905
test_protein_4150,0.78659415245056152
test_protein_4151,0.77470844984054565
test_protein_4152,0.62004733085632324
test_protein_4157,0.51661771535873413
test_protein_4154,0.019615471363067627
test_protein_4153,0.0057151829823851585
test_protein_4155,0.71897739171981812
test_protein_4158,0.44604489207267761
test_protein_4159,0.68090331554412842
test_protein_4164,0.40666455030441284
test_protein_4161,0.43520280718803406
test_protein_4156,0.72347009181976318
test_protein_4162,0.58849132061004639
test_protein_4160,0.50358176231384277
test_protein_4163,0.71155464649200439
test_protein_4172,0.28851771354675293
test_protein_4165,0.6550484299659729
test_protein_4167,0.21478909254074097
test_protein_4166,0.2468298077583313
test_protein_4170,0.1364687979221344
test_protein_4169,0.18750274181365967
test_protein_4168,0.28317520022392273
test_protein_4174,0.26417508721351624
test_protein_4173,0.58995401859283447
test_protein_4171,0.70037728548049927
test_protein_4175,0.46442392468452454
test_protein_4176,0.23548430204391479
test_protein_4179,0.59501951932907104
test_protein_4177,0.15712742507457733
test_protein_4178,0.36159712076187134
test_protein_4182,0.41502496600151062
test_protein_4181,0.4555245041847229
test_protein_4180,0.76751619577407837
test_protein_4185,0.59393435716629028
test_protein_4183,0.43617701530456543
test_protein_4186,0.44455468654632568
test_protein_4187,0.83527028560638428
test_protein_4184,0.2760593593120575
test_protein_4194,0.62216758728027344
test_protein_4195,0.79685568809509277
test_protein_4192,0.43576234579086304
test_protein_4190,0.42465868592262268
test_protein_4188,0.7597815990447998
test_protein_4191,0.62789648771286011
test_protein_4189,0.49468743801116943
test_protein_4193,0.36495277285575867
test_protein_4197,0.4303242564201355
test_protein_4199,0.63980656862258911
test_protein_4196,0.42142263054847717
test_protein_4198,0.61824727058410645
test_protein_4201,0.57368564605712891
test_protein_4202,0.46372461318969727
test_protein_4200,0.46347078680992126
test_protein_4203,0.35325434803962708
test_protein_4204,0.49664059281349182
test_protein_4205,0.79406845569610596
test_protein_4208,0.75864571332931519
test_protein_4206,0.10324010998010635
test_protein_4207,0.78593558073043823
test_protein_4209,6.1341546825133264e-05
test_protein_4211,0.011458799242973328
test_protein_4210,0.021170016378164291
test_protein_4214,0.68949729204177856
test_protein_4215,0.58597451448440552
test_protein_4218,0.62507611513137817
test_protein_4216,0.44076308608055115
test_protein_4221,0.46283575892448425
test_protein_4217,0.58544731140136719
test_protein_4220,0.34584462642669678
test_protein_4213,0.46760883927345276
test_protein_4222,0.00075802759965881705
test_protein_4219,0.21999639272689819
test_protein_4212,0.024146478623151779
test_protein_4223,0.44879403710365295
test_protein_4224,0.63091349601745605
test_protein_4226,0.47134295105934143
test_protein_4230,0.25936925411224365
test_protein_4231,0.29852449893951416
test_protein_4225,0.62715369462966919
test_protein_4227,0.68034583330154419
test_protein_4228,0.56557303667068481
test_protein_4229,5.3491660878535185e-08
test_protein_4232,0.38948196172714233
test_protein_4234,0.30206504464149475
test_protein_4236,0.24977304041385651
test_protein_4238,0.49916616082191467
test_protein_4233,0.61328607797622681
test_protein_4235,0.32644882798194885
test_protein_4239,8.2329526776447892e-05
test_protein_4240,0.12864941358566284
test_protein_4244,0.00057368987472727895
test_protein_4237,0.23230893909931183
test_protein_4242,0.0002816444612108171
test_protein_4243,0.3993995189666748
test_protein_4241,0.4035431444644928
test_protein_4247,0.37149375677108765
test_protein_4249,0.036256276071071625
test_protein_4246,0.57572174072265625
test_protein_4245,0.54646784067153931
test_protein_4248,0.54870975017547607
test_protein_4250,0.18350017070770264
test_protein_4252,0.45157474279403687
test_protein_4251,0.065757475793361664
test_protein_4255,0.68058353662490845
test_protein_4253,0.0041999160312116146
test_protein_4254,0.42799809575080872
test_protein_4256,0.60330146551132202
test_protein_4258,0.32993966341018677
test_protein_4260,0.5226178765296936
test_protein_4262,0.64637565612792969
test_protein_4259,0.42925205826759338
test_protein_4264,0.40008208155632019
test_protein_4257,0.64932572841644287
test_protein_4263,0.60917037725448608
test_protein_4266,0.3612922728061676
test_protein_4265,0.21657609939575195
test_protein_4261,3.1374944228446111e-05
test_protein_4268,0.13953907787799835
test_protein_4269,0.04037616029381752
test_protein_4270,0.47601461410522461
test_protein_4267,0.51394897699356079
test_protein_4273,0.00057071645278483629
test_protein_4271,0.16069652140140533
test_protein_4272,0.62018400430679321
test_protein_4274,0.42116653919219971
test_protein_4275,3.8400881749112159e-05
test_protein_4276,0.66372197866439819
test_protein_4282,0.14214959740638733
test_protein_4279,0.66399210691452026
test_protein_4283,0.00024974680854938924
test_protein_4280,0.006946922279894352
test_protein_4277,0.4240763783454895
test_protein_4278,0.28284642100334167
test_protein_4285,0.33411696553230286
test_protein_4287,0.45003795623779297
test_protein_4284,0.74487030506134033
test_protein_4286,2.6201334549114108e-05
test_protein_4281,0.0018006088212132454
test_protein_4288,0.2163313627243042
test_protein_4289,0.50780570507049561
test_protein_4293,0.37226101756095886
test_protein_4294,0.043176721781492233
test_protein_4292,0.51070839166641235
test_protein_4291,0.55617880821228027
test_protein_4297,0.53632527589797974
test_protein_4295,0.48638996481895447
test_protein_4290,0.62200057506561279
test_protein_4296,0.26749873161315918
test_protein_4298,0.34774971008300781
test_protein_4300,0.59092533588409424
test_protein_4302,0.68438798189163208
test_protein_4308,0.5511360764503479
test_protein_4304,0.50246989727020264
test_protein_4303,0.38890665769577026
test_protein_4307,0.71410262584686279
test_protein_4309,0.028625091537833214
test_protein_4301,0.4480883777141571
test_protein_4299,0.53937673568725586
test_protein_4305,0.59047120809555054
test_protein_4311,0.33653458952903748
test_protein_4310,0.32149127125740051
test_protein_4312,0.29831776022911072
test_protein_4306,0.53850841522216797
test_protein_4313,0.36650699377059937
test_protein_4315,0.61042100191116333
test_protein_4314,0.57398182153701782
test_protein_4317,0.54907554388046265
test_protein_4316,0.29311791062355042
test_protein_4320,0.49661439657211304
test_protein_4319,0.77253127098083496
test_protein_4318,0.63093888759613037
test_protein_4322,0.00011695927241817117
test_protein_4321,0.34257099032402039
test_protein_4323,0.57401978969573975
test_protein_4324,0.52864295244216919
test_protein_4325,0.49142953753471375
test_protein_4329,0.78504675626754761
test_protein_4326,0.0020497054792940617
test_protein_4327,0.75254607200622559
test_protein_4332,0.61365008354187012
test_protein_4331,0.013720144517719746
test_protein_4333,0.51966136693954468
test_protein_4328,0.4365503191947937
test_protein_4330,0.096560277044773102
test_protein_4334,0.0064034839160740376
test_protein_4338,0.022252682596445084
test_protein_4337,0.0021091096568852663
test_protein_4336,0.61579251289367676
test_protein_4339,0.56230902671813965
test_protein_4335,0.57001411914825439
test_protein_4340,0.5537114143371582
test_protein_4342,0.6106337308883667
test_protein_4341,0.34595149755477905
test_protein_4344,0.32802307605743408
test_protein_4345,0.32498401403427124
test_protein_4346,0.59600639343261719
test_protein_4343,0.56843394041061401
test_protein_4348,0.0036410030443221331
test_protein_4350,0.584858238697052
test_protein_4347,0.68894070386886597
test_protein_4351,0.61402678489685059
test_protein_4349,0.48687848448753357
test_protein_4354,0.64905166625976562
test_protein_4356,0.19545102119445801
test_protein_4353,0.0024834012147039175
test_protein_4352,0.45146957039833069
test_protein_4355,0.28787633776664734
test_protein_4357,8.2842270785477012e-06
test_protein_4362,0.63719469308853149
test_protein_4359,0.76360780000686646
test_protein_4361,0.57738828659057617
test_protein_4365,0.66539686918258667
test_protein_4358,0.75605696439743042
test_protein_4363,0.00024327621213160455
test_protein_4360,0.41898167133331299
test_protein_4364,0.48427975177764893
test_protein_4366,0.66753745079040527
test_protein_4368,0.55942332744598389
test_protein_4372,0.33341315388679504
test_protein_4367,0.51926708221435547
test_protein_4369,0.61460280418395996
test_protein_4371,0.0052731563337147236
test_protein_4375,0.7740291953086853
test_protein_4373,0.46551820635795593
test_protein_4370,0.025404160842299461
test_protein_4374,0.50687849521636963
test_protein_4378,0.17746280133724213
test_protein_4377,0.3891022801399231
test_protein_4376,0.59278947114944458
test_protein_4379,0.32947424054145813
test_protein_4380,0.2450956404209137
test_protein_4383,0.52440756559371948
test_protein_4381,0.69596070051193237
test_protein_4384,0.5436975359916687
test_protein_4385,0.44477099180221558
test_protein_4382,0.6184733510017395
test_protein_4386,0.44839692115783691
test_protein_4389,0.63979649543762207
test_protein_4388,0.00055153155699372292
test_protein_4387,0.24247059226036072
test_protein_4391,0.60042798519134521
test_protein_4390,0.50705260038375854
test_protein_4393,0.60874181985855103
test_protein_4395,1.2185980267531704e-05
test_protein_4392,0.46193605661392212
test_protein_4397,0.74246102571487427
test_protein_4398,0.61373305320739746
test_protein_4394,0.56812113523483276
test_protein_4396,0.80529105663299561
test_protein_4403,0.19854103028774261
test_protein_4399,0.41529101133346558
test_protein_4400,0.42251124978065491
test_protein_4404,0.0029097895603626966
test_protein_4405,0.18729808926582336
test_protein_4402,0.099521689116954803
test_protein_4401,0.00050925795221701264
test_protein_4408,0.061964146792888641
test_protein_4406,0.47519752383232117
test_protein_4409,0.45995771884918213
test_protein_4410,0.30110952258110046
test_protein_4407,0.022789014503359795
test_protein_4414,0.048451777547597885
test_protein_4416,0.68285155296325684
test_protein_4412,0.82195550203323364
test_protein_4411,0.50965607166290283
test_protein_4413,0.58867442607879639
test_protein_4418,0.55014258623123169
test_protein_4417,0.50040525197982788
test_protein_4415,0.53991556167602539
test_protein_4420,0.43610268831253052
test_protein_4419,0.40847179293632507
test_protein_4423,0.21395400166511536
test_protein_4424,0.48940753936767578
test_protein_4421,0.36492118239402771
test_protein_4422,0.31914156675338745
test_protein_4428,0.40458199381828308
test_protein_4425,0.44569620490074158
test_protein_4430,0.83177834749221802
test_protein_4427,0.17952582240104675
test_protein_4429,0.37464246153831482
test_protein_4426,0.55825245380401611
test_protein_4433,0.055962260812520981
test_protein_4432,0.43943867087364197
test_protein_4431,0.71931684017181396
test_protein_4436,0.33989739418029785
test_protein_4437,0.61250495910644531
test_protein_4434,0.47763153910636902
test_protein_4438,0.60797947645187378
test_protein_4435,0.24313761293888092
test_protein_4440,0.56262403726577759
test_protein_4439,0.46177214384078979
test_protein_4443,0.67996978759765625
test_protein_4442,0.71085762977600098
test_protein_4441,0.61547303199768066
test_protein_4445,0.49028486013412476
test_protein_4444,0.57841587066650391
test_protein_4447,0.57172679901123047
test_protein_4446,0.39751678705215454
test_protein_4449,0.57165396213531494
test_protein_4448,0.20013582706451416
test_protein_4453,0.71391808986663818
test_protein_4450,0.17258293926715851
test_protein_4451,0.73520374298095703
test_protein_4452,0.87927305698394775
test_protein_4456,1.6212808986892924e-05
test_protein_4455,9.8718719527823851e-06
test_protein_4454,0.59290838241577148
test_protein_4457,0.66179251670837402
test_protein_4461,0.69683736562728882
test_protein_4459,0.07638876885175705
test_protein_4465,0.14384402334690094
test_protein_4463,0.7418181300163269
test_protein_4458,0.49582260847091675
test_protein_4464,0.14115802943706512
test_protein_4460,0.38567280769348145
test_protein_4462,0.67406517267227173
test_protein_4466,0.32896777987480164
test_protein_4469,0.035364475101232529
test_protein_4468,0.62718844413757324
test_protein_4467,0.602946937084198
test_protein_4474,0.70290142297744751
test_protein_4471,0.31590762734413147
test_protein_4470,0.3449399471282959
test_protein_4472,0.021278301253914833
test_protein_4473,0.026861215010285378
test_protein_4475,0.48771193623542786
test_protein_4476,0.3896159827709198
test_protein_4477,0.35004562139511108
test_protein_4480,0.00058624299708753824
test_protein_4478,2.885771664296044e-06
test_protein_4483,0.32894167304039001
test_protein_4479,0.095504418015480042
test_protein_4481,0.32357779145240784
test_protein_4484,0.77554929256439209
test_protein_4482,0.6262059211730957
test_protein_4485,0.0025750298518687487
test_protein_4486,0.58774101734161377
test_protein_4488,0.41765135526657104
test_protein_4487,0.42095515131950378
test_protein_4492,0.10145330429077148
test_protein_4489,0.6620057225227356
test_protein_4490,0.84541642665863037
test_protein_4496,0.21382483839988708
test_protein_4495,0.44851520657539368
test_protein_4491,0.14870445430278778
test_protein_4497,0.60873359441757202
test_protein_4494,0.23304019868373871
test_protein_4499,0.68401443958282471
test_protein_4493,0.24240168929100037
test_protein_4498,0.35267618298530579
test_protein_4502,0.48216304183006287
test_protein_4500,0.68016064167022705
test_protein_4503,0.87692743539810181
test_protein_4501,0.1564323753118515
test_protein_4505,0.23572792112827301
test_protein_4504,0.55905300378799438
test_protein_4507,0.6019781231880188
test_protein_4506,0.55874800682067871
test_protein_4508,0.54267948865890503
test_protein_4509,0.61298501491546631
test_protein_4510,0.6576959490776062
test_protein_4512,0.00024446367751806974
test_protein_4511,0.53817844390869141
test_protein_4513,0.58484309911727905
test_protein_4514,0.69947582483291626
test_protein_4516,0.37621840834617615
test_protein_4517,0.009694916196167469
test_protein_4515,0.37132894992828369
test_protein_4519,0.24446049332618713
test_protein_4520,0.71265065670013428
test_protein_4518,0.40970835089683533
test_protein_4523,0.62975060939788818
test_protein_4521,0.20481917262077332
test_protein_4522,0.00030785813578404486
test_protein_4525,0.59586256742477417
test_protein_4526,0.16244406998157501
test_protein_4529,0.58574682474136353
test_protein_4524,0.65840595960617065
test_protein_4528,0.68100786209106445
test_protein_4527,0.77053624391555786
test_protein_4531,0.63006943464279175
test_protein_4534,0.39691862463951111
test_protein_4530,0.60820066928863525
test_protein_4535,0.23555333912372589
test_protein_4532,0.61447393894195557
test_protein_4536,0.56770515441894531
test_protein_4533,0.44748270511627197
test_protein_4539,0.20453841984272003
test_protein_4537,0.50822722911834717
test_protein_4538,0.57645362615585327
test_protein_4540,0.67064327001571655
test_protein_4542,0.49605786800384521
test_protein_4543,0.32900616526603699
test_protein_4547,0.50826644897460938
test_protein_4546,0.68081283569335938
test_protein_4544,0.0034142779186367989
test_protein_4541,0.54071187973022461
test_protein_4548,0.3534921407699585
test_protein_4545,0.61612427234649658
test_protein_4549,0.20020401477813721
test_protein_4550,0.0018381596310064197
test_protein_4552,2.7391119147068821e-05
test_protein_4553,0.45835208892822266
test_protein_4554,0.50755155086517334
test_protein_4551,0.10250643640756607
test_protein_4555,0.57609051465988159
test_protein_4556,0.0055595207959413528
test_protein_4557,0.67631793022155762
test_protein_4558,0.75492042303085327
test_protein_4559,0.27323004603385925
test_protein_4560,0.1139352098107338
test_protein_4561,0.4102245569229126
test_protein_4562,0.29279175400733948
test_protein_4564,0.5119020938873291
test_protein_4567,0.48907613754272461
test_protein_4563,0.37118181586265564
test_protein_4568,0.29377597570419312
test_protein_4566,0.31191444396972656
test_protein_4565,0.4534512460231781
test_protein_4569,0.2918250560760498
test_protein_4570,0.26357144117355347
test_protein_4572,0.65243273973464966
test_protein_4573,0.59616172313690186
test_protein_4574,0.84701603651046753
test_protein_4575,0.38556131720542908
test_protein_4577,0.28998240828514099
test_protein_4576,0.23403030633926392
test_protein_4579,0.41913238167762756
test_protein_4571,0.4676244854927063
test_protein_4582,0.49856182932853699
test_protein_4578,0.41580706834793091
test_protein_4581,0.54611003398895264
test_protein_4580,0.085673816502094269
test_protein_4584,0.6940237283706665
test_protein_4587,0.3553256094455719
test_protein_4591,0.8831794261932373
test_protein_4597,0.9659913182258606
test_protein_4583,0.40659981966018677
test_protein_4589,0.67939978837966919
test_protein_4586,0.51083463430404663
test_protein_4585,0.68605440855026245
test_protein_4590,0.99452680349349976
test_protein_4588,0.69867724180221558
test_protein_4592,0.51857268810272217
test_protein_4596,0.99789941310882568
test_protein_4602,0.76609045267105103
test_protein_4604,0.55387812852859497
test_protein_4593,0.83391267061233521
test_protein_4595,0.99991810321807861
test_protein_4594,0.55386918783187866
test_protein_4600,0.7318342924118042
test_protein_4601,0.82589644193649292
test_protein_4598,0.98994046449661255
test_protein_4603,0.85838186740875244
test_protein_4599,0.81116527318954468
test_protein_4606,0.99936169385910034
test_protein_4605,0.97334688901901245
test_protein_4607,0.99482285976409912
test_protein_4611,0.56003689765930176
test_protein_4610,0.44545093178749084
test_protein_4612,0.63989776372909546
test_protein_4613,0.54347944259643555
test_protein_4609,0.53418266773223877
test_protein_4608,0.72806477546691895
test_protein_4615,0.90051472187042236
test_protein_4614,0.69636523723602295
test_protein_4616,0.64425992965698242
test_protein_4619,0.78376728296279907
test_protein_4625,0.75978928804397583
test_protein_4620,0.98728704452514648
test_protein_4618,0.77703475952148438
test_protein_4617,0.8843037486076355
test_protein_4622,0.94592207670211792
test_protein_4623,0.58498597145080566
test_protein_4626,0.6972653865814209
test_protein_4624,0.70328289270401001
test_protein_4621,0.99837875366210938
test_protein_4627,0.93827581405639648
test_protein_4629,0.41639164090156555
test_protein_4628,0.98274856805801392
test_protein_4633,0.38965269923210144
test_protein_4632,0.62301647663116455
test_protein_4631,1.2612357750185765e-05
test_protein_4630,0.46862953901290894
test_protein_4634,0.26433664560317993
test_protein_4637,0.48166987299919128
test_protein_4635,0.13733403384685516
test_protein_4636,0.43461048603057861
test_protein_4638,0.0058866189792752266
test_protein_4641,0.43412670493125916
test_protein_4639,0.0019074379233643413
test_protein_4640,0.64654284715652466
test_protein_4643,0.57080233097076416
test_protein_4642,0.034661460667848587
test_protein_4644,0.62640213966369629
test_protein_4648,1.0886786185437813e-05
test_protein_4645,0.63181370496749878
test_protein_4647,3.4518776374170557e-05
test_protein_4649,0.094969809055328369
test_protein_4646,0.058584637939929962
test_protein_4653,0.63345962762832642
test_protein_4650,0.32909122109413147
test_protein_4651,0.58158582448959351
test_protein_4652,0.4096507728099823
test_protein_4659,0.00041648140177130699
test_protein_4656,0.42642298340797424
test_protein_4660,0.58093065023422241
test_protein_4657,0.61685276031494141
test_protein_4654,0.25894418358802795
test_protein_4664,0.033796187490224838
test_protein_4658,0.67262732982635498
test_protein_4662,0.29973593354225159
test_protein_4663,0.22297303378582001
test_protein_4655,0.40865403413772583
test_protein_4661,0.72266584634780884
test_protein_4665,0.21371299028396606
test_protein_4666,0.81115031242370605
test_protein_4669,0.51520591974258423
test_protein_4667,0.28863862156867981
test_protein_4670,0.45479041337966919
test_protein_4672,6.3849402067717165e-05
test_protein_4671,0.34472626447677612
test_protein_4668,0.42820447683334351
test_protein_4677,0.62550127506256104
test_protein_4673,0.0082979993894696236
test_protein_4675,0.24813005328178406
test_protein_4676,0.54345738887786865
test_protein_4674,0.55434954166412354
test_protein_4680,0.0067756753414869308
test_protein_4679,0.54924017190933228
test_protein_4678,0.67086315155029297
test_protein_4681,0.35093536972999573
test_protein_4682,0.58335286378860474
test_protein_4686,0.28232082724571228
test_protein_4684,0.6462891697883606
test_protein_4687,0.00010985110566252843
test_protein_4683,0.16893087327480316
test_protein_4688,0.0031904168426990509
test_protein_4685,0.26005458831787109
test_protein_4689,0.69440525770187378
test_protein_4692,0.56777310371398926
test_protein_4691,0.6160157322883606
test_protein_4690,0.18201535940170288
test_protein_4695,0.39643147587776184
test_protein_4693,0.50963997840881348
test_protein_4694,0.00043407650082372129
test_protein_4697,0.00015102437464520335
test_protein_4699,0.43130123615264893
test_protein_4696,0.32554560899734497
test_protein_4700,0.75080102682113647
test_protein_4698,0.7432599663734436
test_protein_4704,0.55214083194732666
test_protein_4702,0.56097584962844849
test_protein_4701,0.69973957538604736
test_protein_4706,0.43594473600387573
test_protein_4708,0.44756484031677246
test_protein_4711,0.84027403593063354
test_protein_4705,0.67171531915664673
test_protein_4707,0.22712205350399017
test_protein_4703,0.80384886264801025
test_protein_4710,0.89107275009155273
test_protein_4712,0.43952450156211853
test_protein_4709,0.41735610365867615
test_protein_4715,0.30063441395759583
test_protein_4716,0.30938684940338135
test_protein_4714,0.00016746309120208025
test_protein_4718,0.0001607316080480814
test_protein_4713,0.0005721099441871047
test_protein_4723,0.54675585031509399
test_protein_4719,0.51242321729660034
test_protein_4722,0.53537517786026001
test_protein_4721,0.32296186685562134
test_protein_4717,0.32107380032539368
test_protein_4720,0.78544384241104126
test_protein_4725,0.32493820786476135
test_protein_4724,0.96132838726043701
test_protein_4728,0.58199852705001831
test_protein_4730,0.39136132597923279
test_protein_4726,0.30511820316314697
test_protein_4727,0.54374897480010986
test_protein_4734,0.28587445616722107
test_protein_4735,0.59809792041778564
test_protein_4729,0.34809020161628723
test_protein_4732,0.28444218635559082
test_protein_4733,1.6869844330358319e-06
test_protein_4731,0.73480457067489624
test_protein_4740,0.8787156343460083
test_protein_4736,0.69050955772399902
test_protein_4738,0.70718234777450562
test_protein_4742,0.60690027475357056
test_protein_4741,0.46633157134056091
test_protein_4737,0.57338446378707886
test_protein_4739,0.60525417327880859
test_protein_4743,7.4075359179914813e-09
test_protein_4744,0.24353602528572083
test_protein_4745,0.0003074902924709022
test_protein_4746,0.14796695113182068
test_protein_4747,0.57122033834457397
test_protein_4748,0.47058117389678955
test_protein_4750,0.011792048811912537
test_protein_4752,0.41495665907859802
test_protein_4753,0.66114801168441772
test_protein_4749,0.34370434284210205
test_protein_4751,0.26298472285270691
test_protein_4757,0.53059589862823486
test_protein_4758,0.63783776760101318
test_protein_4754,0.0016086087562143803
test_protein_4755,0.34110921621322632
test_protein_4756,0.59735047817230225
test_protein_4761,0.54823893308639526
test_protein_4759,0.34748968482017517
test_protein_4763,0.75406432151794434
test_protein_4765,0.65954291820526123
test_protein_4762,0.38288801908493042
test_protein_4766,0.66841042041778564
test_protein_4760,0.40148976445198059
test_protein_4764,0.5835004448890686
test_protein_4768,0.68446916341781616
test_protein_4770,0.65843355655670166
test_protein_4769,0.662619948387146
test_protein_4771,0.52703744173049927
test_protein_4767,0.02432808093726635
test_protein_4776,0.34126818180084229
test_protein_4774,0.07862120121717453
test_protein_4773,0.28237143158912659
test_protein_4772,0.45386064052581787
test_protein_4775,0.20526565611362457
test_protein_4780,0.6627466082572937
test_protein_4779,0.21691739559173584
test_protein_4778,0.49755051732063293
test_protein_4782,0.55257171392440796
test_protein_4784,0.404584139585495
test_protein_4781,0.54372048377990723
test_protein_4783,4.928719499730505e-05
test_protein_4785,0.00089053512783721089
test_protein_4788,0.69121462106704712
test_protein_4789,0.74201691150665283
test_protein_4787,0.033668000251054764
test_protein_4777,0.10534680634737015
test_protein_4786,0.02964075468480587
test_protein_4790,0.36525201797485352
test_protein_4792,0.68689650297164917
test_protein_4791,0.46348220109939575
test_protein_4793,0.5078887939453125
test_protein_4794,0.37710544466972351
test_protein_4798,0.5045502781867981
test_protein_4797,0.6922263503074646
test_protein_4796,0.53608411550521851
test_protein_4795,0.42715975642204285
test_protein_4800,0.35739594697952271
test_protein_4799,0.49154287576675415
test_protein_4802,0.45346724987030029
test_protein_4801,0.49709945917129517
test_protein_4804,0.48052296042442322
test_protein_4807,0.0688156858086586
test_protein_4803,0.67014122009277344
test_protein_4805,0.63009345531463623
test_protein_4810,0.10659310221672058
test_protein_4806,0.75863116979598999
test_protein_4809,0.1613868772983551
test_protein_4808,0.087035804986953735
test_protein_4813,0.32568186521530151
test_protein_4811,0.0075507881119847298
test_protein_4814,0.2588743269443512
test_protein_4816,0.1603676825761795
test_protein_4812,0.2207760363817215
test_protein_4815,0.49740579724311829
test_protein_4818,0.017463801428675652
test_protein_4819,0.57470154762268066
test_protein_4817,0.0070506669580936432
test_protein_4820,0.51703190803527832
test_protein_4822,0.67293107509613037
test_protein_4825,0.56036227941513062
test_protein_4823,0.33233383297920227
test_protein_4821,0.34675508737564087
test_protein_4830,0.00013147183926776052
test_protein_4828,0.62141972780227661
test_protein_4824,0.27217483520507812
test_protein_4833,0.2856859564781189
test_protein_4827,0.28441062569618225
test_protein_4826,0.53490471839904785
test_protein_4832,0.57429134845733643
test_protein_4831,0.14342600107192993
test_protein_4834,0.57451039552688599
test_protein_4829,0.48252153396606445
test_protein_4838,0.3923916220664978
test_protein_4836,0.55270558595657349
test_protein_4839,8.3203867689007893e-06
test_protein_4835,0.068480677902698517
test_protein_4841,0.15575152635574341
test_protein_4837,0.31313827633857727
test_protein_4840,0.29871448874473572
test_protein_4842,0.11811281740665436
test_protein_4843,0.1176234632730484
test_protein_4846,0.55409574508666992
test_protein_4848,0.41673737764358521
test_protein_4844,0.17638351023197174
test_protein_4845,0.43079876899719238
test_protein_4847,0.22050893306732178
test_protein_4849,0.26334783434867859
test_protein_4851,0.18598532676696777
test_protein_4850,0.34169197082519531
test_protein_4856,0.58777499198913574
test_protein_4853,0.40842106938362122
test_protein_4854,0.22687426209449768
test_protein_4852,0.45471954345703125
test_protein_4861,0.27031022310256958
test_protein_4857,0.14727108180522919
test_protein_4860,0.12077369540929794
test_protein_4855,0.25487595796585083
test_protein_4858,0.076214991509914398
test_protein_4864,0.44791105389595032
test_protein_4866,0.14742690324783325
test_protein_4865,0.57540714740753174
test_protein_4863,0.54185909032821655
test_protein_4859,0.34782567620277405
test_protein_4862,0.2297634482383728
test_protein_4872,0.15752311050891876
test_protein_4869,0.28168675303459167
test_protein_4867,2.2412878024624661e-05
test_protein_4870,0.52881526947021484
test_protein_4868,0.78383803367614746
test_protein_4874,0.0092798871919512749
test_protein_4871,0.0064817559905350208
test_protein_4875,0.47284966707229614
test_protein_4876,0.11071570217609406
test_protein_4883,1.2441430044418667e-05
test_protein_4877,0.67853885889053345
test_protein_4886,0.2367599755525589
test_protein_4873,0.59578615427017212
test_protein_4878,0.85091310739517212
test_protein_4881,0.20778767764568329
test_protein_4879,0.57099348306655884
test_protein_4884,0.66711688041687012
test_protein_4885,0.86085504293441772
test_protein_4882,0.74558264017105103
test_protein_4880,0.46525520086288452
test_protein_4888,0.00014847249258309603
test_protein_4889,0.64115267992019653
test_protein_4890,0.00043416049447841942
test_protein_4893,7.9778088547755033e-05
test_protein_4895,0.65135204792022705
test_protein_4887,0.30963212251663208
test_protein_4896,0.51749610900878906
test_protein_4898,0.36666157841682434
test_protein_4892,0.41581505537033081
test_protein_4891,0.65528404712677002
test_protein_4894,0.39840444922447205
test_protein_4897,8.1179414337384515e-06
test_protein_4900,0.32496020197868347
test_protein_4904,0.33975225687026978
test_protein_4902,0.47024539113044739
test_protein_4901,0.46876001358032227
test_protein_4899,0.25412905216217041
test_protein_4903,0.36467915773391724
test_protein_4906,0.27105686068534851
test_protein_4908,0.069354631006717682
test_protein_4905,0.61350631713867188
test_protein_4913,0.16070888936519623
test_protein_4907,0.46666079759597778
test_protein_4912,0.61003559827804565
test_protein_4909,0.21881182491779327
test_protein_4911,0.41790801286697388
test_protein_4910,0.39339697360992432
test_protein_4914,0.3662230372428894
test_protein_4921,0.53013491630554199
test_protein_4918,0.00069534278009086847
test_protein_4916,0.18191532790660858
test_protein_4919,0.14514827728271484
test_protein_4915,0.60567617416381836
test_protein_4920,0.61651128530502319
test_protein_4917,0.51559406518936157
test_protein_4924,0.30090489983558655
test_protein_4926,0.39492946863174438
test_protein_4923,0.52081722021102905
test_protein_4925,0.057929016649723053
test_protein_4922,0.40198203921318054
test_protein_4927,0.76308923959732056
test_protein_4928,0.57062423229217529
test_protein_4929,0.57473641633987427
test_protein_4931,0.39889615774154663
test_protein_4934,0.9692157506942749
test_protein_4930,0.84446239471435547
test_protein_4932,0.27563250064849854
test_protein_4933,0.0013321336591616273
test_protein_4935,0.47221472859382629
test_protein_4938,0.70251607894897461
test_protein_4936,0.60480028390884399
test_protein_4937,0.56551706790924072
test_protein_4939,1.4824662684986833e-05
test_protein_4945,0.024017568677663803
test_protein_4942,0.4997793436050415
test_protein_4946,0.64840245246887207
test_protein_4943,0.24716977775096893
test_protein_4941,0.40759125351905823
test_protein_4940,0.88256365060806274
test_protein_4944,0.0002480018010828644
test_protein_4947,0.26526945829391479
test_protein_4949,0.12344744056463242
test_protein_4951,0.54613292217254639
test_protein_4952,0.018236473202705383
test_protein_4950,0.33789443969726562
test_protein_4953,0.30492359399795532
test_protein_4948,0.18761926889419556
test_protein_4961,0.64315086603164673
test_protein_4955,0.59357184171676636
test_protein_4960,0.5484355092048645
test_protein_4957,0.11069526523351669
test_protein_4954,0.062771789729595184
test_protein_4959,0.00043082021875306964
test_protein_4956,0.033526655286550522
test_protein_4958,0.41771838068962097
test_protein_4963,0.54342710971832275
test_protein_4962,0.58018916845321655
test_protein_4966,0.0018575011054053903
test_protein_4967,0.62340784072875977
test_protein_4964,0.547049880027771
test_protein_4969,0.0084057208150625229
test_protein_4968,5.5154243455035612e-05
test_protein_4970,0.12974444031715393
test_protein_4971,0.64709585905075073
test_protein_4965,0.27075487375259399
test_protein_4974,0.52566826343536377
test_protein_4975,0.56074458360671997
test_protein_4973,0.16931721568107605
test_protein_4972,0.64567846059799194
test_protein_4978,0.38565117120742798
test_protein_4981,0.057732053101062775
test_protein_4977,0.01012557465583086
test_protein_4979,0.49196693301200867
test_protein_4982,0.69080257415771484
test_protein_4983,1.5159434042288922e-05
test_protein_4976,0.59581536054611206
test_protein_4984,0.60152906179428101
test_protein_4987,0.42937454581260681
test_protein_4989,0.22893780469894409
test_protein_4985,0.59801691770553589
test_protein_4988,0.520377516746521
test_protein_4980,3.073280822718516e-05
test_protein_4986,0.8414989709854126
test_protein_4994,0.2536066472530365
test_protein_4990,0.48505622148513794
test_protein_4992,0.32850003242492676
test_protein_4993,0.00049108575331047177
test_protein_4991,0.48000252246856689
test_protein_4995,0.29647368192672729
test_protein_4999,0.51571488380432129
test_protein_4998,0.30907073616981506
test_protein_5002,0.59636622667312622
test_protein_5000,0.44047358632087708
test_protein_5001,0.56275331974029541
test_protein_4996,0.36737203598022461
test_protein_4997,0.51798808574676514
test_protein_5005,0.57264882326126099
test_protein_5004,0.0014276350848376751
test_protein_5006,0.28542307019233704
test_protein_5011,0.017923379316926003
test_protein_5009,0.1023949533700943
test_protein_5003,0.071189321577548981
test_protein_5007,0.2816406786441803
test_protein_5008,0.0049229101277887821
test_protein_5010,0.40774843096733093
test_protein_5013,0.68592172861099243
test_protein_5012,0.25817295908927917
test_protein_5014,0.48281574249267578
test_protein_5018,0.4316667914390564
test_protein_5015,0.79679691791534424
test_protein_5016,0.084676139056682587
test_protein_5021,0.42714974284172058
test_protein_5017,0.47006803750991821
test_protein_5020,0.45484364032745361
test_protein_5019,0.56536972522735596
test_protein_5022,0.73779720067977905
test_protein_5023,0.00038716546259820461
test_protein_5024,0.014115530997514725
test_protein_5028,0.37403666973114014
test_protein_5026,9.949903869710397e-07
test_protein_5027,0.2719210684299469
test_protein_5025,0.50816506147384644
test_protein_5029,0.061867102980613708
test_protein_5032,0.21947486698627472
test_protein_5030,0.40171197056770325
test_protein_5031,0.2341543585062027
test_protein_5034,0.51866292953491211
test_protein_5037,6.8549044954124838e-05
test_protein_5035,0.6516106128692627
test_protein_5036,0.18224020302295685
test_protein_5033,0.70879554748535156
test_protein_5038,0.3295784592628479
test_protein_5039,0.41711395978927612
test_protein_5043,0.17123958468437195
test_protein_5047,0.55772906541824341
test_protein_5041,0.34145000576972961
test_protein_5042,0.00033080964931286871
test_protein_5044,0.16440875828266144
test_protein_5049,0.46388596296310425
test_protein_5045,1.9597258869907819e-05
test_protein_5040,0.39739599823951721
test_protein_5048,0.577614426612854
test_protein_5046,0.84955567121505737
test_protein_5050,0.78117537498474121
test_protein_5051,0.4225848913192749
test_protein_5052,0.50483852624893188
test_protein_5056,0.5321502685546875
test_protein_5055,0.002225284231826663
test_protein_5057,0.54098635911941528
test_protein_5053,0.54672592878341675
test_protein_5060,0.00025820647715590894
test_protein_5058,0.37440481781959534
test_protein_5054,0.21763250231742859
test_protein_5059,0.37488570809364319
test_protein_5067,0.59843987226486206
test_protein_5062,0.46074590086936951
test_protein_5063,0.59814023971557617
test_protein_5061,0.00011393698514439166
test_protein_5066,0.027127809822559357
test_protein_5069,0.63741087913513184
test_protein_5064,0.55863910913467407
test_protein_5068,0.33541157841682434
test_protein_5065,0.51775717735290527
test_protein_5071,0.63329404592514038
test_protein_5072,0.2036515474319458
test_protein_5073,0.46459043025970459
test_protein_5074,0.22416914999485016
test_protein_5075,0.62251502275466919
test_protein_5070,0.55975633859634399
test_protein_5078,0.54074829816818237
test_protein_5081,0.52639156579971313
test_protein_5077,0.55158889293670654
test_protein_5079,0.62698793411254883
test_protein_5076,0.5828709602355957
test_protein_5080,0.29740902781486511
test_protein_5083,0.6521228551864624
test_protein_5086,2.7966580091742799e-05
test_protein_5082,0.72317647933959961
test_protein_5087,0.65040940046310425
test_protein_5085,0.19435158371925354
test_protein_5089,0.2999739944934845
test_protein_5088,0.030164871364831924
test_protein_5090,0.70996469259262085
test_protein_5092,0.34430396556854248
test_protein_5084,0.57538318634033203
test_protein_5094,3.7646856071660295e-05
test_protein_5093,0.00016731704818084836
test_protein_5091,0.34136000275611877
test_protein_5098,0.73870664834976196
test_protein_5095,0.29034516215324402
test_protein_5099,0.41088214516639709
test_protein_5096,0.5281030535697937
test_protein_5097,0.00089782348368316889
test_protein_5101,0.21647536754608154
test_protein_5102,0.60339879989624023
test_protein_5100,1.2121675354137551e-05
test_protein_5105,0.61228674650192261
test_protein_5104,0.54330277442932129
test_protein_5103,0.43244382739067078
test_protein_5107,0.084655262529850006
test_protein_5110,0.54088318347930908
test_protein_5109,0.23473642766475677
test_protein_5106,0.015535879880189896
test_protein_5113,0.078404821455478668
test_protein_5108,0.30484974384307861
test_protein_5112,0.4481063187122345
test_protein_5111,0.15726096928119659
test_protein_5116,7.4247524025849998e-05
test_protein_5114,0.48901340365409851
test_protein_5120,0.4001350998878479
test_protein_5123,0.48660165071487427
test_protein_5117,0.25249236822128296
test_protein_5118,0.5297234058380127
test_protein_5121,0.64956897497177124
test_protein_5119,0.15701895952224731
test_protein_5124,0.49246159195899963
test_protein_5115,0.0035710402298718691
test_protein_5125,0.67235279083251953
test_protein_5122,0.43480032682418823
test_protein_5129,0.1978728175163269
test_protein_5128,0.46706295013427734
test_protein_5130,0.13021893799304962
test_protein_5126,0.0004233337240293622
test_protein_5127,0.031788546591997147
test_protein_5131,0.017814850434660912
test_protein_5135,0.21822059154510498
test_protein_5132,0.61779314279556274
test_protein_5133,0.48219701647758484
test_protein_5134,0.096830323338508606
test_protein_5137,0.15960322320461273
test_protein_5136,0.29042497277259827
test_protein_5138,0.4262441098690033
test_protein_5139,0.82620131969451904
test_protein_5142,0.4482249915599823
test_protein_5143,0.46574735641479492
test_protein_5144,0.62483799457550049
test_protein_5141,0.62328976392745972
test_protein_5140,0.50465953350067139
test_protein_5146,0.51547902822494507
test_protein_5147,0.27168893814086914
test_protein_5145,0.46104720234870911
test_protein_5150,0.88629269599914551
test_protein_5149,0.55666089057922363
test_protein_5151,0.632973313331604
test_protein_5152,0.73681938648223877
test_protein_5148,0.023235203698277473
test_protein_5154,0.45583483576774597
test_protein_5155,4.4667368115369754e-07
test_protein_5157,0.10569082945585251
test_protein_5158,0.45200377702713013
test_protein_5159,0.36427289247512817
test_protein_5156,0.83295547962188721
test_protein_5153,0.20658975839614868
test_protein_5161,0.32675886154174805
test_protein_5162,0.034479774534702301
test_protein_5165,0.22484429180622101
test_protein_5160,0.4336986243724823
test_protein_5163,0.14189565181732178
test_protein_5164,0.00072289357194676995
test_protein_5169,0.16259816288948059
test_protein_5168,0.27946487069129944
test_protein_5170,0.33391597867012024
test_protein_5171,0.57011431455612183
test_protein_5172,0.023836473003029823
test_protein_5174,0.25232607126235962
test_protein_5167,0.49175533652305603
test_protein_5173,0.57993119955062866
test_protein_5166,0.28708606958389282
test_protein_5182,9.3357184596243314e-06
test_protein_5177,0.18594367802143097
test_protein_5176,0.44269195199012756
test_protein_5178,0.35751062631607056
test_protein_5180,0.17610019445419312
test_protein_5175,0.21640348434448242
test_protein_5181,0.39548280835151672
test_protein_5183,0.53124809265136719
test_protein_5184,0.10575577616691589
test_protein_5185,0.17607438564300537
test_protein_5179,0.51547008752822876
test_protein_5186,0.59391576051712036
test_protein_5188,0.70100802183151245
test_protein_5187,0.59337896108627319
test_protein_5189,0.1336279958486557
test_protein_5190,0.19708336889743805
test_protein_5192,0.31099459528923035
test_protein_5198,0.36586132645606995
test_protein_5191,0.10821826010942459
test_protein_5195,0.64219862222671509
test_protein_5194,0.38513615727424622
test_protein_5196,0.51882272958755493
test_protein_5199,0.49801215529441833
test_protein_5197,0.18646061420440674
test_protein_5193,0.64647585153579712
test_protein_5202,0.33949577808380127
test_protein_5200,0.0027877979446202517
test_protein_5201,0.97413176298141479
test_protein_5203,0.66615134477615356
test_protein_5206,7.8201148426160216e-05
test_protein_5205,0.00014602749433834106
test_protein_5204,0.65328556299209595
test_protein_5208,0.50017821788787842
test_protein_5207,0.37679463624954224
test_protein_5209,0.15335144102573395
test_protein_5213,0.70648998022079468
test_protein_5211,0.5081484317779541
test_protein_5210,0.46886074542999268
test_protein_5212,0.63459724187850952
test_protein_5218,0.078331023454666138
test_protein_5217,0.65086120367050171
test_protein_5219,0.00021648562687914819
test_protein_5214,0.38772541284561157
test_protein_5215,0.0014203285099938512
test_protein_5225,0.81236934661865234
test_protein_5221,0.45819160342216492
test_protein_5216,0.65590620040893555
test_protein_5222,0.24364602565765381
test_protein_5224,0.67648124694824219
test_protein_5223,0.91098713874816895
test_protein_5220,0.00044980997336097062
test_protein_5228,0.36487501859664917
test_protein_5229,0.50298291444778442
test_protein_5231,0.42291456460952759
test_protein_5227,0.40091961622238159
test_protein_5226,0.63890945911407471
test_protein_5230,0.2949526309967041
test_protein_5232,0.39023980498313904
test_protein_5233,0.87785953283309937
test_protein_5234,0.29498818516731262
test_protein_5236,0.21772646903991699
test_protein_5235,0.38971024751663208
test_protein_5240,0.60162293910980225
test_protein_5237,0.2764211893081665
test_protein_5241,0.39311021566390991
test_protein_5242,0.081624113023281097
test_protein_5239,0.74983149766921997
test_protein_5246,0.79575943946838379
test_protein_5247,5.4794923926237971e-05
test_protein_5238,0.46120685338973999
test_protein_5245,0.38811424374580383
test_protein_5244,0.30659148097038269
test_protein_5243,0.28189840912818909
test_protein_5248,0.42511937022209167
test_protein_5250,0.70747971534729004
test_protein_5249,0.66096287965774536
test_protein_5251,0.46777960658073425
test_protein_5254,0.00051518616965040565
test_protein_5252,0.71472978591918945
test_protein_5257,0.381906658411026
test_protein_5258,0.0089999614283442497
test_protein_5255,1.5690288819314446e-06
test_protein_5253,0.27959948778152466
test_protein_5256,0.71427690982818604
test_protein_5261,0.084869794547557831
test_protein_5259,0.22249116003513336
test_protein_5262,0.44516298174858093
test_protein_5260,0.27204021811485291
test_protein_5266,0.12974919378757477
test_protein_5267,0.36157408356666565
test_protein_5268,0.031571492552757263
test_protein_5264,5.3081053920323029e-05
test_protein_5269,0.10423744469881058
test_protein_5263,0.38268172740936279
test_protein_5265,0.0014732483541592956
test_protein_5273,1.21714731449174e-06
test_protein_5271,0.19051088392734528
test_protein_5270,0.5542871356010437
test_protein_5274,0.31652301549911499
test_protein_5275,0.051579602062702179
test_protein_5272,0.51541811227798462
test_protein_5280,0.12906502187252045
test_protein_5277,0.0051147486083209515
test_protein_5281,0.0015010542701929808
test_protein_5276,0.0030319432262331247
test_protein_5278,0.70462119579315186
test_protein_5279,0.51716774702072144
test_protein_5282,0.241583451628685
test_protein_5284,0.014095252379775047
test_protein_5283,0.52047902345657349
test_protein_5285,0.081058666110038757
test_protein_5289,0.12918539345264435
test_protein_5286,0.34961950778961182
test_protein_5288,8.0289566540159285e-05
test_protein_5287,0.5346335768699646
test_protein_5291,3.286380524514243e-05
test_protein_5294,0.33715298771858215
test_protein_5292,0.0019243373535573483
test_protein_5297,0.42348247766494751
test_protein_5296,0.12111520022153854
test_protein_5290,0.0023690422531217337
test_protein_5298,0.28861516714096069
test_protein_5300,0.52933025360107422
test_protein_5295,0.48941764235496521
test_protein_5299,0.37727603316307068
test_protein_5293,0.50044012069702148
test_protein_5304,0.018707502633333206
test_protein_5301,0.38915508985519409
test_protein_5303,0.10334840416908264
test_protein_5305,0.44639834761619568
test_protein_5302,0.059134542942047119
test_protein_5309,0.47588390111923218
test_protein_5310,0.12775729596614838
test_protein_5312,0.60731548070907593
test_protein_5306,0.048419289290904999
test_protein_5307,0.0057999137789011002
test_protein_5308,0.38822323083877563
test_protein_5313,0.46569699048995972
test_protein_5311,0.46398591995239258
test_protein_5318,0.41123053431510925
test_protein_5314,0.51315402984619141
test_protein_5316,0.3202243447303772
test_protein_5315,0.32790306210517883
test_protein_5321,0.25767722725868225
test_protein_5323,0.40080356597900391
test_protein_5328,0.44845807552337646
test_protein_5322,0.38884302973747253
test_protein_5319,0.2189239114522934
test_protein_5329,0.48657971620559692
test_protein_5326,0.066016681492328644
test_protein_5324,0.035644441843032837
test_protein_5320,0.47331744432449341
test_protein_5317,0.0033125500194728374
test_protein_5325,0.41167756915092468
test_protein_5327,0.6230204701423645
test_protein_5330,1.3097194369038334e-06
test_protein_5332,0.63199883699417114
test_protein_5331,0.25815653800964355
test_protein_5333,0.11076049506664276
test_protein_5335,0.0038672706577926874
test_protein_5334,0.45267477631568909
test_protein_5337,0.55762773752212524
test_protein_5338,0.00013852909614797682
test_protein_5341,0.6218528151512146
test_protein_5342,0.66495490074157715
test_protein_5340,0.38464754819869995
test_protein_5344,0.51784688234329224
test_protein_5336,0.22621108591556549
test_protein_5339,0.040388811379671097
test_protein_5345,0.55103385448455811
test_protein_5343,0.37023714184761047
test_protein_5346,0.57099801301956177
test_protein_5348,0.11727405339479446
test_protein_5347,0.61395859718322754
test_protein_5350,0.53753107786178589
test_protein_5352,0.0016302297590300441
test_protein_5351,0.69956594705581665
test_protein_5349,0.51105719804763794
test_protein_5353,0.10651333630084991
test_protein_5354,0.42931756377220154
test_protein_5356,0.14713290333747864
test_protein_5357,5.5829103075666353e-05
test_protein_5358,0.37952116131782532
test_protein_5355,0.28147530555725098
test_protein_5359,0.0043197446502745152
test_protein_5361,0.4192844033241272
test_protein_5360,0.17977604269981384
test_protein_5362,0.29811567068099976
test_protein_5366,0.40689516067504883
test_protein_5363,0.53018283843994141
test_protein_5364,0.0051960214041173458
test_protein_5372,0.16279326379299164
test_protein_5368,0.50661170482635498
test_protein_5365,0.4061550498008728
test_protein_5373,0.025039056316018105
test_protein_5371,0.0013994816690683365
test_protein_5367,0.34213224053382874
test_protein_5369,0.0089683327823877335
test_protein_5370,0.48525285720825195
test_protein_5382,0.80792081356048584
test_protein_5383,5.703102215193212e-05
test_protein_5374,0.042876232415437698
test_protein_5377,0.56737351417541504
test_protein_5376,0.086139485239982605
test_protein_5384,0.35259774327278137
test_protein_5378,0.13934876024723053
test_protein_5375,0.47171524167060852
test_protein_5380,0.49299833178520203
test_protein_5379,0.0021390272304415703
test_protein_5385,0.18361234664916992
test_protein_5388,0.12346377968788147
test_protein_5386,0.0012091668322682381
test_protein_5387,0.020822793245315552
test_protein_5391,0.010226347483694553
test_protein_5389,0.49803990125656128
test_protein_5394,0.12666133046150208
test_protein_5381,0.044866044074296951
test_protein_5392,0.57065862417221069
test_protein_5390,2.8682514312095009e-05
test_protein_5393,2.8639979632316681e-07
test_protein_5395,0.029097031801939011
test_protein_5396,0.57981258630752563
test_protein_5403,0.79993045330047607
test_protein_5397,0.33485141396522522
test_protein_5398,0.20524793863296509
test_protein_5400,0.70028352737426758
test_protein_5401,0.63345080614089966
test_protein_5399,0.40625593066215515
test_protein_5402,0.32553881406784058
test_protein_5404,0.47891223430633545
test_protein_5410,0.057126309722661972
test_protein_5407,0.29918700456619263
test_protein_5408,0.36378797888755798
test_protein_5405,0.31402936577796936
test_protein_5406,0.012924803420901299
test_protein_5413,6.935332203283906e-05
test_protein_5411,0.013345790095627308
test_protein_5414,0.0029841891955584288
test_protein_5409,0.7478906512260437
test_protein_5415,0.00011614074173849076
test_protein_5417,0.40552094578742981
test_protein_5412,0.026086512953042984
test_protein_5416,0.10925698280334473
test_protein_5420,0.032809283584356308
test_protein_5419,0.28811490535736084
test_protein_5418,0.27742969989776611
test_protein_5421,0.32624357938766479
test_protein_5423,0.56104052066802979
test_protein_5431,0.61442375183105469
test_protein_5425,0.31382769346237183
test_protein_5422,0.27948671579360962
test_protein_5426,0.3650895357131958
test_protein_5424,0.1005270704627037
test_protein_5430,0.24381935596466064
test_protein_5428,0.12743356823921204
test_protein_5429,0.0003092271217610687
test_protein_5427,0.1675492525100708
test_protein_5436,0.019104866310954094
test_protein_5432,0.69528234004974365
test_protein_5435,0.063263408839702606
test_protein_5433,0.53396463394165039
test_protein_5434,0.22544810175895691
test_protein_5438,0.59341335296630859
test_protein_5437,0.082195363938808441
test_protein_5440,0.0092357564717531204
test_protein_5441,0.4083651602268219
test_protein_5439,0.49316674470901489
test_protein_5443,0.45296674966812134
test_protein_5445,0.43853729963302612
test_protein_5444,0.62787449359893799
test_protein_5446,0.59139704704284668
test_protein_5447,0.093091048300266266
test_protein_5442,0.65685266256332397
test_protein_5449,0.00020063041301909834
test_protein_5448,0.32809180021286011
test_protein_5450,4.0856784266907198e-07
test_protein_5453,0.52288305759429932
test_protein_5451,0.00034980176133103669
test_protein_5455,0.15865223109722137
test_protein_5456,0.30276983976364136
test_protein_5452,0.67857342958450317
test_protein_5459,0.50668925046920776
test_protein_5454,0.04805348813533783
test_protein_5458,0.42052993178367615
test_protein_5457,0.32002434134483337
test_protein_5461,0.5084691047668457
test_protein_5463,0.63255530595779419
test_protein_5460,0.00033599941525608301
test_protein_5462,0.71289312839508057
test_protein_5464,0.28914117813110352
test_protein_5469,0.62255287170410156
test_protein_5467,0.14837446808815002
test_protein_5468,0.28771677613258362
test_protein_5465,0.21854418516159058
test_protein_5466,0.58484035730361938
test_protein_5471,1.3214264072303195e-05
test_protein_5470,0.032564736902713776
test_protein_5472,0.69374454021453857
test_protein_5476,0.18426142632961273
test_protein_5477,0.013709870167076588
test_protein_5478,0.15222698450088501
test_protein_5474,0.18566466867923737
test_protein_5475,0.65541058778762817
test_protein_5473,0.63874495029449463
test_protein_5485,0.36483612656593323
test_protein_5480,0.53100532293319702
test_protein_5479,0.61706095933914185
test_protein_5484,0.0016531997825950384
test_protein_5486,0.25878146290779114
test_protein_5481,0.018990134820342064
test_protein_5482,0.00074166635749861598
test_protein_5487,0.14394913613796234
test_protein_5488,0.5415956974029541
test_protein_5483,0.026521477848291397
test_protein_5490,0.07317660003900528
test_protein_5489,0.47343119978904724
test_protein_5496,0.56929111480712891
test_protein_5493,0.63296586275100708
test_protein_5491,0.092508524656295776
test_protein_5492,0.16425089538097382
test_protein_5498,0.65993356704711914
test_protein_5494,0.39811810851097107
test_protein_5495,0.48150941729545593
test_protein_5497,0.00088438217062503099
test_protein_5501,0.69189047813415527
test_protein_5502,0.55778443813323975
test_protein_5503,0.053769450634717941
test_protein_5506,0.00218232162296772
test_protein_5500,0.24834428727626801
test_protein_5505,0.29956638813018799
test_protein_5499,0.59687000513076782
test_protein_5508,0.30425986647605896
test_protein_5509,0.52123671770095825
test_protein_5507,0.020781723782420158
test_protein_5510,0.27010056376457214
test_protein_5504,0.30307695269584656
test_protein_5515,0.24314533174037933
test_protein_5518,0.42908263206481934
test_protein_5511,0.5054200291633606
test_protein_5517,0.94075924158096313
test_protein_5512,0.010620265267789364
test_protein_5513,0.20842812955379486
test_protein_5514,0.0060137882828712463
test_protein_5520,0.45296066999435425
test_protein_5516,0.25908434391021729
test_protein_5519,0.017502529546618462
test_protein_5522,0.075203388929367065
test_protein_5525,0.43615540862083435
test_protein_5521,0.58375543355941772
test_protein_5524,0.5620952844619751
test_protein_5523,0.43630442023277283
test_protein_5526,0.59659814834594727
test_protein_5527,0.46033135056495667
test_protein_5528,0.45377659797668457
test_protein_5530,0.22528788447380066
test_protein_5533,0.020023522898554802
test_protein_5531,0.14883425831794739
test_protein_5529,0.21474659442901611
test_protein_5532,0.54309678077697754
test_protein_5534,0.51545262336730957
test_protein_5539,0.75884675979614258
test_protein_5535,0.64183294773101807
test_protein_5538,0.44188889861106873
test_protein_5541,0.59130692481994629
test_protein_5536,0.15681302547454834
test_protein_5540,0.55586057901382446
test_protein_5545,0.27742311358451843
test_protein_5543,0.79371637105941772
test_protein_5537,0.70764821767807007
test_protein_5542,0.65894317626953125
test_protein_5544,0.48336026072502136
test_protein_5547,0.011384538374841213
test_protein_5546,0.66995429992675781
test_protein_5548,0.35267949104309082
test_protein_5551,4.4123717088950798e-05
test_protein_5549,0.68845206499099731
test_protein_5550,0.51950562000274658
test_protein_5552,0.086497612297534943
test_protein_5553,0.32320776581764221
test_protein_5558,0.46728667616844177
test_protein_5556,0.18466155230998993
test_protein_5554,0.53564178943634033
test_protein_5559,0.35240432620048523
test_protein_5557,0.39360064268112183
test_protein_5555,0.76517117023468018
test_protein_5560,0.14464499056339264
test_protein_5561,0.16255234181880951
test_protein_5566,7.2190550781670026e-07
test_protein_5564,0.74439579248428345
test_protein_5562,0.85298502445220947
test_protein_5567,0.17323049902915955
test_protein_5565,0.002138880779966712
test_protein_5563,0.59454339742660522
test_protein_5573,0.70792746543884277
test_protein_5572,0.71425938606262207
test_protein_5568,0.10906651616096497
test_protein_5571,0.47980603575706482
test_protein_5569,0.731223464012146
test_protein_5574,0.4575386643409729
test_protein_5570,0.38998782634735107
test_protein_5577,0.5217970609664917
test_protein_5579,0.0107163917273283
test_protein_5576,0.23579014837741852
test_protein_5575,0.063838876783847809
test_protein_5582,0.00063329737167805433
test_protein_5580,0.0017328776884824038
test_protein_5578,0.22910644114017487
test_protein_5581,0.42541211843490601
test_protein_5584,0.18521048128604889
test_protein_5583,0.066002875566482544
test_protein_5585,0.05754401907324791
test_protein_5587,0.72162675857543945
test_protein_5588,0.53486984968185425
test_protein_5586,0.15164199471473694
test_protein_5589,0.53613954782485962
test_protein_5592,8.9283812485518865e-06
test_protein_5590,0.67613422870635986
test_protein_5594,0.263874351978302
test_protein_5596,0.55309021472930908
test_protein_5591,0.50331300497055054
test_protein_5595,0.0051087797619402409
test_protein_5593,0.00020773051073774695
test_protein_5599,0.10387460887432098
test_protein_5598,0.88390088081359863
test_protein_5601,0.31772536039352417
test_protein_5602,0.40775859355926514
test_protein_5603,0.098688006401062012
test_protein_5605,0.097930222749710083
test_protein_5597,0.17295210063457489
test_protein_5600,0.0075136385858058929
test_protein_5604,0.055628661066293716
test_protein_5608,0.54257982969284058
test_protein_5607,0.53231525421142578
test_protein_5606,0.45393660664558411
test_protein_5609,0.12272508442401886
test_protein_5611,0.74173867702484131
test_protein_5612,0.63496696949005127
test_protein_5615,0.17844602465629578
test_protein_5613,0.021487705409526825
test_protein_5610,0.59481865167617798
test_protein_5614,0.34581983089447021
test_protein_5620,0.50118821859359741
test_protein_5617,0.38030046224594116
test_protein_5619,0.11648719757795334
test_protein_5618,0.3966309130191803
test_protein_5616,0.044074486941099167
test_protein_5622,0.69354486465454102
test_protein_5625,0.15557584166526794
test_protein_5628,0.73553866147994995
test_protein_5621,0.57490944862365723
test_protein_5626,0.35858133435249329
test_protein_5624,0.37076079845428467
test_protein_5623,0.63302421569824219
test_protein_5627,0.16505461931228638
test_protein_5630,0.32188868522644043
test_protein_5629,0.314736008644104
test_protein_5632,0.61209386587142944
test_protein_5631,0.6843721866607666
test_protein_5636,0.53585797548294067
test_protein_5638,0.33018958568572998
test_protein_5633,0.49219751358032227
test_protein_5637,0.10844328999519348
test_protein_5642,0.37597915530204773
test_protein_5639,0.28408733010292053
test_protein_5640,0.12968868017196655
test_protein_5635,0.30123353004455566
test_protein_5634,0.74723696708679199
test_protein_5641,0.073125280439853668
test_protein_5643,0.19287194311618805
test_protein_5645,0.37109455466270447
test_protein_5647,0.32469856739044189
test_protein_5644,0.33723154664039612
test_protein_5649,0.41455385088920593
test_protein_5646,0.71274280548095703
test_protein_5648,0.024275796487927437
test_protein_5651,0.54091030359268188
test_protein_5650,0.26331990957260132
test_protein_5653,0.55072873830795288
test_protein_5652,0.37943249940872192
test_protein_5654,0.00087212782818824053
test_protein_5655,0.063379697501659393
test_protein_5657,6.99418960721232e-05
test_protein_5656,0.26700204610824585
test_protein_5659,0.00032480317167937756
test_protein_5658,0.50543195009231567
test_protein_5660,0.64489120244979858
test_protein_5661,0.18622152507305145
test_protein_5662,0.42291462421417236
test_protein_5667,0.44262692332267761
test_protein_5664,0.71159106492996216
test_protein_5666,0.30035918951034546
test_protein_5671,0.16925640404224396
test_protein_5665,0.62927073240280151
test_protein_5663,0.6492009162902832
test_protein_5669,0.50929290056228638
test_protein_5668,0.61088168621063232
test_protein_5672,0.10225750505924225
test_protein_5670,0.22023552656173706
test_protein_5674,0.50686371326446533
test_protein_5676,0.068712092936038971
test_protein_5675,0.66224521398544312
test_protein_5681,0.54659688472747803
test_protein_5678,0.64383906126022339
test_protein_5677,0.49433028697967529
test_protein_5673,0.00065088126575574279
test_protein_5679,0.63169616460800171
test_protein_5680,0.41777852177619934
test_protein_5684,7.7000142482575029e-05
test_protein_5682,0.26991367340087891
test_protein_5683,0.49340179562568665
test_protein_5687,0.39273038506507874
test_protein_5690,0.99816679954528809
test_protein_5688,0.7099374532699585
test_protein_5686,0.642322838306427
test_protein_5685,5.5430687098123599e-06
test_protein_5689,0.54473936557769775
test_protein_5693,0.20134910941123962
test_protein_5696,0.40293571352958679
test_protein_5698,0.51813644170761108
test_protein_5691,0.65017914772033691
test_protein_5697,0.4516226053237915
test_protein_5692,0.35871624946594238
test_protein_5695,0.19959801435470581
test_protein_5694,0.14531350135803223
test_protein_5700,0.41895169019699097
test_protein_5699,0.44305893778800964
test_protein_5703,0.33842381834983826
test_protein_5701,0.29747137427330017
test_protein_5704,9.9467160907806829e-07
test_protein_5702,0.31609320640563965
test_protein_5706,0.35196235775947571
test_protein_5708,0.63892084360122681
test_protein_5707,0.37505084276199341
test_protein_5709,0.31661394238471985
test_protein_5705,7.7720625313304481e-07
test_protein_5712,0.46471661329269409
test_protein_5711,0.60575902462005615
test_protein_5714,0.23917940258979797
test_protein_5715,0.091178491711616516
test_protein_5717,0.30961915850639343
test_protein_5710,0.35983759164810181
test_protein_5716,0.0010081073269248009
test_protein_5713,0.74956297874450684
test_protein_5723,0.11082251369953156
test_protein_5722,0.6238517165184021
test_protein_5718,0.58961081504821777
test_protein_5721,0.39643293619155884
test_protein_5720,0.7037653923034668
test_protein_5719,0.2820831835269928
test_protein_5724,0.064384594559669495
test_protein_5726,0.59235036373138428
test_protein_5728,0.42825910449028015
test_protein_5727,1.2239217539899983e-05
test_protein_5731,0.74046528339385986
test_protein_5732,0.49715057015419006
test_protein_5730,0.63106453418731689
test_protein_5725,2.0558304640871938e-06
test_protein_5729,0.43495723605155945
test_protein_5733,0.29819506406784058
test_protein_5735,0.10894134640693665
test_protein_5734,0.010080603882670403
test_protein_5738,0.67192161083221436
test_protein_5739,0.65434515476226807
test_protein_5736,0.10228381305932999
test_protein_5737,0.46391469240188599
test_protein_5740,0.46862447261810303
test_protein_5741,9.6797084552235901e-05
test_protein_5745,0.00089369755005463958
test_protein_5748,0.39336130023002625
test_protein_5744,0.19814816117286682
test_protein_5747,0.0058571887202560902
test_protein_5746,0.00048730685375630856
test_protein_5742,0.54924798011779785
test_protein_5743,0.79593157768249512
test_protein_5750,0.48459869623184204
test_protein_5749,0.0032044763211160898
test_protein_5751,0.083775676786899567
test_protein_5752,0.32577100396156311
test_protein_5753,0.28682184219360352
test_protein_5754,0.54548931121826172
test_protein_5755,0.51961767673492432
test_protein_5760,0.36235889792442322
test_protein_5757,0.1744278222322464
test_protein_5759,0.19293642044067383
test_protein_5756,0.28795713186264038
test_protein_5762,0.21776352822780609
test_protein_5761,0.020301222801208496
test_protein_5758,0.065023548901081085
test_protein_5763,0.19325621426105499
test_protein_5764,0.00012089990195818245
test_protein_5766,0.46987271308898926
test_protein_5765,2.632403266034089e-05
test_protein_5767,0.47421973943710327
test_protein_5769,0.07078465074300766
test_protein_5770,0.23236687481403351
test_protein_5768,0.63222908973693848
test_protein_5771,0.078292481601238251
test_protein_5772,0.25014391541481018
test_protein_5773,0.26640012860298157
test_protein_5774,0.59924381971359253
test_protein_5776,0.26284602284431458
test_protein_5775,0.33019363880157471
test_protein_5777,0.73436576128005981
test_protein_5780,0.019396098330616951
test_protein_5783,0.6763882040977478
test_protein_5778,0.36188530921936035
test_protein_5781,0.68358933925628662
test_protein_5785,0.18091785907745361
test_protein_5782,0.31587395071983337
test_protein_5779,0.48064607381820679
test_protein_5784,0.43372416496276855
test_protein_5787,0.10348652303218842
test_protein_5786,0.47821354866027832
test_protein_5789,0.46991598606109619
test_protein_5788,0.30562275648117065
test_protein_5793,0.14323587715625763
test_protein_6063,0.0018703448586165905
test_protein_5791,0.45380297303199768
test_protein_5794,0.6273464560508728
test_protein_5790,0.29770281910896301
test_protein_6060,0.071666449308395386
test_protein_5795,0.17084509134292603
test_protein_6061,0.42912346124649048
test_protein_6065,0.21739615499973297
test_protein_6064,0.51779592037200928
test_protein_6062,0.47090813517570496
test_protein_5792,0.00034612749004736543
test_protein_6071,0.078533470630645752
test_protein_6072,0.059566859155893326
test_protein_6066,0.98594856262207031
test_protein_6070,0.42938616871833801
test_protein_6068,0.41504505276679993
test_protein_6067,0.42043483257293701
test_protein_6069,0.20608770847320557
test_protein_6073,0.29314771294593811
test_protein_6078,0.31548461318016052
test_protein_6079,0.43997418880462646
test_protein_6076,0.22474710643291473
test_protein_6075,0.48555818200111389
test_protein_6074,0.14123082160949707
test_protein_6077,0.17462617158889771
test_protein_6080,0.28037926554679871
test_protein_6084,0.55668520927429199
test_protein_6082,0.37619376182556152
test_protein_6086,0.28494417667388916
test_protein_6081,0.26637768745422363
test_protein_6085,0.035932265222072601
test_protein_6083,0.45186737179756165
test_protein_6087,0.71127450466156006
test_protein_6090,0.4942796528339386
test_protein_6093,0.33912035822868347
test_protein_6095,0.15324057638645172
test_protein_6088,0.034237679094076157
test_protein_6092,0.77066802978515625
test_protein_6102,0.057952258735895157
test_protein_6096,0.632088303565979
test_protein_6094,0.18848805129528046
test_protein_6091,0.37458083033561707
test_protein_6098,0.29599601030349731
test_protein_6089,0.49648559093475342
test_protein_6101,0.28994068503379822
test_protein_6099,0.56435137987136841
test_protein_6100,0.092317953705787659
test_protein_6097,0.62199264764785767
test_protein_6103,0.52823007106781006
test_protein_6104,0.61096256971359253
test_protein_6107,0.50286102294921875
test_protein_6108,0.60923773050308228
test_protein_6105,0.092537432909011841
test_protein_6109,0.66819000244140625
test_protein_6110,0.43449324369430542
test_protein_6111,0.46022525429725647
test_protein_6112,0.21506844460964203
test_protein_6115,0.67873466014862061
test_protein_6119,0.34749120473861694
test_protein_6106,0.31300407648086548
test_protein_6113,0.094040766358375549
test_protein_6117,0.82708311080932617
test_protein_6118,0.14995159208774567
test_protein_6122,0.010721123777329922
test_protein_6129,0.20389401912689209
test_protein_6116,0.37532919645309448
test_protein_6128,0.49496188759803772
test_protein_6120,0.48071399331092834
test_protein_6121,0.21858780086040497
test_protein_6114,0.3694172203540802
test_protein_6124,0.73065835237503052
test_protein_6123,0.27312043309211731
test_protein_6125,0.32310754060745239
test_protein_6127,0.62806928157806396
test_protein_6126,0.64216548204421997
test_protein_6130,0.087843731045722961
test_protein_6132,0.16775505244731903
test_protein_6135,0.54760372638702393
test_protein_6131,0.39009031653404236
test_protein_6134,0.60844510793685913
test_protein_6133,0.4674813449382782
test_protein_6136,0.21562527120113373
test_protein_6140,0.4223613440990448
test_protein_6139,0.21561481058597565
test_protein_6138,0.72521078586578369
test_protein_6137,0.32732316851615906
test_protein_6141,0.53297162055969238
test_protein_6142,0.066105738282203674
test_protein_6148,0.004865491297096014
test_protein_6143,0.58906829357147217
test_protein_6144,0.36423876881599426
test_protein_6145,0.17119318246841431
test_protein_6147,0.52089029550552368
test_protein_6151,0.015311500988900661
test_protein_6146,0.3208528459072113
test_protein_6150,0.1439419686794281
test_protein_6152,0.91298884153366089
test_protein_6149,0.1931244283914566
test_protein_6153,0.23656986653804779
test_protein_6154,0.3969997763633728
test_protein_6155,0.42236191034317017
test_protein_6157,0.30473098158836365
test_protein_6156,0.77225339412689209
test_protein_6160,0.55952560901641846
test_protein_6162,0.37854695320129395
test_protein_6158,0.71529525518417358
test_protein_6159,0.21777111291885376
test_protein_6161,0.63475942611694336
test_protein_6164,0.033856607973575592
test_protein_6163,0.47830983996391296
test_protein_6165,0.25086697936058044
test_protein_6166,0.48880210518836975
test_protein_6167,0.697867751121521
test_protein_6169,0.19265730679035187
test_protein_6170,0.061084117740392685
test_protein_6168,0.49640986323356628
test_protein_6172,0.21215921640396118
test_protein_6174,0.070783734321594238
test_protein_6171,0.27450117468833923
test_protein_6175,0.036214035004377365
test_protein_6173,0.34589755535125732
test_protein_6176,0.055533058941364288
test_protein_6177,0.12026973813772202
test_protein_6179,0.24758429825305939
test_protein_6183,0.13636910915374756
test_protein_6178,0.4041893482208252
test_protein_6180,0.35479366779327393
test_protein_6185,0.21937833726406097
test_protein_6181,0.78222423791885376
test_protein_6184,0.40372243523597717
test_protein_6182,0.50748234987258911
test_protein_6187,0.58964890241622925
test_protein_6186,0.5046306848526001
test_protein_6188,0.24818198382854462
test_protein_6190,0.046383701264858246
test_protein_6191,0.12942019104957581
test_protein_6189,0.18249437212944031
test_protein_6194,0.27089530229568481
test_protein_6197,0.1221255287528038
test_protein_6193,0.16531229019165039
test_protein_6192,0.29910370707511902
test_protein_6195,0.482169508934021
test_protein_6198,0.21648566424846649
test_protein_6196,0.24634823203086853
test_protein_6199,0.57280111312866211
test_protein_6203,0.55298852920532227
test_protein_6201,0.20216362178325653
test_protein_6202,0.10345538705587387
test_protein_6200,0.76330173015594482
test_protein_6208,0.47087502479553223
test_protein_6204,0.28753593564033508
test_protein_6207,0.15939025580883026
test_protein_6206,0.10089090466499329
test_protein_6205,0.24850286543369293
test_protein_6209,0.41074809432029724
test_protein_6212,0.11125405877828598
test_protein_6210,0.78977686166763306
test_protein_6211,0.27768924832344055
test_protein_6215,0.17769761383533478
test_protein_6220,0.44881081581115723
test_protein_6217,0.22336974740028381
test_protein_6214,0.13029253482818604
test_protein_6221,0.14042319357395172
test_protein_6216,0.52243667840957642
test_protein_6213,0.20472072064876556
test_protein_6219,0.39007315039634705
test_protein_6218,0.11628777533769608
test_protein_6225,0.20367266237735748
test_protein_6222,0.49214428663253784
test_protein_6223,0.019665282219648361
test_protein_6224,0.034197386354207993
test_protein_6229,0.32527956366539001
test_protein_6226,0.19529952108860016
test_protein_6227,0.19169893860816956
test_protein_6232,0.31746655702590942
test_protein_6230,0.84905403852462769
test_protein_6231,0.0010902679059654474
test_protein_6228,0.5108446478843689
test_protein_6238,0.12057705968618393
test_protein_6235,0.1887798011302948
test_protein_6234,0.032622832804918289
test_protein_6233,0.61798042058944702
test_protein_6240,0.80776035785675049
test_protein_6236,0.53585648536682129
test_protein_6237,0.22208324074745178
test_protein_6239,0.087488137185573578
test_protein_6242,0.36401292681694031
test_protein_6241,0.27210879325866699
test_protein_6243,0.19005377590656281
test_protein_6246,0.28284972906112671
test_protein_6248,0.10242010653018951
test_protein_6244,0.16592870652675629
test_protein_6245,0.2927803099155426
test_protein_6252,7.7608456194866449e-05
test_protein_6247,0.55954879522323608
test_protein_6250,0.22097766399383545
test_protein_6251,0.49563696980476379
test_protein_6253,0.043964546173810959
test_protein_6249,0.23168773949146271
test_protein_6254,0.16683968901634216
test_protein_6257,0.076305396854877472
test_protein_6255,0.51042348146438599
test_protein_6259,0.43775871396064758
test_protein_6258,0.099616818130016327
test_protein_6256,0.10373353213071823
test_protein_6262,0.30064472556114197
test_protein_6263,0.071659602224826813
test_protein_6265,0.043295450508594513
test_protein_6260,0.24331922829151154
test_protein_6261,0.2074425220489502
test_protein_6264,0.56471467018127441
test_protein_6268,0.11139767616987228
test_protein_6271,0.41629815101623535
test_protein_6270,0.24760845303535461
test_protein_6267,0.50449395179748535
test_protein_6266,0.041569650173187256
test_protein_6272,0.47031795978546143
test_protein_6269,0.18829889595508575
test_protein_6273,0.54089057445526123
test_protein_6276,0.15426570177078247
test_protein_6274,0.31549614667892456
test_protein_6277,0.027543334290385246
test_protein_6275,0.53313159942626953
test_protein_6278,0.085197143256664276
test_protein_6280,0.55883598327636719
test_protein_6282,0.34368279576301575
test_protein_6288,0.0021439429838210344
test_protein_6281,0.35643982887268066
test_protein_6289,0.00090092170285061002
test_protein_6286,0.43922033905982971
test_protein_6279,0.34298616647720337
test_protein_6284,0.036033771932125092
test_protein_6285,0.37330853939056396
test_protein_6283,0.41095083951950073
test_protein_6287,0.075127981603145599
test_protein_6291,0.43630048632621765
test_protein_6292,0.27792802453041077
test_protein_6293,0.34476378560066223
test_protein_6295,0.85927307605743408
test_protein_6296,0.28159904479980469
test_protein_6290,0.13846287131309509
test_protein_6301,0.10295861214399338
test_protein_6298,0.092185623943805695
test_protein_6294,0.68159091472625732
test_protein_6300,0.35922214388847351
test_protein_6297,0.12724895775318146
test_protein_6299,0.0044471169821918011
test_protein_6305,0.27078461647033691
test_protein_6303,0.59751558303833008
test_protein_6307,0.20757521688938141
test_protein_6304,0.25982886552810669
test_protein_6302,0.44189396500587463
test_protein_6308,0.2034660279750824
test_protein_6309,0.064797438681125641
test_protein_6306,0.16972851753234863
test_protein_6311,0.33869892358779907
test_protein_6312,0.22929669916629791
test_protein_6313,0.47239020466804504
test_protein_6310,0.23841822147369385
test_protein_6314,0.31535285711288452
test_protein_6315,0.49242269992828369
test_protein_6316,0.36587339639663696
test_protein_6317,0.044909629970788956
test_protein_6319,0.060571864247322083
test_protein_6318,0.35199189186096191
test_protein_6324,0.52454543113708496
test_protein_6320,0.57241493463516235
test_protein_6321,0.10170800983905792
test_protein_6323,0.4857737123966217
test_protein_6325,0.55008542537689209
test_protein_6322,0.34879818558692932
test_protein_6326,0.36653795838356018
test_protein_6329,0.088512338697910309
test_protein_6331,0.1561574786901474
test_protein_6330,0.0013086225371807814
test_protein_6332,0.31130000948905945
test_protein_6327,0.27808550000190735
test_protein_6333,0.3290218710899353
test_protein_6328,0.47598379850387573
test_protein_6337,0.41555184125900269
test_protein_6334,0.6577114462852478
test_protein_6336,0.090824395418167114
test_protein_6335,0.6261025071144104
test_protein_6338,0.39916360378265381
test_protein_6342,0.053991582244634628
test_protein_6339,0.36043500900268555
test_protein_6344,0.03293885663151741
test_protein_6345,0.035782873630523682
test_protein_6341,0.17715838551521301
test_protein_6347,0.32701268792152405
test_protein_6340,0.095264650881290436
test_protein_6346,0.12067802995443344
test_protein_6349,0.12788480520248413
test_protein_6348,0.0010825408389791846
test_protein_6343,0.31698891520500183
test_protein_6353,0.030922401696443558
test_protein_6354,0.35728532075881958
test_protein_6351,0.30346223711967468
test_protein_6352,0.26003161072731018
test_protein_6350,0.16482771933078766
test_protein_6355,0.78143757581710815
test_protein_6358,0.60604435205459595
test_protein_6356,0.15894961357116699
test_protein_6359,0.53549772500991821
test_protein_6357,0.69779407978057861
test_protein_6360,0.47953608632087708
test_protein_6365,0.068949364125728607
test_protein_6362,0.20646962523460388
test_protein_6361,0.52761334180831909
test_protein_6363,0.028541138395667076
test_protein_6366,0.66785907745361328
test_protein_6368,0.10041142255067825
test_protein_6369,0.35142439603805542
test_protein_6364,0.098453409969806671
test_protein_6372,0.46230152249336243
test_protein_6370,0.39346808195114136
test_protein_6371,0.080712184309959412
test_protein_6367,0.088075384497642517
test_protein_6373,0.73918700218200684
test_protein_6376,0.014783311635255814
test_protein_6375,0.58857744932174683
test_protein_6374,0.090688444674015045
test_protein_6377,0.41183248162269592
test_protein_6378,0.21107633411884308
test_protein_6380,0.031755652278661728
test_protein_6383,0.023376427590847015
test_protein_6382,0.11663774400949478
test_protein_6381,0.35992646217346191
test_protein_6379,0.040436957031488419
test_protein_6384,0.25031507015228271
test_protein_6386,0.50942212343215942
test_protein_6385,0.26727449893951416
test_protein_6391,0.038136381655931473
test_protein_6388,0.30786237120628357
test_protein_6387,0.6872938871383667
test_protein_6389,0.20618154108524323
test_protein_6393,0.63989365100860596
test_protein_6392,0.13889269530773163
test_protein_6394,0.32095101475715637
test_protein_6397,0.61543416976928711
test_protein_6390,0.64176583290100098
test_protein_6396,0.2904975414276123
test_protein_6395,0.70636391639709473
test_protein_6399,0.31447750329971313
test_protein_6398,0.42488494515419006
test_protein_6402,0.36167973279953003
test_protein_6401,0.31156733632087708
test_protein_6400,0.40547859668731689
test_protein_6404,0.46176627278327942
test_protein_6407,0.45005133748054504
test_protein_6403,0.50942325592041016
test_protein_6408,0.67435628175735474
test_protein_6405,0.083997242152690887
test_protein_6410,0.60904556512832642
test_protein_6409,0.13253262639045715
test_protein_6412,0.074004210531711578
test_protein_6406,0.21807286143302917
test_protein_6411,0.53560692071914673
test_protein_6416,0.00420399010181427
test_protein_6415,0.68907672166824341
test_protein_6417,0.58586621284484863
test_protein_6413,0.68329060077667236
test_protein_6414,0.64731937646865845
test_protein_6422,0.33203661441802979
test_protein_6425,0.1020653247833252
test_protein_6418,0.090435035526752472
test_protein_6419,0.10834801197052002
test_protein_6423,0.14879843592643738
test_protein_6424,0.63554954528808594
test_protein_6421,0.43393081426620483
test_protein_6426,0.11296023428440094
test_protein_6427,0.094691924750804901
test_protein_6420,0.33702349662780762
test_protein_6428,0.35272401571273804
test_protein_6429,0.00036050428752787411
test_protein_6430,0.33878844976425171
test_protein_6435,0.16085921227931976
test_protein_6432,0.95431345701217651
test_protein_6433,0.10711619257926941
test_protein_6431,0.10912755876779556
test_protein_6436,0.48443824052810669
test_protein_6439,0.26046022772789001
test_protein_6438,0.22722086310386658
test_protein_6441,0.12912996113300323
test_protein_6434,0.70484572649002075
test_protein_6437,0.53588420152664185
test_protein_6440,0.43016654253005981
test_protein_6442,0.58244121074676514
test_protein_6446,0.077907748520374298
test_protein_6443,0.002977361436933279
test_protein_6445,0.081921495497226715
test_protein_6444,0.27983084321022034
test_protein_6447,0.3950100839138031
test_protein_6449,0.29504892230033875
test_protein_6448,0.089303411543369293
test_protein_6451,0.0165226049721241
test_protein_6450,0.36787348985671997
test_protein_6453,0.27901884913444519
test_protein_6454,0.11923450231552124
test_protein_6456,0.16850773990154266
test_protein_6452,0.32856056094169617
test_protein_6455,0.56057006120681763
test_protein_6459,0.036837201565504074
test_protein_6458,0.12900438904762268
test_protein_6457,0.16889277100563049
test_protein_6460,0.75942987203598022
test_protein_6462,0.44736030697822571
test_protein_6465,0.3533046543598175
test_protein_6461,0.11466676741838455
test_protein_6466,0.22676315903663635
test_protein_6463,0.056429211050271988
test_protein_6464,0.63034260272979736
test_protein_6468,0.65021735429763794
test_protein_6470,0.38580650091171265
test_protein_6467,0.0031234612688422203
test_protein_6471,0.52666962146759033
test_protein_6469,0.099421374499797821
test_protein_6473,0.26183277368545532
test_protein_6474,0.26203936338424683
test_protein_6475,0.45674702525138855
test_protein_6477,0.57309204339981079
test_protein_6476,0.04055207222700119
test_protein_6472,0.35095474123954773
test_protein_6478,0.1425129622220993
test_protein_6483,0.21714316308498383
test_protein_6481,0.35653093457221985
test_protein_6482,0.29505139589309692
test_protein_6486,0.4594690203666687
test_protein_6479,0.47213596105575562
test_protein_6485,0.22323407232761383
test_protein_6480,0.58748352527618408
test_protein_6484,0.17385582625865936
test_protein_6487,0.49152731895446777
test_protein_6489,0.48862409591674805
test_protein_6490,0.59856760501861572
test_protein_6488,0.59379971027374268
test_protein_6492,0.72853118181228638
test_protein_6494,0.60388416051864624
test_protein_6496,0.81094068288803101
test_protein_6491,0.20625565946102142
test_protein_6493,0.17259444296360016
test_protein_6497,0.3454887866973877
test_protein_6499,0.437040776014328
test_protein_6495,0.74969786405563354
test_protein_6500,0.10457410663366318
test_protein_6501,0.49265781044960022
test_protein_6498,0.16762031614780426
test_protein_6502,0.069041498005390167
test_protein_6505,0.76382821798324585
test_protein_6504,0.094999872148036957
test_protein_6508,0.51262342929840088
test_protein_6507,0.073127970099449158
test_protein_6506,0.48782464861869812
test_protein_6503,0.13296332955360413
test_protein_6509,0.49374020099639893
test_protein_6510,0.83827459812164307
test_protein_6512,0.37310558557510376
test_protein_6511,0.50173616409301758
test_protein_6514,0.37237715721130371
test_protein_6513,0.2049226313829422
test_protein_6515,0.048266060650348663
test_protein_6516,0.27340200543403625
test_protein_6518,0.65684109926223755
test_protein_6519,0.16267654299736023
test_protein_6523,0.017832806333899498
test_protein_6517,0.34217175841331482
test_protein_6521,0.28334200382232666
test_protein_6524,0.21800878643989563
test_protein_6520,0.45687612891197205
test_protein_6522,0.65880459547042847
test_protein_6527,0.40280517935752869
test_protein_6526,0.52090924978256226
test_protein_6525,0.34873831272125244
test_protein_6529,0.15244613587856293
test_protein_6528,0.57129973173141479
test_protein_6530,0.18890663981437683
test_protein_6531,0.32549870014190674
test_protein_6535,0.36871612071990967
test_protein_6532,0.27867138385772705
test_protein_6536,0.39176514744758606
test_protein_6538,0.2008679211139679
test_protein_6541,0.30750963091850281
test_protein_6533,0.40117591619491577
test_protein_6539,0.3129604160785675
test_protein_6537,0.080915026366710663
test_protein_6540,0.51009231805801392
test_protein_6534,0.53651547431945801
test_protein_6543,0.29859021306037903
test_protein_6544,0.17035457491874695
test_protein_6542,0.24763493239879608
test_protein_6545,0.52593588829040527
test_protein_6548,0.27398222684860229
test_protein_6549,0.015340428799390793
test_protein_6547,0.24332769215106964
test_protein_6552,0.077129237353801727
test_protein_6554,0.011820320039987564
test_protein_6551,0.083763174712657928
test_protein_6550,0.17320366203784943
test_protein_6546,0.27531617879867554
test_protein_6559,0.075230129063129425
test_protein_6557,0.19309718906879425
test_protein_6555,0.79712009429931641
test_protein_6553,0.1818455308675766
test_protein_6556,0.41255190968513489
test_protein_6558,0.044057454913854599
test_protein_6561,0.27435335516929626
test_protein_6563,0.62528342008590698
test_protein_6560,0.27752995491027832
test_protein_6562,0.34078601002693176
test_protein_6564,0.59391891956329346
test_protein_6567,0.38811469078063965
test_protein_6565,0.16212932765483856
test_protein_6572,0.28460818529129028
test_protein_6570,0.39797693490982056
test_protein_6569,0.13644413650035858
test_protein_6574,0.25074908137321472
test_protein_6573,0.2619992196559906
test_protein_6568,0.37385109066963196
test_protein_6571,0.5721660852432251
test_protein_6566,0.14846912026405334
test_protein_6576,0.49877676367759705
test_protein_6578,0.16241015493869781
test_protein_6577,0.45079711079597473
test_protein_6575,0.061117213219404221
test_protein_6579,0.42181625962257385
test_protein_6581,0.53458553552627563
test_protein_6582,0.6370699405670166
test_protein_6580,0.24023310840129852
test_protein_6584,0.059333700686693192
test_protein_6583,0.082586593925952911
test_protein_6585,0.27316287159919739
test_protein_6586,0.33822765946388245
test_protein_6587,0.046867150813341141
test_protein_6589,0.51646721363067627
test_protein_6591,0.34183153510093689
test_protein_6592,0.28396192193031311
test_protein_6588,0.12503761053085327
test_protein_6590,0.35840624570846558
test_protein_6593,0.39108714461326599
test_protein_6595,0.55421197414398193
test_protein_6594,0.18912829458713531
test_protein_6597,0.82004028558731079
test_protein_6599,0.11271627247333527
test_protein_6596,0.14218872785568237
test_protein_6598,0.065561868250370026
test_protein_6601,0.36523690819740295
test_protein_6603,0.3663996160030365
test_protein_6602,0.47981566190719604
test_protein_6606,0.12914745509624481
test_protein_6600,0.18196661770343781
test_protein_6605,0.15818174183368683
test_protein_6604,0.48948147892951965
test_protein_6608,0.29691636562347412
test_protein_6609,0.3074791431427002
test_protein_6607,0.25333106517791748
test_protein_6611,0.47841370105743408
test_protein_6612,0.41224098205566406
test_protein_6610,0.1063845157623291
test_protein_6613,0.083884485065937042
test_protein_6614,0.16779999434947968
test_protein_6618,0.17939813435077667
test_protein_6615,0.63999569416046143
test_protein_6616,0.24033191800117493
test_protein_6617,0.20618025958538055
test_protein_6620,0.14014898240566254
test_protein_6619,0.21398080885410309
test_protein_6623,0.26919516921043396
test_protein_6624,0.78526276350021362
test_protein_6629,0.038093198090791702
test_protein_6622,0.031251154839992523
test_protein_6625,0.91562128067016602
test_protein_6627,0.48719078302383423
test_protein_6626,0.44501778483390808
test_protein_6621,0.37133947014808655
test_protein_6628,0.25107762217521667
test_protein_6630,0.70063686370849609
test_protein_6631,0.025060798972845078
test_protein_6633,0.50788170099258423
test_protein_6635,0.050432056188583374
test_protein_6638,0.089557774364948273
test_protein_6637,0.37264788150787354
test_protein_6640,0.43034458160400391
test_protein_6636,0.084789671003818512
test_protein_6634,0.23671537637710571
test_protein_6632,0.71073728799819946
test_protein_6642,0.43794435262680054
test_protein_6641,0.56535094976425171
test_protein_6639,0.57842963933944702
test_protein_6643,0.31159177422523499
test_protein_6644,0.10044948756694794
test_protein_6646,0.83813387155532837
test_protein_6648,0.10107701271772385
test_protein_6645,0.29352280497550964
test_protein_6651,0.40671181678771973
test_protein_6649,0.53397667407989502
test_protein_6647,0.4539429247379303
test_protein_6650,0.23050351440906525
test_protein_6652,0.89172106981277466
test_protein_6653,0.51798290014266968
test_protein_6654,0.9181334376335144
test_protein_6658,0.15752036869525909
test_protein_6656,0.28462344408035278
test_protein_6655,0.84426075220108032
test_protein_6659,0.1800079345703125
test_protein_6661,0.27688613533973694
test_protein_6657,0.84143424034118652
test_protein_6660,0.20457758009433746
test_protein_6662,0.3069254457950592
test_protein_6665,0.22716696560382843
test_protein_6663,0.56550806760787964
test_protein_6664,0.19283884763717651
test_protein_6667,0.35572507977485657
test_protein_6666,0.68698489665985107
test_protein_6668,0.4522767961025238
test_protein_6669,0.35077708959579468
test_protein_6670,0.075400650501251221
test_protein_6672,0.01645919494330883
test_protein_6673,0.30610918998718262
test_protein_6675,0.65386116504669189
test_protein_6674,0.63625419139862061
test_protein_6677,0.51883232593536377
test_protein_6671,0.072558179497718811
test_protein_6678,0.80659359693527222
test_protein_6676,0.36400559544563293
test_protein_6680,0.45204460620880127
test_protein_6682,0.20469251275062561
test_protein_6679,0.10435391962528229
test_protein_6686,0.10760068893432617
test_protein_6683,0.48778519034385681
test_protein_6681,0.23407524824142456
test_protein_6687,0.21302847564220428
test_protein_6684,0.033141180872917175
test_protein_6685,0.53355318307876587
test_protein_6689,0.2041887491941452
test_protein_6690,0.78012263774871826
test_protein_6688,0.0081076007336378098
test_protein_6691,0.079236239194869995
test_protein_6694,0.16684705018997192
test_protein_6693,0.45564654469490051
test_protein_6695,0.80332928895950317
test_protein_6692,0.58379119634628296
test_protein_6696,0.53742402791976929
test_protein_6699,0.30448779463768005
test_protein_6697,0.8429492712020874
test_protein_6701,0.11382680386304855
test_protein_6698,0.59300798177719116
test_protein_6702,0.65373462438583374
test_protein_6700,0.71946156024932861
test_protein_6705,0.26198029518127441
test_protein_6704,0.096745826303958893
test_protein_6703,0.56134092807769775
test_protein_6708,0.27998220920562744
test_protein_6706,0.12325648963451385
test_protein_6707,0.57555580139160156
test_protein_6709,0.055612776428461075
test_protein_6710,0.63506907224655151
test_protein_6711,0.343231201171875
test_protein_6714,0.24032017588615417
test_protein_6713,0.41481253504753113
test_protein_6712,0.46199926733970642
test_protein_6715,0.13355730473995209
test_protein_6718,0.59247708320617676
test_protein_6716,0.62194275856018066
test_protein_6719,0.2500605583190918
test_protein_6722,0.29110419750213623
test_protein_6723,0.12271541357040405
test_protein_6717,0.52744489908218384
test_protein_6721,0.30720224976539612
test_protein_6720,0.28754755854606628
test_protein_6724,0.16473542153835297
test_protein_6725,0.33841851353645325
test_protein_6727,0.39392668008804321
test_protein_6726,0.30685773491859436
test_protein_6728,0.44424307346343994
test_protein_6729,0.51849150657653809
test_protein_6730,0.58830821514129639
test_protein_6732,0.11302535235881805
test_protein_6731,0.37888234853744507
test_protein_6733,0.66321748495101929
test_protein_6734,0.62167072296142578
test_protein_6736,0.65452426671981812
test_protein_6735,0.14155985414981842
test_protein_6737,0.31898534297943115
test_protein_6738,0.40303879976272583
test_protein_6739,0.56244266033172607
test_protein_6740,0.67855745553970337
test_protein_6741,0.4978783130645752
test_protein_6742,0.42565432190895081
test_protein_6745,0.45394158363342285
test_protein_6746,0.14179711043834686
test_protein_6744,0.47684913873672485
test_protein_6747,0.42971110343933105
test_protein_6743,0.39061686396598816
test_protein_6749,0.2543964684009552
test_protein_6748,0.78635215759277344
test_protein_6750,0.4157777726650238
test_protein_6752,0.06128755584359169
test_protein_6751,0.32400283217430115
test_protein_6753,0.73770856857299805
test_protein_6754,0.39969027042388916
test_protein_6756,0.64433687925338745
test_protein_6755,0.43314167857170105
test_protein_6757,0.28070706129074097
test_protein_6758,0.35469421744346619
test_protein_6759,0.33360499143600464
test_protein_6761,0.3770810067653656
test_protein_6762,0.36446270346641541
test_protein_6760,0.34630930423736572
test_protein_6763,0.4334816038608551
test_protein_6765,0.21526648104190826
test_protein_6764,0.29096898436546326
test_protein_6766,0.096294008195400238
test_protein_6767,0.034601449966430664
test_protein_6770,0.70854955911636353
test_protein_6768,0.023679791018366814
test_protein_6771,0.36833170056343079
test_protein_6772,0.30415078997612
test_protein_6773,0.31052631139755249
test_protein_6769,0.056775301694869995
test_protein_6775,0.14922818541526794
test_protein_6774,0.37904950976371765
test_protein_6777,0.2921997606754303
test_protein_6776,0.15651731193065643
test_protein_6778,0.24229246377944946
test_protein_6780,0.31286519765853882
test_protein_6779,0.40791568160057068
test_protein_6784,0.57548046112060547
test_protein_6781,0.22733171284198761
test_protein_6783,0.20089857280254364
test_protein_6782,0.47287076711654663
test_protein_6785,0.26889720559120178
test_protein_6790,0.72961205244064331
test_protein_6786,0.27999326586723328
test_protein_6787,0.6210472583770752
test_protein_6789,0.19460241496562958
test_protein_6788,0.57662880420684814
test_protein_6795,0.61335927248001099
test_protein_6797,0.53799831867218018
test_protein_6802,0.76168340444564819
test_protein_6791,0.21781761944293976
test_protein_6799,0.4825035035610199
test_protein_6798,0.56509804725646973
test_protein_6794,0.4594099223613739
test_protein_6796,0.20066346228122711
test_protein_6793,0.62169176340103149
test_protein_6792,0.41346219182014465
test_protein_6801,0.50654977560043335
test_protein_6804,0.65952277183532715
test_protein_6800,0.33008888363838196
test_protein_6803,0.53784745931625366
test_protein_6805,0.36037394404411316
test_protein_6808,0.49974721670150757
test_protein_6812,0.33971899747848511
test_protein_6807,0.013222299516201019
test_protein_6811,0.61219680309295654
test_protein_6809,0.26597145199775696
test_protein_6813,0.39219799637794495
test_protein_6806,0.33591008186340332
test_protein_6810,0.33903130888938904
test_protein_6817,0.30512642860412598
test_protein_6818,0.59449082612991333
test_protein_6815,0.69280159473419189
test_protein_6819,0.50074934959411621
test_protein_6820,0.014575250446796417
test_protein_6816,0.65232783555984497
test_protein_6822,0.12037459015846252
test_protein_6814,0.39179578423500061
test_protein_6821,0.24010096490383148
test_protein_6824,0.0063905850984156132
test_protein_6823,0.56100249290466309
test_protein_6835,0.75891262292861938
test_protein_6826,0.18546837568283081
test_protein_6832,0.74086993932723999
test_protein_6827,0.36060935258865356
test_protein_6828,0.55339545011520386
test_protein_6830,0.50374037027359009
test_protein_6829,0.12722504138946533
test_protein_6833,0.50568312406539917
test_protein_6825,0.41776445508003235
test_protein_6838,0.48946219682693481
test_protein_6839,0.98793846368789673
test_protein_6836,0.42260760068893433
test_protein_6831,0.19007466733455658
test_protein_6840,0.41759702563285828
test_protein_6837,0.23775032162666321
test_protein_6834,0.1895328015089035
test_protein_6847,0.5219300389289856
test_protein_6841,0.13629820942878723
test_protein_6848,0.41380041837692261
test_protein_6846,0.41471335291862488
test_protein_6849,0.35039317607879639
test_protein_6845,0.30295822024345398
test_protein_6843,0.36743351817131042
test_protein_6842,0.63045722246170044
test_protein_6851,0.40923678874969482
test_protein_6844,0.8125070333480835
test_protein_6850,0.61195725202560425
test_protein_6857,0.46766570210456848
test_protein_6852,0.38976201415061951
test_protein_6861,0.34510919451713562
test_protein_6853,0.3486899733543396
test_protein_6858,0.38210126757621765
test_protein_6854,0.35711029171943665
test_protein_6859,0.060882635414600372
test_protein_6864,0.098585091531276703
test_protein_6862,0.77384775876998901
test_protein_6855,0.44099622964859009
test_protein_6856,0.4381883442401886
test_protein_6865,0.43876442313194275
test_protein_6866,0.80475962162017822
test_protein_6863,0.22043165564537048
test_protein_6860,0.13397271931171417
test_protein_6867,0.37787622213363647
test_protein_6868,0.5054173469543457
test_protein_6869,0.19159843027591705
test_protein_6871,7.0972215326037258e-05
test_protein_6879,0.31018054485321045
test_protein_6877,0.10560721158981323
test_protein_6872,0.37514972686767578
test_protein_6882,0.3521648645401001
test_protein_6870,0.69799256324768066
test_protein_6876,0.71531695127487183
test_protein_6875,0.45086696743965149
test_protein_6878,0.61438721418380737
test_protein_6873,0.54546743631362915
test_protein_6874,0.13543368875980377
test_protein_6881,0.21737787127494812
test_protein_6884,0.43126034736633301
test_protein_6887,0.41004511713981628
test_protein_6880,0.639945387840271
test_protein_6883,0.56203317642211914
test_protein_6885,0.065958887338638306
test_protein_6892,0.28569579124450684
test_protein_6889,0.085696741938591003
test_protein_6890,0.50950360298156738
test_protein_6888,0.40589451789855957
test_protein_6893,0.20119430124759674
test_protein_6897,0.49527746438980103
test_protein_6896,0.93877267837524414
test_protein_6886,0.35474982857704163
test_protein_6895,0.9332008957862854
test_protein_6891,0.43891274929046631
test_protein_6894,0.71377843618392944
test_protein_6898,0.74604874849319458
test_protein_6899,0.20453433692455292
test_protein_6901,0.13142818212509155
test_protein_6902,0.35995912551879883
test_protein_6903,0.74861037731170654
test_protein_6900,0.46969699859619141
test_protein_6905,0.34139135479927063
test_protein_6904,0.48303735256195068
test_protein_6906,0.33211156725883484
test_protein_6911,0.4962250292301178
test_protein_6912,0.67369979619979858
test_protein_6908,0.40364396572113037
test_protein_6909,0.41466209292411804
test_protein_6910,0.02379341796040535
test_protein_6916,0.47083032131195068
test_protein_6907,0.034293815493583679
test_protein_6915,0.83269816637039185
test_protein_6914,0.41456341743469238
test_protein_6918,0.06265152245759964
test_protein_6913,0.8722994327545166
test_protein_6925,0.44555476307868958
test_protein_6924,0.56598407030105591
test_protein_6920,0.39467620849609375
test_protein_6923,0.11815600842237473
test_protein_6921,0.30885106325149536
test_protein_6919,0.60624498128890991
test_protein_6928,0.37814101576805115
test_protein_6917,0.64485520124435425
test_protein_6926,0.21786272525787354
test_protein_6922,0.62728166580200195
test_protein_6927,0.46889340877532959
test_protein_6930,0.5943455696105957
test_protein_6934,0.17591995000839233
test_protein_6932,0.68777346611022949
test_protein_6935,0.43260335922241211
test_protein_6941,0.56792277097702026
test_protein_6929,0.12396296858787537
test_protein_6931,0.14944152534008026
test_protein_6940,0.38582965731620789
test_protein_6936,0.085144132375717163
test_protein_6933,0.64971917867660522
test_protein_6943,0.47181740403175354
test_protein_6942,0.24982872605323792
test_protein_6945,0.606597900390625
test_protein_6937,0.16430690884590149
test_protein_6939,0.8677976131439209
test_protein_6944,0.11923721432685852
test_protein_6949,0.42813012003898621
test_protein_6938,0.39148315787315369
test_protein_6953,0.99461525678634644
test_protein_6952,0.041049711406230927
test_protein_6950,0.23897787928581238
test_protein_6948,0.66817963123321533
test_protein_6954,0.53271442651748657
test_protein_6946,0.56880593299865723
test_protein_6955,0.44379085302352905
test_protein_6951,0.42091551423072815
test_protein_6947,0.39707538485527039
test_protein_6956,0.6922186017036438
test_protein_6957,0.7978859543800354
test_protein_6964,0.40676257014274597
test_protein_6962,0.010004239156842232
test_protein_6959,0.48912504315376282
test_protein_6958,0.86694836616516113
test_protein_6961,0.68423646688461304
test_protein_6963,0.50339621305465698
test_protein_6960,0.41348955035209656
test_protein_6967,0.30025678873062134
test_protein_6968,0.22751675546169281
test_protein_6965,0.45365342497825623
test_protein_6970,0.12757854163646698
test_protein_6969,0.59738153219223022
test_protein_6966,0.371895432472229
test_protein_6971,0.71594321727752686
test_protein_6972,0.62039732933044434
test_protein_6975,0.51239240169525146
test_protein_6977,0.049502503126859665
test_protein_6984,0.6259276270866394
test_protein_6978,0.55087590217590332
test_protein_6979,0.60976296663284302
test_protein_6985,0.61581796407699585
test_protein_6981,0.42129948735237122
test_protein_6973,0.71616733074188232
test_protein_6974,0.33784332871437073
test_protein_6982,0.29279592633247375
test_protein_6976,0.41535651683807373
test_protein_6983,0.25640735030174255
test_protein_6980,0.3786277174949646
test_protein_6986,0.67784738540649414
test_protein_6993,0.43859389424324036
test_protein_6998,0.6454964280128479
test_protein_6989,0.193174809217453
test_protein_6987,0.34229260683059692
test_protein_6990,0.74578607082366943
test_protein_6996,0.7625885009765625
test_protein_6991,0.27438423037528992
test_protein_6988,0.42017948627471924
test_protein_6992,0.55848580598831177
test_protein_6997,0.79808026552200317
test_protein_6994,0.00579859409481287
test_protein_7000,0.040573414415121078
test_protein_6999,0.89147567749023438
test_protein_6995,0.57450473308563232
test_protein_7001,0.43403142690658569
test_protein_7002,0.044199615716934204
test_protein_7003,0.55836111307144165
test_protein_7004,0.40026697516441345
test_protein_7009,0.78136992454528809
test_protein_7012,0.16732753813266754
test_protein_7008,0.54470455646514893
test_protein_7005,0.69755452871322632
test_protein_7006,0.93731129169464111
test_protein_7010,0.87447530031204224
test_protein_7013,0.22431415319442749
test_protein_7015,0.2232777327299118
test_protein_7011,0.33788099884986877
test_protein_7014,0.0070116030983626842
test_protein_7007,0.58846312761306763
test_protein_7019,0.92539721727371216
test_protein_7021,0.48849773406982422
test_protein_7020,0.47465941309928894
test_protein_7018,0.57197439670562744
test_protein_7022,0.39434999227523804
test_protein_7028,0.62390279769897461
test_protein_7016,0.27930882573127747
test_protein_7017,0.6122581958770752
test_protein_7024,0.34861147403717041
test_protein_7023,0.5076744556427002
test_protein_7026,0.19218817353248596
test_protein_7025,0.42085397243499756
test_protein_7027,0.18953818082809448
test_protein_7032,0.29834741353988647
test_protein_7029,0.53781241178512573
test_protein_7034,0.34688514471054077
test_protein_7036,0.75241994857788086
test_protein_7030,0.63559293746948242
test_protein_7031,0.61392670869827271
test_protein_7033,0.071108169853687286
test_protein_7042,0.76732093095779419
test_protein_7041,0.27406096458435059
test_protein_7039,0.1313466876745224
test_protein_7038,0.27189898490905762
test_protein_7035,0.71015089750289917
test_protein_7037,0.82355594635009766
test_protein_7040,0.44883397221565247
test_protein_7043,0.46639108657836914
test_protein_7047,0.03776182234287262
test_protein_7050,0.30240988731384277
test_protein_7045,0.21061523258686066
test_protein_7046,0.28240957856178284
test_protein_7048,0.60846465826034546
test_protein_7044,0.084540471434593201
test_protein_7052,0.10966365039348602
test_protein_7053,0.4666057825088501
test_protein_7049,0.32507088780403137
test_protein_7054,0.21966533362865448
test_protein_7051,0.37294256687164307
test_protein_7057,0.19781607389450073
test_protein_7055,0.58390903472900391
test_protein_7056,0.72716379165649414
test_protein_7059,0.073928602039813995
test_protein_7058,0.90131121873855591
test_protein_7060,0.079960279166698456
test_protein_7061,0.25011631846427917
test_protein_7065,0.1987033486366272
test_protein_7062,0.39906132221221924
test_protein_7063,0.10428116470575333
test_protein_7070,0.53053271770477295
test_protein_7066,0.045595880597829819
test_protein_7064,0.14987467229366302
test_protein_7067,0.32259508967399597
test_protein_7068,0.41005465388298035
test_protein_7069,0.51822084188461304
test_protein_7073,0.60910558700561523
test_protein_7075,0.55255508422851562
test_protein_7072,0.63928806781768799
test_protein_7076,0.62216180562973022
test_protein_7071,0.5436055064201355
test_protein_7078,0.62471276521682739
test_protein_7079,0.13752047717571259
test_protein_7077,0.23534274101257324
test_protein_7074,0.22814856469631195
test_protein_7080,0.10667159408330917
test_protein_7081,0.44126936793327332
test_protein_7082,0.06247035413980484
test_protein_7083,0.47691896557807922
test_protein_7084,0.031665228307247162
test_protein_7088,0.33220157027244568
test_protein_7087,0.37074822187423706
test_protein_7090,0.43773722648620605
test_protein_7093,0.56482112407684326
test_protein_7085,0.30985605716705322
test_protein_7091,0.87226933240890503
test_protein_7092,0.38037049770355225
test_protein_7089,0.42929726839065552
test_protein_7086,0.17908951640129089
test_protein_7097,0.42393937706947327
test_protein_7095,0.27374520897865295
test_protein_7096,0.45926946401596069
test_protein_7094,0.43819844722747803
test_protein_7098,0.76806527376174927
test_protein_7100,0.58296859264373779
test_protein_7103,0.38721778988838196
test_protein_7099,0.048007596284151077
test_protein_7104,0.26720607280731201
test_protein_7101,0.6543891429901123
test_protein_7105,0.17658239603042603
test_protein_7102,0.2867908775806427
test_protein_7113,0.035802755504846573
test_protein_7109,0.23455114662647247
test_protein_7114,0.048121150583028793
test_protein_7112,0.74122953414916992
test_protein_7110,0.42384821176528931
test_protein_7111,0.48763945698738098
test_protein_7106,0.050046995282173157
test_protein_7107,0.56078886985778809
test_protein_7108,0.31712132692337036
test_protein_7116,0.36154761910438538
test_protein_7115,0.40850120782852173
test_protein_7117,0.14725370705127716
test_protein_7119,0.1096063032746315
test_protein_7120,0.47503864765167236
test_protein_7122,0.33877444267272949
test_protein_7118,0.62115180492401123
test_protein_7124,0.33594173192977905
test_protein_7123,0.45604443550109863
test_protein_7121,0.30041423439979553
test_protein_7126,0.57088041305541992
test_protein_7125,0.39104285836219788
test_protein_7127,0.57492202520370483
test_protein_7129,0.47184228897094727
test_protein_7128,0.32544717192649841
test_protein_7130,0.053243406116962433
test_protein_7132,0.26229923963546753
test_protein_7131,0.48999544978141785
test_protein_7133,0.21140478551387787
test_protein_7136,0.33787134289741516
test_protein_7135,0.42208468914031982
test_protein_7134,0.49152600765228271
test_protein_7138,0.43556272983551025
test_protein_7137,0.32230818271636963
test_protein_7139,0.13608632981777191
test_protein_7142,0.28880155086517334
test_protein_7140,0.7875525951385498
test_protein_7141,0.41303989291191101
test_protein_7146,0.6131318211555481
test_protein_7144,0.52526772022247314
test_protein_7145,0.48836913704872131
test_protein_7143,0.44851246476173401
test_protein_7147,0.38045263290405273
test_protein_7149,0.43764129281044006
test_protein_7148,0.24591994285583496
test_protein_7153,0.30806156992912292
test_protein_7151,0.25463908910751343
test_protein_7150,0.42478135228157043
test_protein_7156,0.39001598954200745
test_protein_7155,0.12276526540517807
test_protein_7152,0.68571692705154419
test_protein_7159,0.42356601357460022
test_protein_7160,0.38186454772949219
test_protein_7154,0.56673181056976318
test_protein_7157,0.33576712012290955
test_protein_7158,0.69584500789642334
test_protein_7162,0.5804867148399353
test_protein_7163,0.089615628123283386
test_protein_7161,0.49153396487236023
test_protein_7166,0.30159223079681396
test_protein_7172,0.54296422004699707
test_protein_7164,0.46515065431594849
test_protein_7168,0.42774286866188049
test_protein_7165,0.28934457898139954
test_protein_7167,0.60551398992538452
test_protein_7171,0.25315189361572266
test_protein_7169,0.58137911558151245
test_protein_7170,0.055511016398668289
test_protein_7177,0.3188423216342926
test_protein_7174,0.39538827538490295
test_protein_7179,0.23295646905899048
test_protein_7173,0.50688070058822632
test_protein_7178,0.56226629018783569
test_protein_7176,0.43425807356834412
test_protein_7180,0.10434093326330185
test_protein_7175,0.41499364376068115
test_protein_7184,0.67560404539108276
test_protein_7182,0.22577498853206635
test_protein_7181,0.073652900755405426
test_protein_7183,0.69469201564788818
test_protein_7185,0.01921488530933857
test_protein_7189,0.36632639169692993
test_protein_7186,0.32166081666946411
test_protein_7187,0.28903776407241821
test_protein_7188,0.67364436388015747
test_protein_7190,0.55353176593780518
test_protein_7191,0.13953149318695068
test_protein_7192,0.35324063897132874
test_protein_7194,0.48700535297393799
test_protein_7195,0.70867997407913208
test_protein_7196,0.25446096062660217
test_protein_7193,0.81719732284545898
test_protein_7200,0.56350857019424438
test_protein_7197,0.11863285303115845
test_protein_7198,0.062945112586021423
test_protein_7201,0.65394330024719238
test_protein_7203,0.11756332963705063
test_protein_7204,0.31127843260765076
test_protein_7206,0.48033422231674194
test_protein_7202,0.49732884764671326
test_protein_7199,0.059086915105581284
test_protein_7207,0.0791182741522789
test_protein_7205,0.67009526491165161
test_protein_7212,0.15155968070030212
test_protein_7210,0.49300867319107056
test_protein_7211,0.37764772772789001
test_protein_7209,0.32825693488121033
test_protein_7214,0.71602177619934082
test_protein_7216,0.35903316736221313
test_protein_7213,0.34195533394813538
test_protein_7208,0.054062448441982269
test_protein_7215,0.46388629078865051
test_protein_7218,0.37240949273109436
test_protein_7217,0.42941683530807495
test_protein_7221,0.66771388053894043
test_protein_7222,0.61439096927642822
test_protein_7224,0.29332870244979858
test_protein_7223,0.31254264712333679
test_protein_7219,0.51693522930145264
test_protein_7220,0.70482754707336426
test_protein_7227,0.64477217197418213
test_protein_7225,0.1074257493019104
test_protein_7229,0.2242950052022934
test_protein_7226,0.35728979110717773
test_protein_7228,0.3001096248626709
test_protein_7232,0.12960045039653778
test_protein_7234,0.59889358282089233
test_protein_7230,0.71067959070205688
test_protein_7236,0.31943270564079285
test_protein_7235,0.12678536772727966
test_protein_7239,0.057807799428701401
test_protein_7240,0.10082978010177612
test_protein_7233,0.020361399278044701
test_protein_7238,0.5903472900390625
test_protein_7237,0.4061504602432251
test_protein_7231,0.155901238322258
test_protein_7241,0.76686984300613403
test_protein_7242,0.75190150737762451
test_protein_7243,0.03577982634305954
test_protein_7244,0.33788618445396423
test_protein_7245,0.63050365447998047
test_protein_7247,0.24164840579032898
test_protein_7249,0.086934804916381836
test_protein_7246,0.62972617149353027
test_protein_7250,0.51654475927352905
test_protein_7251,0.51720958948135376
test_protein_7252,0.047356709837913513
test_protein_7248,0.60867828130722046
test_protein_7256,0.29286518692970276
test_protein_7257,0.17671917378902435
test_protein_7253,0.023148611187934875
test_protein_7254,1.272783947570133e-06
test_protein_7255,0.59893429279327393
test_protein_7261,0.034512240439653397
test_protein_7258,0.063481159508228302
test_protein_7259,0.38410472869873047
test_protein_7260,0.49763944745063782
test_protein_7262,0.353801429271698
test_protein_7263,0.17092795670032501
test_protein_7264,0.45579177141189575
test_protein_7265,0.29442968964576721
test_protein_7266,0.32872498035430908
test_protein_7267,0.27403146028518677
test_protein_7269,0.38471996784210205
test_protein_7275,0.33489534258842468
test_protein_7271,0.39082962274551392
test_protein_7268,0.61789727210998535
test_protein_7274,0.25144296884536743
test_protein_7273,0.2785382866859436
test_protein_7272,0.47575151920318604
test_protein_7270,0.51351749897003174
test_protein_7276,0.28087225556373596
test_protein_7277,0.8548697829246521
test_protein_7278,0.59445500373840332
test_protein_7281,0.078835643827915192
test_protein_7280,0.38632753491401672
test_protein_7282,0.65219515562057495
test_protein_7279,0.13797760009765625
test_protein_7284,0.40247774124145508
test_protein_7287,0.096343353390693665
test_protein_7283,0.056112036108970642
test_protein_7285,0.29799073934555054
test_protein_7286,0.65109699964523315
test_protein_7294,0.95213288068771362
test_protein_7290,2.9906177587690763e-05
test_protein_7288,0.8610500693321228
test_protein_7291,0.35663655400276184
test_protein_7292,0.35450443625450134
test_protein_7289,0.32658308744430542
test_protein_7293,0.087141864001750946
test_protein_7298,0.0087140686810016632
test_protein_7295,0.41569870710372925
test_protein_7297,0.48093482851982117
test_protein_7296,0.5507773756980896
test_protein_7299,0.41160124540328979
test_protein_7301,0.26277020573616028
test_protein_7300,0.83952611684799194
test_protein_7303,0.25624960660934448
test_protein_7302,0.19019585847854614
test_protein_7307,0.075647979974746704
test_protein_7305,0.28250640630722046
test_protein_7310,0.423320472240448
test_protein_7306,0.062563210725784302
test_protein_7304,0.39268827438354492
test_protein_7308,0.50311517715454102
test_protein_7311,0.3582514226436615
test_protein_7309,0.57265627384185791
test_protein_7313,0.38899561762809753
test_protein_7319,0.29520711302757263
test_protein_7314,0.5134691596031189
test_protein_7317,0.25488430261611938
test_protein_7315,0.15014111995697021
test_protein_7312,0.097849048674106598
test_protein_7318,0.50626027584075928
test_protein_7316,0.57640451192855835
test_protein_7320,0.13378013670444489
test_protein_7325,0.53406167030334473
test_protein_7323,0.087023869156837463
test_protein_7326,0.29878494143486023
test_protein_7321,0.28119197487831116
test_protein_7324,0.061439778655767441
test_protein_7322,0.17321087419986725
test_protein_7329,0.58788436651229858
test_protein_7328,0.48247116804122925
test_protein_7327,0.35723415017127991
test_protein_7331,0.42244759202003479
test_protein_7334,0.53228902816772461
test_protein_7332,0.074782736599445343
test_protein_7337,0.38067096471786499
test_protein_7330,0.10275840759277344
test_protein_7341,0.057972695678472519
test_protein_7333,0.16185787320137024
test_protein_7338,0.29880565404891968
test_protein_7335,0.3515532910823822
test_protein_7340,0.4286668598651886
test_protein_7336,0.21119602024555206
test_protein_7339,0.26860761642456055
test_protein_7342,0.27145057916641235
test_protein_7345,0.73133689165115356
test_protein_7343,0.09112326055765152
test_protein_7346,0.13027492165565491
test_protein_7344,0.45403853058815002
test_protein_7347,0.68062305450439453
test_protein_7348,0.52543425559997559
test_protein_7349,0.57170182466506958
test_protein_7350,0.15527884662151337
test_protein_7352,0.25909912586212158
test_protein_7354,0.46064898371696472
test_protein_7355,0.24911543726921082
test_protein_7353,0.31511887907981873
test_protein_7357,0.23833884298801422
test_protein_7351,0.24309337139129639
test_protein_7356,0.54708975553512573
test_protein_7358,0.31011223793029785
test_protein_7360,0.37070733308792114
test_protein_7359,0.5180472731590271
test_protein_7362,0.21334412693977356
test_protein_7361,0.19700431823730469
test_protein_7364,0.37579020857810974
test_protein_7366,0.34486094117164612
test_protein_7365,0.027704296633601189
test_protein_7369,0.32129961252212524
test_protein_7367,0.84758627414703369
test_protein_7363,0.45097041130065918
test_protein_7372,0.24428373575210571
test_protein_7370,0.1242583766579628
test_protein_7371,0.41327211260795593
test_protein_7368,0.16521018743515015
test_protein_7374,0.19503273069858551
test_protein_7373,0.61869734525680542
test_protein_7376,0.0026426077820360661
test_protein_7378,0.34604933857917786
test_protein_7377,0.35743018984794617
test_protein_7375,0.67860829830169678
test_protein_7382,0.46458995342254639
test_protein_7379,0.29531356692314148
test_protein_7380,0.16113986074924469
test_protein_7381,0.25901615619659424
test_protein_7383,0.67037206888198853
test_protein_7384,0.34574747085571289
test_protein_7386,0.60621464252471924
test_protein_7387,0.44441840052604675
test_protein_7385,0.92402452230453491
test_protein_7389,0.6544574499130249
test_protein_7388,0.12977662682533264
test_protein_7391,0.54163879156112671
test_protein_7395,0.52065479755401611
test_protein_7390,0.95954287052154541
test_protein_7393,0.46090424060821533
test_protein_7392,0.89787757396697998
test_protein_7394,0.61278331279754639
test_protein_7398,0.25885665416717529
test_protein_7396,0.013046707026660442
test_protein_7397,0.40997055172920227
test_protein_7401,0.29605796933174133
test_protein_7400,0.59198343753814697
test_protein_7399,0.15670807659626007
test_protein_7402,0.016503097489476204
test_protein_7407,0.1824505627155304
test_protein_7403,0.3155592679977417
test_protein_7405,0.034060243517160416
test_protein_7408,0.47526219487190247
test_protein_7406,0.18561935424804688
test_protein_7404,0.35533532500267029
test_protein_7409,0.74806654453277588
test_protein_7412,0.33103114366531372
test_protein_7414,0.025085084140300751
test_protein_7410,0.13667914271354675
test_protein_7413,0.38501089811325073
test_protein_7416,0.1882786899805069
test_protein_7411,0.24960188567638397
test_protein_7417,0.28848376870155334
test_protein_7415,0.18278688192367554
test_protein_7418,0.4813048243522644
test_protein_7425,0.40177565813064575
test_protein_7419,0.24984905123710632
test_protein_7422,0.15921957790851593
test_protein_7421,0.46165874600410461
test_protein_7420,0.086256787180900574
test_protein_7430,0.68884342908859253
test_protein_7427,0.00091094180243089795
test_protein_7428,0.51289480924606323
test_protein_7429,0.23541097342967987
test_protein_7424,0.47692817449569702
test_protein_7423,0.79240554571151733
test_protein_7426,0.27896982431411743
test_protein_7432,0.56226497888565063
test_protein_7431,0.39527377486228943
test_protein_7433,0.4571874737739563
test_protein_7436,0.41226345300674438
test_protein_7434,0.44031548500061035
test_protein_7437,0.68715041875839233
test_protein_7435,0.31138032674789429
test_protein_7439,0.67758536338806152
test_protein_7441,0.38882032036781311
test_protein_7438,0.17927540838718414
test_protein_7443,0.51468014717102051
test_protein_7445,0.029119847342371941
test_protein_7442,0.62112098932266235
test_protein_7446,0.72947019338607788
test_protein_7444,0.09366171807050705
test_protein_7447,0.47280031442642212
test_protein_7440,0.61522489786148071
test_protein_7448,0.12968207895755768
test_protein_7450,0.098530016839504242
test_protein_7453,0.29585129022598267
test_protein_7455,0.33041620254516602
test_protein_7452,0.16700761020183563
test_protein_7451,0.81443411111831665
test_protein_7449,0.17155748605728149
test_protein_7458,0.11217570304870605
test_protein_7457,0.26997393369674683
test_protein_7460,0.99195283651351929
test_protein_7459,0.53286522626876831
test_protein_7461,0.37168195843696594
test_protein_7454,0.18965828418731689
test_protein_7456,0.34626293182373047
test_protein_7462,0.23536014556884766
test_protein_7463,0.099449008703231812
test_protein_7467,0.5782090425491333
test_protein_7468,0.1419089287519455
test_protein_7465,0.54692018032073975
test_protein_7469,0.50972944498062134
test_protein_7471,0.19382244348526001
test_protein_7470,0.41421768069267273
test_protein_7464,0.49829262495040894
test_protein_7476,0.26515185832977295
test_protein_7472,0.6525304913520813
test_protein_7474,0.59401929378509521
test_protein_7473,0.39943236112594604
test_protein_7477,0.80330777168273926
test_protein_7466,0.46821460127830505
test_protein_7475,0.25347968935966492
test_protein_7480,0.2104591578245163
test_protein_7478,0.2135063111782074
test_protein_7479,0.40067872405052185
test_protein_7481,0.27361014485359192
test_protein_7483,0.055237345397472382
test_protein_7484,0.40727570652961731
test_protein_7486,0.20759619772434235
test_protein_7488,0.31015500426292419
test_protein_7489,0.61389029026031494
test_protein_7482,0.38886266946792603
test_protein_7485,0.45521292090415955
test_protein_7492,0.97730845212936401
test_protein_7494,0.41894474625587463
test_protein_7490,0.55229324102401733
test_protein_7493,0.24658730626106262
test_protein_7487,0.86339521408081055
test_protein_7491,0.60239613056182861
test_protein_7497,0.21280147135257721
test_protein_7496,0.042418111115694046
test_protein_7495,0.19644901156425476
test_protein_7498,0.11357409507036209
test_protein_7501,0.082850679755210876
test_protein_7499,0.11117315292358398
test_protein_7500,0.57820004224777222
test_protein_7503,0.22100678086280823
test_protein_7506,0.75920838117599487
test_protein_7504,0.32969534397125244
test_protein_7505,0.64196717739105225
test_protein_7508,0.62205702066421509
test_protein_7507,0.18765845894813538
test_protein_7502,0.54753619432449341
test_protein_7509,0.38218814134597778
test_protein_7511,0.4600909948348999
test_protein_7510,0.59423208236694336
test_protein_7513,0.25000205636024475
test_protein_7512,0.39956158399581909
test_protein_7515,0.51057928800582886
test_protein_7517,0.39168792963027954
test_protein_7518,0.038037519901990891
test_protein_7514,0.19893944263458252
test_protein_7519,0.40814384818077087
test_protein_7520,0.27106696367263794
test_protein_7516,0.47677907347679138
test_protein_7521,0.18294265866279602
test_protein_7522,0.21149981021881104
test_protein_7523,0.30275815725326538
test_protein_7525,0.00051753013394773006
test_protein_7526,0.17393717169761658
test_protein_7531,0.87802207469940186
test_protein_7524,0.48682153224945068
test_protein_7528,0.50410258769989014
test_protein_7527,0.22731578350067139
test_protein_7529,0.59302914142608643
test_protein_7530,0.46178439259529114
test_protein_7533,0.51473921537399292
test_protein_7535,0.38294312357902527
test_protein_7538,0.33760282397270203
test_protein_7534,0.12141016125679016
test_protein_7537,0.26069137454032898
test_protein_7532,0.65684413909912109
test_protein_7536,0.3485853374004364
test_protein_7539,0.2054196298122406
test_protein_7540,0.46869879961013794
test_protein_7542,0.47775569558143616
test_protein_7546,0.76852494478225708
test_protein_7541,0.084710150957107544
test_protein_7544,0.65004342794418335
test_protein_7543,0.045465204864740372
test_protein_7545,0.85166740417480469
test_protein_7547,0.43536365032196045
test_protein_7548,0.16667994856834412
test_protein_7549,0.41844531893730164
test_protein_7550,0.040000546723604202
test_protein_7552,0.35678175091743469
test_protein_7553,0.27007105946540833
test_protein_7551,0.15979626774787903
test_protein_7558,0.19308212399482727
test_protein_7556,0.67151433229446411
test_protein_7555,0.9355587363243103
test_protein_7554,0.054697319865226746
test_protein_7560,0.016277307644486427
test_protein_7557,0.0028553253505378962
test_protein_7561,0.40919142961502075
test_protein_7563,0.46264377236366272
test_protein_7562,0.23902615904808044
test_protein_7566,0.56691128015518188
test_protein_7559,0.018848026171326637
test_protein_7564,0.12320044636726379
test_protein_7565,0.42227834463119507
test_protein_7568,0.40246483683586121
test_protein_7567,0.35751494765281677
test_protein_7569,0.39869716763496399
test_protein_7574,0.16038374602794647
test_protein_7571,0.3065735399723053
test_protein_7573,0.18101535737514496
test_protein_7575,0.50146567821502686
test_protein_7570,0.10315576940774918
test_protein_7572,0.4028128981590271
test_protein_7578,0.31956052780151367
test_protein_7577,0.56521540880203247
test_protein_7576,0.13744671642780304
test_protein_7579,0.88733726739883423
test_protein_7580,0.65463745594024658
test_protein_7581,0.13646896183490753
test_protein_7582,0.050373584032058716
test_protein_7584,0.55797696113586426
test_protein_7583,0.30379003286361694
test_protein_7587,0.14863014221191406
test_protein_7586,0.52363276481628418
test_protein_7585,0.31706529855728149
test_protein_7590,0.50016671419143677
test_protein_7591,0.25600677728652954
test_protein_7588,0.2008308619260788
test_protein_7589,0.64025145769119263
test_protein_7592,0.11385437846183777
test_protein_7594,0.15362332761287689
test_protein_7593,0.34629279375076294
test_protein_7597,0.20611850917339325
test_protein_7598,0.64573156833648682
test_protein_7596,0.62215447425842285
test_protein_7599,0.65304726362228394
test_protein_7595,0.56190818548202515
test_protein_7605,0.65675365924835205
test_protein_7602,0.14605337381362915
test_protein_7604,0.6646648645401001
test_protein_7601,0.48699715733528137
test_protein_7606,0.40917304158210754
test_protein_7600,0.33291268348693848
test_protein_7603,0.5654672384262085
test_protein_7611,0.52619880437850952
test_protein_7608,0.42846494913101196
test_protein_7609,0.67385619878768921
test_protein_7607,0.56593221426010132
test_protein_7610,0.2047741711139679
test_protein_7612,0.0030511592049151659
test_protein_7613,0.47865408658981323
test_protein_7614,0.57597726583480835
test_protein_7616,0.47488978505134583
test_protein_7617,0.81146490573883057
test_protein_7619,0.41866171360015869
test_protein_7615,0.41096949577331543
test_protein_7618,0.78805273771286011
test_protein_7620,0.097862929105758667
test_protein_7621,0.4570789635181427
test_protein_7622,0.14443621039390564
test_protein_7624,0.35676780343055725
test_protein_7623,0.16451437771320343
test_protein_7630,0.48364365100860596
test_protein_7628,0.60489106178283691
test_protein_7626,0.24966175854206085
test_protein_7625,0.30499133467674255
test_protein_7629,0.85012269020080566
test_protein_7627,0.6107754111289978
test_protein_7631,0.23818334937095642
test_protein_7632,0.45974481105804443
test_protein_7634,0.49256601929664612
test_protein_7635,0.099335014820098877
test_protein_7633,0.96180504560470581
test_protein_7636,0.41203567385673523
test_protein_7637,0.42386776208877563
test_protein_7639,0.64780747890472412
test_protein_7640,0.95085817575454712
test_protein_7643,0.50652706623077393
test_protein_7638,0.64407825469970703
test_protein_7641,0.74864387512207031
test_protein_7644,0.52307659387588501
test_protein_7642,0.97154170274734497
test_protein_7646,0.63750427961349487
test_protein_7648,0.21801261603832245
test_protein_7645,0.9320371150970459
test_protein_7651,0.21667939424514771
test_protein_7649,0.45188742876052856
test_protein_7653,0.69476735591888428
test_protein_7656,0.52898150682449341
test_protein_7650,0.0036832722835242748
test_protein_7655,0.94802457094192505
test_protein_7657,0.49833536148071289
test_protein_7647,0.56224936246871948
test_protein_7652,0.85946363210678101
test_protein_7660,0.18258938193321228
test_protein_7658,0.20320324599742889
test_protein_7659,0.26793715357780457
test_protein_7654,0.55552107095718384
test_protein_7661,0.43448370695114136
test_protein_7664,0.84870517253875732
test_protein_7662,0.77545148134231567
test_protein_7666,0.014489614404737949
test_protein_7663,0.65211236476898193
test_protein_7665,0.1267438679933548
test_protein_7669,0.14751990139484406
test_protein_7667,0.5322345495223999
test_protein_7670,0.9843209981918335
test_protein_7668,0.44114816188812256
test_protein_7672,0.27912783622741699
test_protein_7676,0.79354870319366455
test_protein_7674,0.41017502546310425
test_protein_7673,0.49860936403274536
test_protein_7679,0.84769582748413086
test_protein_7678,0.54481327533721924
test_protein_7675,0.99623763561248779
test_protein_7677,0.22515569627285004
test_protein_7671,0.47908845543861389
test_protein_7680,0.67026001214981079
test_protein_7683,0.0027321511879563332
test_protein_7682,0.41271895170211792
test_protein_7685,0.37870493531227112
test_protein_7681,0.43190163373947144
test_protein_7684,0.82352447509765625
test_protein_7692,0.75963437557220459
test_protein_7686,0.4304853081703186
test_protein_7688,0.61458712816238403
test_protein_7690,0.96389317512512207
test_protein_7693,0.18497130274772644
test_protein_7695,0.27739474177360535
test_protein_7687,0.50243240594863892
test_protein_7689,0.33681076765060425
test_protein_7691,0.18034416437149048
test_protein_7696,0.20627325773239136
test_protein_7699,0.48701071739196777
test_protein_7694,0.49739539623260498
test_protein_7697,0.35544776916503906
test_protein_7698,0.35618209838867188
test_protein_7700,0.45088702440261841
test_protein_7702,0.86436760425567627
test_protein_7703,0.38947856426239014
test_protein_7701,0.29149964451789856
test_protein_7704,0.25990375876426697
test_protein_7707,0.45209360122680664
test_protein_7706,0.45687592029571533
test_protein_7705,0.59409230947494507
test_protein_7708,0.058816410601139069
test_protein_7710,0.44740676879882812
test_protein_7712,0.16419418156147003
test_protein_7711,0.45233452320098877
test_protein_7709,0.59591537714004517
test_protein_7716,0.77200204133987427
test_protein_7713,0.7618100643157959
test_protein_7715,0.12369494885206223
test_protein_7714,0.61393189430236816
test_protein_7718,0.069559440016746521
test_protein_7717,0.19601796567440033
test_protein_7720,0.73560303449630737
test_protein_7721,0.63239794969558716
test_protein_7723,0.58049541711807251
test_protein_7719,0.025994773954153061
test_protein_7724,0.12084962427616119
test_protein_7722,0.57276540994644165
test_protein_7725,0.39156600832939148
test_protein_7726,0.27351236343383789
test_protein_7727,0.3797684907913208
test_protein_7729,0.35801559686660767
test_protein_7728,0.31204375624656677
test_protein_7733,0.46773457527160645
test_protein_7731,0.391670823097229
test_protein_7730,0.68611574172973633
test_protein_7732,0.50411027669906616
test_protein_7734,0.48501428961753845
test_protein_7736,0.5643165111541748
test_protein_7735,0.58720600605010986
test_protein_7737,0.38215994834899902
test_protein_7741,0.52986645698547363
test_protein_7740,0.23986171185970306
test_protein_7738,0.20652490854263306
test_protein_7739,0.2197125256061554
test_protein_7743,0.30948665738105774
test_protein_7742,0.53569191694259644
test_protein_7744,0.081003822386264801
test_protein_7746,0.87265896797180176
test_protein_7747,0.37726873159408569
test_protein_7748,0.20071753859519958
test_protein_7749,0.47943773865699768
test_protein_7745,0.59059137105941772
test_protein_7750,0.64573067426681519
test_protein_7751,0.6304512619972229
test_protein_7752,0.48444423079490662
test_protein_7754,0.42730593681335449
test_protein_7753,0.48639118671417236
test_protein_7757,0.6189391016960144
test_protein_7755,0.038521308451890945
test_protein_7756,0.14865536987781525
test_protein_7758,0.15640074014663696
test_protein_7760,0.52868479490280151
test_protein_7759,0.30658519268035889
test_protein_7764,0.049903035163879395
test_protein_7762,0.42515358328819275
test_protein_7761,0.14553190767765045
test_protein_7766,0.033569373190402985
test_protein_7763,0.10598252713680267
test_protein_7765,0.37293696403503418
test_protein_7767,0.10107843577861786
test_protein_7769,0.59450370073318481
test_protein_7768,0.48017427325248718
test_protein_7770,0.47088801860809326
test_protein_7773,0.52557075023651123
test_protein_7771,0.38030287623405457
test_protein_7774,0.51693481206893921
test_protein_7775,0.40336963534355164
test_protein_7772,0.24256514012813568
test_protein_7776,0.31980907917022705
test_protein_7780,0.11998764425516129
test_protein_7779,0.17841634154319763
test_protein_7777,0.51760351657867432
test_protein_7785,0.50988173484802246
test_protein_7778,0.15848757326602936
test_protein_7781,0.47150567173957825
test_protein_7783,0.43458661437034607
test_protein_7784,0.34753590822219849
test_protein_7782,0.68584591150283813
test_protein_7787,0.46169620752334595
test_protein_7786,0.67398720979690552
test_protein_7792,0.6343267560005188
test_protein_7788,0.37888199090957642
test_protein_7789,0.71905183792114258
test_protein_7794,0.61779123544692993
test_protein_7790,0.45379039645195007
test_protein_7793,0.64154189825057983
test_protein_7791,0.66741174459457397
test_protein_7798,0.44757351279258728
test_protein_7797,0.19381634891033173
test_protein_7796,0.49262139201164246
test_protein_7799,0.18170778453350067
test_protein_7795,0.37917611002922058
test_protein_7800,0.042474459856748581
test_protein_7803,0.23792189359664917
test_protein_7801,0.39721065759658813
test_protein_7802,0.58802306652069092
test_protein_7804,0.51809597015380859
test_protein_7806,0.42473560571670532
test_protein_7808,0.21877874433994293
test_protein_7805,0.59839791059494019
test_protein_7810,0.18168561160564423
test_protein_7809,0.28551888465881348
test_protein_7807,0.23434661328792572
test_protein_7812,0.86462873220443726
test_protein_7811,0.50091361999511719
test_protein_7816,0.5105208158493042
test_protein_7814,0.12619969248771667
test_protein_7820,0.35567969083786011
test_protein_7819,0.37186366319656372
test_protein_7815,0.28943505883216858
test_protein_7818,0.5498121976852417
test_protein_7813,0.52195066213607788
test_protein_7817,0.0003441385633777827
test_protein_7821,0.46255022287368774
test_protein_7824,0.32377633452415466
test_protein_7822,0.47718450427055359
test_protein_7823,0.73722755908966064
test_protein_7825,0.29977023601531982
test_protein_7828,0.33417513966560364
test_protein_7829,0.16567398607730865
test_protein_7826,0.44189417362213135
test_protein_7827,0.63322359323501587
test_protein_7830,0.16980217397212982
test_protein_7831,0.66178637742996216
test_protein_7832,0.0020836011972278357
test_protein_7834,0.57213163375854492
test_protein_7835,0.037852644920349121
test_protein_7833,0.45985618233680725
test_protein_7837,0.31749531626701355
test_protein_7836,0.57152354717254639
test_protein_7838,0.55294030904769897
test_protein_7839,0.78139090538024902
test_protein_7841,0.59230941534042358
test_protein_7840,0.11646157503128052
test_protein_7842,0.32117354869842529
test_protein_7843,0.22275875508785248
