name,prob_pos
test_protein_8,0.24261440336704254
test_protein_4,0.016752844676375389
test_protein_10,0.38456875085830688
test_protein_11,0.75875228643417358
test_protein_14,0.1164950355887413
test_protein_3,0.55539160966873169
test_protein_13,0.71248340606689453
test_protein_17,0.26993447542190552
test_protein_20,0.079130366444587708
test_protein_18,0.58484470844268799
test_protein_19,0.31303942203521729
test_protein_21,0.19155162572860718
test_protein_23,0.28830805420875549
test_protein_22,0.23535852134227753
test_protein_15,0.18297432363033295
test_protein_24,0.83151125907897949
test_protein_9,0.31650570034980774
test_protein_7,0.92153054475784302
test_protein_2,0.16743329167366028
test_protein_5,0.23482082784175873
test_protein_1,0.050884298980236053
test_protein_6,0.8950493335723877
test_protein_16,0.15404444932937622
test_protein_12,0.53029263019561768
test_protein_31,0.44774821400642395
test_protein_26,0.27923625707626343
test_protein_33,0.153077632188797
test_protein_28,0.5548396110534668
test_protein_25,0.57714951038360596
test_protein_29,0.98267650604248047
test_protein_32,0.10871090739965439
test_protein_27,0.49061325192451477
test_protein_35,0.17505985498428345
test_protein_40,0.0018265218241140246
test_protein_41,0.60870987176895142
test_protein_30,0.88009601831436157
test_protein_39,0.19129212200641632
test_protein_34,0.52957403659820557
test_protein_36,0.09325031191110611
test_protein_43,0.48063528537750244
test_protein_45,0.42217248678207397
test_protein_38,0.99174493551254272
test_protein_37,0.49593037366867065
test_protein_42,0.2751634418964386
test_protein_44,0.183858722448349
test_protein_51,0.56379729509353638
test_protein_46,0.47354254126548767
test_protein_50,0.063094183802604675
test_protein_49,0.076399199664592743
test_protein_48,0.49095666408538818
test_protein_53,0.0014375274768099189
test_protein_52,0.3563353419303894
test_protein_47,0.60616356134414673
test_protein_55,2.3969045287230983e-05
test_protein_56,6.3791910642763128e-10
test_protein_58,0.066379353404045105
test_protein_54,0.028070986270904541
test_protein_60,0.073007434606552124
test_protein_63,0.068618237972259521
test_protein_61,0.26558077335357666
test_protein_57,0.026970639824867249
test_protein_64,0.37569233775138855
test_protein_65,0.33390182256698608
test_protein_62,0.11855709552764893
test_protein_66,0.083064191043376923
test_protein_59,0.98033440113067627
test_protein_69,0.23337893187999725
test_protein_68,0.21931278705596924
test_protein_67,0.059252213686704636
test_protein_70,0.26906198263168335
test_protein_71,0.26858952641487122
test_protein_76,0.43497294187545776
test_protein_75,0.0045918100513517857
test_protein_73,0.038994882255792618
test_protein_72,0.051015399396419525
test_protein_78,0.67607921361923218
test_protein_79,0.35338065028190613
test_protein_82,0.99984073638916016
test_protein_74,0.06653980165719986
test_protein_77,0.19033792614936829
test_protein_80,0.71460765600204468
test_protein_83,0.31439396739006042
test_protein_85,0.24479177594184875
test_protein_90,0.22321906685829163
test_protein_87,0.13411474227905273
test_protein_84,8.3491492830489733e-08
test_protein_88,0.05004679411649704
test_protein_91,0.39149624109268188
test_protein_86,7.707500344622531e-07
test_protein_92,0.98441362380981445
test_protein_93,0.18553432822227478
test_protein_81,0.99270248413085938
test_protein_94,0.96651524305343628
test_protein_97,0.59751296043395996
test_protein_96,1.1124864613520913e-05
test_protein_89,0.19814692437648773
test_protein_95,0.88237273693084717
test_protein_99,0.450359046459198
test_protein_100,2.2809165045600821e-07
test_protein_104,0.6344795823097229
test_protein_98,0.28392833471298218
test_protein_103,0.55659210681915283
test_protein_106,0.073922492563724518
test_protein_101,0.22334995865821838
test_protein_108,0.046390417963266373
test_protein_102,0.29493221640586853
test_protein_110,0.069358125329017639
test_protein_109,0.52698719501495361
test_protein_114,0.062608160078525543
test_protein_107,0.14093157649040222
test_protein_105,0.2275068610906601
test_protein_112,0.10106344521045685
test_protein_111,0.084327690303325653
test_protein_113,0.031215736642479897
test_protein_118,0.64116537570953369
test_protein_115,0.26798221468925476
test_protein_121,0.38277119398117065
test_protein_122,0.00022796177654527128
test_protein_120,0.093002080917358398
test_protein_117,0.031393475830554962
test_protein_116,0.02610732801258564
test_protein_119,0.2174285501241684
test_protein_123,0.37148725986480713
test_protein_128,0.39086630940437317
test_protein_124,0.50353705883026123
test_protein_133,0.33052968978881836
test_protein_137,0.0058467285707592964
test_protein_127,0.51295971870422363
test_protein_125,1.278495074075181e-05
test_protein_134,0.2230847030878067
test_protein_129,0.53257924318313599
test_protein_130,0.1542404443025589
test_protein_135,0.19532744586467743
test_protein_138,0.051372949033975601
test_protein_131,0.093083649873733521
test_protein_136,0.0077038374729454517
test_protein_126,5.7825921828680293e-08
test_protein_132,0.30690687894821167
test_protein_139,0.01754055917263031
test_protein_144,0.21831072866916656
test_protein_146,0.44862699508666992
test_protein_142,0.17443147301673889
test_protein_141,0.061678428202867508
test_protein_153,0.27918928861618042
test_protein_149,0.0072765359655022621
test_protein_154,0.56765592098236084
test_protein_148,0.088414505124092102
test_protein_150,0.34933337569236755
test_protein_151,0.23291218280792236
test_protein_147,0.0011544566368684173
test_protein_143,0.29362863302230835
test_protein_152,0.25145095586776733
test_protein_145,0.36107957363128662
test_protein_156,0.11866693943738937
test_protein_155,0.025051815435290337
test_protein_140,0.30961409211158752
test_protein_159,0.94168537855148315
test_protein_163,0.078288547694683075
test_protein_158,0.22232599556446075
test_protein_160,0.96508759260177612
test_protein_157,0.087151579558849335
test_protein_161,0.17090235650539398
test_protein_162,0.47469112277030945
test_protein_169,0.086151644587516785
test_protein_165,0.1918281614780426
test_protein_166,0.021352436393499374
test_protein_164,0.32335281372070312
test_protein_167,2.445974303100229e-07
test_protein_168,1.3263829146126227e-07
test_protein_173,0.0070137074217200279
test_protein_171,0.043730184435844421
test_protein_170,0.15154463052749634
test_protein_172,0.92744803428649902
test_protein_179,2.1931970195510075e-07
test_protein_183,0.2156326025724411
test_protein_177,0.20619405806064606
test_protein_174,0.067487485706806183
test_protein_175,0.52033704519271851
test_protein_184,0.39227807521820068
test_protein_176,0.23425506055355072
test_protein_178,0.88941335678100586
test_protein_180,0.047785710543394089
test_protein_182,0.1493183821439743
test_protein_181,0.35466045141220093
test_protein_187,0.038567941635847092
test_protein_186,0.074484556913375854
test_protein_189,0.37713897228240967
test_protein_185,0.13558129966259003
test_protein_193,0.18629364669322968
test_protein_190,0.4544544517993927
test_protein_188,0.98671931028366089
test_protein_194,0.16342584788799286
test_protein_192,0.60317343473434448
test_protein_191,0.60872834920883179
test_protein_196,0.44533592462539673
test_protein_200,0.57881098985671997
test_protein_195,0.2000003457069397
test_protein_202,0.41766026616096497
test_protein_199,0.13768142461776733
test_protein_201,0.36227148771286011
test_protein_198,0.39162662625312805
test_protein_204,0.078488774597644806
test_protein_203,0.61600732803344727
test_protein_197,0.33759641647338867
test_protein_205,0.38872626423835754
test_protein_210,4.1776461330300663e-06
test_protein_212,0.090907745063304901
test_protein_214,0.019204733893275261
test_protein_223,0.039723485708236694
test_protein_218,0.27788913249969482
test_protein_220,0.018671516329050064
test_protein_219,0.075927369296550751
test_protein_217,0.092919141054153442
test_protein_227,0.65518707036972046
test_protein_224,0.028786320239305496
test_protein_226,0.29374814033508301
test_protein_225,0.44958880543708801
test_protein_207,0.16215002536773682
test_protein_221,0.051150944083929062
test_protein_222,0.1739269345998764
test_protein_211,0.99921143054962158
test_protein_213,0.42473545670509338
test_protein_206,0.21490378677845001
test_protein_209,0.63335716724395752
test_protein_216,0.99655163288116455
test_protein_208,0.022339183837175369
test_protein_215,0.55923551321029663
test_protein_231,0.54990458488464355
test_protein_229,0.070088863372802734
test_protein_228,0.061924517154693604
test_protein_230,0.42462870478630066
test_protein_241,0.13218192756175995
test_protein_235,0.53894752264022827
test_protein_237,0.0015744892880320549
test_protein_232,0.37278693914413452
test_protein_240,0.0024053461384028196
test_protein_238,0.3214682936668396
test_protein_239,0.0011836506891995668
test_protein_234,0.68417233228683472
test_protein_233,0.33056175708770752
test_protein_251,0.61098551750183105
test_protein_248,0.26714906096458435
test_protein_250,0.36377337574958801
test_protein_249,0.15652547776699066
test_protein_247,0.12663131952285767
test_protein_244,0.0093144383281469345
test_protein_245,0.52612441778182983
test_protein_243,0.013602550141513348
test_protein_236,0.66316211223602295
test_protein_246,0.19231323897838593
test_protein_242,0.78569847345352173
test_protein_257,0.019167002290487289
test_protein_253,0.50340425968170166
test_protein_256,0.57753437757492065
test_protein_259,0.24890896677970886
test_protein_252,0.27229994535446167
test_protein_254,0.35982128977775574
test_protein_255,0.62382107973098755
test_protein_261,0.78511989116668701
test_protein_263,0.71950054168701172
test_protein_262,0.10118748247623444
test_protein_265,0.5477861762046814
test_protein_266,0.0055806133896112442
test_protein_258,0.65485608577728271
test_protein_260,2.890862560889218e-05
test_protein_271,0.26857903599739075
test_protein_273,0.0012164650252088904
test_protein_264,0.39648962020874023
test_protein_269,0.25543197989463806
test_protein_268,0.081788197159767151
test_protein_272,0.38465744256973267
test_protein_270,0.7129027247428894
test_protein_267,0.11188962310552597
test_protein_274,0.54395061731338501
test_protein_275,0.095786117017269135
test_protein_278,0.24018760025501251
test_protein_283,0.94625872373580933
test_protein_280,1.9391238311072811e-05
test_protein_279,0.11287149041891098
test_protein_276,0.51893740892410278
test_protein_277,0.10180704295635223
test_protein_281,0.029839985072612762
test_protein_290,0.027762437239289284
test_protein_292,0.15387731790542603
test_protein_286,0.14780537784099579
test_protein_295,0.036659758538007736
test_protein_298,0.017823245376348495
test_protein_294,0.060991235077381134
test_protein_296,0.042291093617677689
test_protein_299,0.023191226646304131
test_protein_293,0.029228230938315392
test_protein_284,0.48301112651824951
test_protein_291,0.026703555136919022
test_protein_288,0.45860153436660767
test_protein_287,0.55689477920532227
test_protein_289,0.086413681507110596
test_protein_285,0.045906741172075272
test_protein_282,0.24701213836669922
test_protein_297,0.0093358196318149567
test_protein_302,0.044697325676679611
test_protein_304,0.69192260503768921
test_protein_301,0.061685949563980103
test_protein_300,0.10175598412752151
test_protein_303,0.050423085689544678
test_protein_305,0.70691865682601929
test_protein_308,0.7653844952583313
test_protein_310,0.03531365841627121
test_protein_307,0.14267836511135101
test_protein_306,4.7926896513672546e-06
test_protein_312,0.37629011273384094
test_protein_316,0.71184641122817993
test_protein_311,0.027731912210583687
test_protein_309,0.89540958404541016
test_protein_318,0.16004678606987
test_protein_317,0.037739388644695282
test_protein_322,0.72882068157196045
test_protein_319,0.083117268979549408
test_protein_321,0.49809059500694275
test_protein_314,0.84318059682846069
test_protein_320,0.10034281760454178
test_protein_315,0.13828843832015991
test_protein_313,0.22222144901752472
test_protein_329,0.093884065747261047
test_protein_323,0.23331530392169952
test_protein_324,0.15673519670963287
test_protein_327,0.069378867745399475
test_protein_326,0.35800117254257202
test_protein_328,0.036207526922225952
test_protein_325,0.60401463508605957
test_protein_336,0.1576092541217804
test_protein_334,0.53562968969345093
test_protein_330,0.020971698686480522
test_protein_331,0.36471474170684814
test_protein_337,0.29809749126434326
test_protein_333,0.44542914628982544
test_protein_335,0.068254657089710236
test_protein_338,0.012908377684652805
test_protein_340,0.53631752729415894
test_protein_332,0.38804379105567932
test_protein_341,0.032052673399448395
test_protein_342,0.63098949193954468
test_protein_346,0.57842737436294556
test_protein_339,0.65142542123794556
test_protein_343,0.42912241816520691
test_protein_345,0.69839602708816528
test_protein_344,0.23713468015193939
test_protein_348,0.40744969248771667
test_protein_347,0.13698773086071014
test_protein_349,0.92837047576904297
test_protein_351,0.26410940289497375
test_protein_353,0.18353375792503357
test_protein_355,0.46588164567947388
test_protein_360,0.052780933678150177
test_protein_350,0.69482129812240601
test_protein_352,0.68376171588897705
test_protein_354,0.16433908045291901
test_protein_362,0.90984171628952026
test_protein_358,0.90403091907501221
test_protein_361,0.52922350168228149
test_protein_365,0.6168982982635498
test_protein_359,0.33624342083930969
test_protein_356,0.040630705654621124
test_protein_369,0.098759233951568604
test_protein_366,0.061065256595611572
test_protein_357,0.56900525093078613
test_protein_370,0.46508711576461792
test_protein_367,0.066091611981391907
test_protein_364,0.77486199140548706
test_protein_371,0.55872982740402222
test_protein_363,0.52855801582336426
test_protein_368,0.057369720190763474
test_protein_372,0.6480414867401123
test_protein_374,0.70080804824829102
test_protein_373,0.53562664985656738
test_protein_375,0.36309710144996643
test_protein_376,0.89797693490982056
test_protein_379,0.3884616494178772
test_protein_377,0.91553205251693726
test_protein_380,0.48220059275627136
test_protein_378,0.58050209283828735
test_protein_383,0.15781724452972412
test_protein_385,1.0893684532220504e-07
test_protein_381,0.051230683922767639
test_protein_384,0.052143082022666931
test_protein_382,0.23849867284297943
test_protein_388,0.27163615822792053
test_protein_387,0.51095843315124512
test_protein_389,0.51340192556381226
test_protein_386,0.00013453119026962668
test_protein_392,0.75114631652832031
test_protein_390,0.49783286452293396
test_protein_391,0.091830000281333923
test_protein_393,0.045261777937412262
test_protein_395,0.7410128116607666
test_protein_394,0.071358770132064819
test_protein_402,0.26478034257888794
test_protein_396,0.33487465977668762
test_protein_397,0.44555032253265381
test_protein_406,3.9337000323769189e-09
test_protein_398,0.026281619444489479
test_protein_399,0.51175916194915771
test_protein_408,0.28457635641098022
test_protein_407,0.54435092210769653
test_protein_405,0.093581527471542358
test_protein_400,0.50198930501937866
test_protein_409,0.14603348076343536
test_protein_413,0.43870282173156738
test_protein_404,0.15403562784194946
test_protein_411,0.60088694095611572
test_protein_401,0.85885196924209595
test_protein_410,0.36453795433044434
test_protein_412,0.0057962383143603802
test_protein_403,0.26704230904579163
test_protein_415,0.41655117273330688
test_protein_416,0.13609781861305237
test_protein_414,0.36195936799049377
test_protein_417,0.15162494778633118
test_protein_421,0.20011402666568756
test_protein_418,0.24786694347858429
test_protein_423,0.42051565647125244
test_protein_419,0.036425087600946426
test_protein_422,0.17393918335437775
test_protein_420,0.4221985936164856
test_protein_425,0.47755104303359985
test_protein_431,0.037279780954122543
test_protein_426,0.24407777190208435
test_protein_427,0.29618549346923828
test_protein_432,0.020774397999048233
test_protein_433,0.046530220657587051
test_protein_424,0.9713512659072876
test_protein_429,0.051299680024385452
test_protein_430,0.32350608706474304
test_protein_428,0.83422625064849854
test_protein_438,0.01436709426343441
test_protein_435,0.046592175960540771
test_protein_439,0.28043428063392639
test_protein_436,0.48042160272598267
test_protein_434,0.1496351957321167
test_protein_437,0.081571914255619049
test_protein_444,0.16461575031280518
test_protein_446,0.45879760384559631
test_protein_440,0.25662827491760254
test_protein_443,0.95424908399581909
test_protein_442,0.58880913257598877
test_protein_445,0.46383568644523621
test_protein_449,0.12843205034732819
test_protein_447,0.073132440447807312
test_protein_448,0.029138267040252686
test_protein_441,7.5285832679128362e-08
test_protein_458,0.14308139681816101
test_protein_451,0.37145665287971497
test_protein_456,0.36228272318840027
test_protein_450,0.2749982476234436
test_protein_454,0.12381043285131454
test_protein_457,0.21218104660511017
test_protein_453,0.068374581634998322
test_protein_455,0.51319903135299683
test_protein_452,0.31734386086463928
test_protein_460,0.24264802038669586
test_protein_462,0.003636346198618412
test_protein_459,0.54331833124160767
test_protein_466,0.33355370163917542
test_protein_463,0.17260406911373138
test_protein_461,0.61105442047119141
test_protein_468,0.197055384516716
test_protein_469,0.019271397963166237
test_protein_465,0.50551611185073853
test_protein_464,0.45330199599266052
test_protein_467,0.00038841398782096803
test_protein_472,1.5154270158745931e-06
test_protein_471,0.46372118592262268
test_protein_470,0.33769527077674866
test_protein_475,0.14130264520645142
test_protein_473,0.61655145883560181
test_protein_474,0.36003267765045166
test_protein_477,0.34967419505119324
test_protein_476,0.22315105795860291
test_protein_482,0.20605003833770752
test_protein_479,0.053897153586149216
test_protein_480,0.010285736992955208
test_protein_481,0.16248567402362823
test_protein_484,0.35547110438346863
test_protein_478,0.041086621582508087
test_protein_486,0.0090249525383114815
test_protein_487,0.46227040886878967
test_protein_485,0.13795460760593414
test_protein_483,0.060143981128931046
test_protein_490,0.12049310654401779
test_protein_488,0.79452937841415405
test_protein_496,0.034778904169797897
test_protein_492,0.48596900701522827
test_protein_493,0.017759624868631363
test_protein_491,0.40878415107727051
test_protein_494,0.097095787525177002
test_protein_498,0.83729249238967896
test_protein_489,0.0042592319659888744
test_protein_497,0.1929631382226944
test_protein_500,0.054331649094820023
test_protein_495,0.73508614301681519
test_protein_501,0.091609343886375427
test_protein_499,0.022397520020604134
test_protein_505,0.3257916271686554
test_protein_502,0.08000868558883667
test_protein_507,0.046576626598834991
test_protein_504,0.020859692245721817
test_protein_503,0.085746228694915771
test_protein_506,0.14825893938541412
test_protein_509,0.46328631043434143
test_protein_514,0.90297454595565796
test_protein_510,0.088776767253875732
test_protein_511,0.067555375397205353
test_protein_512,0.98611962795257568
test_protein_515,0.7026706337928772
test_protein_513,0.1044975146651268
test_protein_508,7.8749508247710764e-06
test_protein_518,0.55415529012680054
test_protein_519,0.48785963654518127
test_protein_520,0.49873387813568115
test_protein_516,0.68671101331710815
test_protein_517,0.73274892568588257
test_protein_521,0.57974380254745483
test_protein_525,1.0837020454346202e-06
test_protein_529,0.069127008318901062
test_protein_522,0.56843668222427368
test_protein_526,2.4881245508368011e-08
test_protein_523,2.6135305688512744e-06
test_protein_530,0.70795029401779175
test_protein_524,3.6469938891059428e-07
test_protein_528,0.76606559753417969
test_protein_531,0.28923520445823669
test_protein_536,0.1135374903678894
test_protein_527,5.2703148867294658e-07
test_protein_532,0.6438862681388855
test_protein_535,0.65081065893173218
test_protein_533,0.0045460420660674572
test_protein_534,0.57236242294311523
test_protein_537,0.4141879677772522
test_protein_538,0.52503401041030884
test_protein_540,0.28685566782951355
test_protein_543,0.15676198899745941
test_protein_539,0.52813458442687988
test_protein_541,0.069632753729820251
test_protein_542,0.49876686930656433
test_protein_544,0.20577436685562134
test_protein_546,0.27532306313514709
test_protein_550,0.4971548318862915
test_protein_554,0.23977267742156982
test_protein_547,0.50104784965515137
test_protein_545,0.83783644437789917
test_protein_548,0.14042070508003235
test_protein_555,4.9927564305107808e-07
test_protein_551,0.35964202880859375
test_protein_559,0.55224418640136719
test_protein_549,0.59031486511230469
test_protein_553,0.12915290892124176
test_protein_552,0.33695262670516968
test_protein_556,0.42549523711204529
test_protein_557,0.15387357771396637
test_protein_558,0.35669636726379395
test_protein_566,0.62614655494689941
test_protein_561,0.18503743410110474
test_protein_564,0.1840815395116806
test_protein_560,0.15396453440189362
test_protein_563,0.086842380464076996
test_protein_565,0.18271517753601074
test_protein_562,0.07217707484960556
test_protein_567,0.55633842945098877
test_protein_572,0.94918537139892578
test_protein_569,0.058055691421031952
test_protein_573,0.12422507256269455
test_protein_570,0.10291895270347595
test_protein_571,0.12242130190134048
test_protein_574,0.80296242237091064
test_protein_582,0.67316210269927979
test_protein_577,0.30684119462966919
test_protein_580,0.35513514280319214
test_protein_575,0.10949134826660156
test_protein_568,0.39502203464508057
test_protein_579,3.9338628994300961e-06
test_protein_584,0.81199240684509277
test_protein_583,0.12250928580760956
test_protein_585,0.25794380903244019
test_protein_578,0.27889171242713928
test_protein_576,0.65222513675689697
test_protein_581,0.34290811419487
test_protein_586,0.94051039218902588
test_protein_591,0.44886085391044617
test_protein_587,0.84144842624664307
test_protein_589,0.38206443190574646
test_protein_592,0.46101367473602295
test_protein_590,0.1535165011882782
test_protein_594,0.33108037710189819
test_protein_595,0.38269162178039551
test_protein_601,0.62660574913024902
test_protein_599,0.036686819046735764
test_protein_588,0.58335751295089722
test_protein_600,0.65981262922286987
test_protein_596,0.3376314640045166
test_protein_605,0.00040653065661899745
test_protein_604,0.70990967750549316
test_protein_602,0.045455299317836761
test_protein_593,0.27197811007499695
test_protein_603,0.8559841513633728
test_protein_606,0.40264773368835449
test_protein_597,0.0095102330669760704
test_protein_598,0.40440309047698975
test_protein_608,0.0012462455779314041
test_protein_607,0.02514256164431572
test_protein_612,0.60814070701599121
test_protein_613,0.37704402208328247
test_protein_609,0.28752213716506958
test_protein_616,0.18922159075737
test_protein_611,0.11344550549983978
test_protein_614,0.23533833026885986
test_protein_618,0.13508020341396332
test_protein_610,0.0095696430653333664
test_protein_617,6.665896944468841e-05
test_protein_621,0.28586626052856445
test_protein_615,0.95435947179794312
test_protein_622,0.30133247375488281
test_protein_624,0.42672169208526611
test_protein_625,0.022658621892333031
test_protein_628,0.51670485734939575
test_protein_626,0.55231678485870361
test_protein_630,0.95645022392272949
test_protein_619,0.065428242087364197
test_protein_631,0.48372042179107666
test_protein_629,0.12563513219356537
test_protein_623,0.044148858636617661
test_protein_627,0.25116166472434998
test_protein_620,0.56104350090026855
test_protein_632,0.48743137717247009
test_protein_633,0.47077783942222595
test_protein_635,0.7248111367225647
test_protein_637,0.058172121644020081
test_protein_634,0.31414830684661865
test_protein_639,0.0015247354749590158
test_protein_652,0.0017129047773778439
test_protein_641,0.13733814656734467
test_protein_647,0.0013661952689290047
test_protein_644,0.00031309248879551888
test_protein_643,0.018133150413632393
test_protein_640,0.086271435022354126
test_protein_649,0.023190377280116081
test_protein_642,0.14539916813373566
test_protein_648,0.00119834637735039
test_protein_645,0.00083144655218347907
test_protein_653,0.0042457319796085358
test_protein_654,0.043839480727910995
test_protein_656,0.05738251656293869
test_protein_655,0.048314075917005539
test_protein_650,0.0062299277633428574
test_protein_636,0.012614754028618336
test_protein_638,0.56383508443832397
test_protein_651,0.5719839334487915
test_protein_646,0.40922203660011292
test_protein_659,0.057302579283714294
test_protein_657,0.13216081261634827
test_protein_658,0.34685614705085754
test_protein_664,0.97847294807434082
test_protein_661,0.015239431522786617
test_protein_660,0.022834829986095428
test_protein_665,0.47530639171600342
test_protein_662,0.20365077257156372
test_protein_667,0.068282775580883026
test_protein_663,0.24246995151042938
test_protein_668,0.029592057690024376
test_protein_666,0.89931809902191162
test_protein_672,0.71952164173126221
test_protein_675,0.012590786442160606
test_protein_671,0.21678909659385681
test_protein_679,0.0079640224575996399
test_protein_670,0.0053659854456782341
test_protein_674,0.60314923524856567
test_protein_680,0.12557418644428253
test_protein_682,0.051922261714935303
test_protein_677,0.46177485585212708
test_protein_681,0.010251910425722599
test_protein_676,0.00036402777186594903
test_protein_684,0.44879594445228577
test_protein_673,0.7267494797706604
test_protein_683,0.0026492078322917223
test_protein_678,0.95502942800521851
test_protein_669,0.011835580691695213
test_protein_685,0.08754885196685791
test_protein_687,0.0079505918547511101
test_protein_686,0.010112429037690163
test_protein_689,0.58994597196578979
test_protein_690,0.58251988887786865
test_protein_693,0.012656301259994507
test_protein_697,0.015981923788785934
test_protein_688,0.062049675732851028
test_protein_696,0.45532423257827759
test_protein_692,0.56089496612548828
test_protein_703,0.11997225880622864
test_protein_691,0.42064854502677917
test_protein_699,0.024029448628425598
test_protein_698,0.046274770051240921
test_protein_702,0.11900926381349564
test_protein_701,0.064298361539840698
test_protein_700,0.055925369262695312
test_protein_704,0.17814607918262482
test_protein_706,0.039262644946575165
test_protein_695,0.04841449111700058
test_protein_694,0.012783578597009182
test_protein_705,0.31103584170341492
test_protein_707,0.50816500186920166
test_protein_710,0.38132724165916443
test_protein_708,0.32978120446205139
test_protein_712,0.11831819266080856
test_protein_711,0.0045032808557152748
test_protein_714,0.023017385974526405
test_protein_713,0.049320623278617859
test_protein_709,0.061765972524881363
test_protein_718,0.34952482581138611
test_protein_716,0.38604485988616943
test_protein_719,0.27595052123069763
test_protein_717,0.020896490663290024
test_protein_724,0.56812149286270142
test_protein_715,0.0033326882403343916
test_protein_723,0.12719008326530457
test_protein_721,0.25453618168830872
test_protein_725,0.069604679942131042
test_protein_720,0.0046374727971851826
test_protein_722,0.58006304502487183
test_protein_727,0.68999320268630981
test_protein_733,0.75779730081558228
test_protein_728,0.82887428998947144
test_protein_732,0.067422807216644287
test_protein_731,0.5407174825668335
test_protein_729,0.20781904458999634
test_protein_726,0.11618644744157791
test_protein_730,0.36649376153945923
test_protein_738,0.026452507823705673
test_protein_734,0.45299124717712402
test_protein_735,0.0085438704118132591
test_protein_739,0.089376017451286316
test_protein_741,0.30434525012969971
test_protein_736,0.001145928050391376
test_protein_737,0.10369866341352463
test_protein_742,0.013248567469418049
test_protein_745,0.14117498695850372
test_protein_740,0.6843489408493042
test_protein_747,0.50536936521530151
test_protein_748,0.63605237007141113
test_protein_751,0.30172982811927795
test_protein_743,0.0097107598558068275
test_protein_744,0.085714474320411682
test_protein_750,0.6198621392250061
test_protein_753,0.97642648220062256
test_protein_754,0.63185936212539673
test_protein_757,0.35188093781471252
test_protein_756,0.22861066460609436
test_protein_755,0.014944431371986866
test_protein_746,0.0076600224711000919
test_protein_752,0.69144719839096069
test_protein_749,0.56719416379928589
test_protein_769,0.022989191114902496
test_protein_760,0.051226925104856491
test_protein_762,0.17484074831008911
test_protein_759,0.7203526496887207
test_protein_764,0.37438353896141052
test_protein_761,0.1000065803527832
test_protein_765,0.90498596429824829
test_protein_758,0.47202697396278381
test_protein_763,0.82539564371109009
test_protein_767,0.55373966693878174
test_protein_768,0.058584354817867279
test_protein_766,0.011183007620275021
test_protein_774,0.037746984511613846
test_protein_771,0.8849254846572876
test_protein_772,0.19575142860412598
test_protein_773,0.0062347976490855217
test_protein_775,0.85959643125534058
test_protein_770,0.81598657369613647
test_protein_779,0.89695513248443604
test_protein_777,0.41085761785507202
test_protein_776,0.50303298234939575
test_protein_778,0.88776868581771851
test_protein_782,0.80514580011367798
test_protein_780,0.82078146934509277
test_protein_781,0.35569837689399719
test_protein_785,0.034196298569440842
test_protein_784,0.7365344762802124
test_protein_783,0.75106722116470337
test_protein_792,0.0090180467814207077
test_protein_787,0.2896111011505127
test_protein_790,0.41532498598098755
test_protein_791,0.11930130422115326
test_protein_789,0.24669216573238373
test_protein_794,0.00030974199762567878
test_protein_786,0.40423810482025146
test_protein_796,0.63581019639968872
test_protein_795,0.0025310066994279623
test_protein_793,0.35239371657371521
test_protein_788,0.133454829454422
test_protein_800,0.049425259232521057
test_protein_810,0.005963238887488842
test_protein_802,0.31432598829269409
test_protein_807,0.60014009475708008
test_protein_805,0.26709467172622681
test_protein_797,0.19292350113391876
test_protein_799,0.79978597164154053
test_protein_803,0.45234295725822449
test_protein_809,0.0010036185849457979
test_protein_804,0.20014418661594391
test_protein_806,0.00011655178241198882
test_protein_798,0.13800820708274841
test_protein_808,0.45645934343338013
test_protein_801,0.27962878346443176
test_protein_811,0.0027482365258038044
test_protein_813,0.0013052696594968438
test_protein_818,0.73846250772476196
test_protein_815,0.0014594396343454719
test_protein_820,0.7140384316444397
test_protein_814,0.0025907931849360466
test_protein_812,0.43415853381156921
test_protein_816,6.4581454353174195e-06
test_protein_824,3.3884128924910328e-07
test_protein_823,0.038987055420875549
test_protein_819,0.18756581842899323
test_protein_817,0.15820759534835815
test_protein_821,0.15842404961585999
test_protein_825,0.16301167011260986
test_protein_826,0.16812431812286377
test_protein_822,0.20399537682533264
test_protein_829,0.0021726523991674185
test_protein_830,0.041683997958898544
test_protein_828,0.26351410150527954
test_protein_831,0.49388614296913147
test_protein_827,6.8864874265273102e-06
test_protein_833,0.14564788341522217
test_protein_832,0.10416178405284882
test_protein_834,0.21931864321231842
test_protein_836,0.71655994653701782
test_protein_839,0.018724873661994934
test_protein_835,0.24707227945327759
test_protein_837,0.30948799848556519
test_protein_838,0.011782770976424217
test_protein_841,0.028023228049278259
test_protein_845,0.055406138300895691
test_protein_840,0.051454294472932816
test_protein_846,0.36425718665122986
test_protein_847,0.4345913827419281
test_protein_844,0.011728793382644653
test_protein_843,0.00093092350289225578
test_protein_848,3.0430062452069251e-06
test_protein_842,0.27624288201332092
test_protein_850,0.024810917675495148
test_protein_849,0.00045255201985128224
test_protein_853,0.048660114407539368
test_protein_852,0.082754947245121002
test_protein_855,0.6113627552986145
test_protein_851,0.0053315069526433945
test_protein_854,0.038285825401544571
test_protein_858,0.42421099543571472
test_protein_856,0.59003567695617676
test_protein_857,0.18077941238880157
test_protein_859,0.1094880998134613
test_protein_862,0.9644317626953125
test_protein_865,0.41240820288658142
test_protein_867,0.49601536989212036
test_protein_864,0.43889874219894409
test_protein_860,0.13591872155666351
test_protein_861,0.20097880065441132
test_protein_866,0.60032981634140015
test_protein_870,0.0046028774231672287
test_protein_863,0.2967243492603302
test_protein_868,0.067223057150840759
test_protein_872,0.20417506992816925
test_protein_873,0.027150917798280716
test_protein_871,0.030865639448165894
test_protein_875,0.041344404220581055
test_protein_869,0.24423187971115112
test_protein_877,0.37899872660636902
test_protein_874,0.26185327768325806
test_protein_879,0.50451391935348511
test_protein_876,0.019410841166973114
test_protein_878,0.25914707779884338
test_protein_880,0.32548478245735168
test_protein_882,0.6377633810043335
test_protein_884,4.1447019611950964e-05
test_protein_883,0.00057170895161107183
test_protein_890,0.27437633275985718
test_protein_886,0.48756951093673706
test_protein_887,0.21352373063564301
test_protein_885,0.018910745158791542
test_protein_881,0.40330120921134949
test_protein_888,0.94753414392471313
test_protein_889,0.45602744817733765
test_protein_893,0.0064714346081018448
test_protein_894,0.84580367803573608
test_protein_895,0.082370936870574951
test_protein_898,0.97120261192321777
test_protein_891,0.83766692876815796
test_protein_899,0.0043994751758873463
test_protein_892,0.88270270824432373
test_protein_901,0.62141686677932739
test_protein_904,0.15854200720787048
test_protein_902,0.77841299772262573
test_protein_900,0.31972864270210266
test_protein_897,0.77614575624465942
test_protein_903,0.77775031328201294
test_protein_896,0.99364942312240601
test_protein_905,0.64502179622650146
test_protein_906,0.024985957890748978
test_protein_910,0.16501475870609283
test_protein_909,0.1400362104177475
test_protein_907,0.80345571041107178
test_protein_914,0.37942913174629211
test_protein_908,0.40830329060554504
test_protein_911,0.92493331432342529
test_protein_912,0.77722698450088501
test_protein_920,0.37823584675788879
test_protein_918,0.39654186367988586
test_protein_913,0.23632313311100006
test_protein_919,0.36830446124076843
test_protein_924,0.49069604277610779
test_protein_917,0.13359647989273071
test_protein_926,0.17731890082359314
test_protein_916,2.9507411454687826e-05
test_protein_922,0.6703794002532959
test_protein_923,0.24228203296661377
test_protein_921,0.41628903150558472
test_protein_915,0.00013572200259659439
test_protein_925,0.024984737858176231
test_protein_927,0.0093359928578138351
test_protein_933,0.2441631406545639
test_protein_930,0.35784271359443665
test_protein_937,0.58920753002166748
test_protein_931,0.4071231484413147
test_protein_929,0.1122850626707077
test_protein_928,0.20266738533973694
test_protein_934,0.26901677250862122
test_protein_932,0.33951333165168762
test_protein_935,0.079839795827865601
test_protein_936,0.62349212169647217
test_protein_939,0.012565813027322292
test_protein_940,0.28162071108818054
test_protein_949,0.78294986486434937
test_protein_944,0.095538295805454254
test_protein_945,0.41387194395065308
test_protein_942,0.72256958484649658
test_protein_938,0.37359943985939026
test_protein_948,0.020266465842723846
test_protein_943,0.82380944490432739
test_protein_941,0.9776996374130249
test_protein_947,0.39512944221496582
test_protein_950,0.15339921414852142
test_protein_951,0.6456412672996521
test_protein_946,5.818058035345075e-09
test_protein_952,0.44291034340858459
test_protein_956,0.96367311477661133
test_protein_954,0.36457365751266479
test_protein_958,0.16343772411346436
test_protein_955,0.52044641971588135
test_protein_953,0.39747700095176697
test_protein_959,0.20348615944385529
test_protein_965,0.18771223723888397
test_protein_964,0.22309547662734985
test_protein_960,1.0540547989990046e-08
test_protein_961,0.33317035436630249
test_protein_962,0.58473891019821167
test_protein_968,0.52291971445083618
test_protein_971,0.19018296897411346
test_protein_970,0.028385108336806297
test_protein_976,0.037894044071435928
test_protein_975,0.00083307229215279222
test_protein_972,0.99271672964096069
test_protein_967,0.25590211153030396
test_protein_974,0.84355968236923218
test_protein_966,0.2209140956401825
test_protein_957,0.15518254041671753
test_protein_969,0.4000893235206604
test_protein_963,0.1300087571144104
test_protein_973,9.159764857713526e-08
test_protein_980,0.11800528317689896
test_protein_985,0.48485091328620911
test_protein_982,0.56770473718643188
test_protein_984,0.15138421952724457
test_protein_987,0.3825526237487793
test_protein_991,0.75271356105804443
test_protein_989,0.058595258742570877
test_protein_993,0.85055965185165405
test_protein_992,0.53039306402206421
test_protein_997,0.037953540682792664
test_protein_995,0.12073251605033875
test_protein_994,0.32739222049713135
test_protein_998,0.50024092197418213
test_protein_996,0.55132973194122314
test_protein_1003,0.59649521112442017
test_protein_977,0.25101050734519958
test_protein_983,0.7675546407699585
test_protein_999,0.30640381574630737
test_protein_1002,0.031133661046624184
test_protein_1000,0.35503318905830383
test_protein_979,0.0040298933163285255
test_protein_978,0.21533668041229248
test_protein_1001,0.29771715402603149
test_protein_986,0.42211955785751343
test_protein_981,0.008274473249912262
test_protein_988,0.39060613512992859
test_protein_1004,0.21271881461143494
test_protein_990,0.0054594278335571289
test_protein_1008,0.40843448042869568
test_protein_1005,0.14465092122554779
test_protein_1006,0.19934292137622833
test_protein_1012,0.010275557637214661
test_protein_1013,0.39440754055976868
test_protein_1007,0.38240018486976624
test_protein_1009,0.00016814678383525461
test_protein_1010,0.45662602782249451
test_protein_1011,0.091505222022533417
test_protein_1014,1.6061222822827403e-06
test_protein_1015,0.30445760488510132
test_protein_1016,0.092901073396205902
test_protein_1018,0.19595640897750854
test_protein_1021,0.57799148559570312
test_protein_1023,0.10712780058383942
test_protein_1022,0.069298118352890015
test_protein_1019,0.43260905146598816
test_protein_1017,0.46310052275657654
test_protein_1020,0.30322298407554626
test_protein_1024,8.2865335571113974e-06
test_protein_1025,0.5315093994140625
test_protein_1028,0.032647311687469482
test_protein_1026,0.98269838094711304
test_protein_1030,0.12827475368976593
test_protein_1027,0.34344923496246338
test_protein_1029,0.24109505116939545
test_protein_1031,0.18894465267658234
test_protein_1038,0.090842217206954956
test_protein_1039,0.97041356563568115
test_protein_1034,0.047890659421682358
test_protein_1037,0.026056662201881409
test_protein_1043,0.74819546937942505
test_protein_1044,0.80798369646072388
test_protein_1041,0.52793741226196289
test_protein_1042,0.43984571099281311
test_protein_1050,0.28830590844154358
test_protein_1045,0.42713728547096252
test_protein_1046,0.64222067594528198
test_protein_1048,0.08820873498916626
test_protein_1047,0.64874041080474854
test_protein_1049,0.28177201747894287
test_protein_1052,0.23948325216770172
test_protein_1035,0.85294872522354126
test_protein_1051,0.60454517602920532
test_protein_1053,0.15943874418735504
test_protein_1032,0.2749762237071991
test_protein_1040,0.83326506614685059
test_protein_1033,0.053564641624689102
test_protein_1055,0.55008107423782349
test_protein_1036,0.28352850675582886
test_protein_1054,0.3399055004119873
test_protein_1059,0.9865754246711731
test_protein_1056,0.20029596984386444
test_protein_1058,0.078292801976203918
test_protein_1061,0.10945635288953781
test_protein_1057,0.058473028242588043
test_protein_1060,0.50366181135177612
test_protein_1065,0.049664631485939026
test_protein_1063,0.098602041602134705
test_protein_1062,0.12851302325725555
test_protein_1064,0.065042540431022644
test_protein_1067,0.14860861003398895
test_protein_1066,0.029211845248937607
test_protein_1068,0.0060107475146651268
test_protein_1072,0.53018254041671753
test_protein_1069,0.33777192234992981
test_protein_1071,0.74992132186889648
test_protein_1070,0.078930772840976715
test_protein_1073,0.043468024581670761
test_protein_1078,0.394696444272995
test_protein_1079,0.52524411678314209
test_protein_1076,0.44638079404830933
test_protein_1074,0.14240919053554535
test_protein_1077,0.0018617291934788227
test_protein_1075,9.7478550742380321e-05
test_protein_1080,0.31867080926895142
test_protein_1086,0.42489245533943176
test_protein_1081,0.32264968752861023
test_protein_1083,0.30678930878639221
test_protein_1089,0.75539737939834595
test_protein_1085,0.30515921115875244
test_protein_1084,0.27842998504638672
test_protein_1087,0.30211776494979858
test_protein_1082,0.14672462642192841
test_protein_1088,0.40260413289070129
test_protein_1090,0.44478091597557068
test_protein_1091,0.77520287036895752
test_protein_1094,0.59064793586730957
test_protein_1095,0.57218575477600098
test_protein_1097,0.38302278518676758
test_protein_1093,0.2889893651008606
test_protein_1092,0.46806707978248596
test_protein_1096,0.54625546932220459
test_protein_1101,0.7180335521697998
test_protein_1099,0.7814171314239502
test_protein_1100,0.40127962827682495
test_protein_1098,0.50924068689346313
test_protein_1102,0.84566348791122437
test_protein_1103,0.54938721656799316
test_protein_1109,0.62964242696762085
test_protein_1107,0.21388834714889526
test_protein_1105,0.10923246294260025
test_protein_1104,0.31044229865074158
test_protein_1106,0.48701369762420654
test_protein_1108,0.61994624137878418
test_protein_1111,0.069831587374210358
test_protein_1113,0.56935149431228638
test_protein_1112,0.45274540781974792
test_protein_1110,0.26440733671188354
test_protein_1116,0.21043820679187775
test_protein_1114,0.022176461294293404
test_protein_1124,5.6124253688949466e-08
test_protein_1118,0.1618133932352066
test_protein_1120,0.45859506726264954
test_protein_1119,0.018611796200275421
test_protein_1115,0.070045717060565948
test_protein_1123,0.46108409762382507
test_protein_1122,0.0068694972433149815
test_protein_1125,4.2489214138186071e-06
test_protein_1117,0.15770958364009857
test_protein_1121,0.83834356069564819
test_protein_1131,0.99974602460861206
test_protein_1126,0.25467312335968018
test_protein_1129,3.6537653613777366e-06
test_protein_1127,0.22408530116081238
test_protein_1128,2.9144308655304485e-07
test_protein_1130,0.85922777652740479
test_protein_1133,0.17517659068107605
test_protein_1132,0.12351682037115097
test_protein_1134,0.23722159862518311
test_protein_1135,0.081628933548927307
test_protein_1140,0.15957513451576233
test_protein_1137,0.076418116688728333
test_protein_1143,0.43246617913246155
test_protein_1142,0.16357365250587463
test_protein_1139,0.85068732500076294
test_protein_1141,0.56822890043258667
test_protein_1146,0.99181526899337769
test_protein_1148,0.24392792582511902
test_protein_1136,0.1418914794921875
test_protein_1151,0.58846348524093628
test_protein_1138,0.081061437726020813
test_protein_1150,0.27740576863288879
test_protein_1144,0.3111865222454071
test_protein_1147,0.25605440139770508
test_protein_1149,0.11069415509700775
test_protein_1145,0.025575617328286171
test_protein_1155,0.68395781517028809
test_protein_1154,0.90683811902999878
test_protein_1156,0.60963571071624756
test_protein_1153,0.55380582809448242
test_protein_1152,0.9239804744720459
test_protein_1158,0.60759460926055908
test_protein_1161,0.37417802214622498
test_protein_1159,0.17838354408740997
test_protein_1160,0.17451067268848419
test_protein_1164,0.48877903819084167
test_protein_1166,0.51269638538360596
test_protein_1157,0.72603327035903931
test_protein_1163,0.12893788516521454
test_protein_1170,0.38738599419593811
test_protein_1162,0.24154053628444672
test_protein_1171,0.30223506689071655
test_protein_1172,0.014590350911021233
test_protein_1169,0.35674327611923218
test_protein_1165,0.33829778432846069
test_protein_1167,0.021962579339742661
test_protein_1168,0.028158245608210564
test_protein_1173,6.970273534534499e-05
test_protein_1176,2.7878945729753468e-07
test_protein_1174,4.9988044814597288e-09
test_protein_1177,0.12264392524957657
test_protein_1175,0.57680356502532959
test_protein_1178,0.035238821059465408
test_protein_1179,0.54709011316299438
test_protein_1181,0.088360443711280823
test_protein_1182,0.27756673097610474
test_protein_1188,0.8234177827835083
test_protein_1180,0.11366688460111618
test_protein_1190,0.3107985258102417
test_protein_1191,0.28840869665145874
test_protein_1186,0.35733902454376221
test_protein_1185,0.64345240592956543
test_protein_1187,0.99503916501998901
test_protein_1184,0.023253444582223892
test_protein_1183,0.16479958593845367
test_protein_1189,0.21480411291122437
test_protein_1196,0.90063661336898804
test_protein_1195,0.64301252365112305
test_protein_1198,0.10732658952474594
test_protein_1194,0.21241778135299683
test_protein_1192,0.14098531007766724
test_protein_1193,0.67645305395126343
test_protein_1200,0.0055036339908838272
test_protein_1199,0.34568938612937927
test_protein_1197,0.4099610447883606
test_protein_1202,0.82786655426025391
test_protein_1201,0.13260628283023834
test_protein_1205,0.58588260412216187
test_protein_1209,0.10887504369020462
test_protein_1204,0.59571439027786255
test_protein_1206,0.026361227035522461
test_protein_1214,0.0069359899498522282
test_protein_1208,0.58914107084274292
test_protein_1211,0.27124884724617004
test_protein_1203,0.67569124698638916
test_protein_1210,0.80893296003341675
test_protein_1207,0.55805414915084839
test_protein_1213,0.56487506628036499
test_protein_1215,0.35305237770080566
test_protein_1212,0.72430700063705444
test_protein_1222,0.018304960802197456
test_protein_1216,0.95488452911376953
test_protein_1217,0.98744195699691772
test_protein_1218,0.0021408624015748501
test_protein_1221,0.91997689008712769
test_protein_1220,0.14341993629932404
test_protein_1219,0.63250905275344849
test_protein_1229,0.93239587545394897
test_protein_1230,0.84177517890930176
test_protein_1224,0.018681909888982773
test_protein_1223,0.74922603368759155
test_protein_1227,0.94727492332458496
test_protein_1228,0.7722315788269043
test_protein_1232,0.33237671852111816
test_protein_1225,0.17714051902294159
test_protein_1231,0.59591203927993774
test_protein_1233,0.56063109636306763
test_protein_1226,0.65019100904464722
test_protein_1235,0.83098810911178589
test_protein_1240,0.25444945693016052
test_protein_1237,0.74827826023101807
test_protein_1239,0.10604427754878998
test_protein_1238,0.93987518548965454
test_protein_1241,0.4116320013999939
test_protein_1234,0.44734162092208862
test_protein_1236,0.99736893177032471
test_protein_1243,0.45005199313163757
test_protein_1242,0.57368266582489014
test_protein_1244,0.76127195358276367
test_protein_1250,0.61184489727020264
test_protein_1249,0.8777235746383667
test_protein_1245,0.59716320037841797
test_protein_1247,0.20449493825435638
test_protein_1246,0.68030726909637451
test_protein_1256,0.020451467484235764
test_protein_1253,0.3881453275680542
test_protein_1248,0.71437567472457886
test_protein_1251,0.56043386459350586
test_protein_1255,0.24813544750213623
test_protein_1252,1.1717158486135304e-05
test_protein_1258,0.33935770392417908
test_protein_1254,0.0020486542489379644
test_protein_1259,0.13995330035686493
test_protein_1257,0.46296310424804688
test_protein_1265,4.5127748308004811e-05
test_protein_1263,0.24592678248882294
test_protein_1260,0.64620232582092285
test_protein_1264,0.082667015492916107
test_protein_1266,0.45325344800949097
test_protein_1267,0.32625043392181396
test_protein_1269,1.4120827472652309e-05
test_protein_1262,0.075046122074127197
test_protein_1261,0.36228212714195251
test_protein_1272,0.48055079579353333
test_protein_1268,6.0584390837448154e-08
test_protein_1271,0.036262910813093185
test_protein_1274,7.0782494731247425e-05
test_protein_1273,0.1415027379989624
test_protein_1276,0.53233373165130615
test_protein_1275,0.40215516090393066
test_protein_1278,0.71392959356307983
test_protein_1270,0.54253894090652466
test_protein_1277,0.16719532012939453
test_protein_1279,0.45846736431121826
test_protein_1283,0.18427285552024841
test_protein_1282,0.0064097549766302109
test_protein_1281,0.29757553339004517
test_protein_1280,0.58827608823776245
test_protein_1285,0.53491628170013428
test_protein_1291,0.35994157195091248
test_protein_1286,0.42442822456359863
test_protein_1289,0.833243727684021
test_protein_1287,0.82150006294250488
test_protein_1293,0.00024579610908403993
test_protein_1290,0.37298494577407837
test_protein_1295,0.31957963109016418
test_protein_1288,0.2315962165594101
test_protein_1292,1.3921940080763306e-05
test_protein_1284,0.54218906164169312
test_protein_1300,0.26227542757987976
test_protein_1294,0.024599887430667877
test_protein_1296,0.30465051531791687
test_protein_1299,0.0032415941823273897
test_protein_1297,2.6270797093275178e-07
test_protein_1298,0.34683653712272644
test_protein_1301,0.50591236352920532
test_protein_1304,0.47555476427078247
test_protein_1306,0.15391555428504944
test_protein_1308,0.60202676057815552
test_protein_1311,0.14302203059196472
test_protein_1310,0.0060995887033641338
test_protein_1309,0.41765815019607544
test_protein_1312,0.29472211003303528
test_protein_1313,0.090751223266124725
test_protein_1316,0.5474885106086731
test_protein_1319,0.23008440434932709
test_protein_1314,0.55985367298126221
test_protein_1317,0.33516523241996765
test_protein_1315,0.26936331391334534
test_protein_1305,0.42912539839744568
test_protein_1321,0.025076849386096001
test_protein_1303,0.24850177764892578
test_protein_1318,0.049572605639696121
test_protein_1324,0.36140695214271545
test_protein_1325,0.27120578289031982
test_protein_1302,0.4339371919631958
test_protein_1320,0.069929055869579315
test_protein_1322,0.080588936805725098
test_protein_1323,0.74609386920928955
test_protein_1307,0.00058792950585484505
test_protein_1326,0.4260297417640686
test_protein_1328,0.28263053297996521
test_protein_1327,0.47214847803115845
test_protein_1330,0.0019691318739205599
test_protein_1331,0.54963743686676025
test_protein_1329,0.21183829009532928
test_protein_1334,0.73378759622573853
test_protein_1333,0.60305780172348022
test_protein_1332,0.35650822520256042
test_protein_1335,0.31752583384513855
test_protein_1337,0.41230076551437378
test_protein_1338,0.66115432977676392
test_protein_1339,0.6922566294670105
test_protein_1340,0.56838399171829224
test_protein_1346,0.92798870801925659
test_protein_1344,0.65859264135360718
test_protein_1345,0.41067469120025635
test_protein_1336,0.12785369157791138
test_protein_1343,0.74248975515365601
test_protein_1347,0.75930339097976685
test_protein_1342,0.59876227378845215
test_protein_1341,0.11662016063928604
test_protein_1348,0.32089143991470337
test_protein_1350,0.43848949670791626
test_protein_1356,0.36235144734382629
test_protein_1353,0.15399849414825439
test_protein_1349,0.34882882237434387
test_protein_1354,0.23974081873893738
test_protein_1352,0.42859265208244324
test_protein_1357,0.42623043060302734
test_protein_1355,0.4501112699508667
test_protein_1358,0.47162976861000061
test_protein_1351,0.52517968416213989
test_protein_1363,0.14184810221195221
test_protein_1360,0.26089328527450562
test_protein_1362,0.26810136437416077
test_protein_1367,0.083059720695018768
test_protein_1366,0.51814985275268555
test_protein_1369,0.033411096781492233
test_protein_1364,0.31362780928611755
test_protein_1368,0.040224872529506683
test_protein_1359,0.12186747044324875
test_protein_1365,0.37681993842124939
test_protein_1370,0.45608890056610107
test_protein_1371,0.20565754175186157
test_protein_1361,0.023639129474759102
test_protein_1373,0.35154008865356445
test_protein_1372,0.55959063768386841
test_protein_1375,0.43095648288726807
test_protein_1374,0.39307379722595215
test_protein_1377,0.054825134575366974
test_protein_1380,1.0184255188505631e-05
test_protein_1376,7.9305980762001127e-05
test_protein_1378,0.44849267601966858
test_protein_1379,0.61338943243026733
test_protein_1381,0.77357959747314453
test_protein_1387,0.54017680883407593
test_protein_1386,0.50956034660339355
test_protein_1384,0.00013217350351624191
test_protein_1383,0.29489192366600037
test_protein_1385,0.5319371223449707
test_protein_1388,0.27982336282730103
test_protein_1390,0.16106130182743073
test_protein_1382,0.31707951426506042
test_protein_1393,0.54052966833114624
test_protein_1391,0.063976049423217773
test_protein_1389,0.16336646676063538
test_protein_1392,0.10957108438014984
test_protein_1394,0.058468133211135864
test_protein_1395,0.4580724835395813
test_protein_1396,0.024922218173742294
test_protein_1401,0.33131441473960876
test_protein_1400,0.22394226491451263
test_protein_1399,0.10392573475837708
test_protein_1398,0.45987328886985779
test_protein_1397,0.53860360383987427
test_protein_1403,0.46489822864532471
test_protein_1406,0.29991158843040466
test_protein_1402,0.55625855922698975
test_protein_1404,0.1550658792257309
test_protein_1405,0.0082781137898564339
test_protein_1414,0.36404657363891602
test_protein_1407,0.79361557960510254
test_protein_1410,0.055559281259775162
test_protein_1408,0.17618273198604584
test_protein_1411,0.12439797818660736
test_protein_1412,0.30332043766975403
test_protein_1409,0.14760655164718628
test_protein_1413,0.28077134490013123
test_protein_1415,0.18347951769828796
test_protein_1416,0.44315230846405029
test_protein_1422,0.0005524235893972218
test_protein_1418,0.71167594194412231
test_protein_1420,0.47182813286781311
test_protein_1421,0.052184481173753738
test_protein_1417,0.21833105385303497
test_protein_1419,0.7859918475151062
test_protein_1423,0.064891763031482697
test_protein_1429,0.0088705839589238167
test_protein_1425,0.29460272192955017
test_protein_1430,0.015005653724074364
test_protein_1431,0.012417972087860107
test_protein_1426,0.49017748236656189
test_protein_1424,0.79768037796020508
test_protein_1432,0.41548371315002441
test_protein_1438,0.49456384778022766
test_protein_1433,0.47225669026374817
test_protein_1434,0.42368808388710022
test_protein_1437,0.55854922533035278
test_protein_1428,0.018439251929521561
test_protein_1440,0.50293904542922974
test_protein_1439,0.33461341261863708
test_protein_1427,0.020919512957334518
test_protein_1435,0.28494253754615784
test_protein_1443,0.0029582346323877573
test_protein_1441,0.21776776015758514
test_protein_1436,0.18402335047721863
test_protein_1442,0.23793408274650574
test_protein_1446,1.2495926057454199e-05
test_protein_1452,0.059695951640605927
test_protein_1444,0.020461184903979301
test_protein_1447,0.48956814408302307
test_protein_1445,0.073692172765731812
test_protein_1449,0.39537167549133301
test_protein_1448,0.18974000215530396
test_protein_1451,0.20823574066162109
test_protein_1453,0.11092270165681839
test_protein_1456,0.10975566506385803
test_protein_1450,0.045064464211463928
test_protein_1454,0.38903284072875977
test_protein_1455,0.45868805050849915
test_protein_1460,0.48115548491477966
test_protein_1457,0.0022586530540138483
test_protein_1459,0.057764384895563126
test_protein_1458,0.11098818480968475
test_protein_1462,0.59278988838195801
test_protein_1461,0.2807023823261261
test_protein_1463,0.12463724613189697
test_protein_1464,0.35181477665901184
test_protein_1467,0.80280274152755737
test_protein_1466,0.00025329014169983566
test_protein_1465,0.11652388423681259
test_protein_1469,0.084731303155422211
test_protein_1470,0.092626243829727173
test_protein_1472,0.0069605214521288872
test_protein_1468,0.3555443286895752
test_protein_1474,0.77692145109176636
test_protein_1475,0.11223716288805008
test_protein_1471,0.0012731186579912901
test_protein_1478,0.24158364534378052
test_protein_1476,0.16968323290348053
test_protein_1473,0.022399354726076126
test_protein_1480,0.52971434593200684
test_protein_1483,0.19326187670230865
test_protein_1488,0.83454185724258423
test_protein_1485,0.39724293351173401
test_protein_1484,0.06176457554101944
test_protein_1489,0.95800501108169556
test_protein_1490,0.38618633151054382
test_protein_1487,0.34030917286872864
test_protein_1493,0.089315734803676605
test_protein_1491,0.94888901710510254
test_protein_1492,0.0086400192230939865
test_protein_1497,0.00066858064383268356
test_protein_1499,0.15519826114177704
test_protein_1501,4.8050236500785104e-07
test_protein_1500,8.7769286949423986e-08
test_protein_1496,0.019656702876091003
test_protein_1495,0.19224570691585541
test_protein_1502,0.0056884200312197208
test_protein_1503,0.0030913436785340309
test_protein_1504,0.35042211413383484
test_protein_1498,4.0627605812915135e-06
test_protein_1505,0.83788323402404785
test_protein_1479,0.025861971080303192
test_protein_1477,0.50044959783554077
test_protein_1508,1.6925538375289761e-06
test_protein_1481,0.077426120638847351
test_protein_1494,0.50710636377334595
test_protein_1486,0.28663668036460876
test_protein_1482,0.22143353521823883
test_protein_1506,0.93039530515670776
test_protein_1507,0.94412213563919067
test_protein_1513,0.15593470633029938
test_protein_1509,0.2170451283454895
test_protein_1510,0.036262661218643188
test_protein_1516,0.3292987048625946
test_protein_1520,0.17919264733791351
test_protein_1519,0.28861480951309204
test_protein_1524,0.29165250062942505
test_protein_1522,2.3613883968209848e-05
test_protein_1515,0.52109235525131226
test_protein_1523,0.43615445494651794
test_protein_1518,0.63610273599624634
test_protein_1529,0.99716031551361084
test_protein_1525,0.030424412339925766
test_protein_1526,0.55106788873672485
test_protein_1530,0.23732434213161469
test_protein_1531,0.0051516308449208736
test_protein_1532,0.98923105001449585
test_protein_1528,0.9425661563873291
test_protein_1534,0.43689027428627014
test_protein_1533,6.1671133153140545e-05
test_protein_1521,0.18341122567653656
test_protein_1527,0.67338711023330688
test_protein_1511,0.34544730186462402
test_protein_1512,0.20446860790252686
test_protein_1514,0.21582521498203278
test_protein_1517,0.022790240123867989
test_protein_1535,0.14156733453273773
test_protein_1537,0.32345694303512573
test_protein_1538,0.011951892636716366
test_protein_1541,0.03700009360909462
test_protein_1536,0.31892025470733643
test_protein_1542,0.31506732106208801
test_protein_1539,0.20166797935962677
test_protein_1540,0.035989739000797272
test_protein_1543,0.97476857900619507
test_protein_1544,0.40756532549858093
test_protein_1546,0.33625754714012146
test_protein_1545,0.28173589706420898
test_protein_1548,7.7517299246210314e-08
test_protein_1555,0.17856951057910919
test_protein_1553,0.42492863535881042
test_protein_1558,0.10243518650531769
test_protein_1547,0.35256099700927734
test_protein_1557,0.42291608452796936
test_protein_1549,0.41491177678108215
test_protein_1551,0.75972026586532593
test_protein_1554,0.18042553961277008
test_protein_1559,0.59223699569702148
test_protein_1556,0.20888924598693848
test_protein_1552,0.34027370810508728
test_protein_1550,0.37896090745925903
test_protein_1560,0.22348499298095703
test_protein_1561,0.18067242205142975
test_protein_1562,0.14706079661846161
test_protein_1565,0.17045058310031891
test_protein_1566,0.011770574375987053
test_protein_1563,0.46580770611763
test_protein_1564,0.20581050217151642
test_protein_1568,0.030445680022239685
test_protein_1570,0.045712705701589584
test_protein_1573,0.053042683750391006
test_protein_1581,1.1304601684969384e-05
test_protein_1571,0.054231151938438416
test_protein_1569,0.19579675793647766
test_protein_1575,0.13199861347675323
test_protein_1578,0.36790072917938232
test_protein_1574,0.1537984162569046
test_protein_1579,0.3393150269985199
test_protein_1580,0.31162607669830322
test_protein_1567,0.15600426495075226
test_protein_1582,0.14621640741825104
test_protein_1572,0.079125329852104187
test_protein_1576,0.51866132020950317
test_protein_1583,0.18286660313606262
test_protein_1577,0.45265015959739685
test_protein_1585,0.40838667750358582
test_protein_1584,0.00032616261160001159
test_protein_1590,0.0086704222485423088
test_protein_1588,0.49578908085823059
test_protein_1592,0.63001513481140137
test_protein_1587,0.70219659805297852
test_protein_1586,0.0090546868741512299
test_protein_1598,0.40508469939231873
test_protein_1591,0.31934276223182678
test_protein_1596,0.012879767455160618
test_protein_1593,0.0033727299887686968
test_protein_1594,0.0581214539706707
test_protein_1589,0.52729582786560059
test_protein_1595,0.73320037126541138
test_protein_1599,0.24026449024677277
test_protein_1600,0.60806703567504883
test_protein_1605,0.59296965599060059
test_protein_1601,0.56917524337768555
test_protein_1604,0.29373714327812195
test_protein_1597,0.1506972461938858
test_protein_1606,0.45232221484184265
test_protein_1607,3.6615510907722637e-05
test_protein_1603,0.028733160346746445
test_protein_1609,0.52265036106109619
test_protein_1612,0.44824942946434021
test_protein_1608,0.60642057657241821
test_protein_1611,0.17280256748199463
test_protein_1602,0.012677401304244995
test_protein_1610,0.87498563528060913
test_protein_1613,0.04759472981095314
test_protein_1615,0.171087846159935
test_protein_1616,0.19745934009552002
test_protein_1618,0.12867753207683563
test_protein_1614,0.36959266662597656
test_protein_1620,0.35419145226478577
test_protein_1619,0.089901596307754517
test_protein_1624,0.09043576568365097
test_protein_1621,0.48368296027183533
test_protein_1623,0.041545379906892776
test_protein_1625,1.8754823031486012e-05
test_protein_1635,0.3679567277431488
test_protein_1631,0.023455444723367691
test_protein_1617,0.97887849807739258
test_protein_1626,0.49185848236083984
test_protein_1636,0.45133304595947266
test_protein_1630,0.018435420468449593
test_protein_1629,0.46193072199821472
test_protein_1632,9.7546475785748044e-08
test_protein_1622,4.353347685537301e-05
test_protein_1627,0.027135532349348068
test_protein_1634,0.40989750623703003
test_protein_1628,0.0040448149666190147
test_protein_1633,0.19628618657588959
test_protein_1637,0.37113934755325317
test_protein_1640,0.31667545437812805
test_protein_1641,0.37359559535980225
test_protein_1638,0.58416837453842163
test_protein_1639,0.091166257858276367
test_protein_1642,0.23575772345066071
test_protein_1645,0.26569321751594543
test_protein_1644,0.42381006479263306
test_protein_1643,0.42832028865814209
test_protein_1647,1.3439713484331151e-06
test_protein_1650,0.37733903527259827
test_protein_1654,0.02800767682492733
test_protein_1649,0.36157515645027161
test_protein_1653,0.11143745481967926
test_protein_1646,0.30617079138755798
test_protein_1655,0.080080732703208923
test_protein_1652,0.65076875686645508
test_protein_1658,0.47557359933853149
test_protein_1656,0.081753954291343689
test_protein_1657,0.096840962767601013
test_protein_1659,0.0050857570022344589
test_protein_1661,0.016690079122781754
test_protein_1651,0.18161904811859131
test_protein_1648,0.065832987427711487
test_protein_1660,0.54836148023605347
test_protein_1663,0.00017551933706272393
test_protein_1669,0.24322770535945892
test_protein_1672,0.69950288534164429
test_protein_1666,0.42819973826408386
test_protein_1664,0.36950027942657471
test_protein_1667,0.1061573401093483
test_protein_1671,0.7299041748046875
test_protein_1665,0.0058836475946009159
test_protein_1662,0.55250513553619385
test_protein_1674,0.64743566513061523
test_protein_1670,0.69196552038192749
test_protein_1675,0.59064477682113647
test_protein_1673,0.70263928174972534
test_protein_1680,0.86913645267486572
test_protein_1676,0.5537947416305542
test_protein_1679,0.14907954633235931
test_protein_1668,0.17051891982555389
test_protein_1682,0.73880594968795776
test_protein_1677,0.21479108929634094
test_protein_1684,0.08729185163974762
test_protein_1681,0.8283088207244873
test_protein_1683,0.13913142681121826
test_protein_1678,0.41019341349601746
test_protein_1685,0.55240857601165771
test_protein_1687,0.019691085442900658
test_protein_1691,8.0166704719886184e-05
test_protein_1686,0.44333618879318237
test_protein_1689,0.36590239405632019
test_protein_1690,0.19839994609355927
test_protein_1688,0.37472802400588989
test_protein_1695,4.7633807298552711e-07
test_protein_1693,1.0336702871427406e-05
test_protein_1692,0.48104807734489441
test_protein_1701,0.0068857269361615181
test_protein_1698,0.50572121143341064
test_protein_1700,0.32743754982948303
test_protein_1696,0.64586758613586426
test_protein_1697,0.33131441473960876
test_protein_1704,0.24849337339401245
test_protein_1699,0.36123210191726685
test_protein_1705,0.41711911559104919
test_protein_1694,0.5562015175819397
test_protein_1708,2.0047532416356262e-06
test_protein_1707,0.39627277851104736
test_protein_1709,5.9518292800930794e-06
test_protein_1706,0.17559671401977539
test_protein_1702,0.14483238756656647
test_protein_1703,0.415993332862854
test_protein_1710,0.37025165557861328
test_protein_1715,0.96078014373779297
test_protein_1714,0.97684061527252197
test_protein_1712,5.2798943215748295e-05
test_protein_1711,0.51681423187255859
test_protein_1713,0.13637734949588776
test_protein_1720,0.071194246411323547
test_protein_1719,0.22587685286998749
test_protein_1716,0.14498643577098846
test_protein_1722,0.90324693918228149
test_protein_1724,0.94076293706893921
test_protein_1718,0.29998481273651123
test_protein_1723,0.74640583992004395
test_protein_1721,0.46001064777374268
test_protein_1717,0.12102113664150238
test_protein_1725,0.26749500632286072
test_protein_1731,0.6431853175163269
test_protein_1732,0.048211012035608292
test_protein_1730,0.079321689903736115
test_protein_1729,0.30677998065948486
test_protein_1735,0.36215996742248535
test_protein_1733,0.6276170015335083
test_protein_1736,0.28438770771026611
test_protein_1726,0.87215977907180786
test_protein_1728,0.98995310068130493
test_protein_1734,0.25590193271636963
test_protein_1727,0.067281410098075867
test_protein_1738,0.49876478314399719
test_protein_1742,0.44093191623687744
test_protein_1737,0.63578552007675171
test_protein_1739,0.35262951254844666
test_protein_1741,0.99760556221008301
test_protein_1740,0.70377045869827271
test_protein_1745,0.027503296732902527
test_protein_1744,0.24043551087379456
test_protein_1743,0.14229591190814972
test_protein_1752,0.43595519661903381
test_protein_1747,0.40849828720092773
test_protein_1750,0.048246238380670547
test_protein_1746,0.27725422382354736
test_protein_1748,0.18104164302349091
test_protein_1749,0.47864556312561035
test_protein_1751,0.34508398175239563
test_protein_1756,0.22419345378875732
test_protein_1755,0.86350232362747192
test_protein_1753,0.029693432152271271
test_protein_1758,0.092754244804382324
test_protein_1754,0.42432862520217896
test_protein_1757,0.65244114398956299
test_protein_1760,8.3226641436340287e-06
test_protein_1759,0.98251062631607056
test_protein_1761,0.47561857104301453
test_protein_1763,0.37471973896026611
test_protein_1768,0.48342058062553406
test_protein_1764,0.44212827086448669
test_protein_1772,0.33760589361190796
test_protein_1762,0.76559853553771973
test_protein_1766,0.087221868336200714
test_protein_1767,0.1079624816775322
test_protein_1765,0.21681538224220276
test_protein_1771,0.092496797442436218
test_protein_1770,0.081361353397369385
test_protein_1769,0.53666555881500244
test_protein_1774,0.79653477668762207
test_protein_1776,0.47033998370170593
test_protein_1773,0.18918846547603607
test_protein_1779,0.4849206805229187
test_protein_1777,0.33128303289413452
test_protein_1780,0.35234689712524414
test_protein_1782,0.56780505180358887
test_protein_1775,0.42169561982154846
test_protein_1778,0.48984256386756897
test_protein_1783,0.24090056121349335
test_protein_1784,0.20416121184825897
test_protein_1785,0.60751688480377197
test_protein_1781,0.52837049961090088
test_protein_1787,0.65844160318374634
test_protein_1788,0.22970119118690491
test_protein_1790,0.12089209258556366
test_protein_1789,0.18071123957633972
test_protein_1786,0.13479909300804138
test_protein_1795,0.00072026537964120507
test_protein_1792,0.22542600333690643
test_protein_1796,0.0045090136118233204
test_protein_1798,0.010462934151291847
test_protein_1791,0.050278868526220322
test_protein_1797,0.0099129723384976387
test_protein_1802,0.097319222986698151
test_protein_1793,0.53684401512145996
test_protein_1794,0.0021936481352895498
test_protein_1801,0.019018586724996567
test_protein_1800,0.20815569162368774
test_protein_1807,5.3433354878507089e-06
test_protein_1804,0.26590809226036072
test_protein_1805,0.20320490002632141
test_protein_1799,0.0055727697908878326
test_protein_1803,0.33128294348716736
test_protein_1806,0.39810150861740112
test_protein_1808,0.012511626817286015
test_protein_1809,0.010823700577020645
test_protein_1810,0.050598043948411942
test_protein_1813,0.073885835707187653
test_protein_1811,0.51575642824172974
test_protein_1814,0.30886238813400269
test_protein_1815,0.6005394458770752
test_protein_1820,0.66838997602462769
test_protein_1812,0.67783474922180176
test_protein_1816,0.085392281413078308
test_protein_1822,0.25718545913696289
test_protein_1818,0.21766133606433868
test_protein_1826,0.10911012440919876
test_protein_1819,0.33394578099250793
test_protein_1828,0.33562442660331726
test_protein_1831,0.99733549356460571
test_protein_1817,0.086938589811325073
test_protein_1829,0.38183236122131348
test_protein_1824,0.17998692393302917
test_protein_1823,0.33413666486740112
test_protein_1825,0.17544911801815033
test_protein_1821,0.36989998817443848
test_protein_1830,0.067570842802524567
test_protein_1833,0.98073798418045044
test_protein_1837,0.5477796196937561
test_protein_1835,0.94460231065750122
test_protein_1836,0.93234395980834961
test_protein_1827,0.068682998418807983
test_protein_1834,0.83296650648117065
test_protein_1832,0.74930477142333984
test_protein_1840,0.43953919410705566
test_protein_1841,0.59954977035522461
test_protein_1839,0.48450258374214172
test_protein_1846,5.4745135003031464e-07
test_protein_1843,0.034882619976997375
test_protein_1838,0.62933218479156494
test_protein_1845,3.9447550079785287e-05
test_protein_1844,0.0067959800362586975
test_protein_1847,6.2641464637636091e-07
test_protein_1842,0.057703033089637756
test_protein_1849,0.57326585054397583
test_protein_1850,0.64250004291534424
test_protein_1857,0.77390092611312866
test_protein_1852,0.80058425664901733
test_protein_1855,0.44607102870941162
test_protein_1853,0.2711426317691803
test_protein_1848,0.49534142017364502
test_protein_1851,0.69284564256668091
test_protein_1854,0.28828808665275574
test_protein_1856,0.51506030559539795
test_protein_1858,2.3963400963111781e-05
test_protein_1862,0.58420288562774658
test_protein_1861,0.21515637636184692
test_protein_1860,0.17245268821716309
test_protein_1859,0.35526320338249207
test_protein_1863,0.37349697947502136
test_protein_1865,0.24689769744873047
test_protein_1864,0.047121766954660416
test_protein_1870,0.3054029643535614
test_protein_1874,0.11661829054355621
test_protein_1867,0.62983071804046631
test_protein_1868,0.73048311471939087
test_protein_1873,0.27876824140548706
test_protein_1872,0.66060376167297363
test_protein_1877,0.39692226052284241
test_protein_1875,0.063940577208995819
test_protein_1869,0.079348050057888031
test_protein_1871,0.20430928468704224
test_protein_1876,0.81420457363128662
test_protein_1866,0.60354620218276978
test_protein_1879,0.89351403713226318
test_protein_1878,0.5488135814666748
test_protein_1880,0.28767704963684082
test_protein_1881,0.42260473966598511
test_protein_1891,0.17909035086631775
test_protein_1887,0.036587607115507126
test_protein_1889,0.15556277334690094
test_protein_1883,0.46347051858901978
test_protein_1882,0.56120097637176514
test_protein_1884,0.24153280258178711
test_protein_1888,0.44635003805160522
test_protein_1885,0.90020811557769775
test_protein_1886,0.37761396169662476
test_protein_1892,0.42809018492698669
test_protein_1890,0.39525693655014038
test_protein_1895,0.59839409589767456
test_protein_1894,0.84458649158477783
test_protein_1893,0.7476765513420105
test_protein_1898,0.78529214859008789
test_protein_1902,0.63627713918685913
test_protein_1900,0.86599433422088623
test_protein_1897,0.37457624077796936
test_protein_1896,0.96114683151245117
test_protein_1901,0.78618925809860229
test_protein_1909,0.90673315525054932
test_protein_1899,0.48905009031295776
test_protein_1904,0.16346576809883118
test_protein_1911,0.15961438417434692
test_protein_1903,0.79357022047042847
test_protein_1912,0.36779361963272095
test_protein_1907,0.11685241758823395
test_protein_1905,0.19974339008331299
test_protein_1906,0.47917348146438599
test_protein_1908,0.00035016227047890425
test_protein_1910,0.46228408813476562
test_protein_1923,0.045237358659505844
test_protein_1913,0.37481832504272461
test_protein_1914,0.00020093748753424734
test_protein_1919,0.014035277999937534
test_protein_1916,0.2821870744228363
test_protein_1915,0.10518288612365723
test_protein_1918,0.47428584098815918
test_protein_1920,0.45840832591056824
test_protein_1925,0.5531126856803894
test_protein_1924,0.066776357591152191
test_protein_1917,0.28463044762611389
test_protein_1922,0.75872594118118286
test_protein_1926,0.33200532197952271
test_protein_1921,0.071213133633136749
test_protein_1927,0.54304271936416626
test_protein_1933,0.084677614271640778
test_protein_1930,0.9770655632019043
test_protein_1934,0.45409026741981506
test_protein_1929,0.089769117534160614
test_protein_1928,0.68965387344360352
test_protein_1932,0.9754069447517395
test_protein_1931,0.58241844177246094
test_protein_1935,0.0093451784923672676
test_protein_1936,0.0015720969531685114
test_protein_1937,0.0062217698432505131
test_protein_1938,0.054500378668308258
test_protein_1942,0.049813970923423767
test_protein_1939,0.30140632390975952
test_protein_1941,0.065399840474128723
test_protein_1943,0.40258151292800903
test_protein_1940,0.28753229975700378
test_protein_1944,0.083396151661872864
test_protein_1950,0.10128481686115265
test_protein_1946,0.34269040822982788
test_protein_1953,0.43612247705459595
test_protein_1952,0.57541531324386597
test_protein_1948,0.29102405905723572
test_protein_1945,0.20162437856197357
test_protein_1949,0.34712165594100952
test_protein_1947,0.49506106972694397
test_protein_1954,0.44238507747650146
test_protein_1955,0.51585263013839722
test_protein_1956,0.46605667471885681
test_protein_1957,0.52000671625137329
test_protein_1951,0.081062793731689453
test_protein_1961,0.98384594917297363
test_protein_1959,0.38313129544258118
test_protein_1958,0.43349388241767883
test_protein_1960,0.38753506541252136
test_protein_1962,0.71562135219573975
test_protein_1965,0.53617197275161743
test_protein_1963,0.60479450225830078
test_protein_1969,0.16776539385318756
test_protein_1967,0.30451372265815735
test_protein_1964,0.33175081014633179
test_protein_1966,0.40884578227996826
test_protein_1973,0.34863683581352234
test_protein_1972,0.10841690748929977
test_protein_1968,0.62387311458587646
test_protein_1971,0.36579206585884094
test_protein_1970,0.67657011747360229
test_protein_1975,0.37751618027687073
test_protein_1976,0.51055550575256348
test_protein_1978,0.48446807265281677
test_protein_1974,0.28998634219169617
test_protein_1977,0.55281674861907959
test_protein_1981,0.29174071550369263
test_protein_1979,0.49212896823883057
test_protein_1983,0.42258045077323914
test_protein_1980,0.55909252166748047
test_protein_1982,0.41756534576416016
test_protein_1984,0.63192266225814819
test_protein_1990,0.54544121026992798
test_protein_1985,0.73272132873535156
test_protein_1988,0.47183924913406372
test_protein_1986,0.90958625078201294
test_protein_1992,0.51908928155899048
test_protein_1991,0.52337288856506348
test_protein_1996,0.72370946407318115
test_protein_1994,0.51789647340774536
test_protein_1998,0.0029114971403032541
test_protein_1997,0.23589639365673065
test_protein_1995,0.07483980804681778
test_protein_2000,0.10599368810653687
test_protein_2003,0.21622438728809357
test_protein_2004,0.6516183614730835
test_protein_2005,0.0073644444346427917
test_protein_1999,0.019266834482550621
test_protein_2006,0.60476619005203247
test_protein_2007,4.1787343434407376e-06
test_protein_2001,4.038810459405795e-07
test_protein_2012,0.61648482084274292
test_protein_2013,0.61619234085083008
test_protein_2008,0.47257974743843079
test_protein_1989,0.32774823904037476
test_protein_1993,0.71748131513595581
test_protein_2002,0.0017799140186980367
test_protein_2011,0.46724313497543335
test_protein_2009,0.77538365125656128
test_protein_1987,0.10943569988012314
test_protein_2010,0.6410103440284729
test_protein_2018,0.31247168779373169
test_protein_2026,0.4797045886516571
test_protein_2015,0.46871757507324219
test_protein_2025,0.77677828073501587
test_protein_2021,0.092673242092132568
test_protein_2019,0.36938828229904175
test_protein_2029,0.67330038547515869
test_protein_2016,0.68694746494293213
test_protein_2020,0.39333221316337585
test_protein_2024,0.63174062967300415
test_protein_2022,0.94398558139801025
test_protein_2014,0.88618391752243042
test_protein_2017,0.69220346212387085
test_protein_2027,0.66197758913040161
test_protein_2036,0.141031414270401
test_protein_2023,0.65807819366455078
test_protein_2031,0.08201078325510025
test_protein_2034,0.50630813837051392
test_protein_2033,0.55670660734176636
test_protein_2028,0.93130028247833252
test_protein_2032,0.31912073493003845
test_protein_2037,0.50949883460998535
test_protein_2035,0.059427734464406967
test_protein_2030,0.20976841449737549
test_protein_2044,0.50687128305435181
test_protein_2047,0.59580618143081665
test_protein_2039,0.44138053059577942
test_protein_2038,0.48625776171684265
test_protein_2041,0.56891083717346191
test_protein_2043,0.62853246927261353
test_protein_2042,0.70662164688110352
test_protein_2040,0.72612917423248291
test_protein_2045,0.39504310488700867
test_protein_2050,0.31031405925750732
test_protein_2046,0.65537375211715698
test_protein_2059,0.69522970914840698
test_protein_2053,0.83440858125686646
test_protein_2049,0.21851019561290741
test_protein_2058,0.49404054880142212
test_protein_2052,0.94281309843063354
test_protein_2061,0.22708213329315186
test_protein_2054,0.47040045261383057
test_protein_2048,0.28089776635169983
test_protein_2051,0.74777334928512573
test_protein_2055,0.58961832523345947
test_protein_2057,0.61437857151031494
test_protein_2056,0.62008565664291382
test_protein_2060,0.56335908174514771
test_protein_2066,0.095384843647480011
test_protein_2070,0.65959125757217407
test_protein_2062,0.83978080749511719
test_protein_2065,0.2319006621837616
test_protein_2064,0.29301577806472778
test_protein_2068,0.8055877685546875
test_protein_2067,0.35487785935401917
test_protein_2063,0.013629371300339699
test_protein_2072,0.1304783821105957
test_protein_2069,0.3619043231010437
test_protein_2075,0.99504709243774414
test_protein_2080,0.49805328249931335
test_protein_2071,0.49660438299179077
test_protein_2076,0.080230385065078735
test_protein_2074,0.99775862693786621
test_protein_2073,0.37947851419448853
test_protein_2083,0.28341618180274963
test_protein_2077,0.01797018013894558
test_protein_2078,0.021432513371109962
test_protein_2082,0.32616704702377319
test_protein_2079,0.34147253632545471
test_protein_2081,0.28276678919792175
test_protein_2086,0.29061338305473328
test_protein_2084,0.33557689189910889
test_protein_2088,0.65441334247589111
test_protein_2089,0.44820353388786316
test_protein_2085,0.28334715962409973
test_protein_2093,0.35809183120727539
test_protein_2091,0.21666325628757477
test_protein_2087,0.3320649266242981
test_protein_2092,0.41961541771888733
test_protein_2094,0.027691952884197235
test_protein_2101,0.60560512542724609
test_protein_2097,0.24466994404792786
test_protein_2100,0.19125373661518097
test_protein_2096,0.27715978026390076
test_protein_2098,0.58018243312835693
test_protein_2099,0.46741130948066711
test_protein_2103,0.65213996171951294
test_protein_2090,0.41307461261749268
test_protein_2104,0.23251736164093018
test_protein_2102,0.15070086717605591
test_protein_2095,0.56720829010009766
test_protein_2105,0.5816047191619873
test_protein_2106,0.56138569116592407
test_protein_2110,0.42549809813499451
test_protein_2112,0.64823400974273682
test_protein_2107,0.51401472091674805
test_protein_2108,0.31471657752990723
test_protein_2113,0.69950801134109497
test_protein_2109,0.17234541475772858
test_protein_2111,0.43712067604064941
test_protein_2117,0.019228655844926834
test_protein_2116,0.018177228048443794
test_protein_2115,0.029774313792586327
test_protein_2121,0.22919979691505432
test_protein_2114,0.54588091373443604
test_protein_2119,0.51241570711135864
test_protein_2118,0.5599096417427063
test_protein_2120,0.24543718993663788
test_protein_2123,0.66598999500274658
test_protein_2122,0.50964128971099854
test_protein_2127,0.63392174243927002
test_protein_2130,0.42927065491676331
test_protein_2124,0.41331145167350769
test_protein_2126,0.65286767482757568
test_protein_2125,0.049208752810955048
test_protein_2128,0.58104491233825684
test_protein_2129,0.6504892110824585
test_protein_2131,0.90576475858688354
test_protein_2132,0.21946920454502106
test_protein_2137,0.64763110876083374
test_protein_2136,0.36158224940299988
test_protein_2134,0.56586235761642456
test_protein_2135,0.44415724277496338
test_protein_2139,0.24257422983646393
test_protein_2138,0.37811118364334106
test_protein_2133,1.0643179848557338e-07
test_protein_2140,0.013161392882466316
test_protein_2142,0.64331120252609253
test_protein_2144,0.14905151724815369
test_protein_2143,0.22101996839046478
test_protein_2145,0.44465011358261108
test_protein_2150,0.38358438014984131
test_protein_2141,0.60816490650177002
test_protein_2148,0.86625927686691284
test_protein_2152,0.55029839277267456
test_protein_2147,0.63238680362701416
test_protein_2146,0.12251471728086472
test_protein_2149,0.39265668392181396
test_protein_2151,0.6167750358581543
test_protein_2153,0.31406575441360474
test_protein_2154,0.79068464040756226
test_protein_2155,0.43858316540718079
test_protein_2158,0.87807345390319824
test_protein_2157,0.70748335123062134
test_protein_2156,0.41630825400352478
test_protein_2159,0.32935738563537598
test_protein_2160,0.60995423793792725
test_protein_2161,0.048777628690004349
test_protein_2163,0.037294652312994003
test_protein_2165,0.13995401561260223
test_protein_2166,0.79347002506256104
test_protein_2162,5.2719810739176864e-09
test_protein_2167,0.58357864618301392
test_protein_2171,0.36815798282623291
test_protein_2169,0.97252815961837769
test_protein_2174,0.93184155225753784
test_protein_2164,0.57754796743392944
test_protein_2173,0.11385970562696457
test_protein_2170,0.51544171571731567
test_protein_2172,0.73542219400405884
test_protein_2177,0.763965904712677
test_protein_2168,0.40850728750228882
test_protein_2175,0.02186187356710434
test_protein_2176,0.36264592409133911
test_protein_2180,0.56077909469604492
test_protein_2181,0.46644037961959839
test_protein_2185,0.68653720617294312
test_protein_2183,0.028328562155365944
test_protein_2188,0.40225228667259216
test_protein_2191,0.37698096036911011
test_protein_2189,0.53568506240844727
test_protein_2192,0.63921666145324707
test_protein_2193,0.14625981450080872
test_protein_2197,0.62223458290100098
test_protein_2194,0.47359180450439453
test_protein_2195,0.39325079321861267
test_protein_2196,0.4523766040802002
test_protein_2198,0.11521020531654358
test_protein_2190,0.46344637870788574
test_protein_2178,0.37569698691368103
test_protein_2184,0.017817018553614616
test_protein_2187,0.059682708233594894
test_protein_2186,0.049512624740600586
test_protein_2182,0.51942956447601318
test_protein_2179,0.44933447241783142
test_protein_2200,0.17113789916038513
test_protein_2202,0.76149463653564453
test_protein_2204,0.34597986936569214
test_protein_2207,0.089742429554462433
test_protein_2199,0.6110571026802063
test_protein_2208,0.53400224447250366
test_protein_2212,0.18202061951160431
test_protein_2206,0.40494531393051147
test_protein_2210,0.56945747137069702
test_protein_2211,0.2803611159324646
test_protein_2217,0.078201010823249817
test_protein_2218,0.014825609512627125
test_protein_2216,0.13184522092342377
test_protein_2214,0.077931903302669525
test_protein_2215,0.095747120678424835
test_protein_2213,0.26769000291824341
test_protein_2201,0.35935559868812561
test_protein_2205,0.044012680649757385
test_protein_2203,3.3243250072700903e-05
test_protein_2209,0.53356379270553589
test_protein_2220,0.34895509481430054
test_protein_2219,0.059514902532100677
test_protein_2224,0.36124548316001892
test_protein_2221,0.40162360668182373
test_protein_2223,0.24433334171772003
test_protein_2222,0.19670099020004272
test_protein_2227,0.4734056293964386
test_protein_2226,0.74577069282531738
test_protein_2228,0.60214662551879883
test_protein_2225,0.15295089781284332
test_protein_2229,0.4101543128490448
test_protein_2235,0.23810930550098419
test_protein_2232,0.73472827672958374
test_protein_2230,0.56776976585388184
test_protein_2233,0.31445497274398804
test_protein_2234,0.40468394756317139
test_protein_2241,0.37762439250946045
test_protein_2236,0.18818792700767517
test_protein_2240,0.5057607889175415
test_protein_2231,0.083351179957389832
test_protein_2238,0.36386027932167053
test_protein_2239,0.25639107823371887
test_protein_2242,0.366507887840271
test_protein_2243,0.74863743782043457
test_protein_2246,0.21190719306468964
test_protein_2237,0.29797476530075073
test_protein_2244,0.72774583101272583
test_protein_2245,0.94543963670730591
test_protein_2248,0.51130580902099609
test_protein_2247,0.40038129687309265
test_protein_2250,0.25262168049812317
test_protein_2252,0.26447072625160217
test_protein_2249,0.4840141236782074
test_protein_2254,0.9272153377532959
test_protein_2253,0.0018065959447994828
test_protein_2257,0.49337151646614075
test_protein_2255,0.52793395519256592
test_protein_2251,0.20465169847011566
test_protein_2262,0.84424787759780884
test_protein_2259,0.22065815329551697
test_protein_2258,0.85544669628143311
test_protein_2263,0.29500630497932434
test_protein_2256,0.34074518084526062
test_protein_2261,0.46401360630989075
test_protein_2266,0.65036904811859131
test_protein_2265,0.36768606305122375
test_protein_2267,0.96653139591217041
test_protein_2268,0.36497694253921509
test_protein_2264,0.056207858026027679
test_protein_2269,0.5017775297164917
test_protein_2260,0.0014174734242260456
test_protein_2271,0.50770378112792969
test_protein_2270,0.51930171251296997
test_protein_2274,0.56086927652359009
test_protein_2275,0.68444550037384033
test_protein_2273,0.053798571228981018
test_protein_2280,0.28570747375488281
test_protein_2272,0.17330203950405121
test_protein_2276,0.38247475028038025
test_protein_2281,0.64782184362411499
test_protein_2279,0.67898285388946533
test_protein_2278,0.51393383741378784
test_protein_2282,0.81489497423171997
test_protein_2277,0.4943121075630188
test_protein_2291,0.033524386584758759
test_protein_2290,0.099701955914497375
test_protein_2286,0.91062098741531372
test_protein_2288,0.47410160303115845
test_protein_2283,0.87503945827484131
test_protein_2284,0.58851993083953857
test_protein_2285,0.98169958591461182
test_protein_2287,0.5355226993560791
test_protein_2289,0.34522810578346252
test_protein_2295,0.45857784152030945
test_protein_2292,0.61793434619903564
test_protein_2293,0.065101973712444305
test_protein_2294,0.012123893015086651
test_protein_2296,0.68187081813812256
test_protein_2299,0.66547846794128418
test_protein_2298,0.38368189334869385
test_protein_2300,0.34415385127067566
test_protein_2303,0.55383145809173584
test_protein_2297,0.35840359330177307
test_protein_2301,0.069568201899528503
test_protein_2302,0.57450342178344727
test_protein_2304,0.54928022623062134
test_protein_2306,0.3740982711315155
test_protein_2305,0.72507631778717041
test_protein_2314,0.98214077949523926
test_protein_2319,0.66301757097244263
test_protein_2318,0.30292290449142456
test_protein_2307,0.5427626371383667
test_protein_2311,0.099848665297031403
test_protein_2309,0.37358501553535461
test_protein_2312,0.66579234600067139
test_protein_2313,0.10126441717147827
test_protein_2308,0.57249236106872559
test_protein_2310,0.37693321704864502
test_protein_2317,0.50946950912475586
test_protein_2315,0.99774843454360962
test_protein_2321,0.47557917237281799
test_protein_2316,0.51667898893356323
test_protein_2323,0.43635821342468262
test_protein_2320,0.31305122375488281
test_protein_2322,0.59585297107696533
test_protein_2325,0.033209994435310364
test_protein_2327,0.50057190656661987
test_protein_2330,0.56682503223419189
test_protein_2324,0.13536843657493591
test_protein_2328,0.95246893167495728
test_protein_2329,0.11357659101486206
test_protein_2331,0.37926718592643738
test_protein_2326,0.70620691776275635
test_protein_2335,0.3623691201210022
test_protein_2332,0.55781257152557373
test_protein_2333,0.040114589035511017
test_protein_2337,0.51953405141830444
test_protein_2339,0.43705907464027405
test_protein_2341,0.58460313081741333
test_protein_2338,0.25014504790306091
test_protein_2343,0.27672964334487915
test_protein_2340,0.57207304239273071
test_protein_2345,0.77632617950439453
test_protein_2336,0.36922842264175415
test_protein_2334,0.54665625095367432
test_protein_2344,0.99659889936447144
test_protein_2346,0.63053011894226074
test_protein_2342,0.66848665475845337
test_protein_2349,0.14178712666034698
test_protein_2348,0.85535931587219238
test_protein_2350,0.5020369291305542
test_protein_2351,0.52950590848922729
test_protein_2347,0.52867758274078369
test_protein_2352,0.59396463632583618
test_protein_2354,0.63416415452957153
test_protein_2356,0.83438682556152344
test_protein_2353,0.53067988157272339
test_protein_2362,0.32245171070098877
test_protein_2359,0.3627275824546814
test_protein_2358,0.36874759197235107
test_protein_2366,0.00055920513113960624
test_protein_2355,0.60635697841644287
test_protein_2365,0.53307473659515381
test_protein_2357,0.63725286722183228
test_protein_2363,0.58023852109909058
test_protein_2367,0.20835083723068237
test_protein_2369,0.41577732563018799
test_protein_2370,0.62105810642242432
test_protein_2360,0.57932746410369873
test_protein_2364,0.414581298828125
test_protein_2361,0.28603515028953552
test_protein_2368,0.4276411235332489
test_protein_2371,0.001794214709661901
test_protein_2378,0.58411723375320435
test_protein_2372,0.085481658577919006
test_protein_2380,0.57659018039703369
test_protein_2375,0.080330580472946167
test_protein_2374,0.13629604876041412
test_protein_2373,0.50587576627731323
test_protein_2377,0.3402133584022522
test_protein_2381,0.071221902966499329
test_protein_2379,0.37189865112304688
test_protein_2376,0.1945563405752182
test_protein_2384,0.30938106775283813
test_protein_2390,0.49132895469665527
test_protein_2385,0.15667000412940979
test_protein_2382,0.52961057424545288
test_protein_2383,0.59862488508224487
test_protein_2388,0.70012438297271729
test_protein_2387,0.034636996686458588
test_protein_2391,0.10779184103012085
test_protein_2393,0.018920585513114929
test_protein_2386,0.095897331833839417
test_protein_2389,0.32727310061454773
test_protein_2392,0.34192353487014771
test_protein_2396,0.60719656944274902
test_protein_2395,0.57816386222839355
test_protein_2394,0.58436954021453857
test_protein_2398,0.00019698753021657467
test_protein_2402,0.63363581895828247
test_protein_2399,0.51156371831893921
test_protein_2397,0.95411914587020874
test_protein_2409,0.07045571506023407
test_protein_2403,0.019301667809486389
test_protein_2401,0.98600882291793823
test_protein_2404,2.05457422453037e-06
test_protein_2414,0.67453253269195557
test_protein_2405,0.29750725626945496
test_protein_2407,0.85406374931335449
test_protein_2400,0.040202058851718903
test_protein_2406,0.12595142424106598
test_protein_2411,0.63314473628997803
test_protein_2412,0.47359931468963623
test_protein_2415,0.66976195573806763
test_protein_2410,0.48014843463897705
test_protein_2413,0.58139008283615112
test_protein_2416,0.058750126510858536
test_protein_2408,0.2092864066362381
test_protein_2418,0.58447694778442383
test_protein_2419,0.52213490009307861
test_protein_2422,0.067175619304180145
test_protein_2417,0.52304142713546753
test_protein_2421,0.38745895028114319
test_protein_2424,0.80919599533081055
test_protein_2420,0.78793066740036011
test_protein_2423,0.46728271245956421
test_protein_2425,0.94377624988555908
test_protein_2430,0.28348827362060547
test_protein_2426,0.43354278802871704
test_protein_2433,0.64291203022003174
test_protein_2429,0.46407967805862427
test_protein_2428,0.51018780469894409
test_protein_2427,0.62540960311889648
test_protein_2439,0.27776607871055603
test_protein_2434,0.48369482159614563
test_protein_2438,0.71355849504470825
test_protein_2432,0.46630927920341492
test_protein_2440,0.67860770225524902
test_protein_2436,0.63327044248580933
test_protein_2441,0.55549663305282593
test_protein_2437,0.54301333427429199
test_protein_2431,0.48115935921669006
test_protein_2435,0.35147157311439514
test_protein_2442,0.38075673580169678
test_protein_2444,0.015540612861514091
test_protein_2448,0.66084498167037964
test_protein_2446,0.3227730393409729
test_protein_2443,0.31614288687705994
test_protein_2454,0.046599339693784714
test_protein_2447,0.54314625263214111
test_protein_2451,0.012399984523653984
test_protein_2449,0.46174478530883789
test_protein_2445,0.19669646024703979
test_protein_2455,0.42860105633735657
test_protein_2450,0.18711037933826447
test_protein_2452,0.019762931391596794
test_protein_2460,0.1845126748085022
test_protein_2457,0.55096477270126343
test_protein_2453,0.90176737308502197
test_protein_2463,0.49225863814353943
test_protein_2459,0.087004706263542175
test_protein_2456,0.1550038605928421
test_protein_2462,0.45497304201126099
test_protein_2461,0.67515236139297485
test_protein_2466,0.41987884044647217
test_protein_2458,0.99903655052185059
test_protein_2464,0.52733504772186279
test_protein_2465,0.74597364664077759
test_protein_2470,0.38196519017219543
test_protein_2467,0.22288118302822113
test_protein_2468,0.26159974932670593
test_protein_2469,0.089977189898490906
test_protein_2472,0.045351486653089523
test_protein_2471,0.026461746543645859
test_protein_2473,0.44376266002655029
test_protein_2477,0.37229841947555542
test_protein_2474,0.53339391946792603
test_protein_2478,0.75095689296722412
test_protein_2475,0.31203940510749817
test_protein_2480,0.064490050077438354
test_protein_2479,0.46696031093597412
test_protein_2476,0.46810606122016907
test_protein_2482,0.080332353711128235
test_protein_2486,0.45308306813240051
test_protein_2484,0.25203204154968262
test_protein_2481,0.074667260050773621
test_protein_2492,0.33111080527305603
test_protein_2489,0.026484265923500061
test_protein_2487,0.27954557538032532
test_protein_2483,0.99701547622680664
test_protein_2494,0.30540037155151367
test_protein_2488,0.74119424819946289
test_protein_2485,0.50539189577102661
test_protein_2490,0.61987686157226562
test_protein_2493,0.46598923206329346
test_protein_2495,0.51311469078063965
test_protein_2498,0.013726096600294113
test_protein_2491,0.46468141674995422
test_protein_2496,0.47532734274864197
test_protein_2500,0.062604233622550964
test_protein_2499,0.07526765763759613
test_protein_2497,0.22085148096084595
test_protein_2502,0.3631443977355957
test_protein_2501,0.80895191431045532
test_protein_2507,0.12718227505683899
test_protein_2504,0.48631289601325989
test_protein_2503,0.49259102344512939
test_protein_2506,0.74788928031921387
test_protein_2510,0.35991796851158142
test_protein_2511,0.1077297255396843
test_protein_2512,0.48921993374824524
test_protein_2513,0.48049569129943848
test_protein_2509,0.39240050315856934
test_protein_2505,0.73336875438690186
test_protein_2514,0.19873186945915222
test_protein_2508,0.29243594408035278
test_protein_2515,0.60741037130355835
test_protein_2520,0.28622215986251831
test_protein_2524,0.42461252212524414
test_protein_2519,0.26944166421890259
test_protein_2518,0.38508656620979309
test_protein_2517,0.5845409631729126
test_protein_2523,0.71744108200073242
test_protein_2516,0.335948646068573
test_protein_2522,0.52165180444717407
test_protein_2526,0.81271260976791382
test_protein_2521,0.0026697346474975348
test_protein_2528,0.42690098285675049
test_protein_2532,0.1276804655790329
test_protein_2531,0.25101211667060852
test_protein_2529,0.36593812704086304
test_protein_2525,0.19240559637546539
test_protein_2534,0.0015470770886167884
test_protein_2538,0.68823641538619995
test_protein_2530,0.39652064442634583
test_protein_2527,0.57958358526229858
test_protein_2535,0.04123547300696373
test_protein_2537,0.039235502481460571
test_protein_2536,0.38808000087738037
test_protein_2533,3.2772348390608386e-08
test_protein_2543,0.089187078177928925
test_protein_2541,0.17413586378097534
test_protein_2545,0.31998816132545471
test_protein_2539,0.41703066229820251
test_protein_2540,0.38670462369918823
test_protein_2544,0.18848901987075806
test_protein_2546,0.82937812805175781
test_protein_2542,0.26270598173141479
test_protein_2548,5.7099769037449732e-06
test_protein_2547,0.53043824434280396
test_protein_2553,0.76215368509292603
test_protein_2550,0.75898367166519165
test_protein_2549,0.40919089317321777
test_protein_2551,0.21610786020755768
test_protein_2552,0.76391512155532837
test_protein_2561,0.0072170309722423553
test_protein_2557,0.94976550340652466
test_protein_2554,0.53752982616424561
test_protein_2555,0.32694151997566223
test_protein_2559,0.23644647002220154
test_protein_2560,0.0019322074949741364
test_protein_2558,0.17814448475837708
test_protein_2567,0.078395739197731018
test_protein_2570,0.64323151111602783
test_protein_2563,0.99677026271820068
test_protein_2569,0.63036996126174927
test_protein_2562,0.12778075039386749
test_protein_2565,0.48570433259010315
test_protein_2568,0.99934428930282593
test_protein_2572,0.99313157796859741
test_protein_2564,0.99888342618942261
test_protein_2571,0.37705466151237488
test_protein_2573,0.6379547119140625
test_protein_2566,0.25739896297454834
test_protein_2556,0.697670578956604
test_protein_2574,0.55731070041656494
test_protein_2575,0.035050086677074432
test_protein_2576,0.16574639081954956
test_protein_2578,0.57728922367095947
test_protein_2577,0.21395812928676605
test_protein_2579,0.050008606165647507
test_protein_2580,0.09706936776638031
test_protein_2581,0.0083393305540084839
test_protein_2586,0.39083901047706604
test_protein_2582,2.5529383492539637e-05
test_protein_2585,0.66809076070785522
test_protein_2584,0.01149432547390461
test_protein_2583,0.57736480236053467
test_protein_2587,0.80471342802047729
test_protein_2588,0.019310090690851212
test_protein_2589,0.61209940910339355
test_protein_2590,0.47713866829872131
test_protein_2598,1.7167093346870388e-07
test_protein_2599,0.22069001197814941
test_protein_2597,0.64168423414230347
test_protein_2591,0.16037797927856445
test_protein_2601,0.44763410091400146
test_protein_2604,0.31774052977561951
test_protein_2602,0.86413431167602539
test_protein_2603,0.74217873811721802
test_protein_2596,0.92355167865753174
test_protein_2594,0.093074120581150055
test_protein_2593,0.69622516632080078
test_protein_2595,0.37802889943122864
test_protein_2592,4.4557109504239634e-06
test_protein_2600,0.66651731729507446
test_protein_2605,0.55806624889373779
test_protein_2615,0.94183659553527832
test_protein_2607,0.4125029444694519
test_protein_2610,0.62750452756881714
test_protein_2608,0.82550704479217529
test_protein_2613,0.61302119493484497
test_protein_2611,0.77659863233566284
test_protein_2617,0.75449174642562866
test_protein_2614,0.67676466703414917
test_protein_2618,0.53419578075408936
test_protein_2616,0.463329017162323
test_protein_2622,0.57448679208755493
test_protein_2621,0.4860241711139679
test_protein_2623,0.49915769696235657
test_protein_2624,0.40141665935516357
test_protein_2606,0.41653552651405334
test_protein_2619,0.75752586126327515
test_protein_2609,0.9165911078453064
test_protein_2620,0.83786600828170776
test_protein_2612,0.68376338481903076
test_protein_2626,0.67348015308380127
test_protein_2625,0.39021921157836914
test_protein_2632,0.1402946412563324
test_protein_2635,0.31957557797431946
test_protein_2636,0.10406371206045151
test_protein_2634,0.17173193395137787
test_protein_2629,0.20223128795623779
test_protein_2637,0.4270845353603363
test_protein_2639,0.022677343338727951
test_protein_2638,0.025771055370569229
test_protein_2627,0.76820975542068481
test_protein_2641,0.97100090980529785
test_protein_2631,0.082942157983779907
test_protein_2633,0.20161706209182739
test_protein_2642,0.98507130146026611
test_protein_2640,0.43934431672096252
test_protein_2644,0.52087432146072388
test_protein_2643,0.20594041049480438
test_protein_2630,0.42793974280357361
test_protein_2628,0.39872577786445618
test_protein_2645,0.26658505201339722
test_protein_2646,0.059265125542879105
test_protein_2647,0.67580479383468628
test_protein_2652,0.62323635816574097
test_protein_2651,0.57880181074142456
test_protein_2649,0.23298437893390656
test_protein_2650,0.46375930309295654
test_protein_2653,0.34935486316680908
test_protein_2648,0.60504835844039917
test_protein_2657,0.09755021333694458
test_protein_2656,0.41973847150802612
test_protein_2654,0.032529469579458237
test_protein_2659,0.66312015056610107
test_protein_2658,0.4497431218624115
test_protein_2661,0.42993739247322083
test_protein_2660,0.52604568004608154
test_protein_2665,0.40436992049217224
test_protein_2666,0.55119258165359497
test_protein_2655,0.12871479988098145
test_protein_2667,0.34993061423301697
test_protein_2664,0.062770545482635498
test_protein_2668,0.35018238425254822
test_protein_2662,0.32957682013511658
test_protein_2663,0.29856252670288086
test_protein_2669,0.62862664461135864
test_protein_2676,0.46415695548057556
test_protein_2670,0.46370106935501099
test_protein_2674,0.66991192102432251
test_protein_2673,0.31427538394927979
test_protein_2672,0.61791640520095825
test_protein_2671,0.71864169836044312
test_protein_2675,0.45083639025688171
test_protein_2677,0.5326610803604126
test_protein_2682,0.51930367946624756
test_protein_2680,0.36739671230316162
test_protein_2685,0.74955946207046509
test_protein_2681,0.91329497098922729
test_protein_2679,0.91650110483169556
test_protein_2689,0.50421422719955444
test_protein_2684,0.47767972946166992
test_protein_2678,0.30976000428199768
test_protein_2688,0.2053530216217041
test_protein_2691,0.00025590125005692244
test_protein_2686,0.44406169652938843
test_protein_2683,0.5316089391708374
test_protein_2690,0.55979448556900024
test_protein_2695,0.16523085534572601
test_protein_2687,0.42725321650505066
test_protein_2694,0.67683076858520508
test_protein_2693,0.4796372652053833
test_protein_2692,0.51344418525695801
test_protein_2696,0.22411341965198517
test_protein_2697,0.12059109658002853
test_protein_2702,0.81639748811721802
test_protein_2704,0.35317888855934143
test_protein_2699,0.21878878772258759
test_protein_2698,1.591338514117524e-05
test_protein_2709,0.45207059383392334
test_protein_2701,7.2057786404400304e-09
test_protein_2703,0.22483459115028381
test_protein_2705,0.60704946517944336
test_protein_2700,0.25947755575180054
test_protein_2706,0.31348133087158203
test_protein_2707,0.28626912832260132
test_protein_2710,0.15113092958927155
test_protein_2711,0.53656584024429321
test_protein_2713,0.185429647564888
test_protein_2708,0.00030416584922932088
test_protein_2715,0.0025590455625206232
test_protein_2718,0.92204868793487549
test_protein_2712,0.55711156129837036
test_protein_2714,0.094673395156860352
test_protein_2719,0.069739587604999542
test_protein_2721,0.65723115205764771
test_protein_2716,0.59022301435470581
test_protein_2717,0.52322912216186523
test_protein_2720,0.93680614233016968
test_protein_2723,0.38001254200935364
test_protein_2722,0.36801663041114807
test_protein_2726,0.51218658685684204
test_protein_2729,0.56136053800582886
test_protein_2724,0.4415680468082428
test_protein_2730,0.93357998132705688
test_protein_2732,0.5582316517829895
test_protein_2728,0.9483335018157959
test_protein_2727,0.1031971350312233
test_protein_2731,0.65129697322845459
test_protein_2734,0.016303546726703644
test_protein_2739,0.053233664482831955
test_protein_2725,0.58281421661376953
test_protein_2738,0.088991455733776093
test_protein_2736,0.39529398083686829
test_protein_2737,0.23723725974559784
test_protein_2733,0.34469506144523621
test_protein_2743,0.015962604433298111
test_protein_2740,0.018616426736116409
test_protein_2741,0.00017474817286711186
test_protein_2735,0.67004579305648804
test_protein_2742,0.80176806449890137
test_protein_2744,0.47634455561637878
test_protein_2747,0.1483462005853653
test_protein_2748,0.25555142760276794
test_protein_2746,0.29877611994743347
test_protein_2745,0.7332349419593811
test_protein_2749,0.082913309335708618
test_protein_2750,0.044238593429327011
test_protein_2752,0.99909329414367676
test_protein_2757,0.72524940967559814
test_protein_2756,0.6185678243637085
test_protein_2753,0.49345803260803223
test_protein_2758,0.99624180793762207
test_protein_2759,0.76499462127685547
test_protein_2761,0.30409660935401917
test_protein_2760,0.64584040641784668
test_protein_2766,0.80656886100769043
test_protein_2768,0.49234777688980103
test_protein_2763,0.16727079451084137
test_protein_2771,0.82152354717254639
test_protein_2770,0.18770398199558258
test_protein_2772,0.82528394460678101
test_protein_2774,0.2568419873714447
test_protein_2767,0.41243955492973328
test_protein_2769,0.25340116024017334
test_protein_2762,0.39581090211868286
test_protein_2764,0.63934528827667236
test_protein_2773,0.15745110809803009
test_protein_2754,0.54673165082931519
test_protein_2765,0.71224051713943481
test_protein_2751,0.007569062989205122
test_protein_2755,0.80177921056747437
test_protein_2777,0.44937422871589661
test_protein_2775,0.080743752419948578
test_protein_2779,0.019299238920211792
test_protein_2780,0.7409781813621521
test_protein_2782,0.25330314040184021
test_protein_2783,0.69849556684494019
test_protein_2784,0.82345712184906006
test_protein_2781,0.012899528257548809
test_protein_2786,0.81388038396835327
test_protein_2785,0.63875603675842285
test_protein_2787,0.042855001986026764
test_protein_2789,0.56296169757843018
test_protein_2788,0.86136543750762939
test_protein_2790,0.24198226630687714
test_protein_2793,0.010706513188779354
test_protein_2794,0.18562628328800201
test_protein_2792,0.13300451636314392
test_protein_2795,0.35306036472320557
test_protein_2797,3.5152470445609652e-06
test_protein_2776,0.46961688995361328
test_protein_2796,0.037172101438045502
test_protein_2791,0.91194421052932739
test_protein_2778,0.68232691287994385
test_protein_2801,0.52428847551345825
test_protein_2800,0.54273265600204468
test_protein_2799,0.0053357928991317749
test_protein_2798,0.38939020037651062
test_protein_2808,0.84260702133178711
test_protein_2803,0.54457938671112061
test_protein_2805,0.59792280197143555
test_protein_2802,2.2374661057256162e-06
test_protein_2806,0.17046359181404114
test_protein_2810,0.090332552790641785
test_protein_2804,0.43406966328620911
test_protein_2811,0.43512889742851257
test_protein_2807,0.38914778828620911
test_protein_2812,0.54963487386703491
test_protein_2815,6.6532469645608217e-05
test_protein_2820,0.44434285163879395
test_protein_2819,0.0061989654786884785
test_protein_2823,0.26338440179824829
test_protein_2814,0.61518555879592896
test_protein_2821,0.60135155916213989
test_protein_2816,0.86840128898620605
test_protein_2809,0.59417814016342163
test_protein_2818,0.6327739953994751
test_protein_2817,0.43157148361206055
test_protein_2813,0.0094878645613789558
test_protein_2822,0.62327837944030762
test_protein_2824,0.00013006431981921196
test_protein_2826,0.014260951429605484
test_protein_2831,0.91415309906005859
test_protein_2829,0.4803239107131958
test_protein_2825,0.48694229125976562
test_protein_2828,0.6895211935043335
test_protein_2830,0.99727481603622437
test_protein_2827,0.0040128286927938461
test_protein_2832,0.76266276836395264
test_protein_2838,0.79396885633468628
test_protein_2837,0.95674979686737061
test_protein_2840,0.17231981456279755
test_protein_2834,0.60541808605194092
test_protein_2833,0.21183225512504578
test_protein_2842,0.0064265350811183453
test_protein_2841,0.36866942048072815
test_protein_2845,0.8398926854133606
test_protein_2846,8.7525097569596255e-07
test_protein_2847,0.31867066025733948
test_protein_2844,3.482374040686409e-06
test_protein_2836,0.69766682386398315
test_protein_2839,0.40972572565078735
test_protein_2843,0.42123961448669434
test_protein_2848,7.1753183874534443e-06
test_protein_2835,0.4307824969291687
test_protein_2850,0.16076661646366119
test_protein_2851,0.027248136699199677
test_protein_2849,0.99951350688934326
test_protein_2856,0.037955772131681442
test_protein_2855,0.12436503171920776
test_protein_2860,0.060566253960132599
test_protein_2859,0.26163557171821594
test_protein_2854,0.064182132482528687
test_protein_2853,0.36304539442062378
test_protein_2858,0.162823885679245
test_protein_2862,0.059025570750236511
test_protein_2866,0.168498694896698
test_protein_2863,0.011986304074525833
test_protein_2865,0.35717085003852844
test_protein_2870,0.095974341034889221
test_protein_2869,0.081944085657596588
test_protein_2864,0.45147508382797241
test_protein_2868,0.58810168504714966
test_protein_2872,0.0052180215716362
test_protein_2867,0.027903398498892784
test_protein_2852,0.15583619475364685
test_protein_2871,0.37891468405723572
test_protein_2857,0.84239345788955688
test_protein_2861,0.68210333585739136
test_protein_2873,0.0027067631017416716
test_protein_2874,0.76060354709625244
test_protein_2875,0.13522092998027802
test_protein_2877,0.18772228062152863
test_protein_2878,0.025199329480528831
test_protein_2876,0.23851035535335541
test_protein_2882,0.60382044315338135
test_protein_2879,0.44350126385688782
test_protein_2887,0.7871253490447998
test_protein_2881,0.30836138129234314
test_protein_2889,0.72239333391189575
test_protein_2886,0.0088850837200880051
test_protein_2885,0.49693447351455688
test_protein_2884,0.10646062344312668
test_protein_2892,0.094020262360572815
test_protein_2891,0.40606650710105896
test_protein_2880,0.059602502733469009
test_protein_2883,0.0016528118867427111
test_protein_2896,0.16619160771369934
test_protein_2890,0.056661881506443024
test_protein_2888,0.0084706777706742287
test_protein_2895,0.50122767686843872
test_protein_2893,0.0037791111972182989
test_protein_2900,0.0031655156053602695
test_protein_2894,0.022249547764658928
test_protein_2897,0.56954073905944824
test_protein_2902,0.94873696565628052
test_protein_2899,0.74057424068450928
test_protein_2901,0.027197068557143211
test_protein_2898,0.24756479263305664
test_protein_2908,0.088281936943531036
test_protein_2903,0.0057784570381045341
test_protein_2910,0.15257155895233154
test_protein_2905,0.027008850127458572
test_protein_2907,0.11481863260269165
test_protein_2912,0.002067245077341795
test_protein_2909,0.28932562470436096
test_protein_2904,0.64959347248077393
test_protein_2906,0.26136261224746704
test_protein_2917,0.82138580083847046
test_protein_2915,0.023233711719512939
test_protein_2916,0.0093902172520756721
test_protein_2913,0.54230546951293945
test_protein_2911,0.31657877564430237
test_protein_2914,0.55458688735961914
test_protein_2918,0.038775041699409485
test_protein_2921,0.07447514683008194
test_protein_2920,0.001286604325287044
test_protein_2925,0.095858894288539886
test_protein_2919,0.3570580780506134
test_protein_2923,0.20781707763671875
test_protein_2922,0.99930393695831299
test_protein_2924,0.18108649551868439
test_protein_2930,0.903789222240448
test_protein_2931,0.15886689722537994
test_protein_2926,0.7054552435874939
test_protein_2928,0.077200591564178467
test_protein_2929,0.097071796655654907
test_protein_2927,0.4330737292766571
test_protein_2933,0.19617241621017456
test_protein_2932,0.31459924578666687
test_protein_2935,0.066154666244983673
test_protein_2936,0.62973207235336304
test_protein_2938,0.9770391583442688
test_protein_2934,0.28080743551254272
test_protein_2940,0.054175719618797302
test_protein_2946,0.49163976311683655
test_protein_2937,0.99638485908508301
test_protein_2947,0.56030213832855225
test_protein_2942,0.84479683637619019
test_protein_2944,0.51547139883041382
test_protein_2945,0.28764748573303223
test_protein_2941,0.72116303443908691
test_protein_2939,0.093825958669185638
test_protein_2943,0.92393606901168823
test_protein_2948,0.49404332041740417
test_protein_2951,0.3951452374458313
test_protein_2950,0.98683375120162964
test_protein_2949,0.68584102392196655
test_protein_2953,0.62405431270599365
test_protein_2954,0.17780819535255432
test_protein_2957,0.23078820109367371
test_protein_2961,1.0672202961359289e-06
test_protein_2956,0.65634834766387939
test_protein_2958,0.32711336016654968
test_protein_2952,0.3316461443901062
test_protein_2962,0.040353208780288696
test_protein_2960,0.092139348387718201
test_protein_2959,0.10710490494966507
test_protein_2968,0.00050254218513146043
test_protein_2955,0.022949287667870522
test_protein_2965,0.018233541399240494
test_protein_2966,0.54832762479782104
test_protein_2963,0.20422029495239258
test_protein_2964,0.058517016470432281
test_protein_2974,0.057432178407907486
test_protein_2973,0.6238064169883728
test_protein_2970,0.0037045644130557775
test_protein_2971,0.6592179536819458
test_protein_2969,0.16982120275497437
test_protein_2972,0.1732918918132782
test_protein_2967,0.55093443393707275
test_protein_2975,0.68926709890365601
test_protein_2977,0.013990254141390324
test_protein_2976,0.011362099088728428
test_protein_2983,0.65732693672180176
test_protein_2979,0.99712234735488892
test_protein_2978,0.36137905716896057
test_protein_2980,0.30729064345359802
test_protein_2981,0.57319843769073486
test_protein_2982,0.37224516272544861
test_protein_2986,0.75283545255661011
test_protein_2985,0.963581383228302
test_protein_2987,0.010250895284116268
test_protein_2988,0.69881325960159302
test_protein_2990,0.66621291637420654
test_protein_2989,0.61569762229919434
test_protein_2984,0.26057621836662292
test_protein_2993,0.95398819446563721
test_protein_2994,0.37047857046127319
test_protein_2991,0.012155314907431602
test_protein_2992,0.65673232078552246
test_protein_2997,0.40043684840202332
test_protein_2996,0.24367085099220276
test_protein_2998,0.087035618722438812
test_protein_2995,0.19231554865837097
test_protein_3005,0.9065864086151123
test_protein_3001,0.9919285774230957
test_protein_3002,0.51938647031784058
test_protein_3004,0.6931186318397522
test_protein_3000,0.81576097011566162
test_protein_2999,0.9999992847442627
test_protein_3007,0.080861367285251617
test_protein_3003,0.2433018684387207
test_protein_3006,0.35020735859870911
test_protein_3010,0.64781820774078369
test_protein_3012,0.12113698571920395
test_protein_3011,0.13978123664855957
test_protein_3008,0.7018013596534729
test_protein_3014,0.032261773943901062
test_protein_3009,0.36495658755302429
test_protein_3018,0.81949812173843384
test_protein_3017,0.35870712995529175
test_protein_3015,0.54645693302154541
test_protein_3016,0.0071533136069774628
test_protein_3020,0.12268908321857452
test_protein_3019,0.79828304052352905
test_protein_3013,0.99524456262588501
test_protein_3021,0.48215693235397339
test_protein_3022,0.60443973541259766
test_protein_3025,0.94379204511642456
test_protein_3028,0.99900084733963013
test_protein_3024,0.66545641422271729
test_protein_3026,0.60105222463607788
test_protein_3027,0.95914959907531738
test_protein_3029,0.90426689386367798
test_protein_3033,0.77120810747146606
test_protein_3023,0.9982178807258606
test_protein_3034,0.99967598915100098
test_protein_3031,0.83025580644607544
test_protein_3041,0.89390665292739868
test_protein_3035,1
test_protein_3030,0.9266970157623291
test_protein_3032,0.065537646412849426
test_protein_3038,0.11035136133432388
test_protein_3037,0.31594410538673401
test_protein_3039,0.99987852573394775
test_protein_3045,0.2449459433555603
test_protein_3043,0.75618499517440796
test_protein_3040,0.99985945224761963
test_protein_3036,0.97024023532867432
test_protein_3042,0.20282936096191406
test_protein_3047,0.7640799880027771
test_protein_3044,0.87336808443069458
test_protein_3046,0.76593488454818726
test_protein_3051,0.84617155790328979
test_protein_3049,0.1150500699877739
test_protein_3048,0.89209413528442383
test_protein_3054,0.99759763479232788
test_protein_3055,0.9904446005821228
test_protein_3052,0.46602177619934082
test_protein_3053,0.87275505065917969
test_protein_3050,0.71194815635681152
test_protein_3061,0.88898450136184692
test_protein_3063,0.98827922344207764
test_protein_3062,0.97439450025558472
test_protein_3056,0.96742993593215942
test_protein_3060,0.99297672510147095
test_protein_3065,0.49840477108955383
test_protein_3057,0.81074005365371704
test_protein_3064,0.60808789730072021
test_protein_3058,0.3102976381778717
test_protein_3067,0.80025583505630493
test_protein_3066,0.11576173454523087
test_protein_3071,0.35240241885185242
test_protein_3068,0.95489287376403809
test_protein_3059,0.59948629140853882
test_protein_3075,0.95115369558334351
test_protein_3076,0.62323719263076782
test_protein_3073,0.9999995231628418
test_protein_3077,0.23233048617839813
test_protein_3072,0.75564038753509521
test_protein_3070,0.97459429502487183
test_protein_3069,0.5398525595664978
test_protein_3079,0.80048435926437378
test_protein_3074,0.9998210072517395
test_protein_3078,0.45993965864181519
test_protein_3083,0.92679125070571899
test_protein_3081,0.71754193305969238
test_protein_3082,0.74240618944168091
test_protein_3080,0.99974900484085083
test_protein_3086,0.92720180749893188
test_protein_3085,0.595073401927948
test_protein_3088,0.92034149169921875
test_protein_3087,0.047482915222644806
test_protein_3097,0.012327616102993488
test_protein_3084,0.48131164908409119
test_protein_3089,0.93797117471694946
test_protein_3091,0.93382948637008667
test_protein_3093,0.79476577043533325
test_protein_3098,0.85537344217300415
test_protein_3092,0.78923875093460083
test_protein_3090,0.86313766241073608
test_protein_3094,0.87411391735076904
test_protein_3096,0.7270624041557312
test_protein_3099,0.31266844272613525
test_protein_3095,0.50286829471588135
test_protein_3105,0.671531081199646
test_protein_3103,0.59435021877288818
test_protein_3106,0.016723880544304848
test_protein_3110,0.018998622894287109
test_protein_3107,0.026326566934585571
test_protein_3102,0.62754559516906738
test_protein_3100,0.51491832733154297
test_protein_3109,0.13860221207141876
test_protein_3101,0.00032496082712896168
test_protein_3104,0.032957714051008224
test_protein_3108,0.36530163884162903
test_protein_3111,0.26838439702987671
test_protein_3116,0.089832514524459839
test_protein_3114,0.36240804195404053
test_protein_3122,0.0073695783503353596
test_protein_3117,0.12137792259454727
test_protein_3121,0.032517459243535995
test_protein_3115,0.031104901805520058
test_protein_3113,0.0063103395514190197
test_protein_3118,0.0011063546407967806
test_protein_3119,0.020500518381595612
test_protein_3112,0.87771451473236084
test_protein_3127,0.35488024353981018
test_protein_3124,0.3172747790813446
test_protein_3126,0.0054668267257511616
test_protein_3120,0.0017897563520818949
test_protein_3123,0.17511445283889771
test_protein_3125,0.10083109140396118
test_protein_3128,0.30905511975288391
test_protein_3129,0.051718033850193024
test_protein_3131,0.10460025072097778
test_protein_3134,0.36789509654045105
test_protein_3130,0.0099247591570019722
test_protein_3135,0.45134252309799194
test_protein_3132,0.63831913471221924
test_protein_3133,0.46212008595466614
test_protein_3137,0.0048598297871649265
test_protein_3139,0.063618607819080353
test_protein_3140,0.076423965394496918
test_protein_3136,0.27523431181907654
test_protein_3138,0.0081096664071083069
test_protein_3141,0.12730565667152405
test_protein_3145,0.0082980860024690628
test_protein_3144,0.051324900239706039
test_protein_3142,0.1185574010014534
test_protein_3146,0.52596676349639893
test_protein_3148,0.64257675409317017
test_protein_3151,0.34567296504974365
test_protein_3150,0.99830949306488037
test_protein_3147,0.74791908264160156
test_protein_3143,0.23465999960899353
test_protein_3149,0.49127745628356934
test_protein_3154,2.7788013539975509e-05
test_protein_3156,0.30415484309196472
test_protein_3152,0.49979376792907715
test_protein_3157,0.4279053807258606
test_protein_3158,0.38544923067092896
test_protein_3159,0.58881103992462158
test_protein_3160,0.16517002880573273
test_protein_3155,0.085136286914348602
test_protein_3162,0.8949769139289856
test_protein_3153,0.40191781520843506
test_protein_3165,0.45307379961013794
test_protein_3163,0.76427024602890015
test_protein_3161,0.097109921276569366
test_protein_3164,0.42359328269958496
test_protein_3167,0.074941292405128479
test_protein_3166,0.19047755002975464
test_protein_3169,0.054027564823627472
test_protein_3173,0.010836875066161156
test_protein_3168,0.10345315188169479
test_protein_3171,0.2957567572593689
test_protein_3170,0.011110979132354259
test_protein_3172,0.54295617341995239
test_protein_3182,0.22538499534130096
test_protein_3180,0.12699112296104431
test_protein_3176,0.1348579078912735
test_protein_3185,0.98507755994796753
test_protein_3178,0.57749247550964355
test_protein_3179,0.59072250127792358
test_protein_3175,0.037957094609737396
test_protein_3177,0.066444970667362213
test_protein_3174,0.43727600574493408
test_protein_3181,0.53436535596847534
test_protein_3184,0.20115426182746887
test_protein_3186,0.78289008140563965
test_protein_3187,0.22615516185760498
test_protein_3193,0.94116169214248657
test_protein_3191,0.62520778179168701
test_protein_3195,0.49217042326927185
test_protein_3189,0.50634944438934326
test_protein_3188,0.2392638772726059
test_protein_3183,0.13731029629707336
test_protein_3198,0.94957613945007324
test_protein_3190,0.38474917411804199
test_protein_3196,0.76095706224441528
test_protein_3192,0.29914811253547668
test_protein_3194,0.061081118881702423
test_protein_3197,0.22221361100673676
test_protein_3199,0.6137654185295105
test_protein_3200,0.12297455966472626
test_protein_3201,0.4465232789516449
test_protein_3206,0.63095384836196899
test_protein_3203,0.80664104223251343
test_protein_3210,0.75692087411880493
test_protein_3204,0.47078657150268555
test_protein_3202,0.65603184700012207
test_protein_3209,0.2150920033454895
test_protein_3205,0.91214776039123535
test_protein_3213,0.065811805427074432
test_protein_3207,0.56242620944976807
test_protein_3211,5.7294088037451729e-05
test_protein_3214,0.38141444325447083
test_protein_3208,0.63028937578201294
test_protein_3212,0.59666144847869873
test_protein_3216,0.00045781579683534801
test_protein_3219,0.51676958799362183
test_protein_3217,0.089715175330638885
test_protein_3218,0.55443966388702393
test_protein_3223,0.34362336993217468
test_protein_3215,0.74487656354904175
test_protein_3222,0.69172406196594238
test_protein_3224,0.82202255725860596
test_protein_3221,0.50421327352523804
test_protein_3227,0.15710729360580444
test_protein_3226,0.3769456148147583
test_protein_3220,0.60054725408554077
test_protein_3225,0.0071843811310827732
test_protein_3232,0.017709022387862206
test_protein_3234,0.2983669638633728
test_protein_3228,1.107389743992826e-05
test_protein_3230,0.26101362705230713
test_protein_3231,0.50405710935592651
test_protein_3229,0.25600811839103699
test_protein_3235,0.3479810357093811
test_protein_3233,0.28031653165817261
test_protein_3238,0.56959754228591919
test_protein_3236,0.55239760875701904
test_protein_3237,0.2620367705821991
test_protein_3239,0.98428922891616821
test_protein_3242,0.87877547740936279
test_protein_3240,0.88790053129196167
test_protein_3241,0.97459942102432251
test_protein_3246,0.68170809745788574
test_protein_3245,0.60388648509979248
test_protein_3250,0.87962561845779419
test_protein_3252,0.98827105760574341
test_protein_3243,0.58976554870605469
test_protein_3249,0.69958782196044922
test_protein_3248,0.4916551411151886
test_protein_3244,0.56626898050308228
test_protein_3247,0.074158035218715668
test_protein_3251,0.99425828456878662
test_protein_3260,0.60257953405380249
test_protein_3257,0.9266057014465332
test_protein_3258,0.74272710084915161
test_protein_3261,0.8379591703414917
test_protein_3259,0.71851307153701782
test_protein_3264,0.8360024094581604
test_protein_3263,0.092477835714817047
test_protein_3262,0.77868342399597168
test_protein_3268,0.73369640111923218
test_protein_3265,0.17151288688182831
test_protein_3274,0.57887566089630127
test_protein_3270,0.96786177158355713
test_protein_3267,0.13973739743232727
test_protein_3275,0.88399183750152588
test_protein_3273,0.97882735729217529
test_protein_3271,0.7362249493598938
test_protein_3272,0.83953863382339478
test_protein_3255,0.78019839525222778
test_protein_3256,0.092679157853126526
test_protein_3269,0.74210882186889648
test_protein_3266,0.89260262250900269
test_protein_3253,0.94272387027740479
test_protein_3254,0.77182203531265259
test_protein_3282,0.3210490345954895
test_protein_3276,0.84275168180465698
test_protein_3277,0.49248719215393066
test_protein_3281,0.5341796875
test_protein_3283,0.25931769609451294
test_protein_3288,0.27948054671287537
test_protein_3284,0.78413265943527222
test_protein_3291,0.192095547914505
test_protein_3289,0.66377633810043335
test_protein_3285,0.40700727701187134
test_protein_3295,0.83631855249404907
test_protein_3286,0.68886828422546387
test_protein_3294,0.42336547374725342
test_protein_3296,0.60884368419647217
test_protein_3292,0.24175043404102325
test_protein_3297,0.4389096200466156
test_protein_3287,0.62792998552322388
test_protein_3293,0.47106501460075378
test_protein_3290,0.61487406492233276
test_protein_3279,0.23190230131149292
test_protein_3278,0.60698723793029785
test_protein_3280,0.73202747106552124
test_protein_3302,0.61340808868408203
test_protein_3298,0.31485685706138611
test_protein_3299,0.43195381760597229
test_protein_3300,0.35711166262626648
test_protein_3301,0.40628924965858459
test_protein_3304,0.20795629918575287
test_protein_3303,0.37108421325683594
test_protein_3306,0.5879051685333252
test_protein_3305,0.34911152720451355
test_protein_3312,0.77267730236053467
test_protein_3309,0.43860569596290588
test_protein_3308,0.31683972477912903
test_protein_3307,0.6387060284614563
test_protein_3314,0.58274495601654053
test_protein_3313,0.12013361603021622
test_protein_3315,0.33395552635192871
test_protein_3310,0.29175588488578796
test_protein_3311,0.30244505405426025
test_protein_3316,0.42082652449607849
test_protein_3317,0.32601213455200195
test_protein_3323,0.26094666123390198
test_protein_3321,0.63504761457443237
test_protein_3318,0.46790093183517456
test_protein_3322,0.9638524055480957
test_protein_3319,0.3790132999420166
test_protein_3320,0.15404708683490753
test_protein_3326,0.20851963758468628
test_protein_3330,0.5505831241607666
test_protein_3325,4.0208346945291851e-06
test_protein_3328,0.48108816146850586
test_protein_3333,0.34732282161712646
test_protein_3324,0.47407591342926025
test_protein_3334,0.4876883327960968
test_protein_3327,0.40436857938766479
test_protein_3332,0.45420834422111511
test_protein_3329,0.74424022436141968
test_protein_3336,0.82387632131576538
test_protein_3331,0.44262555241584778
test_protein_3340,0.49125698208808899
test_protein_3335,0.86917471885681152
test_protein_3337,0.38001525402069092
test_protein_3338,0.64993947744369507
test_protein_3342,0.38738223910331726
test_protein_3339,0.18951673805713654
test_protein_3341,0.3303045928478241
test_protein_3348,0.27561613917350769
test_protein_3347,0.5586850643157959
test_protein_3355,0.83347851037979126
test_protein_3354,0.32891136407852173
test_protein_3343,0.41587507724761963
test_protein_3345,0.41795489192008972
test_protein_3357,0.65509980916976929
test_protein_3353,0.45055881142616272
test_protein_3349,0.18816150724887848
test_protein_3344,0.42585679888725281
test_protein_3351,0.34675118327140808
test_protein_3352,0.50206673145294189
test_protein_3350,0.3436129093170166
test_protein_3346,0.57427805662155151
test_protein_3356,0.52029359340667725
test_protein_3361,0.44447872042655945
test_protein_3359,0.49206924438476562
test_protein_3364,0.15832024812698364
test_protein_3365,0.54725784063339233
test_protein_3362,0.40732893347740173
test_protein_3358,0.72198212146759033
test_protein_3363,0.65195125341415405
test_protein_3366,0.21282298862934113
test_protein_3360,0.45160952210426331
test_protein_3367,0.33378562331199646
test_protein_3368,0.46861532330513
test_protein_3370,0.34582588076591492
test_protein_3369,0.71955949068069458
test_protein_3371,0.049561470746994019
test_protein_3376,0.55688047409057617
test_protein_3372,0.35797971487045288
test_protein_3375,0.7259145975112915
test_protein_3373,0.32769802212715149
test_protein_3380,0.96519994735717773
test_protein_3382,0.40650671720504761
test_protein_3377,0.64120936393737793
test_protein_3384,0.00026172326761297882
test_protein_3379,0.29711577296257019
test_protein_3381,0.97961604595184326
test_protein_3374,0.43369442224502563
test_protein_3378,0.58273357152938843
test_protein_3383,0.0037472271360456944
test_protein_3387,0.20797763764858246
test_protein_3388,0.30634266138076782
test_protein_3389,0.28059887886047363
test_protein_3386,0.40313190221786499
test_protein_3385,0.18410880863666534
test_protein_3390,0.48179787397384644
test_protein_3391,0.30740627646446228
test_protein_3393,0.65472114086151123
test_protein_3395,0.41793066263198853
test_protein_3394,0.098473876714706421
test_protein_3399,0.43694484233856201
test_protein_3397,0.23143063485622406
test_protein_3392,0.023465095087885857
test_protein_3396,0.20792408287525177
test_protein_3398,0.29187697172164917
test_protein_3406,0.26684296131134033
test_protein_3402,0.3270280659198761
test_protein_3405,0.024109417572617531
test_protein_3400,0.37470492720603943
test_protein_3403,0.70973700284957886
test_protein_3401,0.80368655920028687
test_protein_3407,0.066062815487384796
test_protein_3404,0.97858870029449463
test_protein_3411,0.97403717041015625
test_protein_3408,0.56707382202148438
test_protein_3409,0.50680702924728394
test_protein_3415,0.16138450801372528
test_protein_3410,0.27231431007385254
test_protein_3414,0.19969415664672852
test_protein_3416,0.49336349964141846
test_protein_3412,0.059379063546657562
test_protein_3417,0.0015697486232966185
test_protein_3413,0.21307693421840668
test_protein_3418,0.0038238405250012875
test_protein_3421,0.99785184860229492
test_protein_3423,0.6797216534614563
test_protein_3419,0.95217311382293701
test_protein_3425,0.51195210218429565
test_protein_3424,0.95202690362930298
test_protein_3422,0.9178500771522522
test_protein_3429,0.51390320062637329
test_protein_3420,0.31448405981063843
test_protein_3428,0.47935402393341064
test_protein_3430,0.2948971688747406
test_protein_3432,0.52237153053283691
test_protein_3436,0.54548370838165283
test_protein_3439,0.3004535436630249
test_protein_3433,0.29890269041061401
test_protein_3438,0.18463203310966492
test_protein_3443,0.72197604179382324
test_protein_3442,0.39276582002639771
test_protein_3444,0.41613993048667908
test_protein_3440,0.86929446458816528
test_protein_3441,0.29708775877952576
test_protein_3445,0.5857996940612793
test_protein_3447,0.67555093765258789
test_protein_3448,0.1740475594997406
test_protein_3437,0.96980053186416626
test_protein_3446,0.66618591547012329
test_protein_3426,0.54153949022293091
test_protein_3427,0.87893939018249512
test_protein_3435,0.57480895519256592
test_protein_3431,0.56044024229049683
test_protein_3434,0.59791195392608643
test_protein_3456,0.57683449983596802
test_protein_3451,0.50272023677825928
test_protein_3449,0.36416900157928467
test_protein_3453,0.67854583263397217
test_protein_3450,0.61857092380523682
test_protein_3455,0.28132209181785583
test_protein_3452,0.57038497924804688
test_protein_3457,0.63069123029708862
test_protein_3454,0.84208875894546509
test_protein_3462,0.10961904376745224
test_protein_3460,0.30679938197135925
test_protein_3458,0.0034520532935857773
test_protein_3465,0.10489067435264587
test_protein_3466,0.50849676132202148
test_protein_3461,0.24604205787181854
test_protein_3469,0.99595862627029419
test_protein_3467,0.48020485043525696
test_protein_3459,0.76397120952606201
test_protein_3464,0.063898660242557526
test_protein_3468,0.99153816699981689
test_protein_3471,0.37221455574035645
test_protein_3472,0.011685573495924473
test_protein_3463,0.12102488428354263
test_protein_3473,0.96635967493057251
test_protein_3470,0.54618936777114868
test_protein_3475,0.4541475772857666
test_protein_3478,0.097961224615573883
test_protein_3476,0.93240219354629517
test_protein_3477,0.99989688396453857
test_protein_3474,0.39579394459724426
test_protein_3479,0.12040939182043076
test_protein_3480,0.60036516189575195
test_protein_3488,0.98996531963348389
test_protein_3481,0.95088523626327515
test_protein_3482,0.1683257520198822
test_protein_3483,0.41268399357795715
test_protein_3485,0.13868080079555511
test_protein_3486,0.0010416721925139427
test_protein_3494,0.98648488521575928
test_protein_3490,0.49043625593185425
test_protein_3489,0.86568957567214966
test_protein_3500,0.55847489833831787
test_protein_3487,0.000918787089176476
test_protein_3497,0.90574526786804199
test_protein_3493,0.99344915151596069
test_protein_3492,0.40899503231048584
test_protein_3484,0.098234854638576508
test_protein_3501,0.44116756319999695
test_protein_3491,0.40908330678939819
test_protein_3495,0.83485150337219238
test_protein_3498,0.67352962493896484
test_protein_3496,0.98414087295532227
test_protein_3499,0.33737146854400635
test_protein_3503,0.9539942741394043
test_protein_3502,0.24826629459857941
test_protein_3505,0.52640712261199951
test_protein_3504,0.34672501683235168
test_protein_3506,0.79671382904052734
test_protein_3507,0.97348266839981079
test_protein_3508,0.74723494052886963
test_protein_3509,0.73539525270462036
test_protein_3510,0.76587754487991333
test_protein_3514,0.83060336112976074
test_protein_3517,0.1425885409116745
test_protein_3511,0.92171335220336914
test_protein_3513,0.68551844358444214
test_protein_3512,0.95894169807434082
test_protein_3515,0.77686649560928345
test_protein_3522,0.70873600244522095
test_protein_3523,0.012130215764045715
test_protein_3526,0.8519517183303833
test_protein_3520,0.62678807973861694
test_protein_3521,0.65047794580459595
test_protein_3516,0.7554507851600647
test_protein_3529,0.45897266268730164
test_protein_3528,0.41296076774597168
test_protein_3524,0.96074426174163818
test_protein_3518,0.2772957980632782
test_protein_3519,0.27732270956039429
test_protein_3527,0.14901365339756012
test_protein_3525,0.90843558311462402
test_protein_3530,0.48040378093719482
test_protein_3531,0.58571863174438477
test_protein_3536,0.58838754892349243
test_protein_3533,0.67420637607574463
test_protein_3532,0.095221124589443207
test_protein_3537,0.32137206196784973
test_protein_3540,0.97782188653945923
test_protein_3534,0.57203996181488037
test_protein_3541,0.32984626293182373
test_protein_3538,0.11885680258274078
test_protein_3539,2.3697170036030002e-05
test_protein_3535,0.38665583729743958
test_protein_3547,0.41815271973609924
test_protein_3543,0.30961072444915771
test_protein_3546,0.53724032640457153
test_protein_3544,0.25990158319473267
test_protein_3549,0.029441198334097862
test_protein_3542,0.16457752883434296
test_protein_3551,0.058344263583421707
test_protein_3545,0.35707765817642212
test_protein_3548,0.34029269218444824
test_protein_3550,0.40739014744758606
test_protein_3556,0.47347131371498108
test_protein_3555,0.20284527540206909
test_protein_3554,0.042713455855846405
test_protein_3552,0.16928054392337799
test_protein_3553,0.83227783441543579
test_protein_3559,0.29196155071258545
test_protein_3558,0.44526156783103943
test_protein_3563,0.76611971855163574
test_protein_3561,0.79583781957626343
test_protein_3564,0.61496621370315552
test_protein_3560,0.46845486760139465
test_protein_3565,0.97069370746612549
test_protein_3557,0.018551118671894073
test_protein_3562,0.82929110527038574
test_protein_3567,0.89821022748947144
test_protein_3566,0.95881837606430054
test_protein_3570,0.60120636224746704
test_protein_3568,0.59486204385757446
test_protein_3577,0.33945825695991516
test_protein_3569,0.85847091674804688
test_protein_3574,0.64527368545532227
test_protein_3572,0.72713834047317505
test_protein_3573,0.66517907381057739
test_protein_3571,0.71473783254623413
test_protein_3575,0.4286816418170929
test_protein_3584,0.6730879545211792
test_protein_3579,0.6455841064453125
test_protein_3580,0.27736270427703857
test_protein_3582,0.86110866069793701
test_protein_3578,0.99103653430938721
test_protein_3585,0.83978354930877686
test_protein_3576,0.94928538799285889
test_protein_3581,0.98897576332092285
test_protein_3583,0.27780526876449585
test_protein_3586,0.55198043584823608
test_protein_3588,0.76426166296005249
test_protein_3590,0.18090014159679413
test_protein_3587,0.49476227164268494
test_protein_3593,0.60191184282302856
test_protein_3591,0.9241030216217041
test_protein_3589,0.49435362219810486
test_protein_3599,0.44695845246315002
test_protein_3592,0.88329911231994629
test_protein_3595,0.43169397115707397
test_protein_3596,0.28305664658546448
test_protein_3594,0.634022057056427
test_protein_3597,0.058275442570447922
test_protein_3604,0.098221562802791595
test_protein_3600,0.061030082404613495
test_protein_3598,0.20706523954868317
test_protein_3607,0.41251650452613831
test_protein_3602,0.12286750227212906
test_protein_3601,0.2617155909538269
test_protein_3606,0.00017569164629094303
test_protein_3605,0.0019917285535484552
test_protein_3608,0.11397715657949448
test_protein_3603,0.20184223353862762
test_protein_3609,0.77322918176651001
test_protein_3613,0.85273462533950806
test_protein_3612,0.66450643539428711
test_protein_3611,0.58241569995880127
test_protein_3614,0.54308480024337769
test_protein_3610,0.017646083608269691
test_protein_3619,0.20817871391773224
test_protein_3616,0.68357723951339722
test_protein_3620,0.032778363674879074
test_protein_3622,0.57295042276382446
test_protein_3615,0.980937659740448
test_protein_3617,0.35775655508041382
test_protein_3630,0.24856030941009521
test_protein_3627,0.57929313182830811
test_protein_3618,0.55800336599349976
test_protein_3625,0.45051455497741699
test_protein_3632,0.48862189054489136
test_protein_3621,0.45474570989608765
test_protein_3626,0.6603320837020874
test_protein_3623,0.18541553616523743
test_protein_3624,0.52160501480102539
test_protein_3629,0.0071598184294998646
test_protein_3628,0.99195367097854614
test_protein_3631,0.048870164901018143
test_protein_3634,0.028226152062416077
test_protein_3633,0.025488227605819702
test_protein_3638,0.05906769260764122
test_protein_3635,0.059872683137655258
test_protein_3640,0.041832573711872101
test_protein_3637,0.039554975926876068
test_protein_3636,0.31485825777053833
test_protein_3643,0.50570195913314819
test_protein_3642,0.15636937320232391
test_protein_3639,0.037795837968587875
test_protein_3641,0.060834698379039764
test_protein_3644,0.55601835250854492
test_protein_3645,0.5125395655632019
test_protein_3646,0.59367066621780396
test_protein_3650,0.59404391050338745
test_protein_3653,0.27099275588989258
test_protein_3652,0.74328386783599854
test_protein_3647,0.8007509708404541
test_protein_3654,0.18867534399032593
test_protein_3649,0.41289791464805603
test_protein_3648,0.52420532703399658
test_protein_3651,0.65932917594909668
test_protein_3657,0.36502107977867126
test_protein_3655,0.58018392324447632
test_protein_3658,0.79591387510299683
test_protein_3656,0.50336939096450806
test_protein_3660,0.5367577075958252
test_protein_3665,0.52092629671096802
test_protein_3662,2.7536604108036045e-09
test_protein_3659,0.30216768383979797
test_protein_3664,0.52655494213104248
test_protein_3661,7.8722985108470311e-07
test_protein_3667,0.079632721841335297
test_protein_3663,0.26060831546783447
test_protein_3666,0.64197641611099243
test_protein_3670,0.35637909173965454
test_protein_3668,0.50109714269638062
test_protein_3669,0.30537265539169312
test_protein_3672,0.79422652721405029
test_protein_3673,0.55925393104553223
test_protein_3671,0.62945163249969482
test_protein_3675,0.50182986259460449
test_protein_3676,0.1879117339849472
test_protein_3678,0.670604407787323
test_protein_3674,0.66533631086349487
test_protein_3677,0.32627305388450623
test_protein_3679,0.29996943473815918
test_protein_3682,0.5722881555557251
test_protein_3681,0.56391757726669312
test_protein_3686,0.21521754562854767
test_protein_3683,0.64331150054931641
test_protein_3680,6.6084936634069891e-07
test_protein_3685,0.54410421848297119
test_protein_3684,0.63082766532897949
test_protein_3688,0.59115183353424072
test_protein_3687,0.80458623170852661
test_protein_3690,0.40402334928512573
test_protein_3689,0.11894562840461731
test_protein_3691,0.52708286046981812
test_protein_3693,0.51404780149459839
test_protein_3694,0.41814714670181274
test_protein_3692,0.70358139276504517
test_protein_3696,0.62455260753631592
test_protein_3695,3.2842685016021278e-08
test_protein_3697,0.65772557258605957
test_protein_3701,0.82736462354660034
test_protein_3698,0.64215755462646484
test_protein_3700,0.54231691360473633
test_protein_3702,0.49892765283584595
test_protein_3699,0.51449006795883179
test_protein_3703,0.33792716264724731
test_protein_3705,0.77360111474990845
test_protein_3707,0.094009451568126678
test_protein_3709,0.12510804831981659
test_protein_3704,0.64944744110107422
test_protein_3708,0.18504795432090759
test_protein_3710,6.9656079515478808e-11
test_protein_3706,0.48152470588684082
test_protein_3713,0.46082177758216858
test_protein_3711,0.7038845419883728
test_protein_3714,0.5341792106628418
test_protein_3715,0.37602147459983826
test_protein_3712,0.00011963952420046553
test_protein_3719,0.63388597965240479
test_protein_3718,0.5057026743888855
test_protein_3721,0.57631182670593262
test_protein_3717,1.5729960978205781e-07
test_protein_3716,0.29555311799049377
test_protein_3722,0.59222191572189331
test_protein_3724,0.73604708909988403
test_protein_3720,0.59904736280441284
test_protein_3723,0.55140078067779541
test_protein_3727,0.59353333711624146
test_protein_3726,0.65070664882659912
test_protein_3725,0.53912752866744995
test_protein_3728,3.4201906373709789e-07
test_protein_3729,1.7080528778024018e-05
test_protein_3731,0.60048574209213257
test_protein_3734,0.54719066619873047
test_protein_3736,0.5299217700958252
test_protein_3732,0.0010670608608052135
test_protein_3730,0.56695109605789185
test_protein_3735,0.62484061717987061
test_protein_3733,0.66079694032669067
test_protein_3737,1.7057996126723651e-09
test_protein_3744,0.96756225824356079
test_protein_3739,0.30807071924209595
test_protein_3738,0.00012765932478941977
test_protein_3740,9.0407702373340726e-06
test_protein_3741,0.30608722567558289
test_protein_3745,0.8482099175453186
test_protein_3743,0.39640134572982788
test_protein_3742,0.38791385293006897
test_protein_3746,0.74439656734466553
test_protein_3750,0.67969882488250732
test_protein_3747,0.035632897168397903
test_protein_3752,0.61744892597198486
test_protein_3751,0.27862104773521423
test_protein_3753,0.22959579527378082
test_protein_3748,0.46342054009437561
test_protein_3754,0.57214957475662231
test_protein_3758,0.56463414430618286
test_protein_3749,0.11756400763988495
test_protein_3755,0.997974693775177
test_protein_3756,0.5048258900642395
test_protein_3757,0.38242849707603455
test_protein_3759,0.55590450763702393
test_protein_3762,0.0087317740544676781
test_protein_3761,0.36234939098358154
test_protein_3764,0.60675179958343506
test_protein_3760,0.45085418224334717
test_protein_3766,0.95224541425704956
test_protein_3768,0.58603733777999878
test_protein_3763,0.38887333869934082
test_protein_3765,0.4978659451007843
test_protein_3767,0.47506189346313477
test_protein_3769,0.54564642906188965
test_protein_3772,0.38092389702796936
test_protein_3771,0.64911442995071411
test_protein_3770,1.678664830251364e-06
test_protein_3773,0.56151038408279419
test_protein_3774,0.61915123462677002
test_protein_3775,0.26722246408462524
test_protein_3780,0.37990450859069824
test_protein_3779,0.4978482723236084
test_protein_3776,0.59693765640258789
test_protein_3777,0.67963975667953491
test_protein_3778,0.47206777334213257
test_protein_3782,0.7568131685256958
test_protein_3781,0.25933685898780823
test_protein_3787,0.70162355899810791
test_protein_3784,0.55621445178985596
test_protein_3786,0.6187824010848999
test_protein_3783,0.5317920446395874
test_protein_3785,0.38094419240951538
test_protein_3788,0.68414318561553955
test_protein_3790,6.0305455917841755e-07
test_protein_3791,0.56285488605499268
test_protein_3794,4.9057696742238477e-05
test_protein_3792,3.7692626619900693e-07
test_protein_3789,0.5143166184425354
test_protein_3795,0.44037261605262756
test_protein_3796,0.33585107326507568
test_protein_3793,0.37015345692634583
test_protein_3797,6.4750493038445711e-06
test_protein_3798,3.5111219176542363e-07
test_protein_3802,0.028084065765142441
test_protein_3806,0.99950003623962402
test_protein_3803,0.060374781489372253
test_protein_3807,0.98068028688430786
test_protein_3804,0.32132920622825623
test_protein_3810,0.85472297668457031
test_protein_3809,0.80985456705093384
test_protein_3808,0.82185137271881104
test_protein_3811,0.62039399147033691
test_protein_3813,0.43876394629478455
test_protein_3799,0.37911161780357361
test_protein_3805,0.78635388612747192
test_protein_3801,0.49155166745185852
test_protein_3800,0.095771990716457367
test_protein_3812,0.0036160768941044807
test_protein_3815,0.41080209612846375
test_protein_3817,5.8213940064888448e-05
test_protein_3816,0.83119779825210571
test_protein_3820,0.54139339923858643
test_protein_3819,0.29729250073432922
test_protein_3821,0.52867221832275391
test_protein_3824,0.44894948601722717
test_protein_3814,1.5603761838178798e-08
test_protein_3825,0.46903783082962036
test_protein_3822,0.68317121267318726
test_protein_3818,1.5117320799618028e-05
test_protein_3823,0.45590466260910034
test_protein_3827,0.66264170408248901
test_protein_3826,0.61624312400817871
test_protein_3829,3.727926014107652e-06
test_protein_3830,0.2569642961025238
test_protein_3832,0.29386609792709351
test_protein_3831,0.093320012092590332
test_protein_3834,0.47015520930290222
test_protein_3835,0.75837492942810059
test_protein_3828,6.2220228969067648e-10
test_protein_3836,0.41670951247215271
test_protein_3837,0.048487555235624313
test_protein_3833,0.33105659484863281
test_protein_3838,0.19343481957912445
test_protein_3840,0.21936818957328796
test_protein_3839,0.26025620102882385
test_protein_3842,0.60434460639953613
test_protein_3843,0.89807474613189697
test_protein_3841,2.7980720460618613e-06
test_protein_3844,1.0210142453725979e-10
test_protein_3845,0.21414206922054291
test_protein_3847,0.0055955871939659119
test_protein_3848,0.73979711532592773
test_protein_3846,0.065036609768867493
test_protein_3849,0.71481412649154663
test_protein_3854,0.79858481884002686
test_protein_3850,0.70093816518783569
test_protein_3852,0.54127639532089233
test_protein_3851,0.60105204582214355
test_protein_3853,0.52974820137023926
test_protein_3856,0.99701428413391113
test_protein_3857,0.52903395891189575
test_protein_3855,0.27170825004577637
test_protein_3859,0.76764160394668579
test_protein_3860,0.41434201598167419
test_protein_3858,0.21821670234203339
test_protein_3863,7.8218814451247454e-05
test_protein_3861,1.6924781220950535e-07
test_protein_3864,0.71002036333084106
test_protein_3865,0.62384247779846191
test_protein_3869,0.63448542356491089
test_protein_3862,0.60481303930282593
test_protein_3866,0.56828045845031738
test_protein_3867,0.39869683980941772
test_protein_3868,0.54629629850387573
test_protein_3870,0.41077917814254761
test_protein_3872,0.67559033632278442
test_protein_3873,0.56200200319290161
test_protein_3877,0.47849392890930176
test_protein_3871,0.29669734835624695
test_protein_3876,0.29304829239845276
test_protein_3875,1.2100355439859101e-10
test_protein_3880,0.42225053906440735
test_protein_3879,1.3196910003898665e-05
test_protein_3874,0.46534746885299683
test_protein_3878,0.40910181403160095
test_protein_3882,3.3586347853997722e-05
test_protein_3883,0.81553804874420166
test_protein_3887,3.3185596493012781e-09
test_protein_3890,0.46551227569580078
test_protein_3881,0.31396389007568359
test_protein_3886,0.43612462282180786
test_protein_3884,0.33961617946624756
test_protein_3888,0.40192797780036926
test_protein_3885,0.59687918424606323
test_protein_3889,0.42578843235969543
test_protein_3892,0.7014164924621582
test_protein_3896,0.61354714632034302
test_protein_3891,0.29346394538879395
test_protein_3894,0.14999836683273315
test_protein_3895,0.063368849456310272
test_protein_3893,0.62785786390304565
test_protein_3898,4.8256377340294421e-05
test_protein_3897,2.6693842869462969e-07
test_protein_3899,0.17996381223201752
test_protein_3900,0.29491248726844788
test_protein_3902,0.28017663955688477
test_protein_3901,0.8425251841545105
test_protein_3905,0.24269445240497589
test_protein_3908,0.071991696953773499
test_protein_3909,0.49243864417076111
test_protein_3906,0.53652673959732056
test_protein_3904,0.034372378140687943
test_protein_3907,0.019139543175697327
test_protein_3903,0.064113229513168335
test_protein_3911,0.75645315647125244
test_protein_3910,0.92962390184402466
test_protein_3912,0.44940292835235596
test_protein_3915,0.66110122203826904
test_protein_3914,0.54758203029632568
test_protein_3919,0.47960549592971802
test_protein_3916,0.56201225519180298
test_protein_3913,0.3638547956943512
test_protein_3920,1.6967363762887544e-06
test_protein_3918,0.39869970083236694
test_protein_3917,0.32150846719741821
test_protein_3922,0.52194643020629883
test_protein_3921,0.69591426849365234
test_protein_3926,0.42696002125740051
test_protein_3924,0.79189187288284302
test_protein_3925,0.67532718181610107
test_protein_3923,0.54926168918609619
test_protein_3927,0.69336730241775513
test_protein_3928,0.72894006967544556
test_protein_3931,0.49341896176338196
test_protein_3935,0.71403729915618896
test_protein_3929,0.58480405807495117
test_protein_3930,0.61093235015869141
test_protein_3934,0.69345706701278687
test_protein_3933,0.0055593759752810001
test_protein_3936,0.60633593797683716
test_protein_3932,0.31183883547782898
test_protein_3937,0.37249058485031128
test_protein_3942,0.86314398050308228
test_protein_3940,0.3619655966758728
test_protein_3941,1.1453041679487797e-06
test_protein_3939,0.33501186966896057
test_protein_3938,0.90713953971862793
test_protein_3946,1.9624063440915052e-07
test_protein_3945,0.14036504924297333
test_protein_3943,0.41991302371025085
test_protein_3948,0.55753493309020996
test_protein_3947,0.20048102736473083
test_protein_3944,2.4253615265479311e-05
test_protein_3952,0.55318975448608398
test_protein_3953,0.35588717460632324
test_protein_3950,0.00056746468180790544
test_protein_3951,0.28135910630226135
test_protein_3954,0.47973868250846863
test_protein_3955,0.12177800387144089
test_protein_3949,2.9718248129029234e-07
test_protein_3960,0.38221541047096252
test_protein_3958,0.37717720866203308
test_protein_3956,0.00069471710594370961
test_protein_3959,0.57453149557113647
test_protein_3957,0.00038638466503471136
test_protein_3961,0.13272309303283691
test_protein_3963,0.56507390737533569
test_protein_3962,0.020320283249020576
test_protein_3966,0.53617250919342041
test_protein_3967,0.63943839073181152
test_protein_3965,0.5606689453125
test_protein_3964,0.0004820215399377048
test_protein_3973,0.89048808813095093
test_protein_3969,0.46727222204208374
test_protein_3971,0.42206045985221863
test_protein_3970,0.078707732260227203
test_protein_3968,0.65556883811950684
test_protein_3975,0.42275571823120117
test_protein_3974,0.57587134838104248
test_protein_3978,0.30210390686988831
test_protein_3980,0.18330681324005127
test_protein_3972,0.58858120441436768
test_protein_3977,0.74938994646072388
test_protein_3979,0.47187361121177673
test_protein_3976,2.781868033707724e-06
test_protein_3981,0.77268880605697632
test_protein_3982,0.5277981162071228
test_protein_3986,0.54633307456970215
test_protein_3984,0.52187597751617432
test_protein_3989,0.19890555739402771
test_protein_3985,0.21624130010604858
test_protein_3990,0.65915727615356445
test_protein_3994,0.22644969820976257
test_protein_3993,0.36473852396011353
test_protein_3992,8.681443830482749e-08
test_protein_3995,0.63107454776763916
test_protein_3988,0.084915854036808014
test_protein_3983,0.39612600207328796
test_protein_3991,0.46266290545463562
test_protein_3996,0.47882598638534546
test_protein_3987,0.7922137975692749
test_protein_3999,0.54006743431091309
test_protein_3997,0.33315470814704895
test_protein_4003,1.3923660162618035e-06
test_protein_3998,0.80257749557495117
test_protein_4010,0.44380912184715271
test_protein_4008,0.46405097842216492
test_protein_4002,2.4723678961890982e-06
test_protein_4004,0.35024970769882202
test_protein_4000,0.56794703006744385
test_protein_4006,0.5434221625328064
test_protein_4001,0.52689665555953979
test_protein_4009,0.58185648918151855
test_protein_4007,0.39621320366859436
test_protein_4011,0.00022004546190146357
test_protein_4005,0.39679226279258728
test_protein_4012,0.70139580965042114
test_protein_4013,0.38362455368041992
test_protein_4014,0.56182914972305298
test_protein_4016,0.3935101330280304
test_protein_4015,0.59538203477859497
test_protein_4018,0.00198151427321136
test_protein_4017,0.067296102643013
test_protein_4020,0.010190322995185852
test_protein_4019,0.0014053628547117114
test_protein_4023,8.7314944607896905e-08
test_protein_4021,3.5353343719179975e-06
test_protein_4022,2.3986976884771138e-06
test_protein_4025,0.47165009379386902
test_protein_4026,0.72937285900115967
test_protein_4027,0.49874415993690491
test_protein_4030,3.1028743251226842e-05
test_protein_4024,0.52201330661773682
test_protein_4028,0.76603549718856812
test_protein_4029,0.80812537670135498
test_protein_4032,0.54472476243972778
test_protein_4031,0.5162050724029541
test_protein_4033,0.19787313044071198
test_protein_4034,0.4629254937171936
test_protein_4035,0.74837249517440796
test_protein_4036,0.73693585395812988
test_protein_4037,0.28279635310173035
test_protein_4039,0.75432771444320679
test_protein_4038,0.69213861227035522
test_protein_4040,0.4534304141998291
test_protein_4043,0.51072585582733154
test_protein_4041,0.56479710340499878
test_protein_4042,0.42994537949562073
test_protein_4044,0.30009374022483826
test_protein_4047,0.49158197641372681
test_protein_4050,0.6676403284072876
test_protein_4049,0.55518031120300293
test_protein_4046,0.74712759256362915
test_protein_4052,0.52369117736816406
test_protein_4051,0.58622682094573975
test_protein_4048,0.41587483882904053
test_protein_4045,5.5077271099435166e-06
test_protein_4054,0.089345246553421021
test_protein_4056,0.84455931186676025
test_protein_4053,0.50716346502304077
test_protein_4061,0.38158547878265381
test_protein_4057,0.076086997985839844
test_protein_4058,0.46756374835968018
test_protein_4055,0.69888681173324585
test_protein_4060,0.55431020259857178
test_protein_4059,0.40626844763755798
test_protein_4062,0.1577698290348053
test_protein_4063,0.71077311038970947
test_protein_4064,0.48366817831993103
test_protein_4069,0.34354174137115479
test_protein_4065,0.52402675151824951
test_protein_4070,0.99436706304550171
test_protein_4067,0.10128343105316162
test_protein_4071,0.09487827867269516
test_protein_4066,0.77257269620895386
test_protein_4068,0.52528923749923706
test_protein_4074,0.36598926782608032
test_protein_4072,0.84518730640411377
test_protein_4073,0.27952134609222412
test_protein_4075,0.10881350934505463
test_protein_4079,0.203277587890625
test_protein_4076,0.66469544172286987
test_protein_4078,0.55883389711380005
test_protein_4077,0.75000554323196411
test_protein_4081,2.2880333738761749e-10
test_protein_4080,0.68140089511871338
test_protein_4083,0.35639944672584534
test_protein_4082,0.57022571563720703
test_protein_4086,0.57370710372924805
test_protein_4084,0.552867591381073
test_protein_4090,1.1149043643854384e-07
test_protein_4089,0.58543932437896729
test_protein_4087,0.57552641630172729
test_protein_4085,0.67189079523086548
test_protein_4091,0.03742527961730957
test_protein_4088,0.40227431058883667
test_protein_4092,0.60007369518280029
test_protein_4093,0.88430064916610718
test_protein_4098,0.57367038726806641
test_protein_4099,0.58302944898605347
test_protein_4095,0.58952873945236206
test_protein_4096,0.5358269214630127
test_protein_4094,0.80097681283950806
test_protein_4101,0.73318785429000854
test_protein_4097,0.706767737865448
test_protein_4102,0.4106089174747467
test_protein_4100,0.52524822950363159
test_protein_4104,0.053257867693901062
test_protein_4103,0.00021443971490953118
test_protein_4110,0.51222199201583862
test_protein_4107,0.18404676020145416
test_protein_4108,7.409955287585035e-05
test_protein_4106,1.3706322188333786e-10
test_protein_4109,0.52038902044296265
test_protein_4111,0.12643375992774963
test_protein_4105,0.46826452016830444
test_protein_4113,0.34049299359321594
test_protein_4112,0.88265866041183472
test_protein_4114,0.65163791179656982
test_protein_4116,0.62225055694580078
test_protein_4115,0.46781116724014282
test_protein_4118,0.18222172558307648
test_protein_4117,0.75531601905822754
test_protein_4120,0.57478314638137817
test_protein_4121,0.42345508933067322
test_protein_4119,0.44982340931892395
test_protein_4124,0.89684027433395386
test_protein_4127,0.57351773977279663
test_protein_4123,0.61927300691604614
test_protein_4126,0.46944117546081543
test_protein_4125,0.19962517917156219
test_protein_4122,0.37374317646026611
test_protein_4128,9.8320171559862501e-08
test_protein_4129,0.72644078731536865
test_protein_4131,0.33068302273750305
test_protein_4130,3.2775231375126168e-05
test_protein_4133,0.60984903573989868
test_protein_4134,0.5517345666885376
test_protein_4143,0.78594487905502319
test_protein_4135,0.47845315933227539
test_protein_4138,6.9889303233594546e-09
test_protein_4136,0.62545269727706909
test_protein_4142,0.054112803190946579
test_protein_4132,0.60068422555923462
test_protein_4144,0.2203005850315094
test_protein_4139,0.67730271816253662
test_protein_4137,0.35231167078018188
test_protein_4140,0.67801862955093384
test_protein_4141,0.21840903162956238
test_protein_4150,0.59103208780288696
test_protein_4148,0.53922057151794434
test_protein_4149,0.58367228507995605
test_protein_4152,0.57197636365890503
test_protein_4147,0.59115558862686157
test_protein_4151,0.6323891282081604
test_protein_4146,0.48128664493560791
test_protein_4145,0.46492409706115723
test_protein_4153,0.00017488368030171841
test_protein_4155,0.61974960565567017
test_protein_4158,0.30828586220741272
test_protein_4162,0.61477845907211304
test_protein_4159,0.59100484848022461
test_protein_4164,0.49344071745872498
test_protein_4163,0.6222417950630188
test_protein_4157,0.49015957117080688
test_protein_4160,0.42366749048233032
test_protein_4161,0.49262750148773193
test_protein_4156,0.68193513154983521
test_protein_4154,0.0093152085319161415
test_protein_4167,0.16445927321910858
test_protein_4168,0.20065371692180634
test_protein_4169,0.2023257315158844
test_protein_4172,0.25170415639877319
test_protein_4171,0.99995219707489014
test_protein_4166,0.23477908968925476
test_protein_4165,0.62394124269485474
test_protein_4170,0.70991271734237671
test_protein_4173,0.50158381462097168
test_protein_4174,0.35562631487846375
test_protein_4176,0.28422805666923523
test_protein_4175,0.50098991394042969
test_protein_4177,0.22100260853767395
test_protein_4178,0.26879295706748962
test_protein_4179,0.49211475253105164
test_protein_4183,0.61159378290176392
test_protein_4185,0.51612430810928345
test_protein_4181,0.52498257160186768
test_protein_4186,0.68571352958679199
test_protein_4180,0.74633258581161499
test_protein_4184,0.38895672559738159
test_protein_4187,0.8544120192527771
test_protein_4182,0.39284306764602661
test_protein_4189,0.60645127296447754
test_protein_4194,0.84260112047195435
test_protein_4193,0.47795474529266357
test_protein_4188,0.66431576013565063
test_protein_4200,0.50754249095916748
test_protein_4199,0.61273175477981567
test_protein_4192,0.42491239309310913
test_protein_4201,0.69885575771331787
test_protein_4202,0.4596671462059021
test_protein_4198,0.39698204398155212
test_protein_4195,0.71812522411346436
test_protein_4191,0.73377007246017456
test_protein_4197,0.41933462023735046
test_protein_4196,0.54931896924972534
test_protein_4190,0.54165500402450562
test_protein_4206,0.051386866718530655
test_protein_4204,0.62718808650970459
test_protein_4203,0.45978811383247375
test_protein_4207,0.68720912933349609
test_protein_4205,0.69876545667648315
test_protein_4209,4.6712349899280525e-07
test_protein_4211,0.16401475667953491
test_protein_4208,0.66435807943344116
test_protein_4210,0.00042309347190894186
test_protein_4215,0.54934829473495483
test_protein_4217,0.47098228335380554
test_protein_4213,0.52120143175125122
test_protein_4212,0.00028403691248968244
test_protein_4214,0.70609277486801147
test_protein_4216,0.61143988370895386
test_protein_4222,9.172350132757856e-07
test_protein_4220,0.32263818383216858
test_protein_4219,0.21594992280006409
test_protein_4218,0.61941343545913696
test_protein_4221,0.32040309906005859
test_protein_4223,0.57353901863098145
test_protein_4225,0.74802744388580322
test_protein_4224,0.62583363056182861
test_protein_4228,0.54025959968566895
test_protein_4231,0.30317491292953491
test_protein_4229,6.9880139001721187e-12
test_protein_4232,0.4762616753578186
test_protein_4227,0.58032917976379395
test_protein_4226,0.4341217577457428
test_protein_4230,0.083924762904644012
test_protein_4233,0.55254536867141724
test_protein_4234,0.40676558017730713
test_protein_4238,0.52434253692626953
test_protein_4237,0.20401987433433533
test_protein_4241,0.11242697387933731
test_protein_4243,0.51033103466033936
test_protein_4240,0.43255653977394104
test_protein_4236,0.4370574951171875
test_protein_4242,2.9201388315414079e-05
test_protein_4239,1.1664874364214484e-06
test_protein_4235,0.78763496875762939
test_protein_4244,2.200463995905011e-06
test_protein_4246,0.54251909255981445
test_protein_4253,1.0879912224481814e-06
test_protein_4249,0.022230284288525581
test_protein_4250,0.046420130878686905
test_protein_4254,0.4146476686000824
test_protein_4255,0.76348614692687988
test_protein_4256,0.55076634883880615
test_protein_4251,0.00051824713591486216
test_protein_4252,0.52176439762115479
test_protein_4247,0.68251347541809082
test_protein_4248,0.63514041900634766
test_protein_4245,0.51960700750350952
test_protein_4257,0.71956098079681396
test_protein_4258,0.38703671097755432
test_protein_4260,0.71009409427642822
test_protein_4263,0.42492130398750305
test_protein_4264,0.21149405837059021
test_protein_4259,0.65933030843734741
test_protein_4266,0.30262631177902222
test_protein_4262,0.49196526408195496
test_protein_4265,0.19288060069084167
test_protein_4261,7.4239324021618813e-08
test_protein_4270,0.50921648740768433
test_protein_4267,0.20173810422420502
test_protein_4269,4.3780524720204994e-05
test_protein_4268,0.11399759352207184
test_protein_4273,6.9378779699036386e-07
test_protein_4274,0.33392858505249023
test_protein_4272,0.4624570906162262
test_protein_4275,1.4293500782969204e-07
test_protein_4271,0.13526014983654022
test_protein_4279,0.56461429595947266
test_protein_4276,0.61183643341064453
test_protein_4278,0.29866841435432434
test_protein_4277,0.36388954520225525
test_protein_4280,9.4559055696663563e-07
test_protein_4283,8.0610374197931378e-07
test_protein_4282,0.15987284481525421
test_protein_4284,0.96014869213104248
test_protein_4285,0.41010499000549316
test_protein_4286,9.1504752219861984e-08
test_protein_4287,0.37422305345535278
test_protein_4281,1.6007976455512107e-07
test_protein_4289,0.46206364035606384
test_protein_4291,0.47862622141838074
test_protein_4288,0.27183803915977478
test_protein_4292,0.54368412494659424
test_protein_4293,0.40289220213890076
test_protein_4296,0.25027352571487427
test_protein_4295,0.53026610612869263
test_protein_4290,0.60966998338699341
test_protein_4297,0.70019257068634033
test_protein_4294,0.21490766108036041
test_protein_4298,0.2088487297296524
test_protein_4300,0.53649675846099854
test_protein_4299,0.57022839784622192
test_protein_4302,0.70793992280960083
test_protein_4303,0.54869163036346436
test_protein_4301,0.18529246747493744
test_protein_4308,0.49511972069740295
test_protein_4310,0.30739638209342957
test_protein_4306,0.54453355073928833
test_protein_4304,0.4976658821105957
test_protein_4307,0.46647357940673828
test_protein_4309,0.010743926279246807
test_protein_4312,0.31373876333236694
test_protein_4305,0.50246560573577881
test_protein_4311,0.23348206281661987
test_protein_4313,0.32630708813667297
test_protein_4314,0.64821237325668335
test_protein_4319,0.81977665424346924
test_protein_4318,0.63299393653869629
test_protein_4316,0.42925620079040527
test_protein_4317,0.52664422988891602
test_protein_4320,0.44650712609291077
test_protein_4321,0.3897702693939209
test_protein_4315,0.57927113771438599
test_protein_4325,0.31513130664825439
test_protein_4322,3.4002939628408058e-06
test_protein_4324,0.39727610349655151
test_protein_4323,0.63996177911758423
test_protein_4326,0.00046002471935935318
test_protein_4327,0.66824537515640259
test_protein_4328,0.21339254081249237
test_protein_4329,0.52680796384811401
test_protein_4331,0.00073399412212893367
test_protein_4333,0.5162968635559082
test_protein_4332,0.55334854125976562
test_protein_4330,0.0033662144560366869
test_protein_4334,2.6693305699154735e-06
test_protein_4336,0.55141949653625488
test_protein_4335,0.83513695001602173
test_protein_4337,0.00015252947923727334
test_protein_4338,0.0004561954119708389
test_protein_4343,0.61923974752426147
test_protein_4339,0.59779685735702515
test_protein_4340,0.45508041977882385
test_protein_4342,0.73410505056381226
test_protein_4345,0.4089125394821167
test_protein_4341,0.33655199408531189
test_protein_4344,0.40330037474632263
test_protein_4346,0.94308179616928101
test_protein_4347,0.80158096551895142
test_protein_4348,0.00023419408535119146
test_protein_4354,0.66480940580368042
test_protein_4351,0.4155268669128418
test_protein_4349,0.45809587836265564
test_protein_4352,0.57841545343399048
test_protein_4356,0.07594793289899826
test_protein_4355,0.39093101024627686
test_protein_4357,1.6019072290873737e-08
test_protein_4350,0.63377261161804199
test_protein_4353,0.00034807343035936356
test_protein_4362,0.80119913816452026
test_protein_4361,0.62143450975418091
test_protein_4360,0.53323006629943848
test_protein_4359,0.73884302377700806
test_protein_4365,0.64902287721633911
test_protein_4358,0.71077287197113037
test_protein_4363,1.0780721822811756e-05
test_protein_4366,0.64440649747848511
test_protein_4364,0.58962833881378174
test_protein_4367,0.65466594696044922
test_protein_4368,0.49011266231536865
test_protein_4373,0.66988646984100342
test_protein_4375,0.72286152839660645
test_protein_4369,0.77438515424728394
test_protein_4372,0.4797675609588623
test_protein_4371,1.1564497981453314e-06
test_protein_4374,0.43795949220657349
test_protein_4370,0.0076251025311648846
test_protein_4380,0.14133414626121521
test_protein_4381,0.67572587728500366
test_protein_4383,0.59060490131378174
test_protein_4377,0.58217066526412964
test_protein_4379,0.091830603778362274
test_protein_4386,0.4137682318687439
test_protein_4384,0.44670915603637695
test_protein_4378,0.13508899509906769
test_protein_4376,0.48943376541137695
test_protein_4385,0.47662422060966492
test_protein_4382,0.64352673292160034
test_protein_4388,0.00013089118874631822
test_protein_4387,0.17094306647777557
test_protein_4395,6.4874581084950478e-07
test_protein_4390,0.44721049070358276
test_protein_4397,0.79447418451309204
test_protein_4389,0.51127272844314575
test_protein_4394,0.70304638147354126
test_protein_4393,0.3660987913608551
test_protein_4396,0.62428492307662964
test_protein_4391,0.47332936525344849
test_protein_4398,0.50870597362518311
test_protein_4392,0.52794104814529419
test_protein_4399,0.48299774527549744
test_protein_4402,0.001325064105913043
test_protein_4408,0.0063265892677009106
test_protein_4401,4.0491696040589886e-07
test_protein_4406,0.56854522228240967
test_protein_4400,0.56565511226654053
test_protein_4403,0.057612325996160507
test_protein_4410,0.43852663040161133
test_protein_4407,0.00073425093432888389
test_protein_4404,0.0010759824654087424
test_protein_4405,0.00067716289777308702
test_protein_4409,0.45280280709266663
test_protein_4413,0.57846248149871826
test_protein_4419,0.40192267298698425
test_protein_4421,0.45350217819213867
test_protein_4417,0.51521509885787964
test_protein_4411,0.38581788539886475
test_protein_4414,0.073293745517730713
test_protein_4412,0.79936271905899048
test_protein_4424,0.63419991731643677
test_protein_4420,0.47235867381095886
test_protein_4422,0.24408763647079468
test_protein_4418,0.59028983116149902
test_protein_4415,0.43858566880226135
test_protein_4416,0.51060694456100464
test_protein_4423,0.3083709180355072
test_protein_4429,0.21874441206455231
test_protein_4427,0.24389749765396118
test_protein_4425,0.3979763388633728
test_protein_4426,0.54398572444915771
test_protein_4430,0.68120276927947998
test_protein_4428,0.45548909902572632
test_protein_4432,0.51905268430709839
test_protein_4433,0.00065412902040407062
test_protein_4431,0.63437151908874512
test_protein_4434,0.35501164197921753
test_protein_4435,0.17979249358177185
test_protein_4436,0.29346880316734314
test_protein_4438,0.61563330888748169
test_protein_4440,0.66514289379119873
test_protein_4437,0.5828208327293396
test_protein_4441,0.71432602405548096
test_protein_4443,0.69169431924819946
test_protein_4442,0.54712080955505371
test_protein_4439,0.55624556541442871
test_protein_4445,0.63358384370803833
test_protein_4444,0.63280588388442993
test_protein_4447,0.82151973247528076
test_protein_4448,0.18544408679008484
test_protein_4446,0.34799739718437195
test_protein_4450,0.08403412252664566
test_protein_4449,0.21333804726600647
test_protein_4452,0.69697064161300659
test_protein_4453,0.8497735857963562
test_protein_4451,0.66503340005874634
test_protein_4460,0.48567420244216919
test_protein_4455,1.4277806315021735e-07
test_protein_4458,0.48180636763572693
test_protein_4462,0.58101928234100342
test_protein_4456,2.6140614295400155e-07
test_protein_4461,0.8194764256477356
test_protein_4457,0.59122174978256226
test_protein_4454,0.53104484081268311
test_protein_4459,0.12087403982877731
test_protein_4465,0.18442921340465546
test_protein_4463,0.81396371126174927
test_protein_4464,0.054741509258747101
test_protein_4466,0.43564829230308533
test_protein_4467,0.56323587894439697
test_protein_4469,0.00024729344295337796
test_protein_4473,0.0058109275996685028
test_protein_4468,0.48157599568367004
test_protein_4471,0.42372697591781616
test_protein_4474,0.61941969394683838
test_protein_4470,0.13853977620601654
test_protein_4476,0.56356382369995117
test_protein_4475,0.54917782545089722
test_protein_4472,0.00019699578115250915
test_protein_4477,0.53316956758499146
test_protein_4478,9.2016830421925988e-07
test_protein_4480,5.4802253544039559e-06
test_protein_4479,0.0094468854367733002
test_protein_4481,0.47380775213241577
test_protein_4483,0.57079219818115234
test_protein_4485,0.012284853495657444
test_protein_4482,0.64915448427200317
test_protein_4484,0.61937874555587769
test_protein_4486,0.48490738868713379
test_protein_4488,0.60508054494857788
test_protein_4491,0.0079997051507234573
test_protein_4492,0.0003378254477865994
test_protein_4490,0.99270516633987427
test_protein_4487,0.48591658473014832
test_protein_4493,0.045699726790189743
test_protein_4496,0.65209192037582397
test_protein_4489,0.63383561372756958
test_protein_4495,0.38931402564048767
test_protein_4494,0.21899747848510742
test_protein_4499,0.53546971082687378
test_protein_4497,0.44455447793006897
test_protein_4498,0.47277352213859558
test_protein_4501,0.26618346571922302
test_protein_4500,0.55920439958572388
test_protein_4502,0.51025134325027466
test_protein_4503,0.6947142481803894
test_protein_4504,0.58408564329147339
test_protein_4505,0.22118134796619415
test_protein_4509,0.57563817501068115
test_protein_4508,0.48339077830314636
test_protein_4507,0.99979525804519653
test_protein_4510,0.71041601896286011
test_protein_4506,0.47839763760566711
test_protein_4511,0.50533682107925415
test_protein_4514,0.71274429559707642
test_protein_4512,6.385240567396977e-07
test_protein_4517,7.2040206759993453e-06
test_protein_4515,0.46186777949333191
test_protein_4520,0.70212274789810181
test_protein_4513,0.65215355157852173
test_protein_4516,0.40183013677597046
test_protein_4518,0.56304746866226196
test_protein_4519,0.28472632169723511
test_protein_4522,2.8779482818208635e-05
test_protein_4523,0.71593797206878662
test_protein_4521,0.18452093005180359
test_protein_4529,0.62611520290374756
test_protein_4525,0.59725075960159302
test_protein_4526,0.15119622647762299
test_protein_4527,0.64675790071487427
test_protein_4528,0.70671302080154419
test_protein_4524,0.67800992727279663
test_protein_4534,0.22294856607913971
test_protein_4533,0.57886427640914917
test_protein_4531,0.6336359977722168
test_protein_4532,0.7468906044960022
test_protein_4530,0.5230451226234436
test_protein_4538,0.73937314748764038
test_protein_4536,0.50388425588607788
test_protein_4537,0.66520607471466064
test_protein_4535,0.29880693554878235
test_protein_4539,0.16980206966400146
test_protein_4540,0.71095681190490723
test_protein_4541,0.6852385401725769
test_protein_4543,0.46988287568092346
test_protein_4544,4.1961216084018815e-06
test_protein_4547,0.47291877865791321
test_protein_4542,0.36446598172187805
test_protein_4545,0.61660730838775635
test_protein_4548,0.73222744464874268
test_protein_4546,0.80257976055145264
test_protein_4549,0.33874693512916565
test_protein_4550,0.00011709999671438709
test_protein_4551,0.31637904047966003
test_protein_4553,0.49645149707794189
test_protein_4552,6.0830565473679599e-08
test_protein_4554,0.58935374021530151
test_protein_4555,0.59678387641906738
test_protein_4557,0.71702480316162109
test_protein_4558,0.74308359622955322
test_protein_4556,3.3784490369725972e-05
test_protein_4559,0.22321166098117828
test_protein_4562,0.34026095271110535
test_protein_4563,0.33897954225540161
test_protein_4560,0.46681198477745056
test_protein_4561,0.46890968084335327
test_protein_4564,0.37525507807731628
test_protein_4565,0.3238207995891571
test_protein_4567,0.44546028971672058
test_protein_4568,0.3481801450252533
test_protein_4566,0.28533428907394409
test_protein_4570,0.2109849601984024
test_protein_4571,0.49226686358451843
test_protein_4569,0.37259659171104431
test_protein_4574,0.5762101411819458
test_protein_4575,0.56737822294235229
test_protein_4576,0.32522359490394592
test_protein_4573,0.62256693840026855
test_protein_4572,0.77175289392471313
test_protein_4577,0.41046610474586487
test_protein_4581,0.51606947183609009
test_protein_4578,0.55765050649642944
test_protein_4579,0.37480700016021729
test_protein_4582,0.62747734785079956
test_protein_4580,3.1272455089492723e-05
test_protein_4586,0.69333767890930176
test_protein_4589,0.64378136396408081
test_protein_4584,0.68889158964157104
test_protein_4590,0.98468273878097534
test_protein_4583,0.47662952542304993
test_protein_4587,0.41051602363586426
test_protein_4588,0.88226997852325439
test_protein_4592,0.51850348711013794
test_protein_4585,0.58155715465545654
test_protein_4593,0.74098515510559082
test_protein_4598,0.98977506160736084
test_protein_4595,0.99407565593719482
test_protein_4600,0.92261922359466553
test_protein_4594,0.71799546480178833
test_protein_4601,0.77015823125839233
test_protein_4591,0.81010031700134277
test_protein_4602,0.81675255298614502
test_protein_4603,0.9447789192199707
test_protein_4604,0.90948456525802612
test_protein_4605,0.80314147472381592
test_protein_4596,0.99171185493469238
test_protein_4599,0.77627944946289062
test_protein_4597,0.93168610334396362
test_protein_4607,0.9947197437286377
test_protein_4606,0.99995255470275879
test_protein_4608,0.61881297826766968
test_protein_4611,0.53471022844314575
test_protein_4612,0.59022295475006104
test_protein_4614,0.80417805910110474
test_protein_4615,0.89583098888397217
test_protein_4609,0.6578909158706665
test_protein_4619,0.8402441143989563
test_protein_4610,0.54812222719192505
test_protein_4613,0.54902529716491699
test_protein_4618,0.67141455411911011
test_protein_4617,0.7444269061088562
test_protein_4621,0.97939062118530273
test_protein_4624,0.77760779857635498
test_protein_4616,0.62116909027099609
test_protein_4622,0.93455815315246582
test_protein_4625,0.69608914852142334
test_protein_4620,0.87821650505065918
test_protein_4626,0.76228910684585571
test_protein_4627,0.87546592950820923
test_protein_4623,0.97163915634155273
test_protein_4628,0.93920350074768066
test_protein_4633,0.39591571688652039
test_protein_4629,0.47160375118255615
test_protein_4632,0.98552542924880981
test_protein_4634,0.24559862911701202
test_protein_4631,1.131600058101867e-07
test_protein_4630,0.39854821562767029
test_protein_4639,0.0011212561512365937
test_protein_4638,0.029004190117120743
test_protein_4635,0.21498575806617737
test_protein_4637,0.74516111612319946
test_protein_4640,0.62472158670425415
test_protein_4636,0.46595960855484009
test_protein_4641,0.30981513857841492
test_protein_4647,1.0263337344440515e-06
test_protein_4644,0.59193956851959229
test_protein_4646,0.0083756605163216591
test_protein_4643,0.61404001712799072
test_protein_4650,0.43049728870391846
test_protein_4645,0.5944291353225708
test_protein_4649,0.17926348745822906
test_protein_4648,3.8888869902109491e-09
test_protein_4651,0.56636923551559448
test_protein_4653,0.4848308265209198
test_protein_4642,1.6230553228524514e-05
test_protein_4652,0.40799319744110107
test_protein_4654,0.64579468965530396
test_protein_4656,0.52739298343658447
test_protein_4657,0.6557382345199585
test_protein_4655,0.56253373622894287
test_protein_4662,0.11170688271522522
test_protein_4658,0.61639237403869629
test_protein_4660,0.56865435838699341
test_protein_4664,0.027376566082239151
test_protein_4659,5.3581488828058355e-06
test_protein_4661,0.68754833936691284
test_protein_4666,0.54357427358627319
test_protein_4663,0.02259414829313755
test_protein_4665,0.52655583620071411
test_protein_4667,0.27591773867607117
test_protein_4669,0.59794902801513672
test_protein_4668,0.50077402591705322
test_protein_4673,6.5999629441648722e-05
test_protein_4672,5.0276076990485308e-07
test_protein_4670,0.48274743556976318
test_protein_4671,0.33885306119918823
test_protein_4678,0.72962009906768799
test_protein_4676,0.52950596809387207
test_protein_4674,0.70634806156158447
test_protein_4675,0.20714662969112396
test_protein_4677,0.57215052843093872
test_protein_4679,0.88412320613861084
test_protein_4680,4.6802852011751384e-05
test_protein_4682,0.52671372890472412
test_protein_4681,0.53857016563415527
test_protein_4688,0.00019790607620961964
test_protein_4684,0.69673484563827515
test_protein_4683,0.26682266592979431
test_protein_4689,0.60170173645019531
test_protein_4687,8.143839522745111e-07
test_protein_4686,0.30188402533531189
test_protein_4685,0.36917072534561157
test_protein_4691,0.5061308741569519
test_protein_4690,0.091658256947994232
test_protein_4692,0.41092100739479065
test_protein_4693,0.58800530433654785
test_protein_4694,9.304435621970697e-08
test_protein_4697,1.3693311302631628e-05
test_protein_4698,0.79098689556121826
test_protein_4696,0.50842171907424927
test_protein_4695,0.29659548401832581
test_protein_4699,0.38851982355117798
test_protein_4700,0.61121553182601929
test_protein_4703,0.8981626033782959
test_protein_4704,0.67886370420455933
test_protein_4702,0.58356112241744995
test_protein_4701,0.53988707065582275
test_protein_4708,0.3426986038684845
test_protein_4705,0.76260900497436523
test_protein_4706,0.52622085809707642
test_protein_4709,0.26087042689323425
test_protein_4707,0.5345948338508606
test_protein_4711,0.99536901712417603
test_protein_4712,0.34525409340858459
test_protein_4710,0.98866522312164307
test_protein_4716,0.19569815695285797
test_protein_4722,0.49683108925819397
test_protein_4717,0.087310478091239929
test_protein_4718,2.4952023522928357e-06
test_protein_4715,0.51387995481491089
test_protein_4714,1.6688738169179373e-09
test_protein_4723,0.42485955357551575
test_protein_4713,2.4511254537173954e-07
test_protein_4719,0.68314176797866821
test_protein_4721,0.45125746726989746
test_protein_4720,0.90799123048782349
test_protein_4726,0.36909094452857971
test_protein_4724,0.76639276742935181
test_protein_4725,0.39226984977722168
test_protein_4728,0.58698189258575439
test_protein_4729,0.38174217939376831
test_protein_4730,0.20657992362976074
test_protein_4727,0.80240482091903687
test_protein_4734,0.099777653813362122
test_protein_4735,0.435016930103302
test_protein_4732,0.73943912982940674
test_protein_4731,0.92898517847061157
test_protein_4733,5.2201301059540128e-09
test_protein_4738,0.58454859256744385
test_protein_4736,0.73287570476531982
test_protein_4737,0.57363981008529663
test_protein_4741,0.57789897918701172
test_protein_4739,0.5379977822303772
test_protein_4740,0.75559467077255249
test_protein_4742,0.67260640859603882
test_protein_4744,0.18219548463821411
test_protein_4743,1.9832813169529118e-09
test_protein_4745,0.00023378869809675962
test_protein_4747,0.40167859196662903
test_protein_4746,0.1625455766916275
test_protein_4748,0.50657224655151367
test_protein_4751,0.19172202050685883
test_protein_4749,0.34670385718345642
test_protein_4750,5.2317835070425645e-05
test_protein_4753,0.5151444673538208
test_protein_4752,0.71124035120010376
test_protein_4754,8.1992775449180044e-06
test_protein_4755,0.49097305536270142
test_protein_4756,0.70943808555603027
test_protein_4763,0.74953669309616089
test_protein_4757,0.47211715579032898
test_protein_4758,0.6186147928237915
test_protein_4762,0.42843407392501831
test_protein_4765,0.47412076592445374
test_protein_4760,0.48595893383026123
test_protein_4761,0.55472803115844727
test_protein_4764,0.54833877086639404
test_protein_4759,0.35710069537162781
test_protein_4766,0.52695763111114502
test_protein_4767,0.0021005312446504831
test_protein_4772,0.37778860330581665
test_protein_4768,0.66894024610519409
test_protein_4775,0.11272621899843216
test_protein_4776,0.18121758103370667
test_protein_4771,0.59028488397598267
test_protein_4773,0.33104214072227478
test_protein_4770,0.8275296688079834
test_protein_4774,0.011491595767438412
test_protein_4769,0.81720423698425293
test_protein_4779,0.23104989528656006
test_protein_4778,0.62703514099121094
test_protein_4780,0.64940005540847778
test_protein_4777,0.073052562773227692
test_protein_4783,2.3212467112898594e-06
test_protein_4784,0.24014219641685486
test_protein_4787,0.062789544463157654
test_protein_4782,0.57673102617263794
test_protein_4781,0.51324242353439331
test_protein_4785,7.1425893111154437e-07
test_protein_4786,0.004170040600001812
test_protein_4788,0.53825360536575317
test_protein_4789,0.80982142686843872
test_protein_4791,0.54973047971725464
test_protein_4796,0.87963283061981201
test_protein_4790,0.19267715513706207
test_protein_4792,0.74339371919631958
test_protein_4798,0.45146876573562622
test_protein_4795,0.49179401993751526
test_protein_4793,0.48652413487434387
test_protein_4797,0.71571236848831177
test_protein_4794,0.30365961790084839
test_protein_4799,0.38916602730751038
test_protein_4800,0.3743777871131897
test_protein_4804,0.35832512378692627
test_protein_4806,0.74466180801391602
test_protein_4803,0.60258704423904419
test_protein_4807,0.022494001314043999
test_protein_4802,0.40511152148246765
test_protein_4801,0.49300304055213928
test_protein_4808,0.049310673028230667
test_protein_4810,0.13768833875656128
test_protein_4809,0.099551260471343994
test_protein_4805,0.60800600051879883
test_protein_4812,0.035955246537923813
test_protein_4811,0.0046618711203336716
test_protein_4815,0.538421630859375
test_protein_4816,0.17702491581439972
test_protein_4814,0.091183826327323914
test_protein_4813,0.075489349663257599
test_protein_4818,0.0062522855587303638
test_protein_4819,0.56357961893081665
test_protein_4817,2.602435415610671e-05
test_protein_4820,0.56803739070892334
test_protein_4822,0.64502769708633423
test_protein_4821,0.48025491833686829
test_protein_4829,0.32214710116386414
test_protein_4823,0.31660830974578857
test_protein_4827,0.20554183423519135
test_protein_4834,0.48251578211784363
test_protein_4832,0.51498597860336304
test_protein_4828,0.73603618144989014
test_protein_4831,0.11337214708328247
test_protein_4824,0.31152811646461487
test_protein_4825,0.44331768155097961
test_protein_4830,2.9843323545719613e-07
test_protein_4826,0.56024634838104248
test_protein_4833,0.13567624986171722
test_protein_4835,0.036565057933330536
test_protein_4840,0.31871622800827026
test_protein_4838,0.38223642110824585
test_protein_4839,1.1368321839455575e-09
test_protein_4841,0.14042472839355469
test_protein_4836,0.60502004623413086
test_protein_4837,0.18306058645248413
test_protein_4844,0.095169849693775177
test_protein_4842,0.35861501097679138
test_protein_4845,0.3674812912940979
test_protein_4849,0.49483785033226013
test_protein_4846,0.68479460477828979
test_protein_4851,0.1990797370672226
test_protein_4848,0.52141070365905762
test_protein_4843,0.054465211927890778
test_protein_4850,0.65161442756652832
test_protein_4847,0.61946702003479004
test_protein_4852,0.5696563720703125
test_protein_4854,0.11767967790365219
test_protein_4856,0.46840324997901917
test_protein_4858,0.053519275039434433
test_protein_4859,0.37606623768806458
test_protein_4857,0.14885467290878296
test_protein_4853,0.45609238743782043
test_protein_4860,0.19515474140644073
test_protein_4861,0.35836434364318848
test_protein_4866,0.02329796738922596
test_protein_4865,0.72558844089508057
test_protein_4855,0.41971993446350098
test_protein_4863,0.48579061031341553
test_protein_4864,0.2723127007484436
test_protein_4862,0.24382397532463074
test_protein_4869,0.11718703061342239
test_protein_4868,0.39648604393005371
test_protein_4867,2.9062171336136089e-08
test_protein_4872,0.20301446318626404
test_protein_4870,0.56352609395980835
test_protein_4871,0.00088345649419352412
test_protein_4873,0.56017106771469116
test_protein_4885,0.62262803316116333
test_protein_4879,0.68972963094711304
test_protein_4880,0.51071780920028687
test_protein_4874,0.00016851193504408002
test_protein_4878,0.6755073070526123
test_protein_4876,0.13826222717761993
test_protein_4875,0.39476493000984192
test_protein_4881,0.12821619212627411
test_protein_4886,0.19717001914978027
test_protein_4882,0.76875144243240356
test_protein_4883,5.3693035795276955e-08
test_protein_4884,0.56982910633087158
test_protein_4877,0.57585930824279785
test_protein_4887,0.32604670524597168
test_protein_4888,1.0532534133744775e-07
test_protein_4889,0.60837799310684204
test_protein_4891,0.4907926619052887
test_protein_4893,3.2159343845705735e-06
test_protein_4895,0.99923968315124512
test_protein_4890,1.4822376215306576e-07
test_protein_4892,0.18756012618541718
test_protein_4897,2.1230963653806612e-09
test_protein_4894,0.39613690972328186
test_protein_4896,0.57217627763748169
test_protein_4898,0.42372718453407288
test_protein_4900,0.2798035740852356
test_protein_4905,0.59085279703140259
test_protein_4901,0.7753186821937561
test_protein_4899,0.35381773114204407
test_protein_4902,0.42223986983299255
test_protein_4903,0.43033424019813538
test_protein_4907,0.44419384002685547
test_protein_4908,0.036633703857660294
test_protein_4906,0.30116972327232361
test_protein_4904,0.32789355516433716
test_protein_4913,0.024455973878502846
test_protein_4911,0.5582234263420105
test_protein_4910,0.29482942819595337
test_protein_4912,0.59153378009796143
test_protein_4909,0.40427923202514648
test_protein_4915,0.46370342373847961
test_protein_4917,0.70773327350616455
test_protein_4914,0.49366506934165955
test_protein_4916,0.19608476758003235
test_protein_4918,7.8627263064845465e-06
test_protein_4921,0.40750136971473694
test_protein_4920,0.61214238405227661
test_protein_4922,0.44270613789558411
test_protein_4924,0.17440727353096008
test_protein_4923,0.54101777076721191
test_protein_4919,0.061676651239395142
test_protein_4927,0.85335832834243774
test_protein_4928,0.43108654022216797
test_protein_4925,0.011815108358860016
test_protein_4926,0.32187056541442871
test_protein_4932,0.35956767201423645
test_protein_4933,5.2242363324239705e-08
test_protein_4939,1.0801551297845435e-07
test_protein_4938,0.6616634726524353
test_protein_4931,0.42405179142951965
test_protein_4937,0.66198408603668213
test_protein_4934,0.99997186660766602
test_protein_4930,0.73674899339675903
test_protein_4935,0.64410746097564697
test_protein_4929,0.64756327867507935
test_protein_4936,0.40274655818939209
test_protein_4945,0.020400507375597954
test_protein_4944,1.5710754919240344e-09
test_protein_4940,0.77536451816558838
test_protein_4941,0.80759245157241821
test_protein_4942,0.51483684778213501
test_protein_4946,0.72714918851852417
test_protein_4947,0.37377804517745972
test_protein_4943,0.21583300828933716
test_protein_4950,0.19158297777175903
test_protein_4948,0.077732197940349579
test_protein_4952,0.025531362742185593
test_protein_4951,0.56248509883880615
test_protein_4953,0.41084405779838562
test_protein_4949,0.023101937025785446
test_protein_4956,0.0022553836461156607
test_protein_4954,0.025743583217263222
test_protein_4961,0.71787256002426147
test_protein_4957,0.22010096907615662
test_protein_4955,0.67531460523605347
test_protein_4960,0.66646909713745117
test_protein_4958,0.25196924805641174
test_protein_4959,4.0816669866217126e-07
test_protein_4964,0.59182697534561157
test_protein_4962,0.56229943037033081
test_protein_4966,2.4148508600774221e-05
test_protein_4970,0.15399293601512909
test_protein_4968,1.5455158930421931e-08
test_protein_4967,0.57104068994522095
test_protein_4965,0.53270214796066284
test_protein_4971,0.80822193622589111
test_protein_4963,0.60534131526947021
test_protein_4969,0.0047190454788506031
test_protein_4973,0.36702802777290344
test_protein_4981,0.00088438641978427768
test_protein_4976,0.57151240110397339
test_protein_4975,0.54854953289031982
test_protein_4974,0.61643761396408081
test_protein_4972,0.57122039794921875
test_protein_4980,2.5380006718478398e-06
test_protein_4978,0.42050459980964661
test_protein_4984,0.67369592189788818
test_protein_4979,0.56002902984619141
test_protein_4987,0.55751335620880127
test_protein_4983,2.5331954134344414e-07
test_protein_4982,0.62458699941635132
test_protein_4985,0.58386987447738647
test_protein_4989,0.29376015067100525
test_protein_4986,0.66793692111968994
test_protein_4988,0.52882426977157593
test_protein_4977,0.0011277712183073163
test_protein_4990,0.4014115035533905
test_protein_4992,0.27404487133026123
test_protein_4993,2.0984361981390975e-06
test_protein_4991,0.30467456579208374
test_protein_4994,0.26375895738601685
test_protein_4997,0.65469896793365479
test_protein_4995,0.36412745714187622
test_protein_4996,0.52318400144577026
test_protein_4998,0.47383660078048706
test_protein_5002,0.49941173195838928
test_protein_5001,0.72779607772827148
test_protein_5000,0.56652849912643433
test_protein_4999,0.51044684648513794
test_protein_5003,0.046127006411552429
test_protein_5005,0.53200942277908325
test_protein_5004,1.9701897144841496e-06
test_protein_5007,0.28354901075363159
test_protein_5006,0.12788669764995575
test_protein_5010,0.49763622879981995
test_protein_5008,1.5062077181937639e-05
test_protein_5011,0.033113632351160049
test_protein_5009,0.032402578741312027
test_protein_5014,0.26665997505187988
test_protein_5012,0.41892096400260925
test_protein_5013,0.6361469030380249
test_protein_5017,0.41448250412940979
test_protein_5016,0.068299368023872375
test_protein_5015,0.84226632118225098
test_protein_5019,0.40569376945495605
test_protein_5022,0.68615931272506714
test_protein_5021,0.51126277446746826
test_protein_5020,0.43952074646949768
test_protein_5023,1.0672243888620869e-06
test_protein_5018,0.51923185586929321
test_protein_5024,0.0033765495754778385
test_protein_5028,0.32090392708778381
test_protein_5027,0.14658209681510925
test_protein_5025,0.54647290706634521
test_protein_5031,0.11174715310335159
test_protein_5030,0.20399783551692963
test_protein_5029,0.049227390438318253
test_protein_5033,0.6436316967010498
test_protein_5026,1.120170400881193e-09
test_protein_5034,0.60591858625411987
test_protein_5037,8.68888108129795e-08
test_protein_5032,0.19618196785449982
test_protein_5035,0.41715240478515625
test_protein_5038,0.17132514715194702
test_protein_5036,0.0057991440407931805
test_protein_5039,0.44110247492790222
test_protein_5040,0.36503386497497559
test_protein_5041,0.35138854384422302
test_protein_5047,0.48867297172546387
test_protein_5044,0.24230101704597473
test_protein_5049,0.54484891891479492
test_protein_5043,0.19253571331501007
test_protein_5042,1.6770434740465134e-05
test_protein_5048,0.69252181053161621
test_protein_5045,3.3777070029827883e-08
test_protein_5046,0.66036814451217651
test_protein_5055,0.0007605354767292738
test_protein_5059,0.769969642162323
test_protein_5053,0.69059479236602783
test_protein_5060,7.5165980888414197e-06
test_protein_5052,0.57414877414703369
test_protein_5056,0.5046960711479187
test_protein_5057,0.53887242078781128
test_protein_5051,0.4037303626537323
test_protein_5054,0.21520581841468811
test_protein_5058,0.49642011523246765
test_protein_5050,0.59404760599136353
test_protein_5062,0.56422901153564453
test_protein_5061,1.9077588149229996e-06
test_protein_5063,0.63580214977264404
test_protein_5069,0.52646487951278687
test_protein_5064,0.70647656917572021
test_protein_5067,0.61937212944030762
test_protein_5065,0.49799761176109314
test_protein_5073,0.44467875361442566
test_protein_5074,0.23675097525119781
test_protein_5066,7.0659072662238032e-05
test_protein_5075,0.7473752498626709
test_protein_5071,0.62693536281585693
test_protein_5070,0.52899879217147827
test_protein_5068,0.45137566328048706
test_protein_5072,0.29890000820159912
test_protein_5077,0.75339466333389282
test_protein_5076,0.57172644138336182
test_protein_5079,0.57689929008483887
test_protein_5078,0.43262645602226257
test_protein_5082,0.65728151798248291
test_protein_5083,0.69155693054199219
test_protein_5080,0.39714148640632629
test_protein_5085,0.067090906202793121
test_protein_5084,0.48666873574256897
test_protein_5081,0.55247378349304199
test_protein_5091,0.38249459862709045
test_protein_5092,0.38044363260269165
test_protein_5086,3.9675271068517759e-08
test_protein_5088,0.0020787925459444523
test_protein_5087,0.55138224363327026
test_protein_5090,0.5171164870262146
test_protein_5089,0.22588346898555756
test_protein_5094,8.8308221846133961e-10
test_protein_5093,4.4957118916499894e-08
test_protein_5096,0.41998964548110962
test_protein_5095,0.33896246552467346
test_protein_5098,0.76786673069000244
test_protein_5101,0.24963900446891785
test_protein_5097,1.8418071704218164e-05
test_protein_5099,0.51512855291366577
test_protein_5105,0.70534390211105347
test_protein_5103,0.42622780799865723
test_protein_5104,0.54389703273773193
test_protein_5102,0.52323883771896362
test_protein_5100,3.0281585168268066e-06
test_protein_5109,0.38604399561882019
test_protein_5107,0.37107333540916443
test_protein_5106,0.0045589711517095566
test_protein_5113,0.093968518078327179
test_protein_5112,0.30688449740409851
test_protein_5110,0.49514573812484741
test_protein_5111,0.057107705622911453
test_protein_5108,0.1621219664812088
test_protein_5116,5.1317726956767729e-07
test_protein_5114,0.24098800122737885
test_protein_5117,0.17021213471889496
test_protein_5118,0.49801275134086609
test_protein_5119,0.18308375775814056
test_protein_5115,2.2677343167742947e-06
test_protein_5125,0.57117879390716553
test_protein_5122,0.64072728157043457
test_protein_5121,0.62042808532714844
test_protein_5120,0.40501865744590759
test_protein_5123,0.43451732397079468
test_protein_5124,0.27061787247657776
test_protein_5127,0.0087446197867393494
test_protein_5130,0.016479369252920151
test_protein_5128,0.42803224921226501
test_protein_5126,5.1247644705654238e-07
test_protein_5131,0.00056389294331893325
test_protein_5129,0.018833721056580544
test_protein_5132,0.6928565502166748
test_protein_5135,0.36958810687065125
test_protein_5133,0.51454269886016846
test_protein_5138,0.53031033277511597
test_protein_5134,0.06860245019197464
test_protein_5136,0.20812536776065826
test_protein_5137,0.065779499709606171
test_protein_5139,0.67236125469207764
test_protein_5141,0.4814293384552002
test_protein_5140,0.4596504271030426
test_protein_5145,0.33476614952087402
test_protein_5143,0.54602599143981934
test_protein_5142,0.55786281824111938
test_protein_5147,0.041345201432704926
test_protein_5149,0.50861930847167969
test_protein_5148,0.0062622749246656895
test_protein_5150,0.85636579990386963
test_protein_5144,0.44835597276687622
test_protein_5152,0.70647621154785156
test_protein_5146,0.49221941828727722
test_protein_5151,0.63451951742172241
test_protein_5157,0.032833445817232132
test_protein_5153,0.13156349956989288
test_protein_5158,0.4070831835269928
test_protein_5154,0.20446363091468811
test_protein_5159,0.428556889295578
test_protein_5156,0.73881661891937256
test_protein_5155,4.6945247689222924e-10
test_protein_5160,0.41964614391326904
test_protein_5162,0.008746810257434845
test_protein_5161,0.2172665148973465
test_protein_5163,0.03697093203663826
test_protein_5167,0.51671034097671509
test_protein_5168,0.43671700358390808
test_protein_5169,0.16100002825260162
test_protein_5164,1.1573567917366745e-06
test_protein_5174,0.075816251337528229
test_protein_5172,0.0063399551436305046
test_protein_5173,0.56218999624252319
test_protein_5166,0.21844364702701569
test_protein_5165,0.22571168839931488
test_protein_5170,0.35131508111953735
test_protein_5171,0.43696758151054382
test_protein_5177,0.064236067235469818
test_protein_5175,0.16304711997509003
test_protein_5176,0.31625354290008545
test_protein_5179,0.53108900785446167
test_protein_5182,5.0993721742997877e-06
test_protein_5180,0.0069583733566105366
test_protein_5178,0.37678736448287964
test_protein_5183,0.58113008737564087
test_protein_5181,0.52914506196975708
test_protein_5184,0.086247727274894714
test_protein_5185,0.19619669020175934
test_protein_5186,0.70508337020874023
test_protein_5190,0.18031221628189087
test_protein_5189,0.14661779999732971
test_protein_5191,0.044711288064718246
test_protein_5188,0.77193617820739746
test_protein_5193,0.76301652193069458
test_protein_5187,0.60156947374343872
test_protein_5195,0.85139727592468262
test_protein_5196,0.56504249572753906
test_protein_5194,0.34571206569671631
test_protein_5198,0.35281845927238464
test_protein_5197,0.12037917971611023
test_protein_5192,0.34398862719535828
test_protein_5199,0.4225519597530365
test_protein_5203,0.49498456716537476
test_protein_5201,0.71963673830032349
test_protein_5202,0.29619362950325012
test_protein_5205,2.2860458557261154e-06
test_protein_5213,0.63471543788909912
test_protein_5211,0.3359830379486084
test_protein_5212,0.53082525730133057
test_protein_5207,0.47596442699432373
test_protein_5204,0.60723447799682617
test_protein_5210,0.43823760747909546
test_protein_5206,3.5903269246517766e-09
test_protein_5209,0.065068230032920837
test_protein_5200,0.00010119360376847908
test_protein_5208,0.52749353647232056
test_protein_5216,0.42739325761795044
test_protein_5219,3.4657484775379999e-06
test_protein_5215,2.5244286007364281e-05
test_protein_5225,0.74794334173202515
test_protein_5223,0.90584397315979004
test_protein_5222,0.23293526470661163
test_protein_5221,0.50512045621871948
test_protein_5218,0.072117209434509277
test_protein_5214,0.017589468508958817
test_protein_5220,1.8384818758931942e-05
test_protein_5226,0.71652644872665405
test_protein_5229,0.44055980443954468
test_protein_5228,0.61132967472076416
test_protein_5227,0.30854803323745728
test_protein_5230,0.27122020721435547
test_protein_5231,0.31186762452125549
test_protein_5224,0.70020127296447754
test_protein_5217,0.35581612586975098
test_protein_5232,0.47695145010948181
test_protein_5237,0.32810547947883606
test_protein_5234,0.13600693643093109
test_protein_5236,0.16929638385772705
test_protein_5233,0.89883935451507568
test_protein_5239,0.76461893320083618
test_protein_5235,0.013275031000375748
test_protein_5240,0.64237618446350098
test_protein_5242,0.00075928232399746776
test_protein_5243,0.14485599100589752
test_protein_5238,0.40201860666275024
test_protein_5244,0.38523942232131958
test_protein_5241,0.39922651648521423
test_protein_5247,2.3468295751172263e-08
test_protein_5245,0.49926325678825378
test_protein_5246,0.60750728845596313
test_protein_5251,0.52530062198638916
test_protein_5249,0.69524037837982178
test_protein_5250,0.60506099462509155
test_protein_5248,0.26564037799835205
test_protein_5256,0.67333024740219116
test_protein_5252,0.53533089160919189
test_protein_5258,9.5462142780888826e-05
test_protein_5255,6.0837503923494296e-09
test_protein_5254,5.8146379160461947e-06
test_protein_5253,0.041762538254261017
test_protein_5257,0.29272565245628357
test_protein_5260,0.2491610050201416
test_protein_5262,0.62011665105819702
test_protein_5259,0.2320990115404129
test_protein_5266,0.155917689204216
test_protein_5261,0.028566218912601471
test_protein_5269,0.061722870916128159
test_protein_5268,0.0051799952052533627
test_protein_5263,0.40498891472816467
test_protein_5264,7.3872843131539412e-07
test_protein_5267,0.2588137686252594
test_protein_5265,0.003406548872590065
test_protein_5270,0.58077585697174072
test_protein_5272,0.53023213148117065
test_protein_5274,0.44069135189056396
test_protein_5278,0.7964942455291748
test_protein_5283,0.4751771092414856
test_protein_5276,7.861803169362247e-06
test_protein_5282,0.11885036528110504
test_protein_5279,0.48347869515419006
test_protein_5285,0.0016479054465889931
test_protein_5284,8.8238106400240213e-05
test_protein_5280,0.090351253747940063
test_protein_5273,4.9117403477794142e-09
test_protein_5271,0.17397381365299225
test_protein_5277,6.9072812038939446e-05
test_protein_5281,6.1401427956297994e-05
test_protein_5275,0.0086396429687738419
test_protein_5291,9.3506713483293424e-09
test_protein_5286,0.47681578993797302
test_protein_5288,2.0410955414718046e-07
test_protein_5289,0.18176200985908508
test_protein_5290,4.189040555502288e-05
test_protein_5295,0.45082542300224304
test_protein_5299,0.27229276299476624
test_protein_5296,0.10076878219842911
test_protein_5298,0.29385122656822205
test_protein_5287,0.30816969275474548
test_protein_5293,0.48600035905838013
test_protein_5297,0.47010749578475952
test_protein_5292,0.00037003136822022498
test_protein_5294,0.31585991382598877
test_protein_5300,0.46734023094177246
test_protein_5304,0.0045233252458274364
test_protein_5301,0.45515593886375427
test_protein_5303,0.18692854046821594
test_protein_5306,0.011868366040289402
test_protein_5308,0.42774605751037598
test_protein_5305,0.48602703213691711
test_protein_5302,0.11906377226114273
test_protein_5307,9.8103719210484996e-06
test_protein_5313,0.43508628010749817
test_protein_5312,0.78481930494308472
test_protein_5311,0.41165691614151001
test_protein_5310,0.41889622807502747
test_protein_5309,0.44194459915161133
test_protein_5315,0.44686448574066162
test_protein_5317,2.8008673325530253e-05
test_protein_5322,0.74280464649200439
test_protein_5314,0.35253077745437622
test_protein_5316,0.080271355807781219
test_protein_5319,0.27264061570167542
test_protein_5318,0.5445406436920166
test_protein_5320,0.59365659952163696
test_protein_5324,2.0139225398452254e-06
test_protein_5325,0.42108154296875
test_protein_5328,0.50789302587509155
test_protein_5323,0.33519238233566284
test_protein_5326,0.0081991590559482574
test_protein_5321,0.19376286864280701
test_protein_5327,0.5448153018951416
test_protein_5329,0.5682646632194519
test_protein_5331,0.43771153688430786
test_protein_5332,0.45829123258590698
test_protein_5330,7.9941663955196418e-08
test_protein_5335,9.1259125838405453e-06
test_protein_5336,0.35313928127288818
test_protein_5338,1.6427540685981512e-05
test_protein_5333,0.030436135828495026
test_protein_5334,0.55027037858963013
test_protein_5339,0.010951935313642025
test_protein_5340,0.47142469882965088
test_protein_5337,0.50750982761383057
test_protein_5341,0.6416478157043457
test_protein_5345,0.59444820880889893
test_protein_5344,0.79285305738449097
test_protein_5342,0.64523226022720337
test_protein_5343,0.39035141468048096
test_protein_5348,0.27039849758148193
test_protein_5347,0.59415525197982788
test_protein_5350,0.4893825352191925
test_protein_5353,0.0028416544664651155
test_protein_5346,0.51031464338302612
test_protein_5356,0.12672202289104462
test_protein_5349,0.50075572729110718
test_protein_5358,0.32807907462120056
test_protein_5352,6.8419809394981712e-05
test_protein_5351,0.73704677820205688
test_protein_5355,0.26307305693626404
test_protein_5357,4.6285326789075043e-06
test_protein_5354,0.52442878484725952
test_protein_5362,0.42314642667770386
test_protein_5361,0.39356443285942078
test_protein_5364,4.5478944230126217e-05
test_protein_5359,1.1185246876266319e-05
test_protein_5360,0.25196337699890137
test_protein_5367,0.22304221987724304
test_protein_5363,0.5699278712272644
test_protein_5366,0.47425848245620728
test_protein_5365,0.38049033284187317
test_protein_5369,2.7997592042083852e-05
test_protein_5370,0.4211752712726593
test_protein_5368,0.55425584316253662
test_protein_5371,2.7736303309211507e-05
test_protein_5372,0.12786522507667542
test_protein_5373,0.004705541767179966
test_protein_5377,0.31362095475196838
test_protein_5375,0.39418983459472656
test_protein_5378,0.25648269057273865
test_protein_5379,6.9956702645868063e-05
test_protein_5376,0.034271802753210068
test_protein_5382,0.84340023994445801
test_protein_5374,0.0026775479782372713
test_protein_5380,0.29650077223777771
test_protein_5381,0.049354400485754013
test_protein_5383,1.4747324712516274e-06
test_protein_5392,0.48207971453666687
test_protein_5384,0.51107442378997803
test_protein_5389,0.54075509309768677
test_protein_5391,0.0005045946454629302
test_protein_5387,0.00051041820552200079
test_protein_5385,0.14693988859653473
test_protein_5386,3.0141818569973111e-05
test_protein_5388,0.07927539199590683
test_protein_5393,2.8049953471054323e-09
test_protein_5390,2.0649784104875835e-09
test_protein_5394,0.074873343110084534
test_protein_5397,0.29662302136421204
test_protein_5399,0.20363160967826843
test_protein_5396,0.54163926839828491
test_protein_5398,0.18731565773487091
test_protein_5402,0.39771422743797302
test_protein_5404,0.24936859309673309
test_protein_5403,0.55944651365280151
test_protein_5395,0.00011933975474676117
test_protein_5400,0.51347136497497559
test_protein_5401,0.40560442209243774
test_protein_5405,0.14004397392272949
test_protein_5406,7.929735875222832e-05
test_protein_5409,0.70436632633209229
test_protein_5408,0.66378939151763916
test_protein_5410,3.0964445613790303e-05
test_protein_5407,0.2293316125869751
test_protein_5414,5.6997960200533271e-05
test_protein_5412,0.10827777534723282
test_protein_5415,4.2987167603314447e-08
test_protein_5417,0.35322728753089905
test_protein_5411,0.0001028487749863416
test_protein_5413,5.7538495639164466e-06
test_protein_5416,0.0037029243540018797
test_protein_5420,0.0049049584195017815
test_protein_5418,0.13831950724124908
test_protein_5421,0.2084948718547821
test_protein_5419,0.33980840444564819
test_protein_5424,0.0032811672426760197
test_protein_5423,0.57054078578948975
test_protein_5426,0.50425088405609131
test_protein_5422,0.10304591059684753
test_protein_5428,0.12022190541028976
test_protein_5429,7.1544232014275622e-06
test_protein_5425,0.36986520886421204
test_protein_5427,0.18349148333072662
test_protein_5431,0.60444724559783936
test_protein_5430,0.067893758416175842
test_protein_5434,0.096567757427692413
test_protein_5440,0.0006006285548210144
test_protein_5444,0.12950807809829712
test_protein_5438,0.64526951313018799
test_protein_5447,0.18270665407180786
test_protein_5437,0.066643297672271729
test_protein_5443,0.25817278027534485
test_protein_5442,0.65507650375366211
test_protein_5441,0.43412786722183228
test_protein_5445,0.55733686685562134
test_protein_5446,0.49077916145324707
test_protein_5435,0.022619541734457016
test_protein_5436,0.00013937841868028045
test_protein_5439,0.57697510719299316
test_protein_5432,0.72691208124160767
test_protein_5433,0.5426211953163147
test_protein_5448,0.22356721758842468
test_protein_5457,0.58691245317459106
test_protein_5453,0.52786213159561157
test_protein_5451,1.2149932615557191e-07
test_protein_5459,0.66439872980117798
test_protein_5456,0.35477828979492188
test_protein_5455,0.24295297265052795
test_protein_5449,3.4587353638926288e-06
test_protein_5458,0.46635177731513977
test_protein_5452,0.67596113681793213
test_protein_5450,1.0824775387163754e-07
test_protein_5454,0.024026906117796898
test_protein_5460,9.1788689360328135e-07
test_protein_5465,0.3068796694278717
test_protein_5462,0.66822785139083862
test_protein_5466,0.58283364772796631
test_protein_5468,0.26684239506721497
test_protein_5472,0.3646797239780426
test_protein_5469,0.5841069221496582
test_protein_5470,0.00040792586514726281
test_protein_5471,4.19639462734267e-07
test_protein_5463,0.73452037572860718
test_protein_5464,0.43471327424049377
test_protein_5467,0.33570009469985962
test_protein_5461,0.64467740058898926
test_protein_5477,0.00031953424331732094
test_protein_5474,0.27115592360496521
test_protein_5473,0.62501585483551025
test_protein_5478,0.085455283522605896
test_protein_5476,0.11847279220819473
test_protein_5484,3.5737881262321025e-05
test_protein_5481,1.2825027624785434e-05
test_protein_5475,0.64071881771087646
test_protein_5483,0.0027025071904063225
test_protein_5485,0.38386818766593933
test_protein_5479,0.62970131635665894
test_protein_5480,0.61051440238952637
test_protein_5487,0.025622319430112839
test_protein_5486,0.5211976170539856
test_protein_5482,4.5164084440330043e-05
test_protein_5488,0.42507946491241455
test_protein_5489,0.56352657079696655
test_protein_5495,0.48808184266090393
test_protein_5491,0.0075733908452093601
test_protein_5496,0.80443722009658813
test_protein_5490,0.039486132562160492
test_protein_5492,0.13298036158084869
test_protein_5498,0.56796479225158691
test_protein_5494,0.26311889290809631
test_protein_5493,0.60091638565063477
test_protein_5497,5.3470776038011536e-05
test_protein_5500,0.16147312521934509
test_protein_5503,0.001297331415116787
test_protein_5499,0.64117413759231567
test_protein_5502,0.54444622993469238
test_protein_5507,0.00419278210029006
test_protein_5506,0.006365249864757061
test_protein_5501,0.75948351621627808
test_protein_5505,0.1973588615655899
test_protein_5509,0.7476431131362915
test_protein_5504,0.18347372114658356
test_protein_5508,0.31985697150230408
test_protein_5510,0.26956209540367126
test_protein_5511,0.55822265148162842
test_protein_5516,0.53301811218261719
test_protein_5515,0.25771027803421021
test_protein_5514,0.00014321520575322211
test_protein_5513,0.49042722582817078
test_protein_5520,0.43083685636520386
test_protein_5517,0.62157779932022095
test_protein_5512,0.00026687936042435467
test_protein_5518,0.72439783811569214
test_protein_5519,0.0029290313832461834
test_protein_5525,0.53702437877655029
test_protein_5524,0.41524809598922729
test_protein_5522,0.039082121104001999
test_protein_5521,0.47795370221138
test_protein_5523,0.22187985479831696
test_protein_5528,0.51455384492874146
test_protein_5527,0.40932103991508484
test_protein_5529,0.19718511402606964
test_protein_5530,0.084068737924098969
test_protein_5532,0.54602611064910889
test_protein_5533,0.20576003193855286
test_protein_5531,0.22050388157367706
test_protein_5526,0.79468971490859985
test_protein_5534,0.60852503776550293
test_protein_5535,0.62138718366622925
test_protein_5537,0.44551685452461243
test_protein_5536,0.23186591267585754
test_protein_5538,0.29357036948204041
test_protein_5541,0.61755728721618652
test_protein_5540,0.55206966400146484
test_protein_5542,0.43590781092643738
test_protein_5543,0.55392909049987793
test_protein_5545,0.33078163862228394
test_protein_5544,0.29641622304916382
test_protein_5546,0.7009773850440979
test_protein_5539,0.67765158414840698
test_protein_5547,0.0040100133046507835
test_protein_5552,0.042757723480463028
test_protein_5550,0.56471860408782959
test_protein_5554,0.46557360887527466
test_protein_5553,0.26849111914634705
test_protein_5559,0.37741923332214355
test_protein_5556,0.03505302220582962
test_protein_5558,0.44432222843170166
test_protein_5549,0.60591262578964233
test_protein_5548,0.47619321942329407
test_protein_5551,1.1603450502661872e-06
test_protein_5557,0.24693061411380768
test_protein_5555,0.50225454568862915
test_protein_5570,0.21096338331699371
test_protein_5569,0.68783324956893921
test_protein_5573,0.71572232246398926
test_protein_5572,0.65046930313110352
test_protein_5567,0.28029137849807739
test_protein_5574,0.55693668127059937
test_protein_5568,0.084550246596336365
test_protein_5561,0.1649901270866394
test_protein_5565,1.8711411030380987e-05
test_protein_5566,4.256210672792804e-08
test_protein_5562,0.85745656490325928
test_protein_5571,0.37648478150367737
test_protein_5563,0.69676679372787476
test_protein_5560,0.082506231963634491
test_protein_5564,0.67382466793060303
test_protein_5577,0.63393634557723999
test_protein_5581,0.2106391042470932
test_protein_5580,5.5544774113513995e-06
test_protein_5578,0.088785946369171143
test_protein_5579,0.0017272514523938298
test_protein_5576,0.15844511985778809
test_protein_5584,0.16757228970527649
test_protein_5575,0.0064653521403670311
test_protein_5583,0.045221459120512009
test_protein_5582,4.1506932575430255e-06
test_protein_5585,0.014101145789027214
test_protein_5589,0.5768812894821167
test_protein_5587,0.96908295154571533
test_protein_5590,0.66906774044036865
test_protein_5588,0.57763999700546265
test_protein_5586,0.23888278007507324
test_protein_5592,2.7005305014426995e-07
test_protein_5596,0.42381268739700317
test_protein_5591,0.55699992179870605
test_protein_5593,2.3402956230711425e-06
test_protein_5595,0.00046522484626621008
test_protein_5594,0.14819656312465668
test_protein_5599,0.28242364525794983
test_protein_5601,0.17476671934127808
test_protein_5603,0.27433475852012634
test_protein_5604,0.040905341506004333
test_protein_5605,0.053527943789958954
test_protein_5608,0.52354049682617188
test_protein_5598,0.93756133317947388
test_protein_5607,0.48113995790481567
test_protein_5600,0.0039113704115152359
test_protein_5597,0.28441685438156128
test_protein_5606,0.56561553478240967
test_protein_5602,0.46322378516197205
test_protein_5611,0.70687520503997803
test_protein_5614,0.32478776574134827
test_protein_5613,0.024557542055845261
test_protein_5609,0.051405269652605057
test_protein_5612,0.45187625288963318
test_protein_5615,0.0083327833563089371
test_protein_5610,0.40996643900871277
test_protein_5619,4.6815930545562878e-05
test_protein_5621,0.57618629932403564
test_protein_5620,0.55299407243728638
test_protein_5622,0.63693368434906006
test_protein_5618,0.66942721605300903
test_protein_5623,0.74067288637161255
test_protein_5627,0.17987814545631409
test_protein_5617,0.24020476639270782
test_protein_5628,0.80427759885787964
test_protein_5625,0.045203983783721924
test_protein_5624,0.5281481146812439
test_protein_5626,0.31042760610580444
test_protein_5616,0.09346163272857666
test_protein_5632,0.72050011157989502
test_protein_5633,0.40556338429450989
test_protein_5630,0.39973241090774536
test_protein_5629,0.23372027277946472
test_protein_5631,0.74315136671066284
test_protein_5635,0.54198199510574341
test_protein_5634,0.69959509372711182
test_protein_5638,0.43002885580062866
test_protein_5640,0.08577292412519455
test_protein_5636,0.57722645998001099
test_protein_5639,0.16223672032356262
test_protein_5637,0.0083257490769028664
test_protein_5642,0.43268874287605286
test_protein_5641,0.026703732088208199
test_protein_5643,0.1770121157169342
test_protein_5645,0.5508807897567749
test_protein_5647,0.56962335109710693
test_protein_5649,0.49186044931411743
test_protein_5644,0.82105529308319092
test_protein_5646,0.63674324750900269
test_protein_5648,0.0018791714683175087
test_protein_5651,0.43678230047225952
test_protein_5650,0.2568945586681366
test_protein_5654,7.760885978314036e-07
test_protein_5652,0.39383271336555481
test_protein_5656,0.37797835469245911
test_protein_5653,0.6316521167755127
test_protein_5657,6.7357705120230094e-06
test_protein_5659,1.6652265912853181e-06
test_protein_5660,0.69141572713851929
test_protein_5655,0.063720703125
test_protein_5658,0.71925210952758789
test_protein_5661,0.041267834603786469
test_protein_5662,0.35533344745635986
test_protein_5663,0.48284325003623962
test_protein_5666,0.30307957530021667
test_protein_5669,0.55410826206207275
test_protein_5664,0.75135397911071777
test_protein_5667,0.3932647705078125
test_protein_5665,0.54868006706237793
test_protein_5671,0.16214030981063843
test_protein_5668,0.56827586889266968
test_protein_5672,0.038055039942264557
test_protein_5670,0.059713870286941528
test_protein_5674,0.49283254146575928
test_protein_5676,0.0546441450715065
test_protein_5673,6.9999664731312805e-08
test_protein_5679,0.62561202049255371
test_protein_5678,0.44012147188186646
test_protein_5681,0.28129106760025024
test_protein_5680,0.33402281999588013
test_protein_5675,0.62729549407958984
test_protein_5677,0.46854257583618164
test_protein_5684,1.3335083792753721e-07
test_protein_5682,0.32315683364868164
test_protein_5683,0.45595318078994751
test_protein_5685,3.7657265750112856e-08
test_protein_5687,0.33303052186965942
test_protein_5686,0.54999816417694092
test_protein_5689,0.45679652690887451
test_protein_5695,0.13404300808906555
test_protein_5688,0.65879929065704346
test_protein_5694,0.32896772027015686
test_protein_5691,0.715961754322052
test_protein_5690,0.98560208082199097
test_protein_5700,0.40603354573249817
test_protein_5692,0.47486677765846252
test_protein_5696,0.41506439447402954
test_protein_5698,0.63739591836929321
test_protein_5693,0.29660135507583618
test_protein_5697,0.42277997732162476
test_protein_5699,0.86742997169494629
test_protein_5704,9.4053731913845695e-08
test_protein_5701,0.37451720237731934
test_protein_5705,1.439858721141718e-07
test_protein_5702,0.075151048600673676
test_protein_5708,0.61598539352416992
test_protein_5707,0.5767056941986084
test_protein_5703,0.41953521966934204
test_protein_5714,0.24333132803440094
test_protein_5710,0.46185928583145142
test_protein_5713,0.68359279632568359
test_protein_5711,0.56185382604598999
test_protein_5706,0.50870287418365479
test_protein_5712,0.41564539074897766
test_protein_5717,0.2837059497833252
test_protein_5715,0.25109544396400452
test_protein_5709,0.40295398235321045
test_protein_5716,3.1346957030109479e-08
test_protein_5722,0.60402745008468628
test_protein_5721,0.38973021507263184
test_protein_5718,0.52237206697463989
test_protein_5728,0.47652891278266907
test_protein_5719,0.30446431040763855
test_protein_5726,0.53732293844223022
test_protein_5725,1.4988657426329155e-08
test_protein_5720,0.75370305776596069
test_protein_5727,9.3916202104082913e-07
test_protein_5724,0.080299772322177887
test_protein_5731,0.67269337177276611
test_protein_5729,0.50753706693649292
test_protein_5732,0.61185288429260254
test_protein_5730,0.69425231218338013
test_protein_5723,0.19727464020252228
test_protein_5733,0.81414633989334106
test_protein_5735,0.26568672060966492
test_protein_5739,0.75811988115310669
test_protein_5738,0.59357559680938721
test_protein_5734,4.2615592974470928e-05
test_protein_5736,0.061210565268993378
test_protein_5737,0.19162727892398834
test_protein_5741,9.9380898177514609e-08
test_protein_5740,0.56665641069412231
test_protein_5748,0.40426731109619141
test_protein_5743,0.76241135597229004
test_protein_5742,0.47763767838478088
test_protein_5749,0.00018801618716679513
test_protein_5753,0.22614429891109467
test_protein_5754,0.52352738380432129
test_protein_5751,0.36190938949584961
test_protein_5746,1.8603675925987773e-05
test_protein_5755,0.42083746194839478
test_protein_5745,3.0552719181287102e-06
test_protein_5750,0.53679758310317993
test_protein_5744,0.017775870859622955
test_protein_5747,0.00068885873770341277
test_protein_5752,0.13523824512958527
test_protein_5757,0.13938723504543304
test_protein_5761,0.003520849859341979
test_protein_5756,0.39599883556365967
test_protein_5758,0.059787102043628693
test_protein_5762,0.15977245569229126
test_protein_5760,0.42237588763237
test_protein_5759,0.16894660890102386
test_protein_5763,0.18778008222579956
test_protein_5764,3.1427717317455972e-08
test_protein_5769,6.7759785451926291e-05
test_protein_5770,0.073089420795440674
test_protein_5767,0.27265575528144836
test_protein_5766,0.6139485239982605
test_protein_5765,3.1130909405874263e-08
test_protein_5768,0.64415270090103149
test_protein_5774,0.44727444648742676
test_protein_5771,0.068955838680267334
test_protein_5773,0.34724882245063782
test_protein_5772,0.41119897365570068
test_protein_5777,0.76557093858718872
test_protein_5775,0.32369685173034668
test_protein_5780,0.013112802058458328
test_protein_5778,0.24863888323307037
test_protein_5776,0.18768951296806335
test_protein_5781,0.55148392915725708
test_protein_5787,0.0038344194181263447
test_protein_5785,0.2435685396194458
test_protein_5779,0.37148517370223999
test_protein_5783,0.73506349325180054
test_protein_5782,0.20283186435699463
test_protein_5786,0.51004046201705933
test_protein_5784,0.3479059636592865
test_protein_5790,0.32715997099876404
test_protein_5789,0.536368727684021
test_protein_5792,3.6514902035378327e-07
test_protein_5788,0.036911338567733765
test_protein_5791,0.52870512008666992
test_protein_5793,0.068275123834609985
test_protein_6060,0.016096575185656548
test_protein_6062,0.55837899446487427
test_protein_6069,0.1162334680557251
test_protein_6063,0.00012147897359682247
test_protein_6065,0.21045407652854919
test_protein_5794,0.66641539335250854
test_protein_6071,0.0346846804022789
test_protein_5795,0.053534425795078278
test_protein_6067,0.4400562047958374
test_protein_6061,0.49805250763893127
test_protein_6064,0.44389423727989197
test_protein_6073,0.19352951645851135
test_protein_6072,0.079622618854045868
test_protein_6070,0.6126788854598999
test_protein_6066,0.96266347169876099
test_protein_6068,0.52340006828308105
test_protein_6075,0.46226298809051514
test_protein_6076,0.24767948687076569
test_protein_6078,0.40836754441261292
test_protein_6074,0.062688857316970825
test_protein_6079,0.53121829032897949
test_protein_6077,0.21538832783699036
test_protein_6081,0.29234457015991211
test_protein_6083,0.35284364223480225
test_protein_6082,0.27692300081253052
test_protein_6086,0.49258682131767273
test_protein_6089,0.65540266036987305
test_protein_6087,0.72655075788497925
test_protein_6080,0.45571726560592651
test_protein_6084,0.48146948218345642
test_protein_6090,0.037178050726652145
test_protein_6085,0.02368549257516861
test_protein_6088,0.012592025101184845
test_protein_6091,0.23670393228530884
test_protein_6097,0.5676809549331665
test_protein_6096,0.26627224683761597
test_protein_6093,0.29119089245796204
test_protein_6094,0.1104465126991272
test_protein_6101,0.11017727106809616
test_protein_6100,0.0012615373125299811
test_protein_6095,0.22685697674751282
test_protein_6103,0.28708669543266296
test_protein_6098,0.42791792750358582
test_protein_6099,0.40268594026565552
test_protein_6102,0.01138873677700758
test_protein_6092,0.84221237897872925
test_protein_6114,0.25709459185600281
test_protein_6104,0.7692946195602417
test_protein_6109,0.69269269704818726
test_protein_6108,0.56648969650268555
test_protein_6107,0.80943572521209717
test_protein_6105,0.06467004120349884
test_protein_6106,0.11649809777736664
test_protein_6112,0.048383899033069611
test_protein_6113,0.2134731262922287
test_protein_6120,0.56672203540802002
test_protein_6122,0.017412861809134483
test_protein_6110,0.42736056447029114
test_protein_6111,0.53373104333877563
test_protein_6124,0.64995837211608887
test_protein_6117,0.93142443895339966
test_protein_6121,0.21892577409744263
test_protein_6128,0.5142066478729248
test_protein_6123,0.071288086473941803
test_protein_6115,0.65787839889526367
test_protein_6130,0.031698025763034821
test_protein_6125,0.2224343866109848
test_protein_6127,0.54059219360351562
test_protein_6118,0.45090854167938232
test_protein_6119,0.39231160283088684
test_protein_6116,0.17749084532260895
test_protein_6126,0.25041180849075317
test_protein_6129,0.060209937393665314
test_protein_6133,0.17984205484390259
test_protein_6132,0.089366629719734192
test_protein_6139,0.323515385389328
test_protein_6135,0.44264021515846252
test_protein_6131,0.20486585795879364
test_protein_6138,0.6138843297958374
test_protein_6136,0.18036161363124847
test_protein_6141,0.6812511682510376
test_protein_6134,0.51100456714630127
test_protein_6137,0.31738758087158203
test_protein_6142,0.031604919582605362
test_protein_6140,0.41698890924453735
test_protein_6143,0.70920872688293457
test_protein_6144,0.40842416882514954
test_protein_6145,0.17061108350753784
test_protein_6147,0.29697686433792114
test_protein_6146,0.19785954058170319
test_protein_6149,0.13968320190906525
test_protein_6148,0.00013451502309180796
test_protein_6150,0.022458367049694061
test_protein_6152,0.77791786193847656
test_protein_6153,0.26180610060691833
test_protein_6151,0.0092191779986023903
test_protein_6157,0.55926746129989624
test_protein_6155,0.46165162324905396
test_protein_6156,0.55853539705276489
test_protein_6154,0.44595259428024292
test_protein_6158,0.71303004026412964
test_protein_6159,0.073841795325279236
test_protein_6160,0.6029854416847229
test_protein_6162,0.49534276127815247
test_protein_6161,0.71336764097213745
test_protein_6163,0.55163627862930298
test_protein_6164,0.018952103331685066
test_protein_6165,0.45007333159446716
test_protein_6168,0.52729696035385132
test_protein_6167,0.71493637561798096
test_protein_6171,0.1984037458896637
test_protein_6166,0.43736168742179871
test_protein_6172,0.36563879251480103
test_protein_6169,0.026447426527738571
test_protein_6170,0.11063190549612045
test_protein_6175,0.029967023059725761
test_protein_6174,0.035449914634227753
test_protein_6173,0.32496762275695801
test_protein_6186,0.45300894975662231
test_protein_6176,0.053485900163650513
test_protein_6180,0.24016273021697998
test_protein_6177,0.30842089653015137
test_protein_6178,0.23891125619411469
test_protein_6183,0.092266187071800232
test_protein_6179,0.32977533340454102
test_protein_6187,0.49112030863761902
test_protein_6181,0.80408561229705811
test_protein_6184,0.68132662773132324
test_protein_6185,0.17162619531154633
test_protein_6182,0.52582520246505737
test_protein_6189,0.1675410121679306
test_protein_6188,0.079323895275592804
test_protein_6190,0.1509527862071991
test_protein_6191,0.091123931109905243
test_protein_6196,0.17905084788799286
test_protein_6193,0.15380236506462097
test_protein_6195,0.33135390281677246
test_protein_6197,0.98523151874542236
test_protein_6192,0.17984375357627869
test_protein_6198,0.21051484346389771
test_protein_6194,0.56209784746170044
test_protein_6199,0.78777766227722168
test_protein_6200,0.78261059522628784
test_protein_6206,0.045176170766353607
test_protein_6202,0.042354531586170197
test_protein_6207,0.16150777041912079
test_protein_6208,0.36719632148742676
test_protein_6203,0.52670615911483765
test_protein_6205,0.16160009801387787
test_protein_6201,0.12266719341278076
test_protein_6204,0.52189284563064575
test_protein_6209,0.26762676239013672
test_protein_6210,0.75092637538909912
test_protein_6213,0.30011537671089172
test_protein_6211,0.16557815670967102
test_protein_6216,0.5675283670425415
test_protein_6212,0.069180354475975037
test_protein_6214,0.23619994521141052
test_protein_6217,0.78864985704421997
test_protein_6221,0.019326234236359596
test_protein_6218,0.092634901404380798
test_protein_6215,0.074589475989341736
test_protein_6220,0.53883421421051025
test_protein_6219,0.15113647282123566
test_protein_6222,0.36049878597259521
test_protein_6227,0.1082313284277916
test_protein_6223,0.0085244961082935333
test_protein_6225,0.20139886438846588
test_protein_6224,0.21294799447059631
test_protein_6226,0.17168909311294556
test_protein_6229,0.61898946762084961
test_protein_6231,0.019866295158863068
test_protein_6228,0.45140689611434937
test_protein_6230,0.48737189173698425
test_protein_6232,0.27982863783836365
test_protein_6233,0.5994260311126709
test_protein_6237,0.21762427687644958
test_protein_6234,0.050383038818836212
test_protein_6239,0.081864938139915466
test_protein_6235,0.010846637189388275
test_protein_6242,0.57328927516937256
test_protein_6240,0.80897516012191772
test_protein_6236,0.4434540867805481
test_protein_6238,0.045559458434581757
test_protein_6243,0.071485161781311035
test_protein_6241,0.16285546123981476
test_protein_6244,0.20524731278419495
test_protein_6246,0.16426739096641541
test_protein_6249,0.12798184156417847
test_protein_6245,0.51347571611404419
test_protein_6250,0.2589515745639801
test_protein_6247,0.55719852447509766
test_protein_6254,0.084401659667491913
test_protein_6248,0.13162267208099365
test_protein_6251,0.58678334951400757
test_protein_6252,0.00026949611492455006
test_protein_6253,0.41572529077529907
test_protein_6256,0.13300500810146332
test_protein_6258,0.18805862963199615
test_protein_6257,0.073351770639419556
test_protein_6255,0.44535183906555176
test_protein_6259,0.23729813098907471
test_protein_6260,0.347450852394104
test_protein_6261,0.39246484637260437
test_protein_6265,0.16200405359268188
test_protein_6263,0.02113855816423893
test_protein_6262,0.11178423464298248
test_protein_6264,0.49351412057876587
test_protein_6266,0.0057925931178033352
test_protein_6269,0.061488091945648193
test_protein_6268,0.096585936844348907
test_protein_6270,0.57483202219009399
test_protein_6277,0.017414705827832222
test_protein_6274,0.50230103731155396
test_protein_6275,0.45978438854217529
test_protein_6271,0.53391033411026001
test_protein_6276,0.17978797852993011
test_protein_6272,0.4547598659992218
test_protein_6267,0.25889864563941956
test_protein_6273,0.73371148109436035
test_protein_6278,0.20341971516609192
test_protein_6280,0.49546951055526733
test_protein_6279,0.09351658821105957
test_protein_6282,0.26617023348808289
test_protein_6288,0.00045402784598991275
test_protein_6284,0.016240250319242477
test_protein_6289,0.0019599620718508959
test_protein_6281,0.48692566156387329
test_protein_6287,0.16072432696819305
test_protein_6285,0.44629573822021484
test_protein_6283,0.37622258067131042
test_protein_6286,0.35741090774536133
test_protein_6293,0.41282406449317932
test_protein_6290,0.093458518385887146
test_protein_6291,0.38046130537986755
test_protein_6294,0.55984055995941162
test_protein_6295,0.80624514818191528
test_protein_6296,0.40136972069740295
test_protein_6292,0.24439021944999695
test_protein_6301,0.28148236870765686
test_protein_6298,0.18721577525138855
test_protein_6297,0.10674673318862915
test_protein_6299,0.0023648031055927277
test_protein_6300,0.57074171304702759
test_protein_6302,0.48921626806259155
test_protein_6308,0.16211608052253723
test_protein_6310,0.54752475023269653
test_protein_6306,0.2847554087638855
test_protein_6313,0.3893168568611145
test_protein_6309,0.042137719690799713
test_protein_6311,0.21764944493770599
test_protein_6307,0.12569783627986908
test_protein_6305,0.33006253838539124
test_protein_6312,0.40569895505905151
test_protein_6304,0.2852025032043457
test_protein_6303,0.27410730719566345
test_protein_6314,0.47027197480201721
test_protein_6325,0.620430588722229
test_protein_6316,0.47811233997344971
test_protein_6324,0.51642310619354248
test_protein_6322,0.3518466055393219
test_protein_6321,0.096089877188205719
test_protein_6319,0.069653876125812531
test_protein_6323,0.48317894339561462
test_protein_6320,0.82212179899215698
test_protein_6317,0.13430978357791901
test_protein_6315,0.45460563898086548
test_protein_6318,0.33405739068984985
test_protein_6326,0.45607343316078186
test_protein_6327,0.29342854022979736
test_protein_6328,0.49508786201477051
test_protein_6330,8.2349710282869637e-05
test_protein_6336,0.24405618011951447
test_protein_6337,0.44127658009529114
test_protein_6335,0.68964302539825439
test_protein_6334,0.55703520774841309
test_protein_6329,0.36068910360336304
test_protein_6331,0.0030537799466401339
test_protein_6332,0.30962646007537842
test_protein_6333,0.3315708339214325
test_protein_6338,0.35554701089859009
test_protein_6342,0.020492019131779671
test_protein_6343,0.3064458966255188
test_protein_6341,0.12696439027786255
test_protein_6339,0.44760608673095703
test_protein_6344,0.069590449333190918
test_protein_6340,0.032611731439828873
test_protein_6345,0.013562819920480251
test_protein_6347,0.069644585251808167
test_protein_6349,0.21288576722145081
test_protein_6346,0.053316257894039154
test_protein_6348,0.0030191144905984402
test_protein_6351,0.40694317221641541
test_protein_6353,0.093765221536159515
test_protein_6352,0.012552697211503983
test_protein_6350,0.2220928966999054
test_protein_6354,0.43014603853225708
test_protein_6357,0.33979830145835876
test_protein_6355,0.76499277353286743
test_protein_6356,0.10676673799753189
test_protein_6360,0.33371791243553162
test_protein_6358,0.38187935948371887
test_protein_6359,0.65017193555831909
test_protein_6365,0.039075706154108047
test_protein_6367,0.12590840458869934
test_protein_6361,0.55071640014648438
test_protein_6364,0.18406370282173157
test_protein_6363,0.0047184857539832592
test_protein_6362,0.21726252138614655
test_protein_6366,0.68910109996795654
test_protein_6370,0.48176079988479614
test_protein_6369,0.34271606802940369
test_protein_6368,0.035987161099910736
test_protein_6372,0.39328041672706604
test_protein_6371,0.019734703004360199
test_protein_6374,0.063493646681308746
test_protein_6378,0.25090736150741577
test_protein_6375,0.55963003635406494
test_protein_6376,0.14940381050109863
test_protein_6373,0.42357528209686279
test_protein_6381,0.45892560482025146
test_protein_6377,0.48148664832115173
test_protein_6380,0.03308456763625145
test_protein_6379,0.045687772333621979
test_protein_6383,0.0024526510387659073
test_protein_6382,0.096443697810173035
test_protein_6386,0.57386231422424316
test_protein_6384,0.36137637495994568
test_protein_6388,0.18306130170822144
test_protein_6390,0.54979789257049561
test_protein_6387,0.50662773847579956
test_protein_6393,0.64892220497131348
test_protein_6391,0.24563968181610107
test_protein_6385,0.27200743556022644
test_protein_6392,0.037115953862667084
test_protein_6389,0.11680787801742554
test_protein_6396,0.25243324041366577
test_protein_6397,0.74541181325912476
test_protein_6395,0.63264065980911255
test_protein_6394,0.045331403613090515
test_protein_6398,0.35112720727920532
test_protein_6400,0.30842989683151245
test_protein_6403,0.41410216689109802
test_protein_6402,0.42721810936927795
test_protein_6399,0.34731045365333557
test_protein_6406,0.051810786128044128
test_protein_6404,0.4906926155090332
test_protein_6407,0.52371108531951904
test_protein_6408,0.66913038492202759
test_protein_6405,0.069020800292491913
test_protein_6401,0.26669555902481079
test_protein_6411,0.41329842805862427
test_protein_6410,0.56696891784667969
test_protein_6412,0.17058871686458588
test_protein_6409,0.12560833990573883
test_protein_6414,0.59257715940475464
test_protein_6418,0.078441329300403595
test_protein_6416,0.013871649280190468
test_protein_6417,0.53346014022827148
test_protein_6419,0.1917700469493866
test_protein_6413,0.75060361623764038
test_protein_6415,0.71176612377166748
test_protein_6423,0.056767083704471588
test_protein_6421,0.10811801999807358
test_protein_6422,0.35259231925010681
test_protein_6420,0.23593476414680481
test_protein_6425,0.1038806140422821
test_protein_6426,0.18050529062747955
test_protein_6427,0.086361713707447052
test_protein_6424,0.58404624462127686
test_protein_6429,1.3021401173318736e-05
test_protein_6428,0.30704626441001892
test_protein_6432,0.99462401866912842
test_protein_6431,0.40066444873809814
test_protein_6430,0.53400647640228271
test_protein_6433,0.082564070820808411
test_protein_6438,0.55352061986923218
test_protein_6434,0.60015672445297241
test_protein_6437,0.56666535139083862
test_protein_6439,0.20441204309463501
test_protein_6440,0.52211207151412964
test_protein_6435,0.095879755914211273
test_protein_6436,0.52053576707839966
test_protein_6441,0.060121547430753708
test_protein_6443,0.0029962868429720402
test_protein_6442,0.54263573884963989
test_protein_6444,0.35117655992507935
test_protein_6449,0.6024249792098999
test_protein_6450,0.38489493727684021
test_protein_6446,0.092047445476055145
test_protein_6445,0.082534536719322205
test_protein_6447,0.39851436018943787
test_protein_6453,0.27462241053581238
test_protein_6451,0.016342345625162125
test_protein_6448,0.12512318789958954
test_protein_6456,0.059749554842710495
test_protein_6452,0.10238790512084961
test_protein_6455,0.49533405900001526
test_protein_6454,0.19083899259567261
test_protein_6459,0.052899099886417389
test_protein_6458,0.18127384781837463
test_protein_6457,0.15129202604293823
test_protein_6460,0.71860980987548828
test_protein_6469,0.057341516017913818
test_protein_6462,0.36850032210350037
test_protein_6465,0.28520861268043518
test_protein_6461,0.019536552950739861
test_protein_6466,0.3022124171257019
test_protein_6464,0.48812666535377502
test_protein_6463,0.029626088216900826
test_protein_6468,0.92420971393585205
test_protein_6470,0.37916406989097595
test_protein_6471,0.52363497018814087
test_protein_6467,0.058262627571821213
test_protein_6474,0.0080982604995369911
test_protein_6473,0.17605803906917572
test_protein_6472,0.19867472350597382
test_protein_6475,0.25106823444366455
test_protein_6479,0.20883285999298096
test_protein_6477,0.52939820289611816
test_protein_6476,0.04215288907289505
test_protein_6478,0.32266137003898621
test_protein_6481,0.11352388560771942
test_protein_6483,0.30438455939292908
test_protein_6480,0.27538561820983887
test_protein_6484,0.047476436942815781
test_protein_6486,0.37503325939178467
test_protein_6485,0.37330722808837891
test_protein_6482,0.14905022084712982
test_protein_6488,0.25656309723854065
test_protein_6491,0.26133176684379578
test_protein_6487,0.47334551811218262
test_protein_6489,0.6901165246963501
test_protein_6490,0.3925100564956665
test_protein_6494,0.43217787146568298
test_protein_6493,0.057655271142721176
test_protein_6497,0.052933122962713242
test_protein_6492,0.69031256437301636
test_protein_6495,0.61250060796737671
test_protein_6498,0.090524844825267792
test_protein_6500,0.064910829067230225
test_protein_6501,0.78956049680709839
test_protein_6499,0.5713767409324646
test_protein_6496,0.7936168909072876
test_protein_6503,0.29890099167823792
test_protein_6506,0.44110932946205139
test_protein_6502,0.047696743160486221
test_protein_6508,0.230237677693367
test_protein_6509,0.59723585844039917
test_protein_6511,0.79297733306884766
test_protein_6504,0.042657952755689621
test_protein_6505,0.84692198038101196
test_protein_6514,0.35542428493499756
test_protein_6507,0.1665106862783432
test_protein_6512,0.3885059654712677
test_protein_6510,0.75234591960906982
test_protein_6516,0.32317128777503967
test_protein_6515,0.010737619362771511
test_protein_6513,0.11926621943712234
test_protein_6517,0.26631304621696472
test_protein_6519,0.067754454910755157
test_protein_6521,0.37752842903137207
test_protein_6522,0.235753133893013
test_protein_6524,0.35549870133399963
test_protein_6518,0.29949131608009338
test_protein_6525,0.10966283828020096
test_protein_6520,0.31394100189208984
test_protein_6523,0.015153924934566021
test_protein_6526,0.42777472734451294
test_protein_6527,0.4121614396572113
test_protein_6528,0.50126791000366211
test_protein_6529,0.11848755925893784
test_protein_6530,0.10846102237701416
test_protein_6531,0.16783039271831512
test_protein_6532,0.44795653223991394
test_protein_6535,0.088791273534297943
test_protein_6533,0.38132181763648987
test_protein_6537,0.0058206599205732346
test_protein_6539,0.32518947124481201
test_protein_6536,0.46678659319877625
test_protein_6541,0.28765159845352173
test_protein_6534,0.12118817865848541
test_protein_6543,0.24681450426578522
test_protein_6540,0.61752933263778687
test_protein_6544,0.20334215462207794
test_protein_6538,0.1474500298500061
test_protein_6542,0.35930457711219788
test_protein_6549,0.044093459844589233
test_protein_6546,0.31537875533103943
test_protein_6547,0.15311713516712189
test_protein_6545,0.71178799867630005
test_protein_6552,0.029010849073529243
test_protein_6551,0.066347122192382812
test_protein_6548,0.44462189078330994
test_protein_6553,0.40578553080558777
test_protein_6550,0.15597155690193176
test_protein_6554,0.040945570915937424
test_protein_6555,0.56083208322525024
test_protein_6558,0.01054197084158659
test_protein_6557,0.14051447808742523
test_protein_6559,0.15478748083114624
test_protein_6556,0.39728593826293945
test_protein_6560,0.2387906014919281
test_protein_6562,0.28869104385375977
test_protein_6561,0.48986843228340149
test_protein_6566,0.1144632026553154
test_protein_6563,0.57347363233566284
test_protein_6567,0.34931609034538269
test_protein_6565,0.34023210406303406
test_protein_6564,0.59902471303939819
test_protein_6568,0.24755166471004486
test_protein_6570,0.29959830641746521
test_protein_6569,0.024346008896827698
test_protein_6574,0.11963457614183426
test_protein_6571,0.42404830455780029
test_protein_6572,0.26592209935188293
test_protein_6573,0.42568519711494446
test_protein_6575,0.055320121347904205
test_protein_6577,0.33742639422416687
test_protein_6580,0.14662979543209076
test_protein_6579,0.29129508137702942
test_protein_6578,0.10550086200237274
test_protein_6582,0.31922233104705811
test_protein_6583,0.21342580020427704
test_protein_6576,0.54754513502120972
test_protein_6581,0.6258806586265564
test_protein_6585,0.39145141839981079
test_protein_6584,0.068359993398189545
test_protein_6587,0.00042770340223796666
test_protein_6589,0.47680643200874329
test_protein_6586,0.16534461081027985
test_protein_6590,0.094686239957809448
test_protein_6591,0.22845178842544556
test_protein_6588,0.014012609608471394
test_protein_6592,0.53120344877243042
test_protein_6595,0.31925803422927856
test_protein_6593,0.25753980875015259
test_protein_6596,0.17231513559818268
test_protein_6594,0.19252607226371765
test_protein_6597,0.41985991597175598
test_protein_6599,0.0081985574215650558
test_protein_6598,0.050265554338693619
test_protein_6602,0.38895443081855774
test_protein_6605,0.052196238189935684
test_protein_6604,0.23404543101787567
test_protein_6600,0.19511877000331879
test_protein_6603,0.44681212306022644
test_protein_6601,0.24158288538455963
test_protein_6606,0.050889253616333008
test_protein_6608,0.29103156924247742
test_protein_6607,0.4366384744644165
test_protein_6611,0.25090593099594116
test_protein_6612,0.43897229433059692
test_protein_6613,0.075456239283084869
test_protein_6610,0.063308916985988617
test_protein_6609,0.25539970397949219
test_protein_6617,0.17506475746631622
test_protein_6618,0.10334466397762299
test_protein_6620,0.12289483100175858
test_protein_6616,0.50724989175796509
test_protein_6614,0.2379424124956131
test_protein_6615,0.21074695885181427
test_protein_6619,0.30998802185058594
test_protein_6625,0.9840359091758728
test_protein_6624,0.84216850996017456
test_protein_6623,0.1545916348695755
test_protein_6621,0.25062310695648193
test_protein_6628,0.28787940740585327
test_protein_6630,0.68402624130249023
test_protein_6631,0.016398994252085686
test_protein_6629,0.012115865014493465
test_protein_6634,0.18551963567733765
test_protein_6627,0.68847149610519409
test_protein_6626,0.56308269500732422
test_protein_6622,0.0079063186421990395
test_protein_6632,0.63224935531616211
test_protein_6638,0.0021423457656055689
test_protein_6633,0.87442278861999512
test_protein_6637,0.25269401073455811
test_protein_6639,0.61969298124313354
test_protein_6635,0.028824931010603905
test_protein_6643,0.1442464143037796
test_protein_6640,0.35363432765007019
test_protein_6641,0.59988701343536377
test_protein_6642,0.53256016969680786
test_protein_6636,0.0031677612569183111
test_protein_6644,0.23803888261318207
test_protein_6646,0.67520862817764282
test_protein_6645,0.29301729798316956
test_protein_6649,0.47555378079414368
test_protein_6647,0.48811662197113037
test_protein_6648,0.25128310918807983
test_protein_6650,0.16810606420040131
test_protein_6651,0.43791505694389343
test_protein_6652,0.75518006086349487
test_protein_6653,0.59209173917770386
test_protein_6654,0.70583313703536987
test_protein_6657,0.7952808141708374
test_protein_6656,0.53186631202697754
test_protein_6658,0.22378918528556824
test_protein_6655,0.70317929983139038
test_protein_6660,0.19718806445598602
test_protein_6661,0.31863144040107727
test_protein_6659,0.21947503089904785
test_protein_6665,0.19686299562454224
test_protein_6669,0.36641737818717957
test_protein_6662,0.26003172993659973
test_protein_6663,0.24857813119888306
test_protein_6666,0.45375502109527588
test_protein_6667,0.34818843007087708
test_protein_6664,0.10370808839797974
test_protein_6668,0.22657895088195801
test_protein_6674,0.32203099131584167
test_protein_6671,0.024749696254730225
test_protein_6670,0.11833352595567703
test_protein_6672,0.0036270220298320055
test_protein_6675,0.63733363151550293
test_protein_6677,0.39797693490982056
test_protein_6676,0.34094890952110291
test_protein_6678,0.61355817317962646
test_protein_6673,0.33730623126029968
test_protein_6679,0.097124844789505005
test_protein_6681,0.15543296933174133
test_protein_6684,0.092157214879989624
test_protein_6686,0.028729142621159554
test_protein_6680,0.72008359432220459
test_protein_6683,0.26406058669090271
test_protein_6682,0.34128832817077637
test_protein_6687,0.46553564071655273
test_protein_6685,0.60753220319747925
test_protein_6688,0.0010478062322363257
test_protein_6690,0.58013981580734253
test_protein_6694,0.38802960515022278
test_protein_6689,0.23821072280406952
test_protein_6691,0.018723918125033379
test_protein_6693,0.40966972708702087
test_protein_6695,0.82620924711227417
test_protein_6692,0.48270821571350098
test_protein_6696,0.40377774834632874
test_protein_6697,0.89630806446075439
test_protein_6698,0.66529619693756104
test_protein_6699,0.34251114726066589
test_protein_6701,0.022701343521475792
test_protein_6704,0.032679647207260132
test_protein_6700,0.71370196342468262
test_protein_6703,0.64440780878067017
test_protein_6705,0.066352307796478271
test_protein_6702,0.62403023242950439
test_protein_6708,0.21486920118331909
test_protein_6711,0.38219010829925537
test_protein_6706,0.38421699404716492
test_protein_6712,0.14782971143722534
test_protein_6714,0.01167603861540556
test_protein_6707,0.55246752500534058
test_protein_6713,0.39878147840499878
test_protein_6709,0.027995605021715164
test_protein_6710,0.59662997722625732
test_protein_6718,0.46664878726005554
test_protein_6720,0.22284528613090515
test_protein_6715,0.092912584543228149
test_protein_6719,0.36195984482765198
test_protein_6721,0.49996814131736755
test_protein_6716,0.31984534859657288
test_protein_6723,0.15093162655830383
test_protein_6717,0.52709722518920898
test_protein_6722,0.25541558861732483
test_protein_6724,0.19733607769012451
test_protein_6729,0.29737275838851929
test_protein_6725,0.23956218361854553
test_protein_6732,0.1641215980052948
test_protein_6728,0.30097678303718567
test_protein_6730,0.56166964769363403
test_protein_6727,0.38454869389533997
test_protein_6726,0.55658692121505737
test_protein_6731,0.44663235545158386
test_protein_6733,0.64052832126617432
test_protein_6735,0.16922929883003235
test_protein_6734,0.71253746747970581
test_protein_6736,0.34040889143943787
test_protein_6737,0.21483069658279419
test_protein_6738,0.039885766804218292
test_protein_6740,0.51195418834686279
test_protein_6739,0.48971974849700928
test_protein_6741,0.46050667762756348
test_protein_6743,0.42150574922561646
test_protein_6742,0.26232045888900757
test_protein_6745,0.31029173731803894
test_protein_6744,0.50633835792541504
test_protein_6746,0.022555727511644363
test_protein_6747,0.40515488386154175
test_protein_6749,0.12654367089271545
test_protein_6750,0.32626917958259583
test_protein_6748,0.77126413583755493
test_protein_6752,0.010591693222522736
test_protein_6756,0.59023678302764893
test_protein_6754,0.32045069336891174
test_protein_6755,0.36465057730674744
test_protein_6757,0.194430872797966
test_protein_6751,0.32319796085357666
test_protein_6753,0.70206475257873535
test_protein_6758,0.32868668437004089
test_protein_6762,0.43247485160827637
test_protein_6760,0.16446317732334137
test_protein_6759,0.17812581360340118
test_protein_6765,0.2563006579875946
test_protein_6763,0.63076835870742798
test_protein_6764,0.38108235597610474
test_protein_6766,0.17169393599033356
test_protein_6761,0.60553383827209473
test_protein_6767,0.0036026255693286657
test_protein_6768,0.011053312569856644
test_protein_6769,0.049994215369224548
test_protein_6771,0.39540442824363708
test_protein_6774,0.40506398677825928
test_protein_6773,0.18400377035140991
test_protein_6772,0.25238707661628723
test_protein_6770,0.53749638795852661
test_protein_6775,0.001339147100225091
test_protein_6778,0.3024122416973114
test_protein_6776,0.097197346389293671
test_protein_6783,0.10105451196432114
test_protein_6782,0.27565422654151917
test_protein_6779,0.3940410315990448
test_protein_6780,0.1781255304813385
test_protein_6781,0.18657775223255157
test_protein_6784,0.30845290422439575
test_protein_6777,0.24197845160961151
test_protein_6790,0.42420557141304016
test_protein_6786,0.20272292196750641
test_protein_6785,0.24738109111785889
test_protein_6789,0.0019317386904731393
test_protein_6787,0.69564598798751831
test_protein_6788,0.96560806035995483
test_protein_6793,0.44203445315361023
test_protein_6794,0.37641802430152893
test_protein_6798,0.38925111293792725
test_protein_6797,0.47653508186340332
test_protein_6800,0.34450331330299377
test_protein_6801,0.47347331047058105
test_protein_6811,0.46595245599746704
test_protein_6803,0.37663143873214722
test_protein_6806,0.40399286150932312
test_protein_6802,0.58388888835906982
test_protein_6804,0.64144456386566162
test_protein_6807,0.001545968116261065
test_protein_6808,0.54675781726837158
test_protein_6809,0.22864995896816254
test_protein_6796,0.24083369970321655
test_protein_6795,0.50032985210418701
test_protein_6791,0.11849141120910645
test_protein_6799,0.55824977159500122
test_protein_6792,0.42216506600379944
test_protein_6810,0.022302296012639999
test_protein_6812,0.18039794266223907
test_protein_6813,0.59179019927978516
test_protein_6805,0.40811693668365479
test_protein_6814,0.36746421456336975
test_protein_6819,0.52154874801635742
test_protein_6816,0.63171523809432983
test_protein_6817,0.36930865049362183
test_protein_6822,0.043922707438468933
test_protein_6820,0.31154555082321167
test_protein_6826,0.26943427324295044
test_protein_6828,0.6554567813873291
test_protein_6823,0.58703327178955078
test_protein_6824,1.6067906472017057e-05
test_protein_6831,0.17306725680828094
test_protein_6830,0.52558964490890503
test_protein_6815,0.80195218324661255
test_protein_6818,0.29690718650817871
test_protein_6825,0.3634379506111145
test_protein_6834,0.16183483600616455
test_protein_6835,0.80164819955825806
test_protein_6829,0.18329668045043945
test_protein_6833,0.66423493623733521
test_protein_6821,0.14514739811420441
test_protein_6836,0.44813317060470581
test_protein_6827,0.38561654090881348
test_protein_6832,0.79100388288497925
test_protein_6840,0.35043162107467651
test_protein_6837,0.36696153879165649
test_protein_6838,0.60250359773635864
test_protein_6839,0.97696971893310547
test_protein_6842,0.70996487140655518
test_protein_6844,0.62749093770980835
test_protein_6841,0.03654971718788147
test_protein_6845,0.1281779557466507
test_protein_6846,0.38914045691490173
test_protein_6850,0.69868451356887817
test_protein_6847,0.37968042492866516
test_protein_6851,0.53428494930267334
test_protein_6848,0.30159810185432434
test_protein_6849,0.29691946506500244
test_protein_6843,0.34513387084007263
test_protein_6853,0.52401638031005859
test_protein_6852,0.27546310424804688
test_protein_6861,0.14588695764541626
test_protein_6854,0.44672951102256775
test_protein_6855,0.45355448126792908
test_protein_6859,0.11174619942903519
test_protein_6858,0.3115176260471344
test_protein_6863,0.22152189910411835
test_protein_6867,0.31091845035552979
test_protein_6869,0.36742120981216431
test_protein_6864,0.068554818630218506
test_protein_6857,0.5785791277885437
test_protein_6868,0.32649689912796021
test_protein_6866,0.8223535418510437
test_protein_6862,0.81058686971664429
test_protein_6860,0.051922198385000229
test_protein_6865,0.33390551805496216
test_protein_6856,0.35712802410125732
test_protein_6873,0.5497211217880249
test_protein_6880,0.55549907684326172
test_protein_6871,0.00021207332611083984
test_protein_6879,0.41868501901626587
test_protein_6875,0.57387882471084595
test_protein_6870,0.45698851346969604
test_protein_6877,0.032380923628807068
test_protein_6876,0.67416292428970337
test_protein_6872,0.48216184973716736
test_protein_6878,0.53303587436676025
test_protein_6882,0.3027893602848053
test_protein_6883,0.62857270240783691
test_protein_6874,0.12210660427808762
test_protein_6881,0.65007340908050537
test_protein_6885,0.00039335954352281988
test_protein_6886,0.42271208763122559
test_protein_6889,0.042173240333795547
test_protein_6887,0.42246153950691223
test_protein_6890,0.33711358904838562
test_protein_6895,0.94930803775787354
test_protein_6891,0.94520461559295654
test_protein_6884,0.44254365563392639
test_protein_6897,0.66274738311767578
test_protein_6896,0.93179041147232056
test_protein_6894,0.8718675971031189
test_protein_6892,0.13060034811496735
test_protein_6888,0.32283952832221985
test_protein_6893,0.26617524027824402
test_protein_6898,0.73226720094680786
test_protein_6900,0.93280798196792603
test_protein_6899,0.1199834942817688
test_protein_6901,0.097188062965869904
test_protein_6903,0.79074162244796753
test_protein_6904,0.47482448816299438
test_protein_6907,0.033760283142328262
test_protein_6902,0.35018911957740784
test_protein_6908,0.47840818762779236
test_protein_6906,0.33359056711196899
test_protein_6905,0.49746441841125488
test_protein_6910,0.010544935241341591
test_protein_6911,0.34602060914039612
test_protein_6909,0.30014321208000183
test_protein_6914,0.29959145188331604
test_protein_6919,0.749367356300354
test_protein_6915,0.93517172336578369
test_protein_6922,0.59393292665481567
test_protein_6921,0.45606055855751038
test_protein_6912,0.64351332187652588
test_protein_6920,0.3551030158996582
test_protein_6917,0.67000383138656616
test_protein_6913,0.86073130369186401
test_protein_6916,0.4400775134563446
test_protein_6924,0.55605536699295044
test_protein_6923,0.092508807778358459
test_protein_6925,0.6051134467124939
test_protein_6918,0.67562383413314819
test_protein_6926,0.13576753437519073
test_protein_6928,0.34953311085700989
test_protein_6927,0.32166984677314758
test_protein_6934,0.25413638353347778
test_protein_6932,0.36033698916435242
test_protein_6933,0.55460464954376221
test_protein_6931,0.16406625509262085
test_protein_6929,0.1015818789601326
test_protein_6930,0.57714694738388062
test_protein_6940,0.33637839555740356
test_protein_6936,0.017952140420675278
test_protein_6935,0.29664289951324463
test_protein_6937,0.10115952789783478
test_protein_6943,0.4211311936378479
test_protein_6944,0.13098567724227905
test_protein_6939,0.89018642902374268
test_protein_6949,0.47858926653862
test_protein_6938,0.41037222743034363
test_protein_6947,0.18920376896858215
test_protein_6942,0.012491069734096527
test_protein_6948,0.67963290214538574
test_protein_6941,0.49177393317222595
test_protein_6950,0.25472798943519592
test_protein_6952,0.060660663992166519
test_protein_6956,0.81507837772369385
test_protein_6945,0.57719969749450684
test_protein_6946,0.79424858093261719
test_protein_6951,0.36741197109222412
test_protein_6955,0.40517932176589966
test_protein_6954,0.7535851001739502
test_protein_6957,0.64311647415161133
test_protein_6953,0.99537330865859985
test_protein_6963,0.032802235335111618
test_protein_6961,0.63325315713882446
test_protein_6962,0.10659115761518478
test_protein_6958,0.92083835601806641
test_protein_6960,0.44070887565612793
test_protein_6959,0.54537224769592285
test_protein_6964,0.36789548397064209
test_protein_6969,0.6385841965675354
test_protein_6970,0.22408434748649597
test_protein_6972,0.55249696969985962
test_protein_6966,0.33542603254318237
test_protein_6971,0.68603891134262085
test_protein_6976,0.16702902317047119
test_protein_6973,0.84660357236862183
test_protein_6965,0.3616425096988678
test_protein_6977,0.0048473691567778587
test_protein_6975,0.46938470005989075
test_protein_6968,0.088829971849918365
test_protein_6978,0.59830260276794434
test_protein_6967,0.094959579408168793
test_protein_6974,0.51056987047195435
test_protein_6979,0.48126193881034851
test_protein_6982,0.32682573795318604
test_protein_6981,0.28744623064994812
test_protein_6985,0.65330320596694946
test_protein_6980,0.20773741602897644
test_protein_6984,0.666462242603302
test_protein_6983,0.20377716422080994
test_protein_6986,0.73532646894454956
test_protein_6987,0.26588994264602661
test_protein_6989,0.40533828735351562
test_protein_6988,0.49230653047561646
test_protein_6990,0.72841936349868774
test_protein_6994,0.0031152910087257624
test_protein_6996,0.38021019101142883
test_protein_6992,0.47002410888671875
test_protein_6991,0.68350702524185181
test_protein_6995,0.31968432664871216
test_protein_6993,0.65267622470855713
test_protein_7001,0.43772023916244507
test_protein_6997,0.57244700193405151
test_protein_6999,0.83317726850509644
test_protein_7003,0.49651104211807251
test_protein_7000,0.031897753477096558
test_protein_6998,0.53683406114578247
test_protein_7002,0.024638278409838676
test_protein_7004,0.34024834632873535
test_protein_7005,0.82943183183670044
test_protein_7008,0.46060818433761597
test_protein_7007,0.82710254192352295
test_protein_7014,1.4936679235688644e-06
test_protein_7015,0.11553788930177689
test_protein_7009,0.6319580078125
test_protein_7011,0.4472428560256958
test_protein_7012,0.10784979164600372
test_protein_7013,0.13599205017089844
test_protein_7010,0.81167721748352051
test_protein_7006,0.93537849187850952
test_protein_7017,0.58279651403427124
test_protein_7016,0.2306244820356369
test_protein_7022,0.59567344188690186
test_protein_7020,0.52126473188400269
test_protein_7018,0.56779378652572632
test_protein_7023,0.30889728665351868
test_protein_7019,0.92992663383483887
test_protein_7024,0.24270716309547424
test_protein_7021,0.38980305194854736
test_protein_7029,0.50714755058288574
test_protein_7025,0.54583531618118286
test_protein_7034,0.68046271800994873
test_protein_7030,0.75757580995559692
test_protein_7031,0.48739275336265564
test_protein_7036,0.64280825853347778
test_protein_7026,0.10214143246412277
test_protein_7027,0.18845459818840027
test_protein_7035,0.58817166090011597
test_protein_7032,0.19066990911960602
test_protein_7033,0.022538937628269196
test_protein_7039,0.00028586137341335416
test_protein_7037,0.82146811485290527
test_protein_7040,0.23731330037117004
test_protein_7041,0.41062301397323608
test_protein_7038,0.19015379250049591
test_protein_7028,0.52824681997299194
test_protein_7042,0.70103532075881958
test_protein_7045,0.12494367361068726
test_protein_7047,0.023615891113877296
test_protein_7043,0.44600951671600342
test_protein_7046,0.14019598066806793
test_protein_7044,0.058924615383148193
test_protein_7048,0.59637278318405151
test_protein_7052,0.065311037003993988
test_protein_7049,0.47764873504638672
test_protein_7053,0.70900499820709229
test_protein_7051,0.35879120230674744
test_protein_7050,0.29252928495407104
test_protein_7054,0.16026061773300171
test_protein_7056,0.53877300024032593
test_protein_7055,0.77080363035202026
test_protein_7059,0.00090122176334261894
test_protein_7057,0.14138801395893097
test_protein_7058,0.80709749460220337
test_protein_7062,0.29146137833595276
test_protein_7060,0.26270419359207153
test_protein_7064,0.091245092451572418
test_protein_7066,0.024435410276055336
test_protein_7065,0.34491816163063049
test_protein_7068,0.24214665591716766
test_protein_7063,0.048449452966451645
test_protein_7061,0.27214714884757996
test_protein_7067,0.33114111423492432
test_protein_7070,0.5154995322227478
test_protein_7069,0.53948569297790527
test_protein_7072,0.67979121208190918
test_protein_7071,0.47971627116203308
test_protein_7074,0.22768805921077728
test_protein_7073,0.6412627100944519
test_protein_7077,0.44654920697212219
test_protein_7078,0.35280740261077881
test_protein_7075,0.44662243127822876
test_protein_7076,0.59383231401443481
test_protein_7080,0.18779604136943817
test_protein_7079,0.089803799986839294
test_protein_7081,0.56743377447128296
test_protein_7082,0.07391318678855896
test_protein_7084,0.058910991996526718
test_protein_7086,0.16093280911445618
test_protein_7088,0.27536869049072266
test_protein_7093,0.39257943630218506
test_protein_7083,0.3905130922794342
test_protein_7089,0.41474360227584839
test_protein_7090,0.57637834548950195
test_protein_7085,0.17800422012805939
test_protein_7087,0.29029873013496399
test_protein_7092,0.46222662925720215
test_protein_7091,0.89978015422821045
test_protein_7094,0.38813236355781555
test_protein_7097,0.3417629599571228
test_protein_7096,0.40423363447189331
test_protein_7098,0.93674767017364502
test_protein_7101,0.61953461170196533
test_protein_7095,0.46278297901153564
test_protein_7099,0.021834488958120346
test_protein_7100,0.56243652105331421
test_protein_7102,0.30655175447463989
test_protein_7104,0.36105912923812866
test_protein_7105,0.11343783885240555
test_protein_7103,0.25737282633781433
test_protein_7106,0.040381643921136856
test_protein_7110,0.44474393129348755
test_protein_7108,0.45816889405250549
test_protein_7107,0.47752112150192261
test_protein_7109,0.016922701150178909
test_protein_7113,0.073480516672134399
test_protein_7114,0.081165410578250885
test_protein_7115,0.38769444823265076
test_protein_7111,0.53119885921478271
test_protein_7112,0.61229151487350464
test_protein_7116,0.31047168374061584
test_protein_7117,0.16676026582717896
test_protein_7118,0.53861421346664429
test_protein_7121,0.28843206167221069
test_protein_7122,0.36796256899833679
test_protein_7123,0.2367902547121048
test_protein_7119,0.18698664009571075
test_protein_7124,0.13104526698589325
test_protein_7125,0.97468793392181396
test_protein_7126,0.29368174076080322
test_protein_7120,0.4076499342918396
test_protein_7127,0.57595521211624146
test_protein_7131,0.33893299102783203
test_protein_7129,0.87114918231964111
test_protein_7128,0.35022908449172974
test_protein_7133,0.27593836188316345
test_protein_7136,0.36997798085212708
test_protein_7134,0.80153697729110718
test_protein_7130,0.0079446397721767426
test_protein_7138,0.26282504200935364
test_protein_7132,0.26700037717819214
test_protein_7135,0.19562877714633942
test_protein_7137,0.52958709001541138
test_protein_7141,0.33005073666572571
test_protein_7143,0.30548989772796631
test_protein_7139,0.17201514542102814
test_protein_7145,0.76668781042098999
test_protein_7142,0.36138230562210083
test_protein_7144,0.44561129808425903
test_protein_7146,0.58836805820465088
test_protein_7147,0.25327026844024658
test_protein_7140,0.75992894172668457
test_protein_7148,0.25903460383415222
test_protein_7149,0.1823476254940033
test_protein_7151,0.61974018812179565
test_protein_7150,0.42493265867233276
test_protein_7152,0.6374019980430603
test_protein_7154,0.49932369589805603
test_protein_7153,0.18542252480983734
test_protein_7157,0.26169592142105103
test_protein_7159,0.59892147779464722
test_protein_7156,0.031686551868915558
test_protein_7155,0.17003637552261353
test_protein_7160,0.32444900274276733
test_protein_7158,0.62640362977981567
test_protein_7161,0.35640841722488403
test_protein_7163,0.12154911458492279
test_protein_7165,0.2576240599155426
test_protein_7166,0.38952237367630005
test_protein_7162,0.7555239200592041
test_protein_7164,0.51150143146514893
test_protein_7170,0.062272395938634872
test_protein_7167,0.51451122760772705
test_protein_7169,0.58603733777999878
test_protein_7168,0.59763455390930176
test_protein_7172,0.50111234188079834
test_protein_7171,0.14686684310436249
test_protein_7179,0.45024135708808899
test_protein_7173,0.61209416389465332
test_protein_7178,0.72207343578338623
test_protein_7176,0.36229425668716431
test_protein_7174,0.4205876886844635
test_protein_7175,0.47188219428062439
test_protein_7177,0.34346631169319153
test_protein_7181,0.082413040101528168
test_protein_7180,0.049922637641429901
test_protein_7184,0.68425804376602173
test_protein_7183,0.82666909694671631
test_protein_7182,0.24810199439525604
test_protein_7187,0.25737705826759338
test_protein_7188,0.68289482593536377
test_protein_7189,0.46906626224517822
test_protein_7185,0.082629591226577759
test_protein_7186,0.30995097756385803
test_protein_7191,0.044116094708442688
test_protein_7192,0.34885743260383606
test_protein_7193,0.62589812278747559
test_protein_7190,0.57496154308319092
test_protein_7194,0.43042400479316711
test_protein_7195,0.45729014277458191
test_protein_7196,0.096018426120281219
test_protein_7197,0.20529220998287201
test_protein_7201,0.95200735330581665
test_protein_7204,0.27144691348075867
test_protein_7199,0.033325240015983582
test_protein_7200,0.55816489458084106
test_protein_7205,0.73069435358047485
test_protein_7206,0.57766717672348022
test_protein_7198,0.16381910443305969
test_protein_7203,0.1556423157453537
test_protein_7202,0.85992604494094849
test_protein_7207,0.020931418985128403
test_protein_7209,0.24252831935882568
test_protein_7210,0.68981361389160156
test_protein_7212,0.18114452064037323
test_protein_7211,0.51596289873123169
test_protein_7214,0.73009383678436279
test_protein_7213,0.30180740356445312
test_protein_7217,0.39123240113258362
test_protein_7215,0.38278383016586304
test_protein_7208,0.054194372147321701
test_protein_7216,0.36904734373092651
test_protein_7218,0.2325216680765152
test_protein_7220,0.4868931770324707
test_protein_7219,0.33350339531898499
test_protein_7221,0.65178436040878296
test_protein_7222,0.67794030904769897
test_protein_7223,0.41341641545295715
test_protein_7224,0.27615556120872498
test_protein_7228,0.13244713842868805
test_protein_7229,0.0772123783826828
test_protein_7227,0.73313701152801514
test_protein_7226,0.54827696084976196
test_protein_7225,0.048235408961772919
test_protein_7230,0.72094631195068359
test_protein_7231,0.088627815246582031
test_protein_7232,0.015856176614761353
test_protein_7234,0.5467914342880249
test_protein_7233,0.0033982298336923122
test_protein_7235,0.20807142555713654
test_protein_7238,0.36706733703613281
test_protein_7241,0.72335004806518555
test_protein_7237,0.40109238028526306
test_protein_7239,0.059816248714923859
test_protein_7236,0.38587912917137146
test_protein_7240,0.33516839146614075
test_protein_7245,0.70834529399871826
test_protein_7251,0.38545933365821838
test_protein_7247,0.23065535724163055
test_protein_7252,0.0347154401242733
test_protein_7246,0.48205351829528809
test_protein_7242,0.57235264778137207
test_protein_7250,0.55035209655761719
test_protein_7249,0.25715425610542297
test_protein_7243,0.044979754835367203
test_protein_7244,0.33753573894500732
test_protein_7248,0.61496233940124512
test_protein_7262,0.31573399901390076
test_protein_7255,0.66689914464950562
test_protein_7263,0.38607329130172729
test_protein_7254,4.4978173718845937e-07
test_protein_7261,0.0078353704884648323
test_protein_7256,0.16930669546127319
test_protein_7257,0.26705357432365417
test_protein_7258,0.042209044098854065
test_protein_7260,0.46269601583480835
test_protein_7253,0.18041794002056122
test_protein_7259,0.40516218543052673
test_protein_7264,0.32126078009605408
test_protein_7267,0.095587670803070068
test_protein_7265,0.29444524645805359
test_protein_7270,0.48333698511123657
test_protein_7268,0.59921169281005859
test_protein_7266,0.23243004083633423
test_protein_7271,0.32289886474609375
test_protein_7269,0.46851885318756104
test_protein_7272,0.45675221085548401
test_protein_7273,0.3872930109500885
test_protein_7275,0.48763158917427063
test_protein_7274,0.38847830891609192
test_protein_7280,0.60513389110565186
test_protein_7276,0.37792634963989258
test_protein_7277,0.77927350997924805
test_protein_7278,0.75190466642379761
test_protein_7279,0.27234110236167908
test_protein_7285,0.28740701079368591
test_protein_7281,0.073996394872665405
test_protein_7282,0.63169491291046143
test_protein_7283,0.0047958455979824066
test_protein_7284,0.57236480712890625
test_protein_7287,0.13581755757331848
test_protein_7286,0.567740797996521
test_protein_7288,0.70806843042373657
test_protein_7290,7.702945003984496e-05
test_protein_7291,0.25571361184120178
test_protein_7292,0.39594078063964844
test_protein_7294,0.85532820224761963
test_protein_7298,0.00050039711641147733
test_protein_7293,0.014094087295234203
test_protein_7289,0.20577265322208405
test_protein_7295,0.47676503658294678
test_protein_7296,0.41425326466560364
test_protein_7297,0.49046435952186584
test_protein_7300,0.76244610548019409
test_protein_7302,0.0099297594279050827
test_protein_7299,0.34682825207710266
test_protein_7303,0.2797839343547821
test_protein_7301,0.58997458219528198
test_protein_7304,0.56033188104629517
test_protein_7306,0.14195328950881958
test_protein_7305,0.34283581376075745
test_protein_7307,0.063272617757320404
test_protein_7308,0.63487833738327026
test_protein_7310,0.44629442691802979
test_protein_7309,0.42139148712158203
test_protein_7311,0.40357169508934021
test_protein_7312,0.0038781177718192339
test_protein_7315,0.049584459513425827
test_protein_7316,0.62430983781814575
test_protein_7313,0.61799627542495728
test_protein_7319,0.23111559450626373
test_protein_7314,0.4397081732749939
test_protein_7317,0.27841362357139587
test_protein_7318,0.71861058473587036
test_protein_7321,0.33432537317276001
test_protein_7325,0.51013469696044922
test_protein_7320,0.33006694912910461
test_protein_7326,0.060790963470935822
test_protein_7322,0.32637539505958557
test_protein_7324,0.06303020566701889
test_protein_7323,0.14034010469913483
test_protein_7331,0.47128024697303772
test_protein_7327,0.33560991287231445
test_protein_7332,0.042679917067289352
test_protein_7329,0.54754960536956787
test_protein_7334,0.60916423797607422
test_protein_7335,0.2996668815612793
test_protein_7330,0.10723822563886642
test_protein_7333,0.16628353297710419
test_protein_7328,0.26669907569885254
test_protein_7339,0.45739808678627014
test_protein_7337,0.23664948344230652
test_protein_7341,0.066960066556930542
test_protein_7336,0.028209930285811424
test_protein_7342,0.0008505689911544323
test_protein_7340,0.29976183176040649
test_protein_7338,0.54228454828262329
test_protein_7345,0.52530121803283691
test_protein_7343,0.0074487533420324326
test_protein_7346,0.42769992351531982
test_protein_7352,0.16290625929832458
test_protein_7348,0.48314014077186584
test_protein_7347,0.76002794504165649
test_protein_7349,0.60745269060134888
test_protein_7353,0.35035735368728638
test_protein_7344,0.15583162009716034
test_protein_7355,0.2373577207326889
test_protein_7354,0.32964205741882324
test_protein_7351,0.0062027592211961746
test_protein_7356,0.47465160489082336
test_protein_7350,0.09654691070318222
test_protein_7357,0.16034333407878876
test_protein_7358,0.23436732590198517
test_protein_7359,0.38372066617012024
test_protein_7360,0.43650314211845398
test_protein_7361,0.080698065459728241
test_protein_7362,0.12905775010585785
test_protein_7363,0.25859212875366211
test_protein_7367,0.94548565149307251
test_protein_7365,0.023615533486008644
test_protein_7371,0.35068461298942566
test_protein_7368,0.28998434543609619
test_protein_7366,0.32921314239501953
test_protein_7370,0.26934951543807983
test_protein_7364,0.27198153734207153
test_protein_7372,0.11084196716547012
test_protein_7369,0.30061480402946472
test_protein_7373,0.64365994930267334
test_protein_7374,0.29269030690193176
test_protein_7375,0.49207514524459839
test_protein_7376,0.001332523301243782
test_protein_7379,0.30417999625205994
test_protein_7383,0.46568289399147034
test_protein_7377,0.23688071966171265
test_protein_7381,0.20418448746204376
test_protein_7384,0.64381903409957886
test_protein_7382,0.57892435789108276
test_protein_7378,0.19243006408214569
test_protein_7386,0.59191024303436279
test_protein_7385,0.84336709976196289
test_protein_7380,0.22896298766136169
test_protein_7387,0.51088470220565796
test_protein_7389,0.69511830806732178
test_protein_7395,0.68044579029083252
test_protein_7390,0.68140369653701782
test_protein_7392,0.71292895078659058
test_protein_7388,0.06482764333486557
test_protein_7397,0.17364500463008881
test_protein_7391,0.65840315818786621
test_protein_7394,0.59949952363967896
test_protein_7401,0.73605400323867798
test_protein_7402,0.011251376010477543
test_protein_7396,0.015900256112217903
test_protein_7393,0.14924965798854828
test_protein_7398,0.42337125539779663
test_protein_7399,0.13569207489490509
test_protein_7400,0.60281884670257568
test_protein_7407,0.18564704060554504
test_protein_7403,0.24848860502243042
test_protein_7404,0.35897821187973022
test_protein_7406,0.33761432766914368
test_protein_7405,0.036733929067850113
test_protein_7409,0.64532804489135742
test_protein_7411,0.2726624608039856
test_protein_7408,0.33456873893737793
test_protein_7412,0.42427313327789307
test_protein_7414,0.014016234315931797
test_protein_7417,0.29673609137535095
test_protein_7413,0.34967902302742004
test_protein_7415,0.18096180260181427
test_protein_7410,0.24593193829059601
test_protein_7416,0.061378054320812225
test_protein_7418,0.50882697105407715
test_protein_7420,0.077698774635791779
test_protein_7424,0.48286089301109314
test_protein_7425,0.40169104933738708
test_protein_7423,0.82605862617492676
test_protein_7419,0.50004303455352783
test_protein_7422,0.0926518514752388
test_protein_7426,0.20318767428398132
test_protein_7430,0.63766604661941528
test_protein_7421,0.62252897024154663
test_protein_7427,0.0016825846396386623
test_protein_7432,0.62886136770248413
test_protein_7429,0.17355361580848694
test_protein_7428,0.45948559045791626
test_protein_7431,0.43081331253051758
test_protein_7433,0.44874414801597595
test_protein_7434,0.43234464526176453
test_protein_7436,0.18909057974815369
test_protein_7437,0.59128612279891968
test_protein_7435,0.30842190980911255
test_protein_7438,0.1902005672454834
test_protein_7440,0.75699275732040405
test_protein_7441,0.20409806072711945
test_protein_7443,0.54514032602310181
test_protein_7447,0.36613893508911133
test_protein_7439,0.56079947948455811
test_protein_7442,0.45603463053703308
test_protein_7444,0.058794707059860229
test_protein_7446,0.40096476674079895
test_protein_7445,0.015891397371888161
test_protein_7451,0.75333106517791748
test_protein_7455,0.50270086526870728
test_protein_7453,0.38841536641120911
test_protein_7454,0.37737974524497986
test_protein_7458,0.11723686754703522
test_protein_7456,0.29459676146507263
test_protein_7460,0.86589443683624268
test_protein_7462,0.10847502946853638
test_protein_7457,0.52739953994750977
test_protein_7461,0.3257867693901062
test_protein_7452,0.24284803867340088
test_protein_7449,0.093343161046504974
test_protein_7448,0.21038119494915009
test_protein_7450,0.06477808952331543
test_protein_7459,0.27453199028968811
test_protein_7463,0.45628023147583008
test_protein_7464,0.26777064800262451
test_protein_7469,0.50775140523910522
test_protein_7467,0.46333596110343933
test_protein_7471,0.19833000004291534
test_protein_7466,0.38835605978965759
test_protein_7465,0.46175539493560791
test_protein_7468,0.055540196597576141
test_protein_7472,0.82279360294342041
test_protein_7470,0.2915690541267395
test_protein_7473,0.38182047009468079
test_protein_7474,0.59952366352081299
test_protein_7477,0.63916760683059692
test_protein_7476,0.065589763224124908
test_protein_7475,0.28436505794525146
test_protein_7481,0.39317470788955688
test_protein_7480,0.029403630644083023
test_protein_7479,0.42577871680259705
test_protein_7478,0.56197285652160645
test_protein_7485,0.5873798131942749
test_protein_7483,0.071260169148445129
test_protein_7482,0.35458493232727051
test_protein_7484,0.68895417451858521
test_protein_7486,0.16515667736530304
test_protein_7487,0.18570180237293243
test_protein_7489,0.18598328530788422
test_protein_7491,0.64356714487075806
test_protein_7488,0.43002396821975708
test_protein_7493,0.39116114377975464
test_protein_7494,0.57803976535797119
test_protein_7490,0.5347210168838501
test_protein_7492,0.88442349433898926
test_protein_7499,0.096521712839603424
test_protein_7495,0.13170859217643738
test_protein_7500,0.49015852808952332
test_protein_7496,0.23146761953830719
test_protein_7497,0.23083418607711792
test_protein_7498,0.06712331622838974
test_protein_7502,0.35529223084449768
test_protein_7506,0.58213430643081665
test_protein_7509,0.34478747844696045
test_protein_7505,0.75390058755874634
test_protein_7507,0.15482787787914276
test_protein_7508,0.50127327442169189
test_protein_7501,0.015856429934501648
test_protein_7503,0.14657223224639893
test_protein_7504,0.38123431801795959
test_protein_7511,0.59277963638305664
test_protein_7517,0.16836884617805481
test_protein_7510,0.54156696796417236
test_protein_7514,0.16628015041351318
test_protein_7512,0.54260367155075073
test_protein_7515,0.39466911554336548
test_protein_7513,0.16954830288887024
test_protein_7516,0.53751027584075928
test_protein_7519,0.16267149150371552
test_protein_7520,0.20350095629692078
test_protein_7522,0.090350724756717682
test_protein_7518,0.058316819369792938
test_protein_7523,0.032223504036664963
test_protein_7521,0.11316585540771484
test_protein_7532,0.54716300964355469
test_protein_7534,0.092988729476928711
test_protein_7526,0.15307353436946869
test_protein_7530,0.57475799322128296
test_protein_7525,0.00018308615835849196
test_protein_7536,0.44906097650527954
test_protein_7538,0.29003569483757019
test_protein_7533,0.36562344431877136
test_protein_7537,0.22025518119335175
test_protein_7524,0.74984651803970337
test_protein_7531,0.85305410623550415
test_protein_7528,0.63032394647598267
test_protein_7529,0.76377993822097778
test_protein_7527,0.21129238605499268
test_protein_7535,0.44076219201087952
test_protein_7541,0.05771360918879509
test_protein_7540,0.44854897260665894
test_protein_7542,0.39822050929069519
test_protein_7548,0.28602126240730286
test_protein_7547,0.25041550397872925
test_protein_7544,0.62246239185333252
test_protein_7543,0.048362087458372116
test_protein_7545,0.72421395778656006
test_protein_7551,0.12596046924591064
test_protein_7539,0.20303642749786377
test_protein_7550,0.012473155744373798
test_protein_7549,0.37460032105445862
test_protein_7546,0.72393512725830078
test_protein_7552,0.41423526406288147
test_protein_7553,0.27715438604354858
test_protein_7557,2.3093114577932283e-05
test_protein_7555,0.90507751703262329
test_protein_7554,0.0049787629395723343
test_protein_7558,0.33904457092285156
test_protein_7556,0.72124224901199341
test_protein_7559,0.049324601888656616
test_protein_7561,0.34521123766899109
test_protein_7560,0.00016865662473719567
test_protein_7562,0.09532049298286438
test_protein_7563,0.56756526231765747
test_protein_7564,0.11438125371932983
test_protein_7568,0.57677549123764038
test_protein_7569,0.26818585395812988
test_protein_7565,0.38529473543167114
test_protein_7567,0.40740710496902466
test_protein_7566,0.31273189187049866
test_protein_7576,0.028242165222764015
test_protein_7570,0.11039622873067856
test_protein_7571,0.092349164187908173
test_protein_7575,0.64495736360549927
test_protein_7573,0.2688319981098175
test_protein_7577,0.62281280755996704
test_protein_7572,0.29535925388336182
test_protein_7580,0.63595825433731079
test_protein_7582,0.0044417646713554859
test_protein_7583,0.3728785514831543
test_protein_7579,0.97146612405776978
test_protein_7574,0.35565528273582458
test_protein_7584,0.5168110728263855
test_protein_7578,0.13368970155715942
test_protein_7581,0.092716298997402191
test_protein_7586,0.5402413010597229
test_protein_7587,0.14437238872051239
test_protein_7585,0.44162377715110779
test_protein_7590,0.4052642285823822
test_protein_7588,0.16616420447826385
test_protein_7589,0.46532014012336731
test_protein_7592,0.19693639874458313
test_protein_7591,0.17858679592609406
test_protein_7598,0.27952003479003906
test_protein_7594,0.083008237183094025
test_protein_7595,0.50366204977035522
test_protein_7593,0.38637480139732361
test_protein_7597,0.30990272760391235
test_protein_7599,0.53256851434707642
test_protein_7596,0.54885250329971313
test_protein_7600,0.43442979454994202
test_protein_7602,0.092011980712413788
test_protein_7605,0.69433987140655518
test_protein_7604,0.67468249797821045
test_protein_7601,0.64964896440505981
test_protein_7603,0.66421955823898315
test_protein_7606,0.44484579563140869
test_protein_7609,0.4859040379524231
test_protein_7607,0.52547049522399902
test_protein_7612,4.9629993554844987e-06
test_protein_7610,0.35215204954147339
test_protein_7613,0.31479623913764954
test_protein_7608,0.37979474663734436
test_protein_7611,0.51951777935028076
test_protein_7615,0.24324207007884979
test_protein_7618,0.89380067586898804
test_protein_7617,0.94009482860565186
test_protein_7620,0.090697549283504486
test_protein_7616,0.34063282608985901
test_protein_7614,0.55412524938583374
test_protein_7619,0.33686372637748718
test_protein_7627,0.6491352915763855
test_protein_7633,0.91370922327041626
test_protein_7632,0.36560305953025818
test_protein_7629,0.96078324317932129
test_protein_7631,0.05897318571805954
test_protein_7625,0.35276767611503601
test_protein_7630,0.42603713274002075
test_protein_7634,0.41829320788383484
test_protein_7636,0.1576574295759201
test_protein_7622,0.033824097365140915
test_protein_7621,0.48503062129020691
test_protein_7635,0.035695306956768036
test_protein_7628,0.54371839761734009
test_protein_7626,0.18287080526351929
test_protein_7624,0.23030030727386475
test_protein_7623,0.38601875305175781
test_protein_7637,0.5825875997543335
test_protein_7642,0.92908376455307007
test_protein_7639,0.47289338707923889
test_protein_7638,0.60069018602371216
test_protein_7641,0.91170740127563477
test_protein_7643,0.55242908000946045
test_protein_7647,0.57458549737930298
test_protein_7644,0.34431865811347961
test_protein_7646,0.75192105770111084
test_protein_7645,0.99002748727798462
test_protein_7648,0.22332565486431122
test_protein_7640,0.98599839210510254
test_protein_7654,0.6782602071762085
test_protein_7651,0.17062245309352875
test_protein_7652,0.9249870777130127
test_protein_7649,0.61798852682113647
test_protein_7655,0.91163843870162964
test_protein_7653,0.70650893449783325
test_protein_7656,0.42972466349601746
test_protein_7650,0.00027339826920069754
test_protein_7657,0.37240248918533325
test_protein_7663,0.52963423728942871
test_protein_7658,0.35538512468338013
test_protein_7662,0.87171143293380737
test_protein_7661,0.34673711657524109
test_protein_7659,0.20288087427616119
test_protein_7670,0.98339509963989258
test_protein_7660,0.34612187743186951
test_protein_7668,0.66009736061096191
test_protein_7666,0.00025329302297905087
test_protein_7669,0.098868556320667267
test_protein_7671,0.47545948624610901
test_protein_7673,0.63254678249359131
test_protein_7665,0.048503592610359192
test_protein_7667,0.52236300706863403
test_protein_7672,0.32132160663604736
test_protein_7674,0.37520533800125122
test_protein_7675,0.99614858627319336
test_protein_7664,0.8203088641166687
test_protein_7682,0.37760657072067261
test_protein_7677,0.221710205078125
test_protein_7683,0.00064216140890493989
test_protein_7678,0.57940208911895752
test_protein_7676,0.59518170356750488
test_protein_7680,0.52190983295440674
test_protein_7679,0.89620846509933472
test_protein_7681,0.50612026453018188
test_protein_7685,0.51405191421508789
test_protein_7684,0.55794996023178101
test_protein_7688,0.61776542663574219
test_protein_7689,0.24144653975963593
test_protein_7686,0.48031699657440186
test_protein_7687,0.34434548020362854
test_protein_7690,0.82286620140075684
test_protein_7692,0.65751099586486816
test_protein_7691,0.016093380749225616
test_protein_7693,0.12195742875337601
test_protein_7694,0.80770415067672729
test_protein_7697,0.33857542276382446
test_protein_7695,0.27033308148384094
test_protein_7698,0.26107975840568542
test_protein_7699,0.59246826171875
test_protein_7696,0.10965157300233841
test_protein_7701,0.25388157367706299
test_protein_7700,0.23714172840118408
test_protein_7702,0.68834179639816284
test_protein_7705,0.55522876977920532
test_protein_7707,0.43547511100769043
test_protein_7704,0.30658262968063354
test_protein_7703,0.35596838593482971
test_protein_7706,0.46300917863845825
test_protein_7708,0.031644668430089951
test_protein_7709,0.5450742244720459
test_protein_7713,0.90960723161697388
test_protein_7710,0.41286379098892212
test_protein_7714,0.26947695016860962
test_protein_7715,0.18622316420078278
test_protein_7712,0.15296688675880432
test_protein_7711,0.33985862135887146
test_protein_7716,0.77278995513916016
test_protein_7718,0.031631894409656525
test_protein_7717,0.19259046018123627
test_protein_7719,0.011713708750903606
test_protein_7720,0.60209113359451294
test_protein_7724,0.11187861859798431
test_protein_7721,0.49032837152481079
test_protein_7723,0.63611453771591187
test_protein_7722,0.43156853318214417
test_protein_7731,0.53667289018630981
test_protein_7726,0.34952250123023987
test_protein_7728,0.14107365906238556
test_protein_7725,0.58589649200439453
test_protein_7730,0.49578943848609924
test_protein_7729,0.22074517607688904
test_protein_7727,0.47772216796875
test_protein_7732,0.63670176267623901
test_protein_7733,0.67431151866912842
test_protein_7734,0.41592332720756531
test_protein_7736,0.54557788372039795
test_protein_7741,0.65054231882095337
test_protein_7740,0.14321567118167877
test_protein_7739,0.24628378450870514
test_protein_7737,0.2661074697971344
test_protein_7735,0.60098475217819214
test_protein_7738,0.28685882687568665
test_protein_7747,0.24752888083457947
test_protein_7743,0.23163110017776489
test_protein_7742,0.44312390685081482
test_protein_7749,0.600444495677948
test_protein_7745,0.62909150123596191
test_protein_7746,0.9010322093963623
test_protein_7750,0.70331037044525146
test_protein_7744,0.022595230489969254
test_protein_7748,0.45121416449546814
test_protein_7753,0.23928497731685638
test_protein_7751,0.67904436588287354
test_protein_7757,0.70949143171310425
test_protein_7755,0.043959837406873703
test_protein_7752,0.4527004063129425
test_protein_7754,0.28706246614456177
test_protein_7758,0.14211016893386841
test_protein_7756,0.19442692399024963
test_protein_7761,0.19442428648471832
test_protein_7759,0.23663178086280823
test_protein_7763,0.044885307550430298
test_protein_7760,0.51924371719360352
test_protein_7762,0.45410844683647156
test_protein_7767,0.01220290083438158
test_protein_7764,0.0021183607168495655
test_protein_7765,0.34952616691589355
test_protein_7766,0.00066772667923942208
test_protein_7769,0.50685518980026245
test_protein_7768,0.59873002767562866
test_protein_7770,0.50537669658660889
test_protein_7773,0.2617432177066803
test_protein_7775,0.47984614968299866
test_protein_7771,0.62238055467605591
test_protein_7772,0.34788960218429565
test_protein_7774,0.60797303915023804
test_protein_7776,0.26709458231925964
test_protein_7777,0.21919496357440948
test_protein_7778,0.23292012512683868
test_protein_7782,0.51315951347351074
test_protein_7784,0.42269390821456909
test_protein_7781,0.40669861435890198
test_protein_7783,0.59686148166656494
test_protein_7780,0.22107976675033569
test_protein_7785,0.51348257064819336
test_protein_7779,0.057266999036073685
test_protein_7786,0.50004589557647705
test_protein_7788,0.27065953612327576
test_protein_7787,0.34928596019744873
test_protein_7794,0.44259670376777649
test_protein_7793,0.6205371618270874
test_protein_7789,0.55079317092895508
test_protein_7790,0.24536007642745972
test_protein_7791,0.63203859329223633
test_protein_7792,0.63258016109466553
test_protein_7795,0.27631473541259766
test_protein_7796,0.54007381200790405
test_protein_7800,0.018002888187766075
test_protein_7801,0.35062801837921143
test_protein_7797,0.12068043649196625
test_protein_7798,0.197337806224823
test_protein_7803,0.12626059353351593
test_protein_7799,0.26276013255119324
test_protein_7802,0.55425089597702026
test_protein_7804,0.3100619912147522
test_protein_7810,0.21027062833309174
test_protein_7805,0.72384589910507202
test_protein_7806,0.46975508332252502
test_protein_7807,0.17527060210704803
test_protein_7808,0.32621520757675171
test_protein_7811,0.24619787931442261
test_protein_7809,0.24676458537578583
test_protein_7812,0.91954267024993896
test_protein_7813,0.59574443101882935
test_protein_7814,0.15229815244674683
test_protein_7816,0.5815659761428833
test_protein_7821,0.40701165795326233
test_protein_7817,4.4390827724782866e-07
test_protein_7815,0.24133117496967316
test_protein_7819,0.083698011934757233
test_protein_7820,0.57260590791702271
test_protein_7818,0.29063034057617188
test_protein_7822,0.25886356830596924
test_protein_7825,0.31992316246032715
test_protein_7823,0.70426464080810547
test_protein_7827,0.54412519931793213
test_protein_7826,0.10865122079849243
test_protein_7824,0.38076260685920715
test_protein_7830,0.0044963392429053783
test_protein_7829,0.058972764760255814
test_protein_7828,0.13103759288787842
test_protein_7832,7.8032120654825121e-05
test_protein_7836,0.48132410645484924
test_protein_7831,0.64265674352645874
test_protein_7833,0.36275827884674072
test_protein_7834,0.25530189275741577
test_protein_7837,0.16829457879066467
test_protein_7835,0.0070103751495480537
test_protein_7838,0.42438676953315735
test_protein_7839,0.64728629589080811
test_protein_7840,0.04426400363445282
test_protein_7841,0.64627546072006226
test_protein_7842,0.15844511985778809
test_protein_7843,0.07416360080242157
