name,prob_pos
test_protein_1,0.072740331292152405
test_protein_2,0.20788614451885223
test_protein_5,0.13079874217510223
test_protein_8,0.2846355140209198
test_protein_4,0.020463259890675545
test_protein_10,0.5417017936706543
test_protein_6,0.78280359506607056
test_protein_3,0.31569990515708923
test_protein_7,0.91142541170120239
test_protein_9,0.49113196134567261
test_protein_15,0.055948931723833084
test_protein_14,0.2095189094543457
test_protein_16,0.18286329507827759
test_protein_13,0.4372229278087616
test_protein_17,0.16224464774131775
test_protein_11,0.61288911104202271
test_protein_18,0.45126959681510925
test_protein_22,0.40669476985931396
test_protein_24,0.34411796927452087
test_protein_12,0.35309281945228577
test_protein_21,0.12996895611286163
test_protein_23,0.32644882798194885
test_protein_19,0.38539254665374756
test_protein_20,0.068563595414161682
test_protein_27,0.41972178220748901
test_protein_29,0.99644804000854492
test_protein_25,0.37107905745506287
test_protein_26,0.11650993674993515
test_protein_28,0.50091922283172607
test_protein_31,0.25496846437454224
test_protein_35,0.1780698150396347
test_protein_38,0.99836355447769165
test_protein_33,0.14715047180652618
test_protein_30,0.90289610624313354
test_protein_34,0.23851701617240906
test_protein_36,0.13425545394420624
test_protein_41,0.48496395349502563
test_protein_37,0.34228760004043579
test_protein_42,0.41740682721138
test_protein_43,0.27759167551994324
test_protein_32,0.1217053011059761
test_protein_40,0.05562591552734375
test_protein_39,0.085498020052909851
test_protein_45,0.35194969177246094
test_protein_44,0.1983349621295929
test_protein_46,0.4490949809551239
test_protein_49,0.063351355493068695
test_protein_47,0.33890151977539062
test_protein_48,0.20329846441745758
test_protein_50,0.07023969292640686
test_protein_51,0.45282930135726929
test_protein_52,0.34527069330215454
test_protein_54,0.4081302285194397
test_protein_59,0.29738295078277588
test_protein_57,0.046900399029254913
test_protein_53,0.005462293978780508
test_protein_55,0.00069093448109924793
test_protein_63,0.095353730022907257
test_protein_56,7.7043841884005815e-07
test_protein_58,0.12721291184425354
test_protein_65,0.26131483912467957
test_protein_60,0.10229454934597015
test_protein_61,0.10780362784862518
test_protein_62,0.21928940713405609
test_protein_64,0.35115888714790344
test_protein_66,0.26990893483161926
test_protein_76,0.56289142370223999
test_protein_70,0.26647469401359558
test_protein_69,0.25773245096206665
test_protein_67,0.11687382310628891
test_protein_73,0.3640974760055542
test_protein_68,0.27631247043609619
test_protein_71,0.31938523054122925
test_protein_74,0.34390851855278015
test_protein_72,0.22154827415943146
test_protein_75,0.026534982025623322
test_protein_77,0.36445418000221252
test_protein_83,0.33185189962387085
test_protein_81,0.9979972243309021
test_protein_80,0.75815993547439575
test_protein_82,0.99871635437011719
test_protein_78,0.58208131790161133
test_protein_85,0.24007843434810638
test_protein_88,0.072918348014354706
test_protein_84,7.4474148277658969e-05
test_protein_79,0.58498275279998779
test_protein_86,0.002660142257809639
test_protein_87,0.018715150654315948
test_protein_91,0.13724507391452789
test_protein_92,0.99030756950378418
test_protein_89,0.052418071776628494
test_protein_90,0.18243058025836945
test_protein_93,0.17071567475795746
test_protein_97,0.42961424589157104
test_protein_94,0.77194017171859741
test_protein_96,0.0065246596932411194
test_protein_95,0.56713378429412842
test_protein_104,0.49539259076118469
test_protein_100,0.0038210570346564054
test_protein_98,0.32086324691772461
test_protein_101,0.26756900548934937
test_protein_99,0.19235575199127197
test_protein_103,0.56300133466720581
test_protein_107,0.16191859543323517
test_protein_102,0.25150632858276367
test_protein_106,0.069611743092536926
test_protein_105,0.395284503698349
test_protein_110,0.24582706391811371
test_protein_109,0.57279682159423828
test_protein_113,0.024090688675642014
test_protein_112,0.099718734622001648
test_protein_111,0.12836915254592896
test_protein_108,0.032468102872371674
test_protein_114,0.077474877238273621
test_protein_119,0.16769929230213165
test_protein_117,0.028683057054877281
test_protein_115,0.30537319183349609
test_protein_122,0.00067014351952821016
test_protein_118,0.47337526082992554
test_protein_116,0.020865563303232193
test_protein_120,0.054257865995168686
test_protein_121,0.33499425649642944
test_protein_124,0.16486360132694244
test_protein_125,0.0089308405295014381
test_protein_130,0.4078880250453949
test_protein_129,0.30721554160118103
test_protein_126,0.00021342937543522567
test_protein_132,0.22614726424217224
test_protein_134,0.15927490592002869
test_protein_128,0.27995061874389648
test_protein_138,0.043346870690584183
test_protein_131,0.14718221127986908
test_protein_123,0.39768540859222412
test_protein_127,0.32485610246658325
test_protein_135,0.22183437645435333
test_protein_137,0.0075199059210717678
test_protein_136,0.016599792987108231
test_protein_139,0.021460479125380516
test_protein_133,0.18938758969306946
test_protein_145,0.41563403606414795
test_protein_143,0.22264128923416138
test_protein_142,0.18683414161205292
test_protein_140,0.1063389778137207
test_protein_144,0.28626078367233276
test_protein_141,0.052195046097040176
test_protein_148,0.037597540766000748
test_protein_147,0.011854902841150761
test_protein_146,0.29907044768333435
test_protein_151,0.18907362222671509
test_protein_154,0.53380692005157471
test_protein_150,0.85269439220428467
test_protein_153,0.13515149056911469
test_protein_157,0.084666326642036438
test_protein_158,0.11565751582384109
test_protein_156,0.090458706021308899
test_protein_152,0.26004147529602051
test_protein_155,0.13452146947383881
test_protein_162,0.70425081253051758
test_protein_149,0.081027805805206299
test_protein_159,0.95745861530303955
test_protein_163,0.1903700977563858
test_protein_161,0.2556801438331604
test_protein_160,0.99144357442855835
test_protein_165,0.12464432418346405
test_protein_168,0.00055795133812353015
test_protein_166,0.015723858028650284
test_protein_169,0.31578096747398376
test_protein_164,0.40139192342758179
test_protein_171,0.4288526177406311
test_protein_173,0.030618641525506973
test_protein_170,0.21414503455162048
test_protein_174,0.11422675102949142
test_protein_172,0.76979732513427734
test_protein_167,0.0016331232618540525
test_protein_181,0.20483027398586273
test_protein_179,0.0037330873310565948
test_protein_178,0.9477580189704895
test_protein_176,0.27387377619743347
test_protein_175,0.37899667024612427
test_protein_183,0.25606268644332886
test_protein_180,0.42735245823860168
test_protein_177,0.29185497760772705
test_protein_184,0.36265885829925537
test_protein_182,0.01525681558996439
test_protein_187,0.18811061978340149
test_protein_189,0.21110658347606659
test_protein_185,0.20979522168636322
test_protein_186,0.10239920765161514
test_protein_193,0.22772543132305145
test_protein_194,0.30652642250061035
test_protein_191,0.4793497622013092
test_protein_196,0.37321779131889343
test_protein_188,0.88064634799957275
test_protein_190,0.54264062643051147
test_protein_192,0.49297329783439636
test_protein_198,0.23275312781333923
test_protein_195,0.0465395487844944
test_protein_199,0.24232754111289978
test_protein_197,0.065832272171974182
test_protein_200,0.36780515313148499
test_protein_201,0.26140138506889343
test_protein_202,0.43185502290725708
test_protein_204,0.15152478218078613
test_protein_203,0.44131037592887878
test_protein_205,0.38938239216804504
test_protein_207,0.23513476550579071
test_protein_210,0.032122209668159485
test_protein_206,0.26442596316337585
test_protein_209,0.52192801237106323
test_protein_208,0.093031570315361023
test_protein_211,0.84756571054458618
test_protein_213,0.52002978324890137
test_protein_216,0.40679931640625
test_protein_214,0.066205009818077087
test_protein_212,0.23912313580513
test_protein_222,0.09351610392332077
test_protein_215,0.69046145677566528
test_protein_218,0.11240211129188538
test_protein_220,0.025643911212682724
test_protein_223,0.037547115236520767
test_protein_219,0.11960189044475555
test_protein_217,0.054317500442266464
test_protein_224,0.024102188646793365
test_protein_225,0.51323151588439941
test_protein_226,0.27758780121803284
test_protein_227,0.4401964545249939
test_protein_221,0.046540375798940659
test_protein_230,0.24678651988506317
test_protein_228,0.26596575975418091
test_protein_233,0.22082903981208801
test_protein_232,0.2168595939874649
test_protein_235,0.43981212377548218
test_protein_231,0.40835034847259521
test_protein_237,0.0064450264908373356
test_protein_229,0.16634500026702881
test_protein_234,0.72382587194442749
test_protein_238,0.69104558229446411
test_protein_240,0.0071567553095519543
test_protein_239,0.0030114785768091679
test_protein_236,0.55566716194152832
test_protein_247,0.11172155290842056
test_protein_241,0.17003995180130005
test_protein_242,0.61524415016174316
test_protein_243,0.027247494086623192
test_protein_246,0.14736343920230865
test_protein_248,0.14155152440071106
test_protein_249,0.038218460977077484
test_protein_244,0.037802819162607193
test_protein_245,0.30956783890724182
test_protein_251,0.40723633766174316
test_protein_250,0.2408299595117569
test_protein_255,0.37071841955184937
test_protein_256,0.39206588268280029
test_protein_259,0.31061413884162903
test_protein_253,0.57992798089981079
test_protein_252,0.25825777649879456
test_protein_257,0.036147404462099075
test_protein_254,0.20201300084590912
test_protein_258,0.41256383061408997
test_protein_260,3.8806596421636641e-05
test_protein_261,0.63240104913711548
test_protein_262,0.10349919646978378
test_protein_263,0.36037439107894897
test_protein_264,0.37330487370491028
test_protein_274,0.13258413970470428
test_protein_266,0.019574375823140144
test_protein_273,0.019556427374482155
test_protein_271,0.16042289137840271
test_protein_272,0.31375107169151306
test_protein_265,0.30774375796318054
test_protein_267,0.083892412483692169
test_protein_275,0.0625620037317276
test_protein_270,0.52831846475601196
test_protein_268,0.13140210509300232
test_protein_269,0.36536139249801636
test_protein_278,0.19112333655357361
test_protein_277,0.030418729409575462
test_protein_283,0.95051926374435425
test_protein_282,0.59675639867782593
test_protein_279,0.19643224775791168
test_protein_276,0.22437779605388641
test_protein_284,0.39866656064987183
test_protein_281,1.3396791473496705e-05
test_protein_286,0.28356096148490906
test_protein_288,0.42038202285766602
test_protein_285,0.050792261958122253
test_protein_280,0.0033989795483648777
test_protein_295,0.054553736001253128
test_protein_289,0.052278369665145874
test_protein_291,0.04236292839050293
test_protein_287,0.44846788048744202
test_protein_293,0.039602935314178467
test_protein_297,0.024971269071102142
test_protein_294,0.056554440408945084
test_protein_292,0.095935381948947906
test_protein_290,0.061004936695098877
test_protein_296,0.071046695113182068
test_protein_299,0.043166089802980423
test_protein_298,0.0305947195738554
test_protein_302,0.060831859707832336
test_protein_306,0.0017896940698847175
test_protein_300,0.15146602690219879
test_protein_305,0.46489483118057251
test_protein_301,0.04515470564365387
test_protein_304,0.33937311172485352
test_protein_310,0.02519574947655201
test_protein_303,0.014411666430532932
test_protein_307,0.12386413663625717
test_protein_309,0.41605871915817261
test_protein_308,0.71592873334884644
test_protein_312,0.27606761455535889
test_protein_314,0.74447387456893921
test_protein_315,0.09075743705034256
test_protein_313,0.24954095482826233
test_protein_318,0.28380492329597473
test_protein_316,0.70109498500823975
test_protein_320,0.14505086839199066
test_protein_322,0.45677193999290466
test_protein_321,0.49643298983573914
test_protein_319,0.14205434918403625
test_protein_317,0.02680031955242157
test_protein_311,0.079158134758472443
test_protein_325,0.48909181356430054
test_protein_328,0.085009470582008362
test_protein_327,0.1445605456829071
test_protein_329,0.16649498045444489
test_protein_326,0.24121297895908356
test_protein_333,0.35090258717536926
test_protein_331,0.23835474252700806
test_protein_324,0.11040762811899185
test_protein_330,0.035617310553789139
test_protein_323,0.17698933184146881
test_protein_337,0.3545691967010498
test_protein_334,0.47313615679740906
test_protein_339,0.57315397262573242
test_protein_335,0.066229499876499176
test_protein_338,0.056737471371889114
test_protein_332,0.31459614634513855
test_protein_336,0.098842434585094452
test_protein_340,0.42704910039901733
test_protein_345,0.29800713062286377
test_protein_341,0.028111360967159271
test_protein_344,0.33554878830909729
test_protein_342,0.6615225076675415
test_protein_346,0.47177457809448242
test_protein_343,0.22480636835098267
test_protein_349,0.47414767742156982
test_protein_352,0.70707947015762329
test_protein_354,0.4381108283996582
test_protein_351,0.12144747376441956
test_protein_347,0.26171040534973145
test_protein_348,0.31114330887794495
test_protein_356,0.19758746027946472
test_protein_350,0.53479570150375366
test_protein_353,0.37752506136894226
test_protein_359,0.40003660321235657
test_protein_355,0.41544190049171448
test_protein_358,0.89281010627746582
test_protein_360,0.064914457499980927
test_protein_361,0.26951092481613159
test_protein_366,0.074644215404987335
test_protein_357,0.49690860509872437
test_protein_364,0.59201538562774658
test_protein_368,0.089657709002494812
test_protein_367,0.099265672266483307
test_protein_365,0.76091551780700684
test_protein_362,0.38465884327888489
test_protein_370,0.32873010635375977
test_protein_363,0.44729050993919373
test_protein_369,0.15116007626056671
test_protein_371,0.46752658486366272
test_protein_372,0.50176757574081421
test_protein_374,0.22860981523990631
test_protein_373,0.27998420596122742
test_protein_378,0.39982208609580994
test_protein_377,0.70405304431915283
test_protein_375,0.56325328350067139
test_protein_376,0.60925066471099854
test_protein_381,0.061931062489748001
test_protein_380,0.27907666563987732
test_protein_384,0.076785825192928314
test_protein_382,0.091275021433830261
test_protein_379,0.18524713814258575
test_protein_385,9.532974218018353e-06
test_protein_383,0.077689386904239655
test_protein_388,0.42871233820915222
test_protein_392,0.82857632637023926
test_protein_389,0.52516639232635498
test_protein_391,0.060993120074272156
test_protein_387,0.44343569874763489
test_protein_390,0.31144875288009644
test_protein_386,0.0062249284237623215
test_protein_393,0.013763432390987873
test_protein_397,0.45330280065536499
test_protein_399,0.55976009368896484
test_protein_395,0.58197343349456787
test_protein_394,0.049525059759616852
test_protein_396,0.24438250064849854
test_protein_400,0.36273875832557678
test_protein_404,0.41041076183319092
test_protein_405,0.04239925742149353
test_protein_401,0.65460407733917236
test_protein_409,0.29358658194541931
test_protein_398,0.033002626150846481
test_protein_403,0.73756492137908936
test_protein_406,1.4443822919929517e-06
test_protein_411,0.31789755821228027
test_protein_412,0.020822087302803993
test_protein_408,0.36282631754875183
test_protein_407,0.64594775438308716
test_protein_410,0.20339705049991608
test_protein_413,0.42325752973556519
test_protein_415,0.5867919921875
test_protein_417,0.12246742844581604
test_protein_402,0.11012012511491776
test_protein_414,0.37634333968162537
test_protein_416,0.13476437330245972
test_protein_421,0.073917113244533539
test_protein_422,0.087438598275184631
test_protein_418,0.24556626379489899
test_protein_426,0.26208367943763733
test_protein_424,0.92857331037521362
test_protein_425,0.25570717453956604
test_protein_420,0.38768672943115234
test_protein_419,0.043382827192544937
test_protein_423,0.56181150674819946
test_protein_431,0.11641045659780502
test_protein_427,0.099427506327629089
test_protein_433,0.23711371421813965
test_protein_436,0.17546314001083374
test_protein_430,0.62247079610824585
test_protein_428,0.98878210783004761
test_protein_429,0.022429252043366432
test_protein_438,0.018009543418884277
test_protein_437,0.26505401730537415
test_protein_435,0.087920710444450378
test_protein_432,0.13374738395214081
test_protein_434,0.15641786158084869
test_protein_439,0.20702193677425385
test_protein_442,0.54128986597061157
test_protein_443,0.89065903425216675
test_protein_444,0.26210090517997742
test_protein_441,0.00028872422990389168
test_protein_445,0.40540552139282227
test_protein_440,0.28607767820358276
test_protein_448,0.038376223295927048
test_protein_447,0.060889065265655518
test_protein_446,0.41624715924263
test_protein_452,0.17855294048786163
test_protein_455,0.38500684499740601
test_protein_457,0.086759865283966064
test_protein_456,0.4859374463558197
test_protein_460,0.22047010064125061
test_protein_450,0.39365708827972412
test_protein_451,0.47331812977790833
test_protein_459,0.4981553852558136
test_protein_449,0.37514245510101318
test_protein_454,0.20546355843544006
test_protein_463,0.22706285119056702
test_protein_458,0.41138231754302979
test_protein_453,0.080665439367294312
test_protein_462,0.003124115290120244
test_protein_465,0.31485652923583984
test_protein_461,0.5435558557510376
test_protein_470,0.25509184598922729
test_protein_466,0.32061329483985901
test_protein_475,0.14056643843650818
test_protein_464,0.32853206992149353
test_protein_472,0.00020993313228245825
test_protein_468,0.070505782961845398
test_protein_467,0.16512909531593323
test_protein_469,0.026731045916676521
test_protein_473,0.54013699293136597
test_protein_474,0.234039306640625
test_protein_471,0.46710109710693359
test_protein_480,0.03021041676402092
test_protein_482,0.49079340696334839
test_protein_486,0.02449427917599678
test_protein_481,0.20805975794792175
test_protein_484,0.55360162258148193
test_protein_478,0.069443516433238983
test_protein_483,0.095668129622936249
test_protein_476,0.32031404972076416
test_protein_479,0.098384268581867218
test_protein_477,0.26562008261680603
test_protein_490,0.20019632577896118
test_protein_489,0.0094885937869548798
test_protein_488,0.54234832525253296
test_protein_485,0.33047989010810852
test_protein_487,0.24547739326953888
test_protein_491,0.26545891165733337
test_protein_493,0.08034157007932663
test_protein_495,0.64874893426895142
test_protein_498,0.6914563775062561
test_protein_496,0.083987332880496979
test_protein_494,0.11011247336864471
test_protein_492,0.42124113440513611
test_protein_499,0.28560143709182739
test_protein_501,0.073312848806381226
test_protein_502,0.052453730255365372
test_protein_503,0.04476943239569664
test_protein_507,0.28862953186035156
test_protein_504,0.055331215262413025
test_protein_500,0.076204873621463776
test_protein_497,0.19900542497634888
test_protein_505,0.27566385269165039
test_protein_506,0.10841155797243118
test_protein_514,0.35923478007316589
test_protein_512,0.78430819511413574
test_protein_508,0.0081652728840708733
test_protein_510,0.090531140565872192
test_protein_509,0.33995944261550903
test_protein_516,0.62388914823532104
test_protein_515,0.17200994491577148
test_protein_511,0.093598373234272003
test_protein_518,0.52578377723693848
test_protein_513,0.15693569183349609
test_protein_520,0.55969727039337158
test_protein_517,0.64338451623916626
test_protein_521,0.6049504280090332
test_protein_519,0.44711464643478394
test_protein_529,0.070764482021331787
test_protein_525,0.0041820253245532513
test_protein_523,0.0039592152461409569
test_protein_524,0.00014245005149859935
test_protein_522,0.66957241296768188
test_protein_528,0.92623043060302734
test_protein_527,0.0074823619797825813
test_protein_531,0.34285822510719299
test_protein_532,0.61355721950531006
test_protein_536,0.018377438187599182
test_protein_526,0.0014490721514448524
test_protein_534,0.36426085233688354
test_protein_530,0.56921476125717163
test_protein_533,0.053507186472415924
test_protein_535,0.22233596444129944
test_protein_537,0.3122367262840271
test_protein_546,0.25320428609848022
test_protein_538,0.43838927149772644
test_protein_542,0.27251502871513367
test_protein_541,0.11780910938978195
test_protein_544,0.26141265034675598
test_protein_539,0.60460072755813599
test_protein_543,0.096585623919963837
test_protein_548,0.22406035661697388
test_protein_549,0.33188831806182861
test_protein_540,0.25460755825042725
test_protein_545,0.80963361263275146
test_protein_547,0.41648009419441223
test_protein_555,0.00029473056201823056
test_protein_551,0.17687363922595978
test_protein_550,0.51551979780197144
test_protein_553,0.16209094226360321
test_protein_554,0.13790671527385712
test_protein_556,0.36661842465400696
test_protein_552,0.3126370906829834
test_protein_557,0.086819037795066833
test_protein_559,0.4645906388759613
test_protein_558,0.37386536598205566
test_protein_565,0.72342723608016968
test_protein_560,0.20644062757492065
test_protein_563,0.20852051675319672
test_protein_561,0.51221162080764771
test_protein_566,0.46914187073707581
test_protein_564,0.16381609439849854
test_protein_562,0.20425696671009064
test_protein_568,0.45749565958976746
test_protein_567,0.38489636778831482
test_protein_571,0.13945451378822327
test_protein_570,0.1702629029750824
test_protein_572,0.84420531988143921
test_protein_569,0.16691304743289948
test_protein_573,0.21610140800476074
test_protein_574,0.58947610855102539
test_protein_575,0.22603985667228699
test_protein_577,0.40903016924858093
test_protein_576,0.71114075183868408
test_protein_584,0.91360443830490112
test_protein_578,0.24652682244777679
test_protein_585,0.37728962302207947
test_protein_579,0.011058942414820194
test_protein_582,0.3364817202091217
test_protein_580,0.44163572788238525
test_protein_581,0.32649341225624084
test_protein_583,0.078653678297996521
test_protein_586,0.83930176496505737
test_protein_588,0.62479501962661743
test_protein_589,0.34927421808242798
test_protein_591,0.38901013135910034
test_protein_592,0.48498499393463135
test_protein_587,0.62746930122375488
test_protein_590,0.069033615291118622
test_protein_594,0.2092566192150116
test_protein_593,0.35691156983375549
test_protein_596,0.065479055047035217
test_protein_603,0.56079113483428955
test_protein_598,0.53030872344970703
test_protein_595,0.30009365081787109
test_protein_597,0.019541386514902115
test_protein_604,0.76760607957839966
test_protein_600,0.32084813714027405
test_protein_599,0.30786296725273132
test_protein_602,0.082592688500881195
test_protein_606,0.38202747702598572
test_protein_601,0.31292375922203064
test_protein_605,0.045524992048740387
test_protein_607,0.030199334025382996
test_protein_608,0.079528898000717163
test_protein_611,0.23601752519607544
test_protein_609,0.30012804269790649
test_protein_612,0.26898697018623352
test_protein_615,0.97968012094497681
test_protein_613,0.22901995480060577
test_protein_610,0.11102676391601562
test_protein_621,0.37646377086639404
test_protein_616,0.12863220274448395
test_protein_614,0.32157722115516663
test_protein_622,0.3068147599697113
test_protein_617,0.018946502357721329
test_protein_619,0.036137476563453674
test_protein_618,0.093425527215003967
test_protein_626,0.56284558773040771
test_protein_625,0.18735893070697784
test_protein_627,0.10702337324619293
test_protein_628,0.26262062788009644
test_protein_623,0.11142951995134354
test_protein_624,0.26274129748344421
test_protein_631,0.25603935122489929
test_protein_620,0.33552700281143188
test_protein_629,0.80383867025375366
test_protein_630,0.98248451948165894
test_protein_632,0.32189628481864929
test_protein_633,0.22562204301357269
test_protein_636,0.068963833153247833
test_protein_634,0.22520853579044342
test_protein_638,0.49528986215591431
test_protein_637,0.38310745358467102
test_protein_639,0.0034434567205607891
test_protein_635,0.69574004411697388
test_protein_642,0.14976148307323456
test_protein_645,0.0012661367654800415
test_protein_640,0.1559227854013443
test_protein_643,0.094627358019351959
test_protein_641,0.21534049510955811
test_protein_652,0.0091221285983920097
test_protein_649,0.068261057138442993
test_protein_648,0.005425543524324894
test_protein_651,0.57951682806015015
test_protein_644,0.0009218877530656755
test_protein_647,0.0029534876812249422
test_protein_655,0.021653927862644196
test_protein_653,0.012182249687612057
test_protein_650,0.011723797768354416
test_protein_646,0.52150535583496094
test_protein_654,0.10845843702554703
test_protein_656,0.030269280076026917
test_protein_661,0.017531950026750565
test_protein_658,0.74092841148376465
test_protein_657,0.13704156875610352
test_protein_663,0.44940292835235596
test_protein_664,0.82442706823348999
test_protein_662,0.10706591606140137
test_protein_660,0.040807507932186127
test_protein_665,0.55635297298431396
test_protein_659,0.07488076388835907
test_protein_668,0.055414266884326935
test_protein_667,0.34675613045692444
test_protein_670,0.021618196740746498
test_protein_673,0.79954624176025391
test_protein_671,0.30002880096435547
test_protein_666,0.84325510263442993
test_protein_669,0.021999053657054901
test_protein_679,0.017185918986797333
test_protein_680,0.12397876381874084
test_protein_675,0.034272190183401108
test_protein_672,0.23504608869552612
test_protein_678,0.80072081089019775
test_protein_682,0.070242322981357574
test_protein_674,0.39992719888687134
test_protein_676,0.00056813244009390473
test_protein_677,0.32990676164627075
test_protein_681,0.025939658284187317
test_protein_683,0.0046504507772624493
test_protein_684,0.43035015463829041
test_protein_687,0.0084094619378447533
test_protein_685,0.16457392275333405
test_protein_690,0.70198166370391846
test_protein_689,0.76773732900619507
test_protein_686,0.030784513801336288
test_protein_688,0.088614456355571747
test_protein_693,0.029868807643651962
test_protein_691,0.27775999903678894
test_protein_692,0.48347100615501404
test_protein_705,0.24799002707004547
test_protein_698,0.1331721693277359
test_protein_699,0.11316079646348953
test_protein_695,0.10267512500286102
test_protein_702,0.17951531708240509
test_protein_697,0.024501604959368706
test_protein_700,0.025886537507176399
test_protein_703,0.12506337463855743
test_protein_704,0.2082974910736084
test_protein_696,0.70903146266937256
test_protein_701,0.10369806736707687
test_protein_694,0.64809167385101318
test_protein_706,0.096021026372909546
test_protein_707,0.39101070165634155
test_protein_712,0.20676426589488983
test_protein_708,0.26698604226112366
test_protein_711,0.0053684650920331478
test_protein_710,0.42921552062034607
test_protein_709,0.058999702334403992
test_protein_718,0.53371512889862061
test_protein_719,0.31143841147422791
test_protein_717,0.013961177319288254
test_protein_715,0.0046218712814152241
test_protein_713,0.048261329531669617
test_protein_716,0.30585157871246338
test_protein_722,0.60205936431884766
test_protein_724,0.50182169675827026
test_protein_720,0.017880983650684357
test_protein_723,0.52756369113922119
test_protein_714,0.043444570153951645
test_protein_726,0.22172781825065613
test_protein_727,0.34458720684051514
test_protein_731,0.4419465959072113
test_protein_729,0.08856547623872757
test_protein_725,0.050779778510332108
test_protein_721,0.15372556447982788
test_protein_728,0.66677993535995483
test_protein_733,0.71364343166351318
test_protein_732,0.20314100384712219
test_protein_730,0.424305260181427
test_protein_736,0.0014339383924379945
test_protein_734,0.44316753745079041
test_protein_737,0.6390376091003418
test_protein_740,0.79476368427276611
test_protein_738,0.10154562443494797
test_protein_735,0.062985897064208984
test_protein_739,0.20069311559200287
test_protein_741,0.51217406988143921
test_protein_743,0.026375291869044304
test_protein_744,0.13769471645355225
test_protein_749,0.37845692038536072
test_protein_746,0.011782299727201462
test_protein_742,0.034398842602968216
test_protein_745,0.12600210309028625
test_protein_747,0.39701658487319946
test_protein_748,0.51819038391113281
test_protein_757,0.36975482106208801
test_protein_753,0.99374568462371826
test_protein_754,0.48983928561210632
test_protein_751,0.31905069947242737
test_protein_750,0.55117374658584595
test_protein_752,0.36543327569961548
test_protein_756,0.16473585367202759
test_protein_755,0.018636997789144516
test_protein_761,0.078049100935459137
test_protein_759,0.35382080078125
test_protein_760,0.02328052744269371
test_protein_762,0.12214662134647369
test_protein_758,0.43801319599151611
test_protein_763,0.77347683906555176
test_protein_765,0.76635950803756714
test_protein_764,0.25217914581298828
test_protein_766,0.03600233793258667
test_protein_767,0.61344027519226074
test_protein_770,0.64057856798171997
test_protein_769,0.25914451479911804
test_protein_772,0.3313542902469635
test_protein_775,0.8750995397567749
test_protein_768,0.086044713854789734
test_protein_779,0.66435497999191284
test_protein_771,0.89410781860351562
test_protein_776,0.61155134439468384
test_protein_778,0.83939415216445923
test_protein_773,0.01067328080534935
test_protein_777,0.55649006366729736
test_protein_774,0.051207941025495529
test_protein_786,0.45565623044967651
test_protein_781,0.46568575501441956
test_protein_782,0.95199352502822876
test_protein_783,0.73036289215087891
test_protein_780,0.93286371231079102
test_protein_788,0.25128361582756042
test_protein_784,0.78708189725875854
test_protein_787,0.28379687666893005
test_protein_791,0.17592431604862213
test_protein_785,0.052491709589958191
test_protein_792,0.013947642408311367
test_protein_790,0.37629920244216919
test_protein_789,0.36394473910331726
test_protein_794,0.0015796691877767444
test_protein_799,0.60216373205184937
test_protein_795,0.015950055792927742
test_protein_798,0.1675218790769577
test_protein_797,0.20449768006801605
test_protein_796,0.49788439273834229
test_protein_804,0.26636397838592529
test_protein_793,0.20917037129402161
test_protein_803,0.53044140338897705
test_protein_801,0.16133172810077667
test_protein_800,0.042568966746330261
test_protein_806,0.0053025842644274235
test_protein_802,0.20221643149852753
test_protein_805,0.24953886866569519
test_protein_808,0.20235121250152588
test_protein_810,0.0090759191662073135
test_protein_807,0.70091140270233154
test_protein_809,0.0023081924300640821
test_protein_814,0.0043786517344415188
test_protein_812,0.47842812538146973
test_protein_816,1.6922029317356646e-05
test_protein_815,0.002230804180726409
test_protein_813,0.0019544351380318403
test_protein_811,0.0042659593746066093
test_protein_817,0.067618057131767273
test_protein_821,0.17211909592151642
test_protein_822,0.06269344687461853
test_protein_827,0.0058509642258286476
test_protein_824,0.00031994879827834666
test_protein_828,0.15052254498004913
test_protein_818,0.91966980695724487
test_protein_819,0.48852598667144775
test_protein_820,0.56106662750244141
test_protein_831,0.55188310146331787
test_protein_830,0.070077076554298401
test_protein_823,0.078307121992111206
test_protein_825,0.16214379668235779
test_protein_829,0.0064710970036685467
test_protein_826,0.24273782968521118
test_protein_833,0.059833873063325882
test_protein_832,0.067641660571098328
test_protein_836,0.54218000173568726
test_protein_837,0.18866865336894989
test_protein_834,0.12225887924432755
test_protein_838,0.020592395216226578
test_protein_839,0.011778697371482849
test_protein_835,0.22876536846160889
test_protein_844,0.015727430582046509
test_protein_840,0.013101805001497269
test_protein_842,0.18579442799091339
test_protein_841,0.038074478507041931
test_protein_845,0.056125599890947342
test_protein_848,0.00012371338380035013
test_protein_847,0.22881178557872772
test_protein_846,0.25136864185333252
test_protein_843,0.0012080606538802385
test_protein_855,0.21108129620552063
test_protein_852,0.13791365921497345
test_protein_854,0.057282593101263046
test_protein_851,0.016784373670816422
test_protein_849,0.040274161845445633
test_protein_853,0.027402983978390694
test_protein_850,0.007361147552728653
test_protein_856,0.5417441725730896
test_protein_861,0.38179430365562439
test_protein_858,0.2976873517036438
test_protein_857,0.070746049284934998
test_protein_860,0.15792202949523926
test_protein_868,0.049736540764570236
test_protein_863,0.3226361870765686
test_protein_864,0.22509302198886871
test_protein_867,0.20342262089252472
test_protein_859,0.040886785835027695
test_protein_869,0.13279280066490173
test_protein_873,0.0073093348182737827
test_protein_865,0.30872258543968201
test_protein_870,0.020746596157550812
test_protein_866,0.31705418229103088
test_protein_875,0.035165265202522278
test_protein_876,0.43565648794174194
test_protein_877,0.21712379157543182
test_protein_862,0.37034973502159119
test_protein_879,0.51474881172180176
test_protein_874,0.066270262002944946
test_protein_871,0.26457926630973816
test_protein_878,0.15946047008037567
test_protein_872,0.31613704562187195
test_protein_882,0.67523878812789917
test_protein_883,0.0028413217514753342
test_protein_884,0.00017161964206025004
test_protein_881,0.32204407453536987
test_protein_885,0.18215024471282959
test_protein_880,0.18994095921516418
test_protein_888,0.90010756254196167
test_protein_892,0.55418688058853149
test_protein_887,0.48998171091079712
test_protein_897,0.67982268333435059
test_protein_886,0.70063984394073486
test_protein_891,0.75815123319625854
test_protein_890,0.21234790980815887
test_protein_889,0.26296919584274292
test_protein_896,0.85305339097976685
test_protein_900,0.27340283989906311
test_protein_893,0.039929762482643127
test_protein_894,0.36685413122177124
test_protein_898,0.97506558895111084
test_protein_899,0.08785778284072876
test_protein_904,0.23644766211509705
test_protein_895,0.39729610085487366
test_protein_901,0.33635386824607849
test_protein_902,0.16478420794010162
test_protein_903,0.63603049516677856
test_protein_910,0.17471443116664886
test_protein_908,0.27139535546302795
test_protein_909,0.1546139121055603
test_protein_905,0.68463259935379028
test_protein_911,0.83907663822174072
test_protein_906,0.072271890938282013
test_protein_912,0.59580379724502563
test_protein_913,0.32851734757423401
test_protein_907,0.5551382303237915
test_protein_914,0.28729993104934692
test_protein_921,0.52483248710632324
test_protein_915,0.026155758649110794
test_protein_917,0.21794408559799194
test_protein_918,0.19133524596691132
test_protein_920,0.33639287948608398
test_protein_919,0.39685279130935669
test_protein_926,0.19623109698295593
test_protein_916,0.016984259709715843
test_protein_923,0.16750305891036987
test_protein_922,0.40208777785301208
test_protein_927,0.021057924255728722
test_protein_925,0.097887732088565826
test_protein_924,0.32782518863677979
test_protein_932,0.48324349522590637
test_protein_931,0.36172983050346375
test_protein_939,0.036482691764831543
test_protein_930,0.46598109602928162
test_protein_929,0.073394231498241425
test_protein_928,0.032814275473356247
test_protein_935,0.38189780712127686
test_protein_933,0.24865290522575378
test_protein_934,0.10205339640378952
test_protein_937,0.36697620153427124
test_protein_942,0.68762725591659546
test_protein_938,0.18907622992992401
test_protein_943,0.51590484380722046
test_protein_936,0.4886830747127533
test_protein_941,0.98945486545562744
test_protein_944,0.13937084376811981
test_protein_947,0.42522427439689636
test_protein_940,0.15404219925403595
test_protein_948,0.11450444906949997
test_protein_945,0.38800504803657532
test_protein_946,0.00028663317789323628
test_protein_951,0.28551170229911804
test_protein_950,0.11883758753538132
test_protein_949,0.46090292930603027
test_protein_954,0.37421783804893494
test_protein_952,0.20240908861160278
test_protein_955,0.29679876565933228
test_protein_953,0.21751239895820618
test_protein_956,0.99225008487701416
test_protein_958,0.061439160257577896
test_protein_959,0.21920810639858246
test_protein_961,0.14286954700946808
test_protein_960,5.2218333621567581e-06
test_protein_957,0.075073927640914917
test_protein_962,0.95086157321929932
test_protein_967,0.17107982933521271
test_protein_965,0.16909070312976837
test_protein_964,0.40470114350318909
test_protein_968,0.36707305908203125
test_protein_966,0.1427953690290451
test_protein_963,0.40634629130363464
test_protein_976,0.060683753341436386
test_protein_972,0.99111181497573853
test_protein_971,0.13357448577880859
test_protein_969,0.38621586561203003
test_protein_975,0.0087087163701653481
test_protein_970,0.10595250874757767
test_protein_974,0.81369942426681519
test_protein_973,0.00010720267164288089
test_protein_981,0.033523503690958023
test_protein_980,0.31111380457878113
test_protein_978,0.16414088010787964
test_protein_977,0.43809705972671509
test_protein_985,0.99026954174041748
test_protein_979,0.052103657275438309
test_protein_982,0.43455895781517029
test_protein_983,0.62884163856506348
test_protein_989,0.10530439764261246
test_protein_987,0.46760538220405579
test_protein_984,0.17865139245986938
test_protein_986,0.084605492651462555
test_protein_991,0.37936380505561829
test_protein_999,0.34393003582954407
test_protein_990,0.13885596394538879
test_protein_998,0.43601441383361816
test_protein_988,0.30331727862358093
test_protein_994,0.48352289199829102
test_protein_992,0.36430469155311584
test_protein_995,0.16275909543037415
test_protein_1002,0.10117124021053314
test_protein_993,0.73178273439407349
test_protein_1000,0.31320419907569885
test_protein_997,0.095934465527534485
test_protein_1003,0.37308618426322937
test_protein_1001,0.38214978575706482
test_protein_1004,0.45386689901351929
test_protein_996,0.22694244980812073
test_protein_1009,0.016672050580382347
test_protein_1006,0.70740443468093872
test_protein_1005,0.32405474781990051
test_protein_1007,0.16300420463085175
test_protein_1010,0.28280618786811829
test_protein_1008,0.21192742884159088
test_protein_1020,0.80173563957214355
test_protein_1013,0.41518890857696533
test_protein_1024,0.00067642988869920373
test_protein_1017,0.50992894172668457
test_protein_1014,0.00049337447853758931
test_protein_1011,0.21666428446769714
test_protein_1015,0.2275959849357605
test_protein_1012,0.012039891444146633
test_protein_1016,0.16897393763065338
test_protein_1019,0.30441516637802124
test_protein_1018,0.16146732866764069
test_protein_1026,0.97550004720687866
test_protein_1022,0.075531288981437683
test_protein_1023,0.32203617691993713
test_protein_1025,0.33725962042808533
test_protein_1027,0.37507882714271545
test_protein_1030,0.14187216758728027
test_protein_1021,0.42976373434066772
test_protein_1029,0.21751779317855835
test_protein_1028,0.1870943158864975
test_protein_1036,0.44048085808753967
test_protein_1035,0.86122828722000122
test_protein_1033,0.10503003001213074
test_protein_1034,0.1038353219628334
test_protein_1031,0.22180952131748199
test_protein_1032,0.25243374705314636
test_protein_1038,0.16754201054573059
test_protein_1039,0.99713993072509766
test_protein_1037,0.043023213744163513
test_protein_1040,0.86361384391784668
test_protein_1043,0.89309632778167725
test_protein_1042,0.55664491653442383
test_protein_1041,0.54379212856292725
test_protein_1046,0.79186922311782837
test_protein_1048,0.086879715323448181
test_protein_1044,0.66858476400375366
test_protein_1047,0.48367640376091003
test_protein_1051,0.18887504935264587
test_protein_1045,0.63801378011703491
test_protein_1050,0.11807408928871155
test_protein_1049,0.13633808493614197
test_protein_1054,0.28629592061042786
test_protein_1052,0.16586576402187347
test_protein_1053,0.1673586517572403
test_protein_1055,0.18389019370079041
test_protein_1061,0.11330603808164597
test_protein_1060,0.32037341594696045
test_protein_1059,0.94459712505340576
test_protein_1058,0.1491522341966629
test_protein_1063,0.15423822402954102
test_protein_1057,0.10643219202756882
test_protein_1056,0.10479497164487839
test_protein_1066,0.033752687275409698
test_protein_1062,0.099745616316795349
test_protein_1067,0.14118112623691559
test_protein_1065,0.13872374594211578
test_protein_1064,0.088858351111412048
test_protein_1072,0.54498720169067383
test_protein_1070,0.016729174181818962
test_protein_1071,0.19932082295417786
test_protein_1068,0.030577683821320534
test_protein_1069,0.35732030868530273
test_protein_1075,0.0042475974187254906
test_protein_1073,0.055534418672323227
test_protein_1074,0.030992167070508003
test_protein_1078,0.50083893537521362
test_protein_1076,0.47224479913711548
test_protein_1077,0.0027407228481024504
test_protein_1079,0.52211582660675049
test_protein_1084,0.40021181106567383
test_protein_1082,0.16466976702213287
test_protein_1083,0.36102589964866638
test_protein_1090,0.16484399139881134
test_protein_1081,0.47322285175323486
test_protein_1085,0.37930655479431152
test_protein_1088,0.51188856363296509
test_protein_1080,0.43325880169868469
test_protein_1086,0.29115664958953857
test_protein_1087,0.45719891786575317
test_protein_1089,0.49481865763664246
test_protein_1094,0.39313843846321106
test_protein_1097,0.30878624320030212
test_protein_1093,0.27136221528053284
test_protein_1095,0.36427655816078186
test_protein_1096,0.4914269745349884
test_protein_1092,0.23057879507541656
test_protein_1098,0.47095131874084473
test_protein_1091,0.39399892091751099
test_protein_1099,0.57173782587051392
test_protein_1100,0.35018649697303772
test_protein_1101,0.60414582490921021
test_protein_1102,0.58988171815872192
test_protein_1103,0.38271766901016235
test_protein_1108,0.73188412189483643
test_protein_1105,0.063635513186454773
test_protein_1104,0.21379050612449646
test_protein_1107,0.49558958411216736
test_protein_1110,0.37230229377746582
test_protein_1111,0.11329580843448639
test_protein_1106,0.78000909090042114
test_protein_1109,0.78600227832794189
test_protein_1113,0.2097189873456955
test_protein_1112,0.29172194004058838
test_protein_1115,0.054139997810125351
test_protein_1114,0.013916016556322575
test_protein_1116,0.13947324454784393
test_protein_1119,0.19089597463607788
test_protein_1117,0.20533660054206848
test_protein_1122,0.048894956707954407
test_protein_1121,0.96537405252456665
test_protein_1118,0.18589672446250916
test_protein_1124,1.8616685338201933e-05
test_protein_1120,0.36581173539161682
test_protein_1123,0.35791692137718201
test_protein_1125,0.036538828164339066
test_protein_1129,0.031307477504014969
test_protein_1127,0.19183379411697388
test_protein_1126,0.080406919121742249
test_protein_1132,0.29027274250984192
test_protein_1128,0.00020141204004175961
test_protein_1130,0.82446473836898804
test_protein_1134,0.31682321429252625
test_protein_1136,0.20647890865802765
test_protein_1135,0.16527272760868073
test_protein_1137,0.058866307139396667
test_protein_1131,0.82853478193283081
test_protein_1133,0.30812257528305054
test_protein_1138,0.018462821841239929
test_protein_1142,0.54130047559738159
test_protein_1140,0.11808282881975174
test_protein_1139,0.38938197493553162
test_protein_1144,0.40969136357307434
test_protein_1149,0.056291021406650543
test_protein_1146,0.99666106700897217
test_protein_1141,0.39487344026565552
test_protein_1143,0.52297955751419067
test_protein_1147,0.18601284921169281
test_protein_1150,0.29878431558609009
test_protein_1145,0.16795435547828674
test_protein_1148,0.17282965779304504
test_protein_1151,0.15259876847267151
test_protein_1154,0.8008277416229248
test_protein_1155,0.42998221516609192
test_protein_1159,0.15338373184204102
test_protein_1156,0.38560619950294495
test_protein_1152,0.97565174102783203
test_protein_1160,0.14505280554294586
test_protein_1157,0.74753397703170776
test_protein_1153,0.52231681346893311
test_protein_1158,0.68610876798629761
test_protein_1162,0.19532173871994019
test_protein_1165,0.16482284665107727
test_protein_1168,0.034542713314294815
test_protein_1161,0.24317552149295807
test_protein_1171,0.32987475395202637
test_protein_1164,0.37087166309356689
test_protein_1167,0.060071628540754318
test_protein_1163,0.10623122751712799
test_protein_1166,0.31915903091430664
test_protein_1170,0.46801075339317322
test_protein_1172,0.25510731339454651
test_protein_1169,0.25959679484367371
test_protein_1176,0.001905258628539741
test_protein_1177,0.10605613887310028
test_protein_1175,0.27295652031898499
test_protein_1178,0.10486076027154922
test_protein_1173,0.018797790631651878
test_protein_1184,0.05215037614107132
test_protein_1183,0.059211131185293198
test_protein_1174,6.3627252529840916e-05
test_protein_1182,0.16376815736293793
test_protein_1185,0.93697124719619751
test_protein_1179,0.46690204739570618
test_protein_1180,0.54902142286300659
test_protein_1190,0.48421677947044373
test_protein_1181,0.040653642266988754
test_protein_1188,0.77505320310592651
test_protein_1189,0.37567716836929321
test_protein_1187,0.99817359447479248
test_protein_1192,0.26243823766708374
test_protein_1186,0.22212237119674683
test_protein_1194,0.14997164905071259
test_protein_1191,0.55861401557922363
test_protein_1197,0.24772860109806061
test_protein_1198,0.059722624719142914
test_protein_1193,0.66966593265533447
test_protein_1196,0.90481102466583252
test_protein_1195,0.67444705963134766
test_protein_1200,0.01491868682205677
test_protein_1199,0.49834111332893372
test_protein_1201,0.12722077965736389
test_protein_1207,0.62626856565475464
test_protein_1206,0.056049205362796783
test_protein_1204,0.32054820656776428
test_protein_1208,0.6054111123085022
test_protein_1205,0.37426787614822388
test_protein_1203,0.3057568371295929
test_protein_1202,0.85690015554428101
test_protein_1209,0.067496553063392639
test_protein_1211,0.26138210296630859
test_protein_1210,0.80178922414779663
test_protein_1218,0.080446414649486542
test_protein_1220,0.26630893349647522
test_protein_1215,0.8092498779296875
test_protein_1217,0.78263115882873535
test_protein_1219,0.62468886375427246
test_protein_1224,0.090745240449905396
test_protein_1222,0.041287347674369812
test_protein_1213,0.6567654013633728
test_protein_1216,0.71177434921264648
test_protein_1212,0.51595807075500488
test_protein_1221,0.94127529859542847
test_protein_1225,0.20655268430709839
test_protein_1229,0.82879477739334106
test_protein_1214,0.10771878808736801
test_protein_1228,0.93845236301422119
test_protein_1227,0.95555335283279419
test_protein_1226,0.6519390344619751
test_protein_1223,0.68565952777862549
test_protein_1233,0.95480668544769287
test_protein_1230,0.86818355321884155
test_protein_1231,0.55126577615737915
test_protein_1232,0.36260402202606201
test_protein_1235,0.76661008596420288
test_protein_1237,0.77080684900283813
test_protein_1241,0.46352526545524597
test_protein_1238,0.92903035879135132
test_protein_1234,0.25859993696212769
test_protein_1236,0.99179309606552124
test_protein_1239,0.076739124953746796
test_protein_1240,0.20009326934814453
test_protein_1243,0.55816096067428589
test_protein_1242,0.53676217794418335
test_protein_1247,0.38019964098930359
test_protein_1246,0.69754225015640259
test_protein_1244,0.72271770238876343
test_protein_1249,0.74841958284378052
test_protein_1250,0.4266800582408905
test_protein_1251,0.29520034790039062
test_protein_1253,0.51297509670257568
test_protein_1255,0.10408534854650497
test_protein_1248,0.16663247346878052
test_protein_1254,0.028938090428709984
test_protein_1258,0.32689639925956726
test_protein_1245,0.72239911556243896
test_protein_1252,0.010216082446277142
test_protein_1256,0.023659426718950272
test_protein_1257,0.33056077361106873
test_protein_1259,0.11517756432294846
test_protein_1260,0.50654023885726929
test_protein_1262,0.041089162230491638
test_protein_1264,0.12942472100257874
test_protein_1261,0.31085491180419922
test_protein_1266,0.43319016695022583
test_protein_1263,0.20370988547801971
test_protein_1265,0.0037680298555642366
test_protein_1269,0.00054078601533547044
test_protein_1268,0.00016613538900855929
test_protein_1267,0.33500242233276367
test_protein_1270,0.44099101424217224
test_protein_1271,0.17831191420555115
test_protein_1277,0.46245887875556946
test_protein_1278,0.71957004070281982
test_protein_1276,0.40499594807624817
test_protein_1273,0.15359115600585938
test_protein_1272,0.22038410604000092
test_protein_1275,0.20211505889892578
test_protein_1274,0.012029421515762806
test_protein_1280,0.42474138736724854
test_protein_1284,0.58746802806854248
test_protein_1283,0.20997148752212524
test_protein_1279,0.36045235395431519
test_protein_1281,0.15222284197807312
test_protein_1285,0.67047643661499023
test_protein_1288,0.0936860591173172
test_protein_1282,0.011986060999333858
test_protein_1287,0.82943558692932129
test_protein_1289,0.61338162422180176
test_protein_1286,0.34491631388664246
test_protein_1296,0.31834894418716431
test_protein_1294,0.16061832010746002
test_protein_1292,0.00080894853454083204
test_protein_1295,0.45055904984474182
test_protein_1291,0.24404066801071167
test_protein_1300,0.32080605626106262
test_protein_1290,0.58948993682861328
test_protein_1293,0.033322680741548538
test_protein_1297,0.017806274816393852
test_protein_1299,0.42068853974342346
test_protein_1298,0.27923277020454407
test_protein_1301,0.52432042360305786
test_protein_1305,0.2213524729013443
test_protein_1303,0.16586233675479889
test_protein_1307,0.0044492390006780624
test_protein_1312,0.11150164157152176
test_protein_1304,0.23823553323745728
test_protein_1302,0.13215480744838715
test_protein_1306,0.10441162437200546
test_protein_1308,0.37102383375167847
test_protein_1309,0.36294552683830261
test_protein_1311,0.03214244544506073
test_protein_1310,0.19422078132629395
test_protein_1314,0.33449575304985046
test_protein_1313,0.14803265035152435
test_protein_1315,0.12067007273435593
test_protein_1317,0.45335626602172852
test_protein_1321,0.079131565988063812
test_protein_1320,0.028834136202931404
test_protein_1316,0.59248578548431396
test_protein_1319,0.3039347231388092
test_protein_1318,0.029963117092847824
test_protein_1322,0.069283172488212585
test_protein_1323,0.5902065634727478
test_protein_1324,0.31417909264564514
test_protein_1325,0.37291869521141052
test_protein_1330,0.12254109978675842
test_protein_1326,0.32669499516487122
test_protein_1329,0.11096896976232529
test_protein_1331,0.51395642757415771
test_protein_1328,0.24554754793643951
test_protein_1327,0.59977078437805176
test_protein_1333,0.95804864168167114
test_protein_1339,0.60692393779754639
test_protein_1336,0.28611958026885986
test_protein_1334,0.54982185363769531
test_protein_1335,0.42697405815124512
test_protein_1337,0.52919489145278931
test_protein_1345,0.35380950570106506
test_protein_1332,0.33621653914451599
test_protein_1346,0.72014802694320679
test_protein_1342,0.45330870151519775
test_protein_1343,0.49938130378723145
test_protein_1340,0.2685200572013855
test_protein_1341,0.085603326559066772
test_protein_1344,0.17658807337284088
test_protein_1347,0.64226460456848145
test_protein_1338,0.55297309160232544
test_protein_1352,0.35172095894813538
test_protein_1356,0.19788976013660431
test_protein_1348,0.28674241900444031
test_protein_1350,0.27477827668190002
test_protein_1349,0.097780376672744751
test_protein_1351,0.42592731118202209
test_protein_1353,0.10241010040044785
test_protein_1359,0.37039491534233093
test_protein_1357,0.26191642880439758
test_protein_1363,0.044569391757249832
test_protein_1358,0.28939402103424072
test_protein_1365,0.56951314210891724
test_protein_1354,0.12333784252405167
test_protein_1366,0.35433632135391235
test_protein_1355,0.31386268138885498
test_protein_1364,0.59989005327224731
test_protein_1369,0.044317450374364853
test_protein_1360,0.12553507089614868
test_protein_1371,0.29874005913734436
test_protein_1367,0.19053149223327637
test_protein_1372,0.4370434582233429
test_protein_1370,0.32978421449661255
test_protein_1368,0.081338830292224884
test_protein_1361,0.051762785762548447
test_protein_1373,0.29525065422058105
test_protein_1362,0.081001713871955872
test_protein_1378,0.4275260865688324
test_protein_1374,0.29896941781044006
test_protein_1379,0.40623694658279419
test_protein_1376,0.028855336830019951
test_protein_1382,0.36404213309288025
test_protein_1381,0.58985573053359985
test_protein_1375,0.27418980002403259
test_protein_1383,0.25349399447441101
test_protein_1380,0.00099449255503714085
test_protein_1386,0.26456183195114136
test_protein_1387,0.2661159336566925
test_protein_1385,0.23486617207527161
test_protein_1392,0.24757654964923859
test_protein_1384,0.049140449613332748
test_protein_1389,0.084241978824138641
test_protein_1377,0.095611803233623505
test_protein_1390,0.14631281793117523
test_protein_1391,0.080727294087409973
test_protein_1388,0.12897773087024689
test_protein_1393,0.93925207853317261
test_protein_1395,0.49207958579063416
test_protein_1396,0.073181897401809692
test_protein_1394,0.049952305853366852
test_protein_1397,0.50087183713912964
test_protein_1399,0.051225468516349792
test_protein_1398,0.016815144568681717
test_protein_1402,0.60259085893630981
test_protein_1406,0.16369715332984924
test_protein_1404,0.16822469234466553
test_protein_1400,0.15611505508422852
test_protein_1407,0.65267109870910645
test_protein_1405,0.077612400054931641
test_protein_1403,0.30283886194229126
test_protein_1410,0.032442592084407806
test_protein_1409,0.2851288914680481
test_protein_1408,0.34025770425796509
test_protein_1411,0.049393888562917709
test_protein_1401,0.20637856423854828
test_protein_1413,0.047297239303588867
test_protein_1415,0.11840052902698517
test_protein_1412,0.10531903803348541
test_protein_1414,0.51552063226699829
test_protein_1421,0.083488084375858307
test_protein_1418,0.38952314853668213
test_protein_1417,0.071880057454109192
test_protein_1420,0.51566052436828613
test_protein_1416,0.25739482045173645
test_protein_1426,0.51675719022750854
test_protein_1422,0.0093786781653761864
test_protein_1419,0.44652882218360901
test_protein_1428,0.044886209070682526
test_protein_1429,0.15971116721630096
test_protein_1423,0.18084686994552612
test_protein_1424,0.44705554842948914
test_protein_1430,0.14032751321792603
test_protein_1432,0.3358897864818573
test_protein_1433,0.31508997082710266
test_protein_1434,0.42395278811454773
test_protein_1431,0.014822755008935928
test_protein_1435,0.53166449069976807
test_protein_1439,0.4567064642906189
test_protein_1437,0.59539258480072021
test_protein_1438,0.4846130907535553
test_protein_1425,0.29588702321052551
test_protein_1440,0.58581238985061646
test_protein_1427,0.067538037896156311
test_protein_1441,0.52375811338424683
test_protein_1436,0.47303280234336853
test_protein_1442,0.54958814382553101
test_protein_1443,0.066778771579265594
test_protein_1446,0.006183090154081583
test_protein_1445,0.28543594479560852
test_protein_1447,0.67835551500320435
test_protein_1444,0.086835406720638275
test_protein_1448,0.13643330335617065
test_protein_1451,0.22192296385765076
test_protein_1450,0.11831815540790558
test_protein_1452,0.077871501445770264
test_protein_1453,0.14842976629734039
test_protein_1457,0.01560102216899395
test_protein_1458,0.27802938222885132
test_protein_1455,0.31923812627792358
test_protein_1456,0.18714813888072968
test_protein_1460,0.32161733508110046
test_protein_1454,0.29976093769073486
test_protein_1449,0.22749467194080353
test_protein_1459,0.21382498741149902
test_protein_1464,0.52603566646575928
test_protein_1462,0.42819687724113464
test_protein_1466,0.038092929869890213
test_protein_1463,0.235107421875
test_protein_1461,0.31286659836769104
test_protein_1465,0.096656173467636108
test_protein_1467,0.35296297073364258
test_protein_1468,0.17070350050926208
test_protein_1471,0.011855383403599262
test_protein_1473,0.013323605991899967
test_protein_1472,0.016931286081671715
test_protein_1475,0.11106161028146744
test_protein_1469,0.098909877240657806
test_protein_1470,0.15239715576171875
test_protein_1477,0.30110886693000793
test_protein_1479,0.11025355011224747
test_protein_1483,0.22158299386501312
test_protein_1474,0.34340104460716248
test_protein_1485,0.65370601415634155
test_protein_1484,0.21898773312568665
test_protein_1482,0.24442403018474579
test_protein_1481,0.07795339822769165
test_protein_1486,0.18712182343006134
test_protein_1480,0.50839847326278687
test_protein_1478,0.24814505875110626
test_protein_1488,0.88796770572662354
test_protein_1489,0.99083119630813599
test_protein_1493,0.14931799471378326
test_protein_1492,0.011942662298679352
test_protein_1487,0.33717948198318481
test_protein_1495,0.41582018136978149
test_protein_1491,0.4156111478805542
test_protein_1496,0.20666742324829102
test_protein_1476,0.10911941528320312
test_protein_1501,8.9157743786927313e-05
test_protein_1494,0.41957607865333557
test_protein_1498,0.00094999559223651886
test_protein_1504,0.15332314372062683
test_protein_1497,0.022472299635410309
test_protein_1503,0.018285391852259636
test_protein_1506,0.98029136657714844
test_protein_1490,0.4266904890537262
test_protein_1500,0.00047625208389945328
test_protein_1508,0.0003232188755646348
test_protein_1502,0.099519237875938416
test_protein_1507,0.98972344398498535
test_protein_1499,0.4782504141330719
test_protein_1505,0.91467827558517456
test_protein_1509,0.3643832802772522
test_protein_1513,0.1221199631690979
test_protein_1514,0.18355445563793182
test_protein_1510,0.2164677232503891
test_protein_1515,0.53040528297424316
test_protein_1520,0.11197243630886078
test_protein_1512,0.21728821098804474
test_protein_1511,0.17232400178909302
test_protein_1516,0.15831765532493591
test_protein_1521,0.12458409368991852
test_protein_1522,6.8329500209074467e-05
test_protein_1517,0.1598631888628006
test_protein_1524,0.28992214798927307
test_protein_1519,0.19115422666072845
test_protein_1518,0.2371351420879364
test_protein_1523,0.42467820644378662
test_protein_1526,0.31076991558074951
test_protein_1525,0.11456727236509323
test_protein_1530,0.19484609365463257
test_protein_1527,0.46174836158752441
test_protein_1529,0.93307340145111084
test_protein_1528,0.83084124326705933
test_protein_1532,0.865081787109375
test_protein_1531,0.024489644914865494
test_protein_1533,0.0042387982830405235
test_protein_1534,0.46130746603012085
test_protein_1536,0.31367149949073792
test_protein_1537,0.21056254208087921
test_protein_1540,0.054319433867931366
test_protein_1538,0.084189467132091522
test_protein_1535,0.16063208878040314
test_protein_1543,0.8688628077507019
test_protein_1541,0.090003944933414459
test_protein_1544,0.35585552453994751
test_protein_1548,1.4679673768114299e-05
test_protein_1542,0.33617305755615234
test_protein_1539,0.14638884365558624
test_protein_1546,0.18607984483242035
test_protein_1550,0.29839074611663818
test_protein_1549,0.19393843412399292
test_protein_1547,0.12385367602109909
test_protein_1559,0.63906145095825195
test_protein_1551,0.73544496297836304
test_protein_1555,0.10023090243339539
test_protein_1556,0.37179970741271973
test_protein_1558,0.091661296784877777
test_protein_1552,0.24366533756256104
test_protein_1545,0.081546105444431305
test_protein_1557,0.53129720687866211
test_protein_1553,0.484148770570755
test_protein_1554,0.30571669340133667
test_protein_1560,0.17052216827869415
test_protein_1563,0.39130789041519165
test_protein_1562,0.14636404812335968
test_protein_1567,0.12062782049179077
test_protein_1566,0.26939848065376282
test_protein_1568,0.048400640487670898
test_protein_1564,0.12853026390075684
test_protein_1565,0.13814361393451691
test_protein_1561,0.032963447272777557
test_protein_1571,0.056326016783714294
test_protein_1569,0.10279865562915802
test_protein_1575,0.24884967505931854
test_protein_1570,0.092152908444404602
test_protein_1572,0.079075105488300323
test_protein_1573,0.057899460196495056
test_protein_1577,0.31466475129127502
test_protein_1579,0.52858275175094604
test_protein_1576,0.42351752519607544
test_protein_1574,0.060076706111431122
test_protein_1580,0.17566521465778351
test_protein_1582,0.094790376722812653
test_protein_1578,0.22625167667865753
test_protein_1583,0.0098080625757575035
test_protein_1581,0.0045808912254869938
test_protein_1587,0.58514666557312012
test_protein_1584,0.0015207914402708411
test_protein_1585,0.30491337180137634
test_protein_1586,0.012880991213023663
test_protein_1589,0.44379070401191711
test_protein_1590,0.030332008376717567
test_protein_1591,0.1873742938041687
test_protein_1598,0.48353022336959839
test_protein_1594,0.014816836453974247
test_protein_1595,0.79017436504364014
test_protein_1593,0.036130793392658234
test_protein_1596,0.054748717695474625
test_protein_1588,0.50120186805725098
test_protein_1603,0.044923216104507446
test_protein_1592,0.58569389581680298
test_protein_1601,0.49543270468711853
test_protein_1605,0.65872681140899658
test_protein_1602,0.039630670100450516
test_protein_1599,0.20379082858562469
test_protein_1600,0.60558569431304932
test_protein_1606,0.71148872375488281
test_protein_1597,0.061185013502836227
test_protein_1604,0.35442632436752319
test_protein_1611,0.11992772668600082
test_protein_1609,0.52095186710357666
test_protein_1608,0.64357048273086548
test_protein_1607,0.016512781381607056
test_protein_1612,0.19129720330238342
test_protein_1610,0.70985275506973267
test_protein_1614,0.28181168437004089
test_protein_1617,0.8558771014213562
test_protein_1616,0.22228392958641052
test_protein_1613,0.015360480174422264
test_protein_1615,0.17412401735782623
test_protein_1618,0.17022556066513062
test_protein_1622,0.001131723984144628
test_protein_1621,0.29700073599815369
test_protein_1623,0.06722656637430191
test_protein_1620,0.40066221356391907
test_protein_1619,0.20129783451557159
test_protein_1627,0.72395998239517212
test_protein_1625,0.0089404014870524406
test_protein_1626,0.1384638249874115
test_protein_1633,0.17265637218952179
test_protein_1624,0.081714019179344177
test_protein_1634,0.37295028567314148
test_protein_1635,0.37161257863044739
test_protein_1631,0.097328923642635345
test_protein_1632,2.4849745386745781e-05
test_protein_1629,0.47468128800392151
test_protein_1628,0.019740650430321693
test_protein_1630,0.0067833941429853439
test_protein_1636,0.513630211353302
test_protein_1639,0.045349318534135818
test_protein_1638,0.42092829942703247
test_protein_1642,0.25498479604721069
test_protein_1637,0.25922185182571411
test_protein_1641,0.40427529811859131
test_protein_1640,0.71230542659759521
test_protein_1645,0.30252894759178162
test_protein_1643,0.47165572643280029
test_protein_1650,0.15985338389873505
test_protein_1644,0.39125621318817139
test_protein_1646,0.34019014239311218
test_protein_1648,0.13859735429286957
test_protein_1652,0.28892719745635986
test_protein_1657,0.085721142590045929
test_protein_1655,0.087189346551895142
test_protein_1654,0.018830379471182823
test_protein_1649,0.417559415102005
test_protein_1653,0.18603666126728058
test_protein_1660,0.27614101767539978
test_protein_1658,0.27256014943122864
test_protein_1651,0.14163365960121155
test_protein_1656,0.16363230347633362
test_protein_1647,0.00021081609884276986
test_protein_1659,0.0073132356628775597
test_protein_1661,0.014686484821140766
test_protein_1667,0.058868426829576492
test_protein_1668,0.11261343955993652
test_protein_1662,0.5161861777305603
test_protein_1663,0.012532204389572144
test_protein_1669,0.15522970259189606
test_protein_1664,0.46546152234077454
test_protein_1666,0.35991773009300232
test_protein_1665,0.015974937006831169
test_protein_1671,0.56910878419876099
test_protein_1676,0.50204694271087646
test_protein_1670,0.52305346727371216
test_protein_1674,0.56490039825439453
test_protein_1672,0.60313928127288818
test_protein_1680,0.64371520280838013
test_protein_1675,0.29931366443634033
test_protein_1678,0.29119986295700073
test_protein_1684,0.019603552296757698
test_protein_1677,0.084575630724430084
test_protein_1673,0.487934410572052
test_protein_1683,0.047477472573518753
test_protein_1679,0.14926250278949738
test_protein_1681,0.69640100002288818
test_protein_1682,0.74702078104019165
test_protein_1685,0.42447775602340698
test_protein_1689,0.37068966031074524
test_protein_1692,0.54850244522094727
test_protein_1688,0.20915468037128448
test_protein_1687,0.049437984824180603
test_protein_1686,0.30507826805114746
test_protein_1690,0.27359330654144287
test_protein_1691,0.024705845862627029
test_protein_1696,0.56736451387405396
test_protein_1695,8.8097667685360648e-06
test_protein_1699,0.26124376058578491
test_protein_1700,0.2908400297164917
test_protein_1694,0.083380989730358124
test_protein_1701,0.020664658397436142
test_protein_1697,0.54443633556365967
test_protein_1698,0.55455309152603149
test_protein_1693,0.12021046131849289
test_protein_1704,0.19202558696269989
test_protein_1702,0.20863644778728485
test_protein_1708,0.011244719848036766
test_protein_1705,0.29761460423469543
test_protein_1709,0.035714276134967804
test_protein_1706,0.20354233682155609
test_protein_1710,0.34871780872344971
test_protein_1707,0.16986095905303955
test_protein_1703,0.50200837850570679
test_protein_1717,0.16208270192146301
test_protein_1716,0.17680598795413971
test_protein_1711,0.33271950483322144
test_protein_1715,0.98591816425323486
test_protein_1713,0.17166058719158173
test_protein_1714,0.98538750410079956
test_protein_1712,0.00073875091038644314
test_protein_1722,0.757904052734375
test_protein_1721,0.33101466298103333
test_protein_1718,0.071290917694568634
test_protein_1726,0.58861738443374634
test_protein_1724,0.68345880508422852
test_protein_1723,0.75162160396575928
test_protein_1725,0.1842094361782074
test_protein_1719,0.24311649799346924
test_protein_1730,0.043597210198640823
test_protein_1720,0.04750441387295723
test_protein_1731,0.79023063182830811
test_protein_1729,0.22305259108543396
test_protein_1734,0.5313754677772522
test_protein_1728,0.41098538041114807
test_protein_1736,0.81025755405426025
test_protein_1732,0.044779688119888306
test_protein_1727,0.044491499662399292
test_protein_1735,0.13421633839607239
test_protein_1733,0.88058829307556152
test_protein_1741,0.94524705410003662
test_protein_1738,0.38954395055770874
test_protein_1739,0.53597849607467651
test_protein_1743,0.018054686486721039
test_protein_1742,0.44428420066833496
test_protein_1744,0.18257889151573181
test_protein_1740,0.51877588033676147
test_protein_1737,0.6128501296043396
test_protein_1745,0.074096165597438812
test_protein_1747,0.60908961296081543
test_protein_1751,0.063539460301399231
test_protein_1750,0.14854520559310913
test_protein_1749,0.21572385728359222
test_protein_1746,0.3851335346698761
test_protein_1748,0.29734018445014954
test_protein_1755,0.71323281526565552
test_protein_1752,0.52704930305480957
test_protein_1756,0.20145086944103241
test_protein_1754,0.51048535108566284
test_protein_1759,0.99774771928787231
test_protein_1761,0.088533066213130951
test_protein_1757,0.48733443021774292
test_protein_1753,0.066237732768058777
test_protein_1758,0.074646815657615662
test_protein_1760,0.00032076213392429054
test_protein_1765,0.24560971558094025
test_protein_1767,0.13096541166305542
test_protein_1764,0.84835046529769897
test_protein_1768,0.40773266553878784
test_protein_1762,0.81539297103881836
test_protein_1766,0.18689830601215363
test_protein_1769,0.38240692019462585
test_protein_1763,0.94990420341491699
test_protein_1770,0.19104434549808502
test_protein_1772,0.34021952748298645
test_protein_1774,0.62390410900115967
test_protein_1771,0.12943990528583527
test_protein_1778,0.42327213287353516
test_protein_1776,0.25636032223701477
test_protein_1773,0.24591314792633057
test_protein_1779,0.29977858066558838
test_protein_1780,0.23920604586601257
test_protein_1777,0.40635457634925842
test_protein_1775,0.32123970985412598
test_protein_1781,0.27447864413261414
test_protein_1782,0.42767313122749329
test_protein_1783,0.31282579898834229
test_protein_1785,0.57043242454528809
test_protein_1784,0.11582006514072418
test_protein_1792,0.52484166622161865
test_protein_1790,0.61562544107437134
test_protein_1787,0.59601074457168579
test_protein_1786,0.24668367207050323
test_protein_1788,0.46896526217460632
test_protein_1789,0.47625797986984253
test_protein_1797,0.26556247472763062
test_protein_1800,0.61922258138656616
test_protein_1791,0.39806655049324036
test_protein_1795,0.14209087193012238
test_protein_1798,0.16657766699790955
test_protein_1802,0.035853106528520584
test_protein_1793,0.50849723815917969
test_protein_1804,0.20668360590934753
test_protein_1799,0.081275276839733124
test_protein_1796,0.18190613389015198
test_protein_1794,0.29697966575622559
test_protein_1801,0.031781814992427826
test_protein_1803,0.36010116338729858
test_protein_1805,0.23966753482818604
test_protein_1808,0.010486640967428684
test_protein_1807,4.2067502363352105e-05
test_protein_1806,0.047620628029108047
test_protein_1809,0.066244974732398987
test_protein_1811,0.58531284332275391
test_protein_1810,0.090693444013595581
test_protein_1812,0.95594602823257446
test_protein_1815,0.34004262089729309
test_protein_1814,0.16639472544193268
test_protein_1813,0.082881323993206024
test_protein_1816,0.14748133718967438
test_protein_1818,0.54647350311279297
test_protein_1819,0.28893798589706421
test_protein_1817,0.11734644323587418
test_protein_1820,0.38904857635498047
test_protein_1826,0.25449749827384949
test_protein_1822,0.084279581904411316
test_protein_1825,0.25019589066505432
test_protein_1829,0.29960465431213379
test_protein_1824,0.069831028580665588
test_protein_1821,0.49533602595329285
test_protein_1823,0.22087466716766357
test_protein_1828,0.27072986960411072
test_protein_1827,0.13111253082752228
test_protein_1834,0.97822660207748413
test_protein_1836,0.92957103252410889
test_protein_1831,0.37009048461914062
test_protein_1833,0.98335844278335571
test_protein_1832,0.92667961120605469
test_protein_1835,0.83485358953475952
test_protein_1830,0.16147260367870331
test_protein_1837,0.67271685600280762
test_protein_1847,0.065603256225585938
test_protein_1840,0.58286958932876587
test_protein_1842,0.0036842683330178261
test_protein_1841,0.47415080666542053
test_protein_1838,0.46795669198036194
test_protein_1845,0.0013592855539172888
test_protein_1839,0.076921217143535614
test_protein_1843,0.034867264330387115
test_protein_1844,0.028953623026609421
test_protein_1846,0.00030295900069177151
test_protein_1852,0.46680909395217896
test_protein_1851,0.54106253385543823
test_protein_1850,0.5231664776802063
test_protein_1849,0.33931452035903931
test_protein_1853,0.14907994866371155
test_protein_1848,0.3060373067855835
test_protein_1855,0.16452835500240326
test_protein_1854,0.33023205399513245
test_protein_1857,0.66718292236328125
test_protein_1856,0.62559264898300171
test_protein_1858,0.0031250505708158016
test_protein_1863,0.35678091645240784
test_protein_1859,0.51410555839538574
test_protein_1860,0.13326992094516754
test_protein_1865,0.23177674412727356
test_protein_1864,0.11909592896699905
test_protein_1862,0.51264059543609619
test_protein_1866,0.31359052658081055
test_protein_1861,0.20360651612281799
test_protein_1868,0.42506426572799683
test_protein_1867,0.45502746105194092
test_protein_1869,0.16171032190322876
test_protein_1878,0.30809995532035828
test_protein_1875,0.015623359009623528
test_protein_1872,0.23658479750156403
test_protein_1874,0.031847268342971802
test_protein_1879,0.45448878407478333
test_protein_1870,0.18854318559169769
test_protein_1873,0.22766892611980438
test_protein_1881,0.26610687375068665
test_protein_1871,0.012023409828543663
test_protein_1877,0.038579102605581284
test_protein_1880,0.20823723077774048
test_protein_1876,0.71097534894943237
test_protein_1884,0.1540677547454834
test_protein_1883,0.24120381474494934
test_protein_1885,0.480754554271698
test_protein_1882,0.62697672843933105
test_protein_1891,0.12818035483360291
test_protein_1889,0.2062046229839325
test_protein_1888,0.29184064269065857
test_protein_1886,0.540394127368927
test_protein_1887,0.14245986938476562
test_protein_1890,0.39111411571502686
test_protein_1892,0.41882157325744629
test_protein_1897,0.47282195091247559
test_protein_1894,0.82978904247283936
test_protein_1896,0.9077419638633728
test_protein_1893,0.77590250968933105
test_protein_1898,0.72771954536437988
test_protein_1895,0.61067909002304077
test_protein_1901,0.73747622966766357
test_protein_1899,0.38194766640663147
test_protein_1905,0.12573787569999695
test_protein_1902,0.84233671426773071
test_protein_1900,0.6560484766960144
test_protein_1911,0.18336571753025055
test_protein_1903,0.46393132209777832
test_protein_1906,0.29567953944206238
test_protein_1912,0.401408851146698
test_protein_1909,0.77464431524276733
test_protein_1904,0.068427406251430511
test_protein_1908,0.025939101353287697
test_protein_1910,0.48623183369636536
test_protein_1907,0.11399966478347778
test_protein_1915,0.049575429409742355
test_protein_1913,0.39981943368911743
test_protein_1917,0.259259432554245
test_protein_1914,0.0050787650980055332
test_protein_1922,0.5529138445854187
test_protein_1920,0.46629396080970764
test_protein_1919,0.080807268619537354
test_protein_1916,0.2525104284286499
test_protein_1925,0.42834377288818359
test_protein_1923,0.10089141875505447
test_protein_1926,0.22134776413440704
test_protein_1918,0.37019187211990356
test_protein_1928,0.57135313749313354
test_protein_1921,0.06121985986828804
test_protein_1924,0.20156733691692352
test_protein_1927,0.43706047534942627
test_protein_1929,0.19795159995555878
test_protein_1932,0.98833870887756348
test_protein_1933,0.17039108276367188
test_protein_1930,0.98919117450714111
test_protein_1936,0.00075651000952348113
test_protein_1934,0.37457004189491272
test_protein_1935,0.071753263473510742
test_protein_1931,0.66672921180725098
test_protein_1940,0.20622643828392029
test_protein_1942,0.11598172783851624
test_protein_1941,0.12500983476638794
test_protein_1943,0.6474805474281311
test_protein_1937,0.00049480597954243422
test_protein_1939,0.14491467177867889
test_protein_1938,0.13585618138313293
test_protein_1944,0.16789813339710236
test_protein_1945,0.32481008768081665
test_protein_1948,0.23170512914657593
test_protein_1949,0.22366918623447418
test_protein_1952,0.45891490578651428
test_protein_1946,0.40802937746047974
test_protein_1950,0.1477825790643692
test_protein_1957,0.65937548875808716
test_protein_1951,0.24353925883769989
test_protein_1956,0.65899628400802612
test_protein_1954,0.64357542991638184
test_protein_1953,0.66202569007873535
test_protein_1960,0.41392049193382263
test_protein_1947,0.24290721118450165
test_protein_1958,0.37375542521476746
test_protein_1955,0.31492161750793457
test_protein_1959,0.37956574559211731
test_protein_1961,0.73198801279067993
test_protein_1966,0.27444902062416077
test_protein_1964,0.34883010387420654
test_protein_1963,0.30730539560317993
test_protein_1965,0.45602142810821533
test_protein_1967,0.30406871438026428
test_protein_1968,0.58205831050872803
test_protein_1962,0.5890621542930603
test_protein_1970,0.40485656261444092
test_protein_1972,0.086246788501739502
test_protein_1971,0.3822706937789917
test_protein_1973,0.29980358481407166
test_protein_1969,0.27265310287475586
test_protein_1974,0.24280190467834473
test_protein_1981,0.33207574486732483
test_protein_1977,0.49273473024368286
test_protein_1976,0.26306948065757751
test_protein_1978,0.36183586716651917
test_protein_1984,0.4439043402671814
test_protein_1979,0.36580491065979004
test_protein_1980,0.37524980306625366
test_protein_1982,0.18519744277000427
test_protein_1975,0.38104161620140076
test_protein_1983,0.29892772436141968
test_protein_1989,0.40703174471855164
test_protein_1987,0.13250182569026947
test_protein_1991,0.71264493465423584
test_protein_1986,0.98636913299560547
test_protein_1990,0.58196085691452026
test_protein_1988,0.415254145860672
test_protein_1985,0.68384009599685669
test_protein_1997,0.20404912531375885
test_protein_1993,0.83095359802246094
test_protein_1998,0.086500979959964752
test_protein_1992,0.42157071828842163
test_protein_1994,0.70156264305114746
test_protein_1996,0.89870500564575195
test_protein_1995,0.8978005051612854
test_protein_1999,0.073935359716415405
test_protein_2005,0.035237442702054977
test_protein_2006,0.5001300573348999
test_protein_2008,0.16961994767189026
test_protein_2000,0.36299031972885132
test_protein_2001,0.00072446663398295641
test_protein_2013,0.35633593797683716
test_protein_2002,0.013299837708473206
test_protein_2004,0.36995255947113037
test_protein_2011,0.58199727535247803
test_protein_2007,0.00088977644918486476
test_protein_2009,0.82660716772079468
test_protein_2003,0.29412171244621277
test_protein_2012,0.25607970356941223
test_protein_2010,0.24965262413024902
test_protein_2016,0.68132311105728149
test_protein_2018,0.16313818097114563
test_protein_2020,0.32185843586921692
test_protein_2014,0.54000860452651978
test_protein_2019,0.32470563054084778
test_protein_2017,0.45823091268539429
test_protein_2015,0.26707637310028076
test_protein_2021,0.073879681527614594
test_protein_2022,0.79233258962631226
test_protein_2023,0.51172435283660889
test_protein_2024,0.50186973810195923
test_protein_2025,0.76321506500244141
test_protein_2028,0.99766480922698975
test_protein_2026,0.49882152676582336
test_protein_2029,0.48769640922546387
test_protein_2031,0.14092627167701721
test_protein_2037,0.69807380437850952
test_protein_2027,0.34472388029098511
test_protein_2033,0.44917580485343933
test_protein_2032,0.23524819314479828
test_protein_2035,0.079088255763053894
test_protein_2036,0.077351830899715424
test_protein_2034,0.3815162181854248
test_protein_2030,0.29605787992477417
test_protein_2041,0.59202402830123901
test_protein_2043,0.54310882091522217
test_protein_2044,0.49809837341308594
test_protein_2042,0.91008162498474121
test_protein_2045,0.56991827487945557
test_protein_2039,0.30959734320640564
test_protein_2038,0.2416018545627594
test_protein_2047,0.54875361919403076
test_protein_2040,0.7196725606918335
test_protein_2046,0.22446295619010925
test_protein_2051,0.61830747127532959
test_protein_2048,0.25596296787261963
test_protein_2052,0.95079094171524048
test_protein_2050,0.11563451588153839
test_protein_2049,0.13366487622261047
test_protein_2053,0.96626919507980347
test_protein_2057,0.45382040739059448
test_protein_2058,0.15935850143432617
test_protein_2055,0.39982518553733826
test_protein_2061,0.38441628217697144
test_protein_2059,0.28534245491027832
test_protein_2056,0.47590205073356628
test_protein_2054,0.34772562980651855
test_protein_2060,0.44444769620895386
test_protein_2066,0.14771705865859985
test_protein_2067,0.32908788323402405
test_protein_2062,0.66590696573257446
test_protein_2064,0.14547803997993469
test_protein_2063,0.079624861478805542
test_protein_2065,0.14343035221099854
test_protein_2068,0.4217667281627655
test_protein_2069,0.30478999018669128
test_protein_2072,0.39570268988609314
test_protein_2071,0.35707437992095947
test_protein_2080,0.45377430319786072
test_protein_2075,0.98446691036224365
test_protein_2077,0.024351183325052261
test_protein_2070,0.78585296869277954
test_protein_2076,0.19874763488769531
test_protein_2079,0.13339050114154816
test_protein_2083,0.29654434323310852
test_protein_2074,0.98549115657806396
test_protein_2078,0.093674495816230774
test_protein_2081,0.32899689674377441
test_protein_2082,0.08739297091960907
test_protein_2073,0.26559269428253174
test_protein_2086,0.33312228322029114
test_protein_2091,0.10831434279680252
test_protein_2087,0.29159149527549744
test_protein_2085,0.20868395268917084
test_protein_2088,0.58212274312973022
test_protein_2089,0.11861984431743622
test_protein_2090,0.10106563568115234
test_protein_2084,0.070349350571632385
test_protein_2092,0.30739167332649231
test_protein_2094,0.027609135955572128
test_protein_2096,0.26667055487632751
test_protein_2093,0.42224583029747009
test_protein_2095,0.52359503507614136
test_protein_2097,0.20875585079193115
test_protein_2103,0.47706115245819092
test_protein_2098,0.44962465763092041
test_protein_2100,0.096878021955490112
test_protein_2099,0.4752500057220459
test_protein_2102,0.12620986998081207
test_protein_2101,0.6920323371887207
test_protein_2104,0.19788232445716858
test_protein_2106,0.52591425180435181
test_protein_2105,0.55304986238479614
test_protein_2112,0.56227517127990723
test_protein_2109,0.047742072492837906
test_protein_2111,0.18975639343261719
test_protein_2110,0.41114720702171326
test_protein_2114,0.21178047358989716
test_protein_2107,0.56682425737380981
test_protein_2113,0.4472021758556366
test_protein_2108,0.27916058897972107
test_protein_2115,0.051639590412378311
test_protein_2116,0.089394949376583099
test_protein_2117,0.027884205803275108
test_protein_2118,0.62298637628555298
test_protein_2119,0.41021957993507385
test_protein_2120,0.098402351140975952
test_protein_2127,0.36412322521209717
test_protein_2121,0.24162882566452026
test_protein_2126,0.2050967663526535
test_protein_2128,0.36162069439888
test_protein_2124,0.33437207341194153
test_protein_2123,0.36939460039138794
test_protein_2122,0.71386224031448364
test_protein_2125,0.14892047643661499
test_protein_2129,0.60758984088897705
test_protein_2130,0.41813868284225464
test_protein_2131,0.95308345556259155
test_protein_2137,0.46745538711547852
test_protein_2136,0.27578103542327881
test_protein_2132,0.45982277393341064
test_protein_2133,0.00021491335064638406
test_protein_2134,0.47079285979270935
test_protein_2139,0.186563640832901
test_protein_2135,0.18861889839172363
test_protein_2141,0.3790663480758667
test_protein_2142,0.51727098226547241
test_protein_2138,0.25886532664299011
test_protein_2144,0.1189914345741272
test_protein_2140,0.049057763069868088
test_protein_2145,0.52546089887619019
test_protein_2143,0.11839689314365387
test_protein_2146,0.19284175336360931
test_protein_2148,0.53763693571090698
test_protein_2147,0.23135070502758026
test_protein_2149,0.31087717413902283
test_protein_2151,0.51338642835617065
test_protein_2152,0.27123096585273743
test_protein_2150,0.3741564154624939
test_protein_2153,0.37985554337501526
test_protein_2156,0.142689049243927
test_protein_2158,0.96533781290054321
test_protein_2159,0.40994754433631897
test_protein_2165,0.82719802856445312
test_protein_2155,0.33918824791908264
test_protein_2157,0.47164109349250793
test_protein_2160,0.45533320307731628
test_protein_2154,0.68168312311172485
test_protein_2161,0.11661400645971298
test_protein_2162,0.00074378371937200427
test_protein_2163,0.053854897618293762
test_protein_2167,0.32264024019241333
test_protein_2164,0.28351816534996033
test_protein_2168,0.40922015905380249
test_protein_2176,0.17977157235145569
test_protein_2171,0.19415850937366486
test_protein_2166,0.49131807684898376
test_protein_2170,0.28341493010520935
test_protein_2169,0.668773353099823
test_protein_2175,0.0226415004581213
test_protein_2172,0.63043195009231567
test_protein_2173,0.41082063317298889
test_protein_2174,0.74789923429489136
test_protein_2177,0.6757502555847168
test_protein_2182,0.34708034992218018
test_protein_2178,0.3904958963394165
test_protein_2179,0.17199936509132385
test_protein_2181,0.40894007682800293
test_protein_2184,0.14351867139339447
test_protein_2183,0.090821318328380585
test_protein_2180,0.27990645170211792
test_protein_2187,0.19784185290336609
test_protein_2189,0.44857409596443176
test_protein_2186,0.12708407640457153
test_protein_2185,0.46194913983345032
test_protein_2188,0.34361568093299866
test_protein_2191,0.14667564630508423
test_protein_2193,0.14869095385074615
test_protein_2192,0.70236867666244507
test_protein_2195,0.38940474390983582
test_protein_2190,0.52396368980407715
test_protein_2196,0.48759576678276062
test_protein_2197,0.42740005254745483
test_protein_2198,0.14900693297386169
test_protein_2194,0.33425885438919067
test_protein_2203,0.00071942294016480446
test_protein_2202,0.88358944654464722
test_protein_2199,0.27149739861488342
test_protein_2201,0.32701113820075989
test_protein_2200,0.28925961256027222
test_protein_2205,0.031506255269050598
test_protein_2204,0.3844563364982605
test_protein_2207,0.11653417348861694
test_protein_2210,0.56035786867141724
test_protein_2214,0.062447588890790939
test_protein_2208,0.29787275195121765
test_protein_2206,0.34347271919250488
test_protein_2213,0.23364239931106567
test_protein_2211,0.42873069643974304
test_protein_2216,0.083349704742431641
test_protein_2212,0.28286013007164001
test_protein_2217,0.056211374700069427
test_protein_2209,0.43743354082107544
test_protein_2215,0.083395637571811676
test_protein_2218,0.028661603108048439
test_protein_2220,0.42602339386940002
test_protein_2219,0.045659482479095459
test_protein_2221,0.49450430274009705
test_protein_2223,0.42577287554740906
test_protein_2222,0.29201242327690125
test_protein_2224,0.32872301340103149
test_protein_2225,0.20502610504627228
test_protein_2227,0.34818106889724731
test_protein_2229,0.28791260719299316
test_protein_2226,0.42547547817230225
test_protein_2230,0.28645274043083191
test_protein_2232,0.44482681155204773
test_protein_2228,0.66052746772766113
test_protein_2237,0.13846342265605927
test_protein_2241,0.36136731505393982
test_protein_2235,0.14493021368980408
test_protein_2231,0.18056084215641022
test_protein_2233,0.20330050587654114
test_protein_2238,0.43579822778701782
test_protein_2234,0.22007003426551819
test_protein_2236,0.08528473973274231
test_protein_2240,0.39970418810844421
test_protein_2239,0.32407325506210327
test_protein_2244,0.66664242744445801
test_protein_2242,0.37155458331108093
test_protein_2245,0.86897486448287964
test_protein_2243,0.72047644853591919
test_protein_2246,0.58202767372131348
test_protein_2247,0.36290469765663147
test_protein_2252,0.085321210324764252
test_protein_2251,0.23943378031253815
test_protein_2248,0.64953947067260742
test_protein_2249,0.30351486802101135
test_protein_2250,0.19519703090190887
test_protein_2253,0.030893240123987198
test_protein_2254,0.98212283849716187
test_protein_2255,0.31131470203399658
test_protein_2256,0.25388273596763611
test_protein_2258,0.5748755931854248
test_protein_2262,0.74182170629501343
test_protein_2264,0.14708048105239868
test_protein_2259,0.2303367555141449
test_protein_2261,0.49245744943618774
test_protein_2263,0.11976359784603119
test_protein_2268,0.23109795153141022
test_protein_2260,0.054025348275899887
test_protein_2266,0.71172505617141724
test_protein_2267,0.81808561086654663
test_protein_2265,0.45812273025512695
test_protein_2257,0.36811429262161255
test_protein_2269,0.65108752250671387
test_protein_2270,0.26541230082511902
test_protein_2271,0.68104410171508789
test_protein_2275,0.10874868184328079
test_protein_2273,0.10909324139356613
test_protein_2276,0.19921430945396423
test_protein_2272,0.091504678130149841
test_protein_2278,0.53929835557937622
test_protein_2280,0.16557452082633972
test_protein_2279,0.24855935573577881
test_protein_2277,0.17465277016162872
test_protein_2274,0.41401863098144531
test_protein_2283,0.8317188024520874
test_protein_2281,0.7691187858581543
test_protein_2285,0.92630881071090698
test_protein_2284,0.73761087656021118
test_protein_2282,0.91055953502655029
test_protein_2292,0.3899700939655304
test_protein_2288,0.35586431622505188
test_protein_2286,0.59634792804718018
test_protein_2291,0.15960584580898285
test_protein_2287,0.2477104514837265
test_protein_2289,0.24925684928894043
test_protein_2293,0.10006637871265411
test_protein_2290,0.077797137200832367
test_protein_2294,0.31320735812187195
test_protein_2295,0.26913526654243469
test_protein_2296,0.598396897315979
test_protein_2298,0.33819925785064697
test_protein_2297,0.20804978907108307
test_protein_2299,0.53103756904602051
test_protein_2302,0.46160051226615906
test_protein_2304,0.52840989828109741
test_protein_2300,0.63278758525848389
test_protein_2310,0.41290020942687988
test_protein_2301,0.13731779158115387
test_protein_2309,0.29780787229537964
test_protein_2306,0.87425684928894043
test_protein_2305,0.57287710905075073
test_protein_2311,0.15674088895320892
test_protein_2303,0.43938532471656799
test_protein_2313,0.093952804803848267
test_protein_2307,0.4689076840877533
test_protein_2315,0.70862239599227905
test_protein_2319,0.53019922971725464
test_protein_2314,0.45882967114448547
test_protein_2312,0.60567581653594971
test_protein_2317,0.43463099002838135
test_protein_2318,0.25839501619338989
test_protein_2320,0.21593992412090302
test_protein_2322,0.44972282648086548
test_protein_2308,0.4750918447971344
test_protein_2316,0.37826547026634216
test_protein_2321,0.31640797853469849
test_protein_2323,0.7921675443649292
test_protein_2325,0.064947076141834259
test_protein_2328,0.92997521162033081
test_protein_2324,0.49985817074775696
test_protein_2331,0.24329155683517456
test_protein_2326,0.43063530325889587
test_protein_2329,0.27921301126480103
test_protein_2327,0.32032305002212524
test_protein_2332,0.51937437057495117
test_protein_2333,0.081188611686229706
test_protein_2330,0.59329509735107422
test_protein_2335,0.31509962677955627
test_protein_2339,0.40082445740699768
test_protein_2336,0.39420264959335327
test_protein_2337,0.34397289156913757
test_protein_2341,0.66140878200531006
test_protein_2345,0.18649396300315857
test_protein_2334,0.32888168096542358
test_protein_2344,0.77783423662185669
test_protein_2340,0.6373894214630127
test_protein_2338,0.090605713427066803
test_protein_2342,0.64680027961730957
test_protein_2346,0.4263414740562439
test_protein_2343,0.20252948999404907
test_protein_2354,0.41021451354026794
test_protein_2350,0.48580226302146912
test_protein_2353,0.32145938277244568
test_protein_2355,0.54342573881149292
test_protein_2352,0.5956847071647644
test_protein_2347,0.38412025570869446
test_protein_2351,0.35202446579933167
test_protein_2348,0.65909117460250854
test_protein_2349,0.30461412668228149
test_protein_2359,0.39243227243423462
test_protein_2358,0.20234337449073792
test_protein_2364,0.33764463663101196
test_protein_2365,0.2773611843585968
test_protein_2357,0.67428553104400635
test_protein_2360,0.4216708242893219
test_protein_2369,0.42751854658126831
test_protein_2356,0.71763622760772705
test_protein_2362,0.29176473617553711
test_protein_2367,0.27372443675994873
test_protein_2361,0.39790210127830505
test_protein_2363,0.37495049834251404
test_protein_2368,0.48484697937965393
test_protein_2370,0.62424612045288086
test_protein_2366,0.00032506280695088208
test_protein_2371,0.095482282340526581
test_protein_2375,0.19639120995998383
test_protein_2373,0.19497451186180115
test_protein_2377,0.37811201810836792
test_protein_2374,0.16299645602703094
test_protein_2372,0.25599527359008789
test_protein_2376,0.091252841055393219
test_protein_2385,0.099950656294822693
test_protein_2378,0.39687457680702209
test_protein_2379,0.52004849910736084
test_protein_2380,0.41608536243438721
test_protein_2381,0.082268238067626953
test_protein_2382,0.37086069583892822
test_protein_2387,0.066075809299945831
test_protein_2384,0.13521853089332581
test_protein_2390,0.58690685033798218
test_protein_2389,0.40097323060035706
test_protein_2383,0.52390074729919434
test_protein_2386,0.088560670614242554
test_protein_2391,0.065627828240394592
test_protein_2393,0.18688416481018066
test_protein_2388,0.55051445960998535
test_protein_2392,0.28381124138832092
test_protein_2401,0.9963691234588623
test_protein_2395,0.3466370701789856
test_protein_2400,0.051141291856765747
test_protein_2394,0.39656701683998108
test_protein_2397,0.94258099794387817
test_protein_2399,0.31919628381729126
test_protein_2396,0.67431038618087769
test_protein_2398,0.028757883235812187
test_protein_2403,0.05740053579211235
test_protein_2404,0.0067424820736050606
test_protein_2409,0.029562260955572128
test_protein_2410,0.31196624040603638
test_protein_2415,0.4723198413848877
test_protein_2405,0.27162477374076843
test_protein_2402,0.59737998247146606
test_protein_2406,0.083385802805423737
test_protein_2408,0.30913600325584412
test_protein_2412,0.42071044445037842
test_protein_2411,0.41517269611358643
test_protein_2414,0.76083087921142578
test_protein_2407,0.77736794948577881
test_protein_2413,0.29393777251243591
test_protein_2416,0.02387431263923645
test_protein_2422,0.26682114601135254
test_protein_2417,0.38020357489585876
test_protein_2418,0.4000626802444458
test_protein_2420,0.78997045755386353
test_protein_2421,0.20758344233036041
test_protein_2419,0.46344548463821411
test_protein_2424,0.54830026626586914
test_protein_2423,0.50130200386047363
test_protein_2427,0.45740783214569092
test_protein_2425,0.98181408643722534
test_protein_2430,0.31865221261978149
test_protein_2426,0.65392184257507324
test_protein_2428,0.27436220645904541
test_protein_2429,0.43667274713516235
test_protein_2440,0.47271108627319336
test_protein_2434,0.30584961175918579
test_protein_2436,0.59993159770965576
test_protein_2432,0.52835655212402344
test_protein_2431,0.29988083243370056
test_protein_2438,0.72862046957015991
test_protein_2435,0.41028085350990295
test_protein_2437,0.49141621589660645
test_protein_2439,0.54572135210037231
test_protein_2441,0.39821895956993103
test_protein_2433,0.66048711538314819
test_protein_2445,0.4769158661365509
test_protein_2444,0.017573285847902298
test_protein_2442,0.28226631879806519
test_protein_2446,0.17571718990802765
test_protein_2450,0.13088959455490112
test_protein_2443,0.21538315713405609
test_protein_2453,0.95312958955764771
test_protein_2451,0.042686931788921356
test_protein_2449,0.21933652460575104
test_protein_2454,0.041458252817392349
test_protein_2452,0.06135326623916626
test_protein_2447,0.48380640149116516
test_protein_2448,0.53327828645706177
test_protein_2456,0.046655833721160889
test_protein_2455,0.39375060796737671
test_protein_2461,0.44131928682327271
test_protein_2459,0.21141479909420013
test_protein_2458,0.94561803340911865
test_protein_2460,0.31523662805557251
test_protein_2464,0.67136859893798828
test_protein_2462,0.3230949342250824
test_protein_2457,0.61936056613922119
test_protein_2463,0.37437587976455688
test_protein_2466,0.6148870587348938
test_protein_2465,0.69061452150344849
test_protein_2467,0.33728119730949402
test_protein_2469,0.18000496923923492
test_protein_2470,0.31891846656799316
test_protein_2468,0.24798214435577393
test_protein_2471,0.042723033577203751
test_protein_2473,0.88829785585403442
test_protein_2474,0.40188264846801758
test_protein_2475,0.25121399760246277
test_protein_2480,0.15477299690246582
test_protein_2472,0.043235108256340027
test_protein_2477,0.41208311915397644
test_protein_2478,0.7958836555480957
test_protein_2485,0.51745527982711792
test_protein_2481,0.21649461984634399
test_protein_2482,0.24301919341087341
test_protein_2479,0.30188149213790894
test_protein_2476,0.38377568125724792
test_protein_2488,0.50027495622634888
test_protein_2486,0.38938385248184204
test_protein_2483,0.823272705078125
test_protein_2487,0.31976816058158875
test_protein_2489,0.16291795670986176
test_protein_2484,0.26727354526519775
test_protein_2490,0.46934187412261963
test_protein_2494,0.60240745544433594
test_protein_2493,0.40900319814682007
test_protein_2497,0.31816205382347107
test_protein_2499,0.06329895555973053
test_protein_2495,0.36560478806495667
test_protein_2492,0.46106654405593872
test_protein_2498,0.18100874125957489
test_protein_2491,0.40861237049102783
test_protein_2500,0.051284689456224442
test_protein_2496,0.3759617805480957
test_protein_2504,0.43559679388999939
test_protein_2502,0.3693242073059082
test_protein_2506,0.61881881952285767
test_protein_2505,0.50913268327713013
test_protein_2510,0.34362688660621643
test_protein_2509,0.63424921035766602
test_protein_2501,0.51461285352706909
test_protein_2503,0.35673370957374573
test_protein_2511,0.11665040999650955
test_protein_2507,0.76323753595352173
test_protein_2512,0.19018733501434326
test_protein_2508,0.38587778806686401
test_protein_2514,0.17508590221405029
test_protein_2515,0.40025189518928528
test_protein_2513,0.53421545028686523
test_protein_2524,0.4189562201499939
test_protein_2516,0.32154744863510132
test_protein_2518,0.23496398329734802
test_protein_2517,0.62310773134231567
test_protein_2522,0.39320260286331177
test_protein_2526,0.77661824226379395
test_protein_2523,0.74198323488235474
test_protein_2521,0.0027152695693075657
test_protein_2520,0.12693597376346588
test_protein_2519,0.19235479831695557
test_protein_2525,0.25453421473503113
test_protein_2527,0.6709398627281189
test_protein_2530,0.29992017149925232
test_protein_2529,0.42268696427345276
test_protein_2533,0.00096804235363379121
test_protein_2534,0.020999625325202942
test_protein_2532,0.3827635645866394
test_protein_2536,0.36768707633018494
test_protein_2528,0.59722793102264404
test_protein_2537,0.10570395737886429
test_protein_2531,0.30155184864997864
test_protein_2535,0.065657481551170349
test_protein_2538,0.7115558385848999
test_protein_2543,0.094808243215084076
test_protein_2539,0.31144854426383972
test_protein_2545,0.36995306611061096
test_protein_2540,0.37884336709976196
test_protein_2541,0.064971625804901123
test_protein_2546,0.85219389200210571
test_protein_2544,0.22164098918437958
test_protein_2542,0.24247704446315765
test_protein_2548,0.0014149622293189168
test_protein_2547,0.45267120003700256
test_protein_2549,0.36266347765922546
test_protein_2552,0.59468460083007812
test_protein_2551,0.55558520555496216
test_protein_2556,0.20942464470863342
test_protein_2550,0.51257956027984619
test_protein_2554,0.29460099339485168
test_protein_2553,0.69487935304641724
test_protein_2557,0.67816942930221558
test_protein_2559,0.41145804524421692
test_protein_2561,0.033566888421773911
test_protein_2555,0.10410582274198532
test_protein_2560,0.029556436464190483
test_protein_2564,0.99867945909500122
test_protein_2563,0.9980584979057312
test_protein_2558,0.2949758768081665
test_protein_2566,0.10490469634532928
test_protein_2562,0.075448177754878998
test_protein_2565,0.4534752368927002
test_protein_2569,0.66614103317260742
test_protein_2567,0.063046716153621674
test_protein_2572,0.79089486598968506
test_protein_2568,0.98488080501556396
test_protein_2570,0.50546157360076904
test_protein_2575,0.31101784110069275
test_protein_2573,0.57165771722793579
test_protein_2576,0.15651120245456696
test_protein_2571,0.42424136400222778
test_protein_2574,0.63959842920303345
test_protein_2578,0.59072452783584595
test_protein_2577,0.18381783366203308
test_protein_2579,0.17097051441669464
test_protein_2580,0.06671636551618576
test_protein_2587,0.58109384775161743
test_protein_2583,0.49959361553192139
test_protein_2588,0.051445495337247849
test_protein_2582,0.0092789921909570694
test_protein_2591,0.17679351568222046
test_protein_2585,0.64421731233596802
test_protein_2592,0.00035922942333854735
test_protein_2586,0.59317588806152344
test_protein_2581,0.23964577913284302
test_protein_2584,0.22435422241687775
test_protein_2590,0.54218512773513794
test_protein_2589,0.2002321183681488
test_protein_2597,0.47166964411735535
test_protein_2595,0.14362359046936035
test_protein_2593,0.4859296977519989
test_protein_2600,0.49486473202705383
test_protein_2594,0.29617655277252197
test_protein_2596,0.70547294616699219
test_protein_2601,0.52753758430480957
test_protein_2598,0.00010339532309444621
test_protein_2599,0.449750155210495
test_protein_2602,0.6689838171005249
test_protein_2604,0.37326350808143616
test_protein_2603,0.5232805609703064
test_protein_2605,0.50190854072570801
test_protein_2608,0.82195484638214111
test_protein_2607,0.49586895108222961
test_protein_2606,0.28447756171226501
test_protein_2609,0.83548617362976074
test_protein_2611,0.68228930234909058
test_protein_2610,0.35328918695449829
test_protein_2613,0.74907422065734863
test_protein_2612,0.49315547943115234
test_protein_2616,0.56579083204269409
test_protein_2615,0.67839938402175903
test_protein_2617,0.46566170454025269
test_protein_2614,0.55680167675018311
test_protein_2623,0.62844967842102051
test_protein_2619,0.75297212600708008
test_protein_2618,0.24899373948574066
test_protein_2621,0.13691480457782745
test_protein_2624,0.40360039472579956
test_protein_2622,0.6065334677696228
test_protein_2620,0.67111831903457642
test_protein_2628,0.43226763606071472
test_protein_2627,0.72239780426025391
test_protein_2626,0.71196830272674561
test_protein_2635,0.36659285426139832
test_protein_2632,0.15511342883110046
test_protein_2625,0.52944141626358032
test_protein_2630,0.41646236181259155
test_protein_2629,0.004509899765253067
test_protein_2633,0.1799633800983429
test_protein_2631,0.074957825243473053
test_protein_2638,0.30743741989135742
test_protein_2636,0.21790917217731476
test_protein_2642,0.99903082847595215
test_protein_2643,0.078955933451652527
test_protein_2634,0.21758253872394562
test_protein_2641,0.9921373724937439
test_protein_2640,0.7136501669883728
test_protein_2644,0.52672344446182251
test_protein_2645,0.18223264813423157
test_protein_2646,0.057483561336994171
test_protein_2637,0.55650436878204346
test_protein_2639,0.043326579034328461
test_protein_2649,0.12437336146831512
test_protein_2651,0.44485205411911011
test_protein_2650,0.22869941592216492
test_protein_2654,0.073411986231803894
test_protein_2648,0.49398413300514221
test_protein_2652,0.57241010665893555
test_protein_2647,0.82571029663085938
test_protein_2656,0.32995530962944031
test_protein_2659,0.48122966289520264
test_protein_2655,0.15460866689682007
test_protein_2653,0.2603076696395874
test_protein_2660,0.49677056074142456
test_protein_2657,0.11116829514503479
test_protein_2658,0.21641169488430023
test_protein_2662,0.25728937983512878
test_protein_2664,0.50750488042831421
test_protein_2661,0.48220217227935791
test_protein_2665,0.46284535527229309
test_protein_2663,0.16241690516471863
test_protein_2666,0.2734723687171936
test_protein_2669,0.36808052659034729
test_protein_2667,0.29676333069801331
test_protein_2668,0.25224569439888
test_protein_2673,0.52097910642623901
test_protein_2675,0.44229528307914734
test_protein_2670,0.66517740488052368
test_protein_2671,0.59775286912918091
test_protein_2672,0.68975681066513062
test_protein_2677,0.27443882822990417
test_protein_2676,0.17735545337200165
test_protein_2674,0.23614472150802612
test_protein_2680,0.36751306056976318
test_protein_2679,0.97282391786575317
test_protein_2678,0.026652248576283455
test_protein_2681,0.77347111701965332
test_protein_2688,0.15778377652168274
test_protein_2691,0.00052009627688676119
test_protein_2689,0.61818152666091919
test_protein_2690,0.60206663608551025
test_protein_2686,0.14940530061721802
test_protein_2682,0.7154548168182373
test_protein_2684,0.54931861162185669
test_protein_2683,0.5386272668838501
test_protein_2685,0.62387347221374512
test_protein_2693,0.27021729946136475
test_protein_2697,0.07319081574678421
test_protein_2695,0.16101612150669098
test_protein_2694,0.47506058216094971
test_protein_2687,0.37089821696281433
test_protein_2692,0.31055110692977905
test_protein_2696,0.029154147952795029
test_protein_2703,0.083628512918949127
test_protein_2701,2.6270697617292171e-06
test_protein_2699,0.33948192000389099
test_protein_2700,0.25826701521873474
test_protein_2698,0.00032320839818567038
test_protein_2702,0.60946381092071533
test_protein_2705,0.40241637825965881
test_protein_2709,0.42098414897918701
test_protein_2708,0.0047189267352223396
test_protein_2710,0.17029263079166412
test_protein_2706,0.4802849292755127
test_protein_2712,0.39564523100852966
test_protein_2704,0.16409033536911011
test_protein_2718,0.84213131666183472
test_protein_2707,0.31940510869026184
test_protein_2717,0.47201162576675415
test_protein_2713,0.38544720411300659
test_protein_2711,0.37214481830596924
test_protein_2716,0.58714646100997925
test_protein_2714,0.090153604745864868
test_protein_2715,0.11404277384281158
test_protein_2719,0.20108246803283691
test_protein_2721,0.56948280334472656
test_protein_2720,0.67582523822784424
test_protein_2730,0.94665414094924927
test_protein_2725,0.44717153906822205
test_protein_2727,0.052766863256692886
test_protein_2723,0.38203620910644531
test_protein_2722,0.10751047730445862
test_protein_2728,0.8175666332244873
test_protein_2734,0.1553768515586853
test_protein_2724,0.3962247371673584
test_protein_2729,0.4988863468170166
test_protein_2732,0.56707000732421875
test_protein_2733,0.2641502320766449
test_protein_2731,0.26374953985214233
test_protein_2735,0.38617300987243652
test_protein_2740,0.29300034046173096
test_protein_2737,0.27330803871154785
test_protein_2726,0.20292755961418152
test_protein_2738,0.18410837650299072
test_protein_2736,0.33830857276916504
test_protein_2744,0.43969309329986572
test_protein_2742,0.67770010232925415
test_protein_2741,0.0045365430414676666
test_protein_2745,0.56811970472335815
test_protein_2743,0.031847305595874786
test_protein_2739,0.53917378187179565
test_protein_2750,0.1545979231595993
test_protein_2749,0.052008170634508133
test_protein_2746,0.51410138607025146
test_protein_2748,0.28236439824104309
test_protein_2747,0.35143584012985229
test_protein_2752,0.99205243587493896
test_protein_2751,0.027256686240434647
test_protein_2755,0.59673380851745605
test_protein_2753,0.41088858246803284
test_protein_2761,0.41881617903709412
test_protein_2757,0.62703579664230347
test_protein_2754,0.19873802363872528
test_protein_2756,0.43230593204498291
test_protein_2759,0.84247249364852905
test_protein_2763,0.1571887731552124
test_protein_2764,0.50640898942947388
test_protein_2762,0.42096683382987976
test_protein_2767,0.082800455391407013
test_protein_2770,0.059193093329668045
test_protein_2768,0.36669662594795227
test_protein_2758,0.99647128582000732
test_protein_2760,0.50947755575180054
test_protein_2766,0.5823214054107666
test_protein_2765,0.58951884508132935
test_protein_2771,0.80613046884536743
test_protein_2773,0.17408952116966248
test_protein_2774,0.21868085861206055
test_protein_2772,0.66173809766769409
test_protein_2769,0.27815622091293335
test_protein_2776,0.3991607129573822
test_protein_2783,0.66397726535797119
test_protein_2777,0.47178369760513306
test_protein_2775,0.065459452569484711
test_protein_2781,0.098393075168132782
test_protein_2779,0.10019208490848541
test_protein_2782,0.56406545639038086
test_protein_2778,0.63541632890701294
test_protein_2785,0.2240426242351532
test_protein_2787,0.08078300952911377
test_protein_2786,0.66679811477661133
test_protein_2784,0.82591539621353149
test_protein_2780,0.60869693756103516
test_protein_2795,0.44223839044570923
test_protein_2790,0.32566672563552856
test_protein_2788,0.70610201358795166
test_protein_2789,0.98786711692810059
test_protein_2791,0.71697801351547241
test_protein_2794,0.17645718157291412
test_protein_2792,0.075248733162879944
test_protein_2793,0.016819732263684273
test_protein_2796,0.048264067620038986
test_protein_2797,0.0070951511152088642
test_protein_2800,0.3255782425403595
test_protein_2803,0.49044269323348999
test_protein_2801,0.48596441745758057
test_protein_2805,0.37810942530632019
test_protein_2799,0.11946067959070206
test_protein_2806,0.04231184720993042
test_protein_2808,0.97723901271820068
test_protein_2804,0.50524765253067017
test_protein_2802,0.015307375229895115
test_protein_2798,0.36474955081939697
test_protein_2811,0.42245429754257202
test_protein_2810,0.38111257553100586
test_protein_2807,0.37889638543128967
test_protein_2809,0.64415931701660156
test_protein_2812,0.59640204906463623
test_protein_2816,0.91747945547103882
test_protein_2817,0.61787474155426025
test_protein_2819,0.011943292804062366
test_protein_2815,0.01367396954447031
test_protein_2820,0.39518588781356812
test_protein_2814,0.59328317642211914
test_protein_2823,0.37905651330947876
test_protein_2813,0.030840186402201653
test_protein_2818,0.52070564031600952
test_protein_2821,0.4469389021396637
test_protein_2822,0.64932113885879517
test_protein_2826,0.10623951256275177
test_protein_2824,0.19438600540161133
test_protein_2828,0.52036046981811523
test_protein_2831,0.96974402666091919
test_protein_2829,0.86122763156890869
test_protein_2834,0.43467703461647034
test_protein_2825,0.48326921463012695
test_protein_2836,0.6490098237991333
test_protein_2827,0.13482686877250671
test_protein_2835,0.64021795988082886
test_protein_2832,0.60625505447387695
test_protein_2830,0.85295093059539795
test_protein_2833,0.049764294177293777
test_protein_2838,0.67676812410354614
test_protein_2844,0.0036498238332569599
test_protein_2847,0.32182702422142029
test_protein_2839,0.20461781322956085
test_protein_2843,0.35429424047470093
test_protein_2840,0.10420602560043335
test_protein_2837,0.98878610134124756
test_protein_2841,0.38499557971954346
test_protein_2842,0.035979963839054108
test_protein_2845,0.94166964292526245
test_protein_2848,0.040017891675233841
test_protein_2846,0.035995181649923325
test_protein_2851,0.070948660373687744
test_protein_2855,0.099309511482715607
test_protein_2850,0.19823107123374939
test_protein_2849,0.88343715667724609
test_protein_2858,0.20678934454917908
test_protein_2854,0.086772605776786804
test_protein_2852,0.18457168340682983
test_protein_2856,0.16839857399463654
test_protein_2853,0.19502955675125122
test_protein_2857,0.74397760629653931
test_protein_2861,0.72465550899505615
test_protein_2859,0.22564612329006195
test_protein_2860,0.085646405816078186
test_protein_2867,0.023707769811153412
test_protein_2864,0.65991669893264771
test_protein_2862,0.059094935655593872
test_protein_2863,0.44032332301139832
test_protein_2865,0.4833342432975769
test_protein_2870,0.14869046211242676
test_protein_2871,0.34492266178131104
test_protein_2869,0.10727393627166748
test_protein_2868,0.49914014339447021
test_protein_2866,0.19914069771766663
test_protein_2872,0.027913443744182587
test_protein_2877,0.29676127433776855
test_protein_2879,0.72513395547866821
test_protein_2876,0.39452657103538513
test_protein_2873,0.015350026078522205
test_protein_2874,0.20607340335845947
test_protein_2875,0.27656111121177673
test_protein_2883,0.0029166094027459621
test_protein_2878,0.10462354123592377
test_protein_2886,0.01346096582710743
test_protein_2888,0.020883366465568542
test_protein_2887,0.70608001947402954
test_protein_2881,0.32131808996200562
test_protein_2882,0.5231471061706543
test_protein_2880,0.12659779191017151
test_protein_2889,0.70305532217025757
test_protein_2885,0.23639994859695435
test_protein_2884,0.35702416300773621
test_protein_2896,0.2702643871307373
test_protein_2895,0.84927076101303101
test_protein_2890,0.076759867370128632
test_protein_2898,0.17334246635437012
test_protein_2894,0.06782984733581543
test_protein_2899,0.8730890154838562
test_protein_2901,0.070156365633010864
test_protein_2897,0.57615220546722412
test_protein_2893,0.0044568604789674282
test_protein_2900,0.0058744759298861027
test_protein_2892,0.078932091593742371
test_protein_2902,0.85334229469299316
test_protein_2891,0.47861063480377197
test_protein_2905,0.03549700602889061
test_protein_2903,0.025517471134662628
test_protein_2904,0.59753334522247314
test_protein_2910,0.13496367633342743
test_protein_2914,0.65505415201187134
test_protein_2907,0.15352153778076172
test_protein_2906,0.42978358268737793
test_protein_2913,0.37943544983863831
test_protein_2911,0.36520203948020935
test_protein_2912,0.0031390483491122723
test_protein_2908,0.17349252104759216
test_protein_2909,0.30343145132064819
test_protein_2919,0.43288123607635498
test_protein_2915,0.022960472851991653
test_protein_2921,0.096169710159301758
test_protein_2920,0.052302896976470947
test_protein_2918,0.045080948621034622
test_protein_2917,0.64334100484848022
test_protein_2924,0.064181320369243622
test_protein_2923,0.2779126763343811
test_protein_2925,0.074993178248405457
test_protein_2922,0.99872797727584839
test_protein_2916,0.10496721416711807
test_protein_2926,0.36817997694015503
test_protein_2928,0.12433797866106033
test_protein_2927,0.54842305183410645
test_protein_2930,0.67343968152999878
test_protein_2935,0.20141766965389252
test_protein_2931,0.21130338311195374
test_protein_2929,0.11351561546325684
test_protein_2934,0.24262288212776184
test_protein_2938,0.96065723896026611
test_protein_2939,0.054342582821846008
test_protein_2933,0.12607482075691223
test_protein_2932,0.46499684453010559
test_protein_2940,0.17214258015155792
test_protein_2936,0.38248702883720398
test_protein_2942,0.83294439315795898
test_protein_2943,0.95106327533721924
test_protein_2937,0.957436203956604
test_protein_2941,0.63071459531784058
test_protein_2944,0.61230635643005371
test_protein_2946,0.46736237406730652
test_protein_2945,0.20533649623394012
test_protein_2947,0.56206697225570679
test_protein_2953,0.45232194662094116
test_protein_2952,0.24272748827934265
test_protein_2950,0.96344417333602905
test_protein_2949,0.51846599578857422
test_protein_2948,0.47730779647827148
test_protein_2954,0.21651864051818848
test_protein_2955,0.086429663002490997
test_protein_2951,0.30828213691711426
test_protein_2958,0.1898762434720993
test_protein_2960,0.1931757777929306
test_protein_2956,0.65493083000183105
test_protein_2963,0.15070843696594238
test_protein_2965,0.029014639556407928
test_protein_2966,0.56090044975280762
test_protein_2957,0.44509109854698181
test_protein_2970,0.012785028666257858
test_protein_2962,0.13444070518016815
test_protein_2967,0.80516588687896729
test_protein_2959,0.18264040350914001
test_protein_2961,0.0015564560890197754
test_protein_2964,0.14757183194160461
test_protein_2968,0.020187657326459885
test_protein_2969,0.5189511775970459
test_protein_2973,0.64027011394500732
test_protein_2974,0.087891615927219391
test_protein_2971,0.37038066983222961
test_protein_2972,0.28129178285598755
test_protein_2978,0.54891103506088257
test_protein_2976,0.021346442401409149
test_protein_2975,0.67476069927215576
test_protein_2977,0.034454662352800369
test_protein_2979,0.92856502532958984
test_protein_2981,0.50255626440048218
test_protein_2982,0.41632959246635437
test_protein_2983,0.55512213706970215
test_protein_2987,0.040604662150144577
test_protein_2984,0.18398018181324005
test_protein_2992,0.54314345121383667
test_protein_2985,0.75136876106262207
test_protein_2980,0.33496794104576111
test_protein_2995,0.41494336724281311
test_protein_2996,0.2718769907951355
test_protein_2988,0.75337624549865723
test_protein_2994,0.22285445034503937
test_protein_2989,0.38866463303565979
test_protein_2991,0.032164093106985092
test_protein_2990,0.80407875776290894
test_protein_2986,0.76624244451522827
test_protein_2997,0.39001670479774475
test_protein_2998,0.10330364853143692
test_protein_2993,0.92425930500030518
test_protein_3007,0.058595668524503708
test_protein_3000,0.67192345857620239
test_protein_3002,0.30975931882858276
test_protein_2999,0.99977380037307739
test_protein_3006,0.42328560352325439
test_protein_3005,0.62242221832275391
test_protein_3004,0.44839778542518616
test_protein_3001,0.92873203754425049
test_protein_3003,0.36470645666122437
test_protein_3009,0.76183468103408813
test_protein_3008,0.60211580991744995
test_protein_3010,0.86618530750274658
test_protein_3011,0.14576594531536102
test_protein_3015,0.46164509654045105
test_protein_3013,0.96528148651123047
test_protein_3012,0.072001606225967407
test_protein_3017,0.38540029525756836
test_protein_3020,0.32699295878410339
test_protein_3021,0.73653066158294678
test_protein_3018,0.99263495206832886
test_protein_3016,0.021013069897890091
test_protein_3019,0.85320532321929932
test_protein_3014,0.036886513233184814
test_protein_3026,0.53744959831237793
test_protein_3023,0.35398495197296143
test_protein_3031,0.83448946475982666
test_protein_3022,0.51625388860702515
test_protein_3024,0.49194967746734619
test_protein_3032,0.13854381442070007
test_protein_3025,0.92994606494903564
test_protein_3029,0.79230988025665283
test_protein_3027,0.93920648097991943
test_protein_3030,0.99056911468505859
test_protein_3033,0.36504954099655151
test_protein_3038,0.44377359747886658
test_protein_3036,0.92951756715774536
test_protein_3035,1
test_protein_3037,0.54840552806854248
test_protein_3041,0.71292960643768311
test_protein_3039,0.99571877717971802
test_protein_3034,0.99391645193099976
test_protein_3042,0.2234182208776474
test_protein_3028,0.98356181383132935
test_protein_3040,0.9996187686920166
test_protein_3044,0.93838644027709961
test_protein_3043,0.72844970226287842
test_protein_3045,0.12401330471038818
test_protein_3046,0.59576863050460815
test_protein_3047,0.92746990919113159
test_protein_3051,0.8687748908996582
test_protein_3053,0.97675883769989014
test_protein_3052,0.43294388055801392
test_protein_3049,0.12501141428947449
test_protein_3050,0.65656363964080811
test_protein_3048,0.87625014781951904
test_protein_3056,0.94738250970840454
test_protein_3055,0.98453426361083984
test_protein_3057,0.47220885753631592
test_protein_3054,0.99778181314468384
test_protein_3062,0.97121745347976685
test_protein_3060,0.98997694253921509
test_protein_3058,0.36243399977684021
test_protein_3059,0.31300964951515198
test_protein_3064,0.60124802589416504
test_protein_3065,0.73462939262390137
test_protein_3069,0.72749501466751099
test_protein_3067,0.24928778409957886
test_protein_3072,0.93622332811355591
test_protein_3071,0.20367050170898438
test_protein_3061,0.78679627180099487
test_protein_3070,0.9837195873260498
test_protein_3075,0.91354560852050781
test_protein_3066,0.69439643621444702
test_protein_3068,0.66458916664123535
test_protein_3073,0.29491990804672241
test_protein_3074,0.99469071626663208
test_protein_3078,0.6187140941619873
test_protein_3077,0.44256016612052917
test_protein_3063,0.98529589176177979
test_protein_3076,0.66195636987686157
test_protein_3079,0.87508678436279297
test_protein_3085,0.63154953718185425
test_protein_3080,0.99928903579711914
test_protein_3081,0.77852100133895874
test_protein_3087,0.042754989117383957
test_protein_3082,0.70074748992919922
test_protein_3091,0.97990453243255615
test_protein_3084,0.59781235456466675
test_protein_3086,0.84535473585128784
test_protein_3083,0.83031034469604492
test_protein_3089,0.82970654964447021
test_protein_3088,0.8911328911781311
test_protein_3094,0.84655225276947021
test_protein_3093,0.98865228891372681
test_protein_3092,0.78055357933044434
test_protein_3090,0.57677209377288818
test_protein_3097,0.072052113711833954
test_protein_3095,0.48949149250984192
test_protein_3096,0.55221706628799438
test_protein_3098,0.64250564575195312
test_protein_3099,0.35652819275856018
test_protein_3105,0.66051667928695679
test_protein_3103,0.98969495296478271
test_protein_3100,0.44209557771682739
test_protein_3104,0.096870660781860352
test_protein_3102,0.49815207719802856
test_protein_3101,0.00081527075963094831
test_protein_3109,0.11409714072942734
test_protein_3111,0.54844707250595093
test_protein_3106,0.021251130849123001
test_protein_3107,0.060035102069377899
test_protein_3108,0.75387829542160034
test_protein_3113,0.014724013395607471
test_protein_3115,0.029661437496542931
test_protein_3114,0.35959264636039734
test_protein_3112,0.74342513084411621
test_protein_3116,0.1082783117890358
test_protein_3110,0.023449387401342392
test_protein_3122,0.016653245314955711
test_protein_3118,0.0026940959505736828
test_protein_3121,0.032817471772432327
test_protein_3117,0.069946207106113434
test_protein_3119,0.039031196385622025
test_protein_3123,0.12169960886240005
test_protein_3120,0.002785917604342103
test_protein_3125,0.13847009837627411
test_protein_3124,0.45168265700340271
test_protein_3128,0.3160068690776825
test_protein_3126,0.015619085170328617
test_protein_3127,0.48694050312042236
test_protein_3129,0.10047939419746399
test_protein_3137,0.013969522900879383
test_protein_3135,0.29782304167747498
test_protein_3132,0.27425593137741089
test_protein_3134,0.28070834279060364
test_protein_3130,0.029206754639744759
test_protein_3133,0.35040348768234253
test_protein_3131,0.14662274718284607
test_protein_3136,0.49173790216445923
test_protein_3139,0.10801310837268829
test_protein_3142,0.1184035912156105
test_protein_3141,0.066079378128051758
test_protein_3144,0.095663763582706451
test_protein_3148,0.37586262822151184
test_protein_3145,0.10262417048215866
test_protein_3146,0.30891591310501099
test_protein_3140,0.070409022271633148
test_protein_3149,0.39491984248161316
test_protein_3143,0.2329389750957489
test_protein_3138,0.0098962783813476562
test_protein_3147,0.48752489686012268
test_protein_3150,0.99754709005355835
test_protein_3151,0.33695524930953979
test_protein_3156,0.077927872538566589
test_protein_3153,0.32623666524887085
test_protein_3161,0.36759549379348755
test_protein_3160,0.69579535722732544
test_protein_3152,0.52623361349105835
test_protein_3154,0.0060956492088735104
test_protein_3157,0.21493890881538391
test_protein_3159,0.55970495939254761
test_protein_3163,0.44548302888870239
test_protein_3155,0.26433849334716797
test_protein_3158,0.22807630896568298
test_protein_3162,0.57020491361618042
test_protein_3170,0.017580382525920868
test_protein_3167,0.00025626676506362855
test_protein_3166,0.26142683625221252
test_protein_3164,0.14384247362613678
test_protein_3173,0.032731100916862488
test_protein_3172,0.34177306294441223
test_protein_3168,0.33140400052070618
test_protein_3169,0.16550759971141815
test_protein_3165,0.22525714337825775
test_protein_3171,0.16378597915172577
test_protein_3179,0.50993996858596802
test_protein_3175,0.33264261484146118
test_protein_3178,0.43478956818580627
test_protein_3181,0.29531890153884888
test_protein_3174,0.16874474287033081
test_protein_3180,0.14514529705047607
test_protein_3176,0.01901526190340519
test_protein_3177,0.0018834567163139582
test_protein_3183,0.27970591187477112
test_protein_3189,0.49789965152740479
test_protein_3184,0.069184377789497375
test_protein_3187,0.082965940237045288
test_protein_3188,0.15195980668067932
test_protein_3186,0.62150001525878906
test_protein_3182,0.10960222035646439
test_protein_3185,0.4793039858341217
test_protein_3192,0.11870721727609634
test_protein_3195,0.46165525913238525
test_protein_3190,0.16707831621170044
test_protein_3194,0.027008423581719398
test_protein_3193,0.87817263603210449
test_protein_3191,0.2739126980304718
test_protein_3199,0.40562167763710022
test_protein_3197,0.11165022104978561
test_protein_3196,0.66539204120635986
test_protein_3198,0.8698127269744873
test_protein_3200,0.18632021546363831
test_protein_3204,0.52342814207077026
test_protein_3205,0.50560331344604492
test_protein_3201,0.20553840696811676
test_protein_3206,0.46580711007118225
test_protein_3203,0.87536108493804932
test_protein_3202,0.52564799785614014
test_protein_3209,0.023376692086458206
test_protein_3207,0.18584650754928589
test_protein_3208,0.42264136672019958
test_protein_3212,0.23018978536128998
test_protein_3213,0.19637078046798706
test_protein_3211,0.0034439198207110167
test_protein_3216,0.075894065201282501
test_protein_3217,0.17753630876541138
test_protein_3219,0.4103814959526062
test_protein_3210,0.30643251538276672
test_protein_3215,0.42897465825080872
test_protein_3222,0.66948211193084717
test_protein_3220,0.44360747933387756
test_protein_3224,0.61259925365447998
test_protein_3214,0.14670656621456146
test_protein_3226,0.26783093810081482
test_protein_3227,0.14715518057346344
test_protein_3218,0.76373255252838135
test_protein_3221,0.40187093615531921
test_protein_3223,0.27807113528251648
test_protein_3225,0.016354059800505638
test_protein_3230,0.17596361041069031
test_protein_3229,0.18954424560070038
test_protein_3235,0.43633502721786499
test_protein_3234,0.65304940938949585
test_protein_3228,0.00034693363704718649
test_protein_3231,0.46816384792327881
test_protein_3233,0.63133656978607178
test_protein_3239,0.99663478136062622
test_protein_3232,0.010479404591023922
test_protein_3237,0.26333585381507874
test_protein_3238,0.58458423614501953
test_protein_3241,0.94388371706008911
test_protein_3236,0.51750010251998901
test_protein_3246,0.7793002724647522
test_protein_3245,0.67878198623657227
test_protein_3251,0.93566811084747314
test_protein_3247,0.13670475780963898
test_protein_3244,0.48732078075408936
test_protein_3250,0.86120319366455078
test_protein_3248,0.61931276321411133
test_protein_3242,0.829567551612854
test_protein_3240,0.83240717649459839
test_protein_3243,0.52954369783401489
test_protein_3252,0.94564926624298096
test_protein_3249,0.24840840697288513
test_protein_3259,0.65921026468276978
test_protein_3255,0.7533525824546814
test_protein_3257,0.8179507851600647
test_protein_3254,0.4661821722984314
test_protein_3256,0.076496392488479614
test_protein_3253,0.8746035099029541
test_protein_3260,0.42301639914512634
test_protein_3258,0.59768778085708618
test_protein_3261,0.65791231393814087
test_protein_3263,0.1477619856595993
test_protein_3265,0.1573663204908371
test_protein_3264,0.36346739530563354
test_protein_3268,0.52976334095001221
test_protein_3266,0.77978420257568359
test_protein_3269,0.78505414724349976
test_protein_3262,0.65768158435821533
test_protein_3271,0.66322416067123413
test_protein_3267,0.66281545162200928
test_protein_3272,0.8515702486038208
test_protein_3273,0.96343034505844116
test_protein_3270,0.51767796277999878
test_protein_3274,0.58030307292938232
test_protein_3275,0.74708175659179688
test_protein_3277,0.94960969686508179
test_protein_3276,0.97722238302230835
test_protein_3278,0.66775757074356079
test_protein_3280,0.68683791160583496
test_protein_3279,0.11144305020570755
test_protein_3282,0.19684430956840515
test_protein_3283,0.18707835674285889
test_protein_3288,0.18059848248958588
test_protein_3284,0.84268838167190552
test_protein_3281,0.36467501521110535
test_protein_3296,0.40020701289176941
test_protein_3290,0.43650162220001221
test_protein_3293,0.71811938285827637
test_protein_3285,0.32860144972801208
test_protein_3292,0.69797885417938232
test_protein_3295,0.5346451997756958
test_protein_3289,0.67551112174987793
test_protein_3294,0.28152638673782349
test_protein_3287,0.55740386247634888
test_protein_3291,0.67780607938766479
test_protein_3286,0.4483974277973175
test_protein_3297,0.18684978783130646
test_protein_3299,0.47192367911338806
test_protein_3300,0.13551275432109833
test_protein_3306,0.46295976638793945
test_protein_3309,0.33714818954467773
test_protein_3302,0.25115665793418884
test_protein_3301,0.19316911697387695
test_protein_3304,0.26512598991394043
test_protein_3310,0.33358198404312134
test_protein_3298,0.43460255861282349
test_protein_3307,0.60153365135192871
test_protein_3303,0.26452934741973877
test_protein_3308,0.25639894604682922
test_protein_3311,0.1637309342622757
test_protein_3305,0.32303345203399658
test_protein_3312,0.24419389665126801
test_protein_3315,0.21319021284580231
test_protein_3314,0.27497127652168274
test_protein_3316,0.093542389571666718
test_protein_3313,0.10259265452623367
test_protein_3327,0.27976462244987488
test_protein_3323,0.27134642004966736
test_protein_3319,0.22309744358062744
test_protein_3318,0.31910368800163269
test_protein_3326,0.26393768191337585
test_protein_3320,0.12346377968788147
test_protein_3324,0.40932732820510864
test_protein_3321,0.69400483369827271
test_protein_3322,0.98048382997512817
test_protein_3317,0.077412404119968414
test_protein_3325,8.6995147285051644e-05
test_protein_3329,0.74347859621047974
test_protein_3328,0.29036259651184082
test_protein_3335,0.47960180044174194
test_protein_3336,0.61302441358566284
test_protein_3333,0.5162808895111084
test_protein_3334,0.23623712360858917
test_protein_3330,0.57825052738189697
test_protein_3337,0.22522573173046112
test_protein_3340,0.57723015546798706
test_protein_3342,0.40730002522468567
test_protein_3339,0.29829105734825134
test_protein_3332,0.29010960459709167
test_protein_3331,0.23302145302295685
test_protein_3338,0.48580345511436462
test_protein_3341,0.16219119727611542
test_protein_3343,0.52582854032516479
test_protein_3344,0.28235897421836853
test_protein_3345,0.26524075865745544
test_protein_3347,0.46294829249382019
test_protein_3349,0.17575612664222717
test_protein_3352,0.44374334812164307
test_protein_3348,0.16224703192710876
test_protein_3354,0.20944599807262421
test_protein_3346,0.33299002051353455
test_protein_3358,0.56149697303771973
test_protein_3357,0.51631450653076172
test_protein_3350,0.29244887828826904
test_protein_3351,0.31196999549865723
test_protein_3355,0.46980541944503784
test_protein_3359,0.36238276958465576
test_protein_3353,0.31634101271629333
test_protein_3361,0.27640154957771301
test_protein_3356,0.35581207275390625
test_protein_3360,0.32449120283126831
test_protein_3362,0.44260671734809875
test_protein_3364,0.061312690377235413
test_protein_3363,0.52641034126281738
test_protein_3366,0.20564006268978119
test_protein_3365,0.51488232612609863
test_protein_3370,0.20299434661865234
test_protein_3368,0.47813841700553894
test_protein_3369,0.52902334928512573
test_protein_3371,0.30744761228561401
test_protein_3367,0.36682635545730591
test_protein_3372,0.22396674752235413
test_protein_3373,0.27997410297393799
test_protein_3375,0.63922625780105591
test_protein_3378,0.53150367736816406
test_protein_3374,0.18522027134895325
test_protein_3383,0.0064864386804401875
test_protein_3382,0.4749329686164856
test_protein_3376,0.39051821827888489
test_protein_3379,0.36244341731071472
test_protein_3377,0.40716099739074707
test_protein_3386,0.35400974750518799
test_protein_3389,0.269977867603302
test_protein_3387,0.14113454520702362
test_protein_3384,0.088008448481559753
test_protein_3381,0.99876874685287476
test_protein_3385,0.15536609292030334
test_protein_3388,0.48532336950302124
test_protein_3380,0.9879990816116333
test_protein_3391,0.15152689814567566
test_protein_3390,0.37994864583015442
test_protein_3392,0.35615170001983643
test_protein_3395,0.48393478989601135
test_protein_3397,0.56968414783477783
test_protein_3396,0.57366573810577393
test_protein_3394,0.32605633139610291
test_protein_3393,0.82590794563293457
test_protein_3398,0.20844011008739471
test_protein_3401,0.32455235719680786
test_protein_3400,0.26361936330795288
test_protein_3399,0.15113268792629242
test_protein_3405,0.081869073212146759
test_protein_3404,0.98941177129745483
test_protein_3403,0.81440407037734985
test_protein_3411,0.81042963266372681
test_protein_3408,0.46550226211547852
test_protein_3406,0.27556473016738892
test_protein_3402,0.64182800054550171
test_protein_3410,0.089801929891109467
test_protein_3409,0.00081754085840657353
test_protein_3415,0.60006791353225708
test_protein_3407,0.056002255529165268
test_protein_3412,0.08088809996843338
test_protein_3417,0.10730788111686707
test_protein_3414,0.30514836311340332
test_protein_3418,0.14747828245162964
test_protein_3413,0.17835935950279236
test_protein_3416,0.36450693011283875
test_protein_3420,0.25702193379402161
test_protein_3422,0.94261997938156128
test_protein_3419,0.9982140064239502
test_protein_3421,0.87778115272521973
test_protein_3425,0.27545133233070374
test_protein_3423,0.78476858139038086
test_protein_3426,0.57606220245361328
test_protein_3424,0.99869626760482788
test_protein_3427,0.9569847583770752
test_protein_3430,0.21459890902042389
test_protein_3429,0.39260366559028625
test_protein_3432,0.37988671660423279
test_protein_3439,0.31720215082168579
test_protein_3433,0.48425567150115967
test_protein_3434,0.83680075407028198
test_protein_3437,0.98924922943115234
test_protein_3438,0.29001486301422119
test_protein_3435,0.40715321898460388
test_protein_3428,0.39603111147880554
test_protein_3431,0.53031998872756958
test_protein_3441,0.42504191398620605
test_protein_3436,0.61033844947814941
test_protein_3442,0.42798161506652832
test_protein_3440,0.67499125003814697
test_protein_3446,0.4155544638633728
test_protein_3444,0.24912518262863159
test_protein_3447,0.50421249866485596
test_protein_3445,0.39456680417060852
test_protein_3448,0.18001289665699005
test_protein_3443,0.48404973745346069
test_protein_3449,0.30764710903167725
test_protein_3451,0.32931533455848694
test_protein_3452,0.61687624454498291
test_protein_3457,0.39461654424667358
test_protein_3454,0.72335386276245117
test_protein_3456,0.46226793527603149
test_protein_3450,0.51956522464752197
test_protein_3455,0.30481818318367004
test_protein_3453,0.59668487310409546
test_protein_3458,0.023509161546826363
test_protein_3466,0.1875419020652771
test_protein_3461,0.28751766681671143
test_protein_3459,0.56480658054351807
test_protein_3463,0.2700466513633728
test_protein_3465,0.034348171204328537
test_protein_3460,0.17509917914867401
test_protein_3464,0.095170401036739349
test_protein_3471,0.36359080672264099
test_protein_3469,0.99251890182495117
test_protein_3462,0.16346882283687592
test_protein_3470,0.74037688970565796
test_protein_3467,0.53361546993255615
test_protein_3473,0.47951799631118774
test_protein_3468,0.99265080690383911
test_protein_3472,0.01303448248654604
test_protein_3475,0.22643394768238068
test_protein_3477,0.8867761492729187
test_protein_3474,0.15799275040626526
test_protein_3476,0.79560339450836182
test_protein_3480,0.56368154287338257
test_protein_3478,0.1135367676615715
test_protein_3481,0.96023726463317871
test_protein_3483,0.6395561695098877
test_protein_3479,0.23038575053215027
test_protein_3482,0.1666957288980484
test_protein_3492,0.6009984016418457
test_protein_3494,0.93039637804031372
test_protein_3484,0.27138665318489075
test_protein_3488,0.99730551242828369
test_protein_3490,0.55894839763641357
test_protein_3493,0.92229330539703369
test_protein_3498,0.55347269773483276
test_protein_3486,0.0030120685696601868
test_protein_3491,0.75670933723449707
test_protein_3495,0.90310174226760864
test_protein_3487,0.0021500191651284695
test_protein_3489,0.87120985984802246
test_protein_3496,0.97506886720657349
test_protein_3485,0.32811978459358215
test_protein_3501,0.34786111116409302
test_protein_3504,0.28531879186630249
test_protein_3497,0.90315192937850952
test_protein_3500,0.69391095638275146
test_protein_3499,0.19883839786052704
test_protein_3503,0.86002606153488159
test_protein_3502,0.28770202398300171
test_protein_3505,0.45852664113044739
test_protein_3508,0.56481093168258667
test_protein_3506,0.58013498783111572
test_protein_3507,0.86800402402877808
test_protein_3510,0.56550663709640503
test_protein_3511,0.90789210796356201
test_protein_3509,0.81182682514190674
test_protein_3515,0.88433545827865601
test_protein_3517,0.099059753119945526
test_protein_3521,0.3379313051700592
test_protein_3514,0.86963021755218506
test_protein_3513,0.72042524814605713
test_protein_3518,0.38016501069068909
test_protein_3520,0.41985881328582764
test_protein_3516,0.60351759195327759
test_protein_3512,0.98682224750518799
test_protein_3523,0.41893035173416138
test_protein_3519,0.36150363087654114
test_protein_3525,0.76629328727722168
test_protein_3524,0.8907281756401062
test_protein_3528,0.29911059141159058
test_protein_3522,0.36596107482910156
test_protein_3527,0.087476678192615509
test_protein_3526,0.72754848003387451
test_protein_3529,0.36751604080200195
test_protein_3530,0.22515837848186493
test_protein_3536,0.44079440832138062
test_protein_3532,0.086742952466011047
test_protein_3537,0.39625927805900574
test_protein_3535,0.59406739473342896
test_protein_3533,0.55333214998245239
test_protein_3531,0.57472383975982666
test_protein_3538,0.050389766693115234
test_protein_3534,0.4387359619140625
test_protein_3544,0.39707401394844055
test_protein_3542,0.14457644522190094
test_protein_3540,0.96825492382049561
test_protein_3545,0.53803634643554688
test_protein_3543,0.47586363554000854
test_protein_3541,0.33953738212585449
test_protein_3547,0.70428770780563354
test_protein_3553,0.97485923767089844
test_protein_3548,0.47150978446006775
test_protein_3554,0.29134699702262878
test_protein_3551,0.068045563995838165
test_protein_3549,0.037008900195360184
test_protein_3552,0.13919647037982941
test_protein_3546,0.54022800922393799
test_protein_3550,0.15835204720497131
test_protein_3539,1.2826940576360357e-07
test_protein_3555,0.34633594751358032
test_protein_3556,0.68071967363357544
test_protein_3559,0.20941761136054993
test_protein_3563,0.7256011962890625
test_protein_3561,0.75085079669952393
test_protein_3560,0.34488224983215332
test_protein_3565,0.98083096742630005
test_protein_3557,0.072833850979804993
test_protein_3558,0.37387481331825256
test_protein_3562,0.79509788751602173
test_protein_3564,0.54451173543930054
test_protein_3569,0.86104601621627808
test_protein_3573,0.59891003370285034
test_protein_3566,0.97898316383361816
test_protein_3576,0.77305066585540771
test_protein_3571,0.63731235265731812
test_protein_3570,0.56821930408477783
test_protein_3578,0.99381822347640991
test_protein_3577,0.46196791529655457
test_protein_3574,0.50170803070068359
test_protein_3572,0.70717459917068481
test_protein_3567,0.97051495313644409
test_protein_3581,0.99896502494812012
test_protein_3583,0.34094458818435669
test_protein_3580,0.24533616006374359
test_protein_3579,0.54667574167251587
test_protein_3568,0.54255133867263794
test_protein_3582,0.92965161800384521
test_protein_3575,0.35289528965950012
test_protein_3585,0.71584045886993408
test_protein_3584,0.8199460506439209
test_protein_3588,0.72596752643585205
test_protein_3589,0.36870026588439941
test_protein_3587,0.42808178067207336
test_protein_3586,0.4388200044631958
test_protein_3591,0.8802802562713623
test_protein_3594,0.8627697229385376
test_protein_3592,0.69072479009628296
test_protein_3590,0.38787612318992615
test_protein_3593,0.31536287069320679
test_protein_3595,0.69489794969558716
test_protein_3602,0.18882296979427338
test_protein_3599,0.43441334366798401
test_protein_3598,0.26987606287002563
test_protein_3600,0.081145979464054108
test_protein_3606,0.052107073366641998
test_protein_3597,0.20883704721927643
test_protein_3596,0.29711785912513733
test_protein_3603,0.2946966290473938
test_protein_3601,0.33977428078651428
test_protein_3605,0.020667627453804016
test_protein_3607,0.3518136739730835
test_protein_3604,0.23703765869140625
test_protein_3608,0.078262262046337128
test_protein_3613,0.51668530702590942
test_protein_3614,0.42167007923126221
test_protein_3612,0.57107418775558472
test_protein_3622,0.11709567904472351
test_protein_3609,0.41535469889640808
test_protein_3615,0.99231088161468506
test_protein_3610,0.051444727927446365
test_protein_3617,0.64348787069320679
test_protein_3611,0.44371065497398376
test_protein_3616,0.64702141284942627
test_protein_3624,0.36499714851379395
test_protein_3620,0.13918519020080566
test_protein_3626,0.57510441541671753
test_protein_3623,0.18173815310001373
test_protein_3628,0.99114590883255005
test_protein_3621,0.3134942352771759
test_protein_3619,0.18950703740119934
test_protein_3618,0.52980953454971313
test_protein_3625,0.49713611602783203
test_protein_3629,0.00066562241408973932
test_protein_3630,0.14657251536846161
test_protein_3632,0.13987205922603607
test_protein_3627,0.44004032015800476
test_protein_3631,0.13828928768634796
test_protein_3633,0.026416851207613945
test_protein_3635,0.13163106143474579
test_protein_3634,0.031710587441921234
test_protein_3637,0.035145029425621033
test_protein_3639,0.020770838484168053
test_protein_3636,0.28551843762397766
test_protein_3638,0.05487348884344101
test_protein_3644,0.53510916233062744
test_protein_3642,0.12867154181003571
test_protein_3645,0.50341629981994629
test_protein_3643,0.35672318935394287
test_protein_3641,0.087345629930496216
test_protein_3640,0.041284076869487762
test_protein_3646,0.32289701700210571
test_protein_3647,0.73360711336135864
test_protein_3648,0.51390558481216431
test_protein_3652,0.52320587635040283
test_protein_3653,0.37246322631835938
test_protein_3649,0.20006591081619263
test_protein_3650,0.5442659854888916
test_protein_3651,0.65394145250320435
test_protein_3654,0.1253962516784668
test_protein_3656,0.40298596024513245
test_protein_3655,0.36052325367927551
test_protein_3658,0.42124065756797791
test_protein_3657,0.24820579588413239
test_protein_3661,0.0035256673581898212
test_protein_3663,0.27614426612854004
test_protein_3662,1.7904443666338921e-05
test_protein_3666,0.3329293429851532
test_protein_3660,0.39167153835296631
test_protein_3665,0.37812197208404541
test_protein_3659,0.34434264898300171
test_protein_3664,0.25448712706565857
test_protein_3667,0.49191486835479736
test_protein_3668,0.57368326187133789
test_protein_3671,0.69373273849487305
test_protein_3669,0.29695764183998108
test_protein_3673,0.43399930000305176
test_protein_3672,0.64118039608001709
test_protein_3674,0.5262296199798584
test_protein_3670,0.14816147089004517
test_protein_3675,0.3839946985244751
test_protein_3678,0.49072051048278809
test_protein_3676,0.36555179953575134
test_protein_3677,0.183818519115448
test_protein_3680,5.7701043260749429e-05
test_protein_3679,0.26695927977561951
test_protein_3683,0.17524740099906921
test_protein_3681,0.48985335230827332
test_protein_3686,0.127833291888237
test_protein_3687,0.63834148645401001
test_protein_3684,0.64585977792739868
test_protein_3685,0.40983849763870239
test_protein_3682,0.36945340037345886
test_protein_3690,0.35064396262168884
test_protein_3689,0.1519114226102829
test_protein_3688,0.37965893745422363
test_protein_3695,0.00021543649199884385
test_protein_3693,0.52244818210601807
test_protein_3698,0.63309484720230103
test_protein_3691,0.51826560497283936
test_protein_3699,0.36607733368873596
test_protein_3697,0.37491166591644287
test_protein_3701,0.65619534254074097
test_protein_3692,0.57125812768936157
test_protein_3696,0.6161612868309021
test_protein_3700,0.41947096586227417
test_protein_3694,0.11164000630378723
test_protein_3702,0.32922104001045227
test_protein_3704,0.52245515584945679
test_protein_3703,0.19728176295757294
test_protein_3705,0.55632740259170532
test_protein_3710,8.8691385826678015e-06
test_protein_3707,0.14303074777126312
test_protein_3706,0.23272101581096649
test_protein_3713,0.23720911145210266
test_protein_3709,0.16215746104717255
test_protein_3714,0.52451419830322266
test_protein_3708,0.16604712605476379
test_protein_3711,0.55061465501785278
test_protein_3715,0.42857223749160767
test_protein_3712,0.04019802063703537
test_protein_3720,0.55887901782989502
test_protein_3717,0.0055997427552938461
test_protein_3719,0.50896370410919189
test_protein_3721,0.51921164989471436
test_protein_3718,0.38720583915710449
test_protein_3716,0.22718542814254761
test_protein_3723,0.3811449408531189
test_protein_3722,0.44631531834602356
test_protein_3724,0.61743611097335815
test_protein_3727,0.47105047106742859
test_protein_3725,0.47554826736450195
test_protein_3726,0.45147278904914856
test_protein_3728,0.00047664926387369633
test_protein_3730,0.52992516756057739
test_protein_3729,0.0022423367481678724
test_protein_3732,0.15797622501850128
test_protein_3733,0.51767510175704956
test_protein_3731,0.59180235862731934
test_protein_3734,0.40048879384994507
test_protein_3736,0.21149267256259918
test_protein_3735,0.33794158697128296
test_protein_3737,3.8440670323325321e-05
test_protein_3741,0.30290234088897705
test_protein_3743,0.26678556203842163
test_protein_3738,0.10962897539138794
test_protein_3739,0.29843920469284058
test_protein_3744,0.66213506460189819
test_protein_3745,0.66861242055892944
test_protein_3740,0.016006555408239365
test_protein_3746,0.54961681365966797
test_protein_3742,0.22111837565898895
test_protein_3749,0.13192808628082275
test_protein_3748,0.43704867362976074
test_protein_3747,0.12228915840387344
test_protein_3750,0.39681896567344666
test_protein_3755,0.22354386746883392
test_protein_3752,0.53263837099075317
test_protein_3757,0.40474227070808411
test_protein_3753,0.11009979248046875
test_protein_3754,0.46140536665916443
test_protein_3758,0.42378735542297363
test_protein_3751,0.22584731876850128
test_protein_3759,0.22068677842617035
test_protein_3756,0.36654993891716003
test_protein_3761,0.44169595837593079
test_protein_3762,0.083339311182498932
test_protein_3763,0.2529137134552002
test_protein_3760,0.46788245439529419
test_protein_3764,0.85056942701339722
test_protein_3769,0.5320364236831665
test_protein_3766,0.8563152551651001
test_protein_3767,0.3919108510017395
test_protein_3765,0.44554725289344788
test_protein_3768,0.48800289630889893
test_protein_3772,0.26458725333213806
test_protein_3771,0.57139652967453003
test_protein_3770,0.0011849914444610476
test_protein_3773,0.49590343236923218
test_protein_3774,0.37101000547409058
test_protein_3779,0.37245970964431763
test_protein_3778,0.33434692025184631
test_protein_3783,0.2362765371799469
test_protein_3776,0.47946625947952271
test_protein_3777,0.50493550300598145
test_protein_3780,0.34023380279541016
test_protein_3787,0.62331670522689819
test_protein_3775,0.21224690973758698
test_protein_3786,0.41420304775238037
test_protein_3782,0.70585548877716064
test_protein_3784,0.49910324811935425
test_protein_3781,0.010073455050587654
test_protein_3785,0.1560022383928299
test_protein_3789,0.41435766220092773
test_protein_3794,0.062947377562522888
test_protein_3790,0.0016448895912617445
test_protein_3788,0.45809099078178406
test_protein_3791,0.5124550461769104
test_protein_3796,0.18015886843204498
test_protein_3793,0.36411222815513611
test_protein_3795,0.32863476872444153
test_protein_3797,0.030158448964357376
test_protein_3792,0.00022568622080143541
test_protein_3799,0.25110745429992676
test_protein_3798,0.00040963268838822842
test_protein_3801,0.4256492555141449
test_protein_3800,0.21441338956356049
test_protein_3802,0.23091208934783936
test_protein_3803,0.17894883453845978
test_protein_3807,0.91323661804199219
test_protein_3804,0.19441601634025574
test_protein_3805,0.42521131038665771
test_protein_3810,0.67609727382659912
test_protein_3806,0.97077482938766479
test_protein_3811,0.55440825223922729
test_protein_3808,0.81394451856613159
test_protein_3809,0.77702480554580688
test_protein_3813,0.33779707551002502
test_protein_3812,0.14187410473823547
test_protein_3818,0.0016644549323245883
test_protein_3815,0.21863146126270294
test_protein_3814,0.045954387634992599
test_protein_3821,0.39032807946205139
test_protein_3819,0.19104662537574768
test_protein_3817,0.012326112948358059
test_protein_3816,0.44248887896537781
test_protein_3823,0.46990871429443359
test_protein_3824,0.44743326306343079
test_protein_3825,0.39168134331703186
test_protein_3822,0.67425328493118286
test_protein_3820,0.40193659067153931
test_protein_3830,0.18146520853042603
test_protein_3827,0.53792983293533325
test_protein_3826,0.60020166635513306
test_protein_3829,0.00017355640011373907
test_protein_3828,7.7731465353281237e-06
test_protein_3835,0.83817702531814575
test_protein_3832,0.056705761700868607
test_protein_3836,0.45305526256561279
test_protein_3831,0.15095667541027069
test_protein_3837,0.07224755734205246
test_protein_3834,0.2692607045173645
test_protein_3833,0.75368642807006836
test_protein_3839,0.11740236729383469
test_protein_3838,0.093967564404010773
test_protein_3840,0.17636798322200775
test_protein_3841,5.6204145948868245e-05
test_protein_3843,0.63231104612350464
test_protein_3844,0.00091531156795099378
test_protein_3845,0.15232057869434357
test_protein_3842,0.37952142953872681
test_protein_3847,0.028071757405996323
test_protein_3848,0.57666510343551636
test_protein_3846,0.083753794431686401
test_protein_3850,0.51101255416870117
test_protein_3852,0.40374359488487244
test_protein_3853,0.27570492029190063
test_protein_3855,0.14643974602222443
test_protein_3854,0.62818056344985962
test_protein_3851,0.48033934831619263
test_protein_3849,0.65186572074890137
test_protein_3857,0.60441416501998901
test_protein_3856,0.73019903898239136
test_protein_3858,0.044192828238010406
test_protein_3859,0.86094313859939575
test_protein_3860,0.40618801116943359
test_protein_3865,0.48953256011009216
test_protein_3863,0.13505537807941437
test_protein_3861,0.00039673951687291265
test_protein_3866,0.4982370138168335
test_protein_3864,0.69929724931716919
test_protein_3867,0.28686678409576416
test_protein_3869,0.63524198532104492
test_protein_3862,0.30203431844711304
test_protein_3868,0.54346299171447754
test_protein_3870,0.35631665587425232
test_protein_3873,0.4570063054561615
test_protein_3872,0.54922223091125488
test_protein_3875,2.3048316677432013e-07
test_protein_3876,0.16613692045211792
test_protein_3871,0.43316635489463806
test_protein_3878,0.23666037619113922
test_protein_3879,0.00072096963413059711
test_protein_3874,0.36883106827735901
test_protein_3877,0.51386004686355591
test_protein_3880,0.34689432382583618
test_protein_3881,0.23421849310398102
test_protein_3885,0.4663316011428833
test_protein_3883,0.41367948055267334
test_protein_3887,3.2876687328098342e-05
test_protein_3889,0.38482832908630371
test_protein_3882,0.0063404170796275139
test_protein_3890,0.23625005781650543
test_protein_3888,0.22955912351608276
test_protein_3886,0.27606883645057678
test_protein_3884,0.52184939384460449
test_protein_3891,0.50103878974914551
test_protein_3893,0.66388750076293945
test_protein_3892,0.4494243860244751
test_protein_3895,0.37013000249862671
test_protein_3898,0.00051399937365204096
test_protein_3896,0.2467140406370163
test_protein_3897,2.6100356990355067e-05
test_protein_3900,0.51750707626342773
test_protein_3894,0.2974274754524231
test_protein_3899,0.14679738879203796
test_protein_3902,0.27416414022445679
test_protein_3901,0.64153033494949341
test_protein_3904,0.11727118492126465
test_protein_3906,0.49044418334960938
test_protein_3907,0.066061817109584808
test_protein_3905,0.21435882151126862
test_protein_3903,0.10788535326719284
test_protein_3908,0.1457468569278717
test_protein_3909,0.32098564505577087
test_protein_3912,0.71406781673431396
test_protein_3910,0.90724563598632812
test_protein_3911,0.74828696250915527
test_protein_3913,0.34453156590461731
test_protein_3916,0.47517815232276917
test_protein_3914,0.48973742127418518
test_protein_3915,0.49461263418197632
test_protein_3918,0.34368100762367249
test_protein_3920,0.018795464187860489
test_protein_3917,0.35785388946533203
test_protein_3922,0.36846157908439636
test_protein_3924,0.61937975883483887
test_protein_3919,0.17698614299297333
test_protein_3923,0.55943930149078369
test_protein_3921,0.55882090330123901
test_protein_3926,0.2525915801525116
test_protein_3925,0.57613217830657959
test_protein_3927,0.53920662403106689
test_protein_3928,0.43659457564353943
test_protein_3930,0.56169557571411133
test_protein_3932,0.21480953693389893
test_protein_3935,0.62891256809234619
test_protein_3931,0.48990139365196228
test_protein_3929,0.49721869826316833
test_protein_3933,0.17113804817199707
test_protein_3934,0.47353449463844299
test_protein_3936,0.51133918762207031
test_protein_3937,0.3086683452129364
test_protein_3938,0.51321202516555786
test_protein_3939,0.66053318977355957
test_protein_3941,0.053834389895200729
test_protein_3947,0.15004861354827881
test_protein_3942,0.70273613929748535
test_protein_3940,0.39969667792320251
test_protein_3944,0.033405810594558716
test_protein_3946,0.018351290374994278
test_protein_3943,0.30208197236061096
test_protein_3948,0.46994608640670776
test_protein_3945,0.13962428271770477
test_protein_3951,0.26583018898963928
test_protein_3950,0.029426125809550285
test_protein_3952,0.28057858347892761
test_protein_3949,0.00011049647582694888
test_protein_3954,0.29674533009529114
test_protein_3953,0.22850103676319122
test_protein_3955,0.077432908117771149
test_protein_3961,0.13124543428421021
test_protein_3956,0.093942649662494659
test_protein_3960,0.31041985750198364
test_protein_3957,0.12876561284065247
test_protein_3958,0.19095829129219055
test_protein_3966,0.47352910041809082
test_protein_3962,0.077600277960300446
test_protein_3959,0.45058083534240723
test_protein_3963,0.56303197145462036
test_protein_3964,0.14432297646999359
test_protein_3965,0.55216765403747559
test_protein_3967,0.61530333757400513
test_protein_3970,0.1448526531457901
test_protein_3969,0.3118928074836731
test_protein_3968,0.52960997819900513
test_protein_3971,0.12467968463897705
test_protein_3972,0.31583896279335022
test_protein_3975,0.16724026203155518
test_protein_3974,0.55452483892440796
test_protein_3973,0.51548105478286743
test_protein_3977,0.79182946681976318
test_protein_3978,0.25850936770439148
test_protein_3976,0.0013980315998196602
test_protein_3980,0.081910274922847748
test_protein_3979,0.11181138455867767
test_protein_3982,0.52094864845275879
test_protein_3981,0.25701183080673218
test_protein_3983,0.30371144413948059
test_protein_3985,0.38098835945129395
test_protein_3984,0.49291005730628967
test_protein_3989,0.35532087087631226
test_protein_3986,0.53363204002380371
test_protein_3987,0.44902750849723816
test_protein_3992,0.0012826982419937849
test_protein_3990,0.58613580465316772
test_protein_3994,0.55169481039047241
test_protein_3988,0.056425072252750397
test_protein_3996,0.32092049717903137
test_protein_3991,0.16747221350669861
test_protein_3993,0.41635847091674805
test_protein_3995,0.49628651142120361
test_protein_3997,0.14352777600288391
test_protein_4003,0.00068826752249151468
test_protein_3998,0.65649861097335815
test_protein_4002,0.0011768197873607278
test_protein_4005,0.44243460893630981
test_protein_4006,0.54166388511657715
test_protein_4004,0.31744873523712158
test_protein_3999,0.56167995929718018
test_protein_4001,0.34544754028320312
test_protein_4008,0.43998634815216064
test_protein_4000,0.46115130186080933
test_protein_4007,0.36936023831367493
test_protein_4010,0.4135071337223053
test_protein_4009,0.59930938482284546
test_protein_4011,0.022970369085669518
test_protein_4012,0.36767196655273438
test_protein_4013,0.24265491962432861
test_protein_4014,0.39855197072029114
test_protein_4015,0.4147186279296875
test_protein_4017,0.022616105154156685
test_protein_4020,0.018451709300279617
test_protein_4016,0.29663679003715515
test_protein_4018,0.14300009608268738
test_protein_4019,0.12962640821933746
test_protein_4024,0.43789321184158325
test_protein_4022,0.0011018109507858753
test_protein_4021,0.0035953547339886427
test_protein_4023,0.011738586239516735
test_protein_4028,0.78702259063720703
test_protein_4027,0.32656466960906982
test_protein_4025,0.22340977191925049
test_protein_4026,0.78951728343963623
test_protein_4029,0.85722291469573975
test_protein_4031,0.560860276222229
test_protein_4032,0.59262150526046753
test_protein_4030,0.00077048339881002903
test_protein_4036,0.32244056463241577
test_protein_4033,0.13422740995883942
test_protein_4040,0.38552248477935791
test_protein_4037,0.13980358839035034
test_protein_4035,0.43790531158447266
test_protein_4034,0.4380171000957489
test_protein_4039,0.63867926597595215
test_protein_4043,0.5450136661529541
test_protein_4041,0.4177882969379425
test_protein_4038,0.52247375249862671
test_protein_4042,0.34706935286521912
test_protein_4044,0.23027265071868896
test_protein_4046,0.51769697666168213
test_protein_4045,0.036311782896518707
test_protein_4047,0.40187269449234009
test_protein_4050,0.44297328591346741
test_protein_4052,0.49376323819160461
test_protein_4049,0.39037823677062988
test_protein_4048,0.27040323615074158
test_protein_4051,0.6292535662651062
test_protein_4056,0.44198653101921082
test_protein_4053,0.40845876932144165
test_protein_4055,0.50241875648498535
test_protein_4054,0.073870174586772919
test_protein_4061,0.59787845611572266
test_protein_4058,0.24456141889095306
test_protein_4059,0.32946863770484924
test_protein_4060,0.46910962462425232
test_protein_4057,0.052547190338373184
test_protein_4071,0.48933130502700806
test_protein_4063,0.54158264398574829
test_protein_4066,0.82763564586639404
test_protein_4062,0.074363566935062408
test_protein_4065,0.44517374038696289
test_protein_4067,0.15170460939407349
test_protein_4064,0.26447573304176331
test_protein_4068,0.37004098296165466
test_protein_4070,0.78237342834472656
test_protein_4069,0.27829530835151672
test_protein_4072,0.39640623331069946
test_protein_4074,0.4601571261882782
test_protein_4075,0.060397934168577194
test_protein_4077,0.57590651512145996
test_protein_4073,0.14949394762516022
test_protein_4079,0.70731157064437866
test_protein_4078,0.61991113424301147
test_protein_4076,0.53548562526702881
test_protein_4080,0.44495049118995667
test_protein_4081,4.8471451918885577e-07
test_protein_4083,0.16197878122329712
test_protein_4082,0.54839688539505005
test_protein_4084,0.41609156131744385
test_protein_4088,0.31002292037010193
test_protein_4087,0.51366424560546875
test_protein_4085,0.60314726829528809
test_protein_4086,0.55309653282165527
test_protein_4091,0.072861224412918091
test_protein_4092,0.30256441235542297
test_protein_4090,0.00029518950032070279
test_protein_4089,0.48655489087104797
test_protein_4094,0.4565468430519104
test_protein_4093,0.59347009658813477
test_protein_4095,0.64356350898742676
test_protein_4098,0.62851083278656006
test_protein_4097,0.64569294452667236
test_protein_4096,0.55604439973831177
test_protein_4100,0.4480520486831665
test_protein_4099,0.38711416721343994
test_protein_4102,0.41166761517524719
test_protein_4103,0.028869207948446274
test_protein_4104,0.073823064565658569
test_protein_4101,0.48921328783035278
test_protein_4108,0.067309997975826263
test_protein_4105,0.25177016854286194
test_protein_4107,0.41528046131134033
test_protein_4109,0.59017431735992432
test_protein_4106,1.8404185539111495e-05
test_protein_4110,0.63761770725250244
test_protein_4111,0.19485966861248016
test_protein_4115,0.30381181836128235
test_protein_4112,0.45186364650726318
test_protein_4116,0.61962538957595825
test_protein_4113,0.37163668870925903
test_protein_4114,0.61144489049911499
test_protein_4117,0.58321940898895264
test_protein_4118,0.39704510569572449
test_protein_4119,0.19011607766151428
test_protein_4121,0.36986732482910156
test_protein_4124,0.69823956489562988
test_protein_4122,0.10360098630189896
test_protein_4120,0.33501341938972473
test_protein_4123,0.4981599748134613
test_protein_4125,0.15755327045917511
test_protein_4126,0.53566014766693115
test_protein_4128,0.00084325438365340233
test_protein_4127,0.42871066927909851
test_protein_4130,0.0026340156327933073
test_protein_4129,0.30249723792076111
test_protein_4131,0.20534209907054901
test_protein_4132,0.54748094081878662
test_protein_4133,0.54282283782958984
test_protein_4136,0.38987341523170471
test_protein_4137,0.35871192812919617
test_protein_4140,0.76754772663116455
test_protein_4135,0.49336788058280945
test_protein_4134,0.31480783224105835
test_protein_4138,0.00059081125073134899
test_protein_4139,0.51215994358062744
test_protein_4142,0.20291273295879364
test_protein_4144,0.28622481226921082
test_protein_4143,0.50348711013793945
test_protein_4141,0.075342349708080292
test_protein_4145,0.29803639650344849
test_protein_4146,0.53868687152862549
test_protein_4147,0.36874440312385559
test_protein_4150,0.6424136757850647
test_protein_4152,0.4191230833530426
test_protein_4151,0.72773253917694092
test_protein_4148,0.36061659455299377
test_protein_4149,0.49102115631103516
test_protein_4153,0.1448187381029129
test_protein_4155,0.71865212917327881
test_protein_4159,0.57996863126754761
test_protein_4156,0.68069005012512207
test_protein_4160,0.49323141574859619
test_protein_4157,0.38772371411323547
test_protein_4162,0.65874707698822021
test_protein_4164,0.37723115086555481
test_protein_4158,0.26634970307350159
test_protein_4161,0.38284516334533691
test_protein_4154,0.053636927157640457
test_protein_4163,0.61831974983215332
test_protein_4166,0.26607635617256165
test_protein_4167,0.15229709446430206
test_protein_4165,0.54719150066375732
test_protein_4168,0.31782630085945129
test_protein_4169,0.21601027250289917
test_protein_4173,0.52759385108947754
test_protein_4175,0.48985749483108521
test_protein_4170,0.22925180196762085
test_protein_4174,0.21550482511520386
test_protein_4171,0.61240333318710327
test_protein_4172,0.16843315958976746
test_protein_4176,0.089215360581874847
test_protein_4180,0.77348434925079346
test_protein_4177,0.28972214460372925
test_protein_4179,0.48606407642364502
test_protein_4178,0.24010303616523743
test_protein_4181,0.43690875172615051
test_protein_4185,0.51959705352783203
test_protein_4183,0.27028635144233704
test_protein_4182,0.43389591574668884
test_protein_4184,0.28944534063339233
test_protein_4187,0.73213386535644531
test_protein_4186,0.39715179800987244
test_protein_4194,0.89552944898605347
test_protein_4188,0.64032208919525146
test_protein_4189,0.51413792371749878
test_protein_4190,0.30043125152587891
test_protein_4191,0.68034893274307251
test_protein_4193,0.26451894640922546
test_protein_4195,0.8179054856300354
test_protein_4192,0.18973761796951294
test_protein_4199,0.58423447608947754
test_protein_4197,0.41566294431686401
test_protein_4196,0.45753961801528931
test_protein_4198,0.41388478875160217
test_protein_4200,0.46428456902503967
test_protein_4201,0.44536972045898438
test_protein_4202,0.32108235359191895
test_protein_4203,0.42805024981498718
test_protein_4205,0.69647181034088135
test_protein_4206,0.15792027115821838
test_protein_4204,0.52270001173019409
test_protein_4208,0.61345374584197998
test_protein_4210,0.023089278489351273
test_protein_4211,0.13887515664100647
test_protein_4209,0.00011522514978423715
test_protein_4207,0.65330970287322998
test_protein_4214,0.60622453689575195
test_protein_4217,0.44192254543304443
test_protein_4213,0.42718219757080078
test_protein_4216,0.24785792827606201
test_protein_4215,0.35075530409812927
test_protein_4218,0.52209937572479248
test_protein_4219,0.064602486789226532
test_protein_4212,0.024368684738874435
test_protein_4221,0.40091520547866821
test_protein_4222,0.0015750261954963207
test_protein_4220,0.22742930054664612
test_protein_4228,0.52009749412536621
test_protein_4224,0.52816927433013916
test_protein_4229,2.3843959695568628e-08
test_protein_4223,0.35584333539009094
test_protein_4226,0.40679603815078735
test_protein_4232,0.43812435865402222
test_protein_4227,0.55785578489303589
test_protein_4225,0.49345472455024719
test_protein_4230,0.087391875684261322
test_protein_4231,0.20464883744716644
test_protein_4236,0.54052716493606567
test_protein_4234,0.44366210699081421
test_protein_4233,0.26240649819374084
test_protein_4239,0.00064849131740629673
test_protein_4235,0.87542641162872314
test_protein_4237,0.2159765213727951
test_protein_4240,0.23257440328598022
test_protein_4238,0.34392201900482178
test_protein_4241,0.20257419347763062
test_protein_4242,0.0058990074321627617
test_protein_4244,0.01490758266299963
test_protein_4243,0.18964000046253204
test_protein_4245,0.37852612137794495
test_protein_4246,0.44613197445869446
test_protein_4248,0.30884665250778198
test_protein_4247,0.62759441137313843
test_protein_4250,0.13551916182041168
test_protein_4251,0.052815690636634827
test_protein_4249,0.027964137494564056
test_protein_4255,0.59222102165222168
test_protein_4253,0.00077186274575069547
test_protein_4256,0.75929826498031616
test_protein_4254,0.37324768304824829
test_protein_4252,0.33388420939445496
test_protein_4259,0.43647539615631104
test_protein_4262,0.56403356790542603
test_protein_4257,0.62314862012863159
test_protein_4263,0.44639980792999268
test_protein_4260,0.60599422454833984
test_protein_4264,0.41687494516372681
test_protein_4258,0.17413140833377838
test_protein_4261,0.00078742689220234752
test_protein_4266,0.26636332273483276
test_protein_4265,0.11885153502225876
test_protein_4271,0.057708505541086197
test_protein_4267,0.31963726878166199
test_protein_4274,0.33526715636253357
test_protein_4275,4.4418648030841723e-05
test_protein_4268,0.068385317921638489
test_protein_4272,0.50319808721542358
test_protein_4270,0.40813854336738586
test_protein_4269,0.049790974706411362
test_protein_4273,0.00049453764222562313
test_protein_4277,0.13403907418251038
test_protein_4276,0.47207117080688477
test_protein_4279,0.54269087314605713
test_protein_4282,0.079352512955665588
test_protein_4284,0.72479474544525146
test_protein_4280,0.0079022534191608429
test_protein_4285,0.2566123902797699
test_protein_4281,0.0009873267263174057
test_protein_4278,0.27303415536880493
test_protein_4283,0.0028049589600414038
test_protein_4287,0.40243107080459595
test_protein_4286,5.740379128837958e-05
test_protein_4289,0.49194085597991943
test_protein_4291,0.52296215295791626
test_protein_4290,0.54099714756011963
test_protein_4288,0.17321443557739258
test_protein_4292,0.53293925523757935
test_protein_4293,0.21639373898506165
test_protein_4298,0.095132187008857727
test_protein_4297,0.44012802839279175
test_protein_4296,0.67336481809616089
test_protein_4294,0.2659040093421936
test_protein_4295,0.35362395644187927
test_protein_4300,0.3360028862953186
test_protein_4299,0.49112588167190552
test_protein_4301,0.41684332489967346
test_protein_4302,0.5029606819152832
test_protein_4303,0.33170139789581299
test_protein_4305,0.35245135426521301
test_protein_4304,0.34498950839042664
test_protein_4310,0.15426434576511383
test_protein_4307,0.2875806987285614
test_protein_4308,0.34210488200187683
test_protein_4311,0.28481271862983704
test_protein_4306,0.45941475033760071
test_protein_4309,0.026886729523539543
test_protein_4312,0.1293247789144516
test_protein_4314,0.32421979308128357
test_protein_4316,0.19493451714515686
test_protein_4313,0.10195058584213257
test_protein_4317,0.42040178179740906
test_protein_4315,0.46778246760368347
test_protein_4323,0.37032213807106018
test_protein_4321,0.27972871065139771
test_protein_4320,0.4604041576385498
test_protein_4325,0.36625894904136658
test_protein_4322,0.0028840221930295229
test_protein_4324,0.32551079988479614
test_protein_4318,0.52670764923095703
test_protein_4319,0.72851192951202393
test_protein_4327,0.5367470383644104
test_protein_4329,0.59636920690536499
test_protein_4328,0.26586955785751343
test_protein_4331,0.043022256344556808
test_protein_4326,0.012106211856007576
test_protein_4332,0.46509420871734619
test_protein_4333,0.37924206256866455
test_protein_4334,0.018525639548897743
test_protein_4330,0.014579263515770435
test_protein_4339,0.54022359848022461
test_protein_4337,0.020041363313794136
test_protein_4338,0.087018243968486786
test_protein_4336,0.56337606906890869
test_protein_4335,0.46533063054084778
test_protein_4341,0.18931648135185242
test_protein_4342,0.50229531526565552
test_protein_4343,0.62138426303863525
test_protein_4344,0.20130826532840729
test_protein_4346,0.50218343734741211
test_protein_4345,0.24560923874378204
test_protein_4340,0.29237782955169678
test_protein_4349,0.145516037940979
test_protein_4351,0.30844664573669434
test_protein_4348,0.085922785103321075
test_protein_4352,0.34104108810424805
test_protein_4347,0.80754107236862183
test_protein_4350,0.44337663054466248
test_protein_4354,0.61772727966308594
test_protein_4355,0.20332252979278564
test_protein_4357,0.00013340779696591198
test_protein_4356,0.14303405582904816
test_protein_4353,0.0098495585843920708
test_protein_4358,0.72935980558395386
test_protein_4363,0.0014970687916502357
test_protein_4360,0.37211808562278748
test_protein_4361,0.54514867067337036
test_protein_4359,0.6466900110244751
test_protein_4366,0.45308801531791687
test_protein_4364,0.31840959191322327
test_protein_4362,0.48057830333709717
test_protein_4365,0.57969081401824951
test_protein_4367,0.22083857655525208
test_protein_4371,0.084398508071899414
test_protein_4368,0.56949514150619507
test_protein_4370,0.024821668863296509
test_protein_4369,0.48841205239295959
test_protein_4373,0.3406623899936676
test_protein_4374,0.34541961550712585
test_protein_4375,0.58638215065002441
test_protein_4372,0.30199217796325684
test_protein_4377,0.27355945110321045
test_protein_4378,0.18529880046844482
test_protein_4379,0.13082972168922424
test_protein_4376,0.47191169857978821
test_protein_4382,0.48811993002891541
test_protein_4380,0.18862152099609375
test_protein_4384,0.32244810461997986
test_protein_4386,0.413697749376297
test_protein_4383,0.38753393292427063
test_protein_4381,0.54036509990692139
test_protein_4385,0.26350194215774536
test_protein_4387,0.27176192402839661
test_protein_4388,0.0045687630772590637
test_protein_4389,0.62552428245544434
test_protein_4390,0.40190961956977844
test_protein_4391,0.49600306153297424
test_protein_4392,0.42979282140731812
test_protein_4393,0.43631401658058167
test_protein_4395,2.5608336727600545e-05
test_protein_4394,0.68597567081451416
test_protein_4398,0.60983240604400635
test_protein_4396,0.52566736936569214
test_protein_4397,0.73998516798019409
test_protein_4400,0.46949142217636108
test_protein_4401,0.001406761584803462
test_protein_4402,0.068466894328594208
test_protein_4407,0.062659144401550293
test_protein_4403,0.075690634548664093
test_protein_4399,0.39524835348129272
test_protein_4406,0.40036797523498535
test_protein_4404,0.0022306109312921762
test_protein_4410,0.25889372825622559
test_protein_4408,0.11822862923145294
test_protein_4409,0.43559321761131287
test_protein_4405,0.1630198210477829
test_protein_4417,0.41144391894340515
test_protein_4411,0.32116848230361938
test_protein_4416,0.63417232036590576
test_protein_4414,0.36069256067276001
test_protein_4412,0.51226675510406494
test_protein_4419,0.29529783129692078
test_protein_4418,0.59103292226791382
test_protein_4422,0.19422057271003723
test_protein_4415,0.39624384045600891
test_protein_4413,0.66883009672164917
test_protein_4420,0.38978570699691772
test_protein_4424,0.51940679550170898
test_protein_4423,0.30770310759544373
test_protein_4421,0.30718529224395752
test_protein_4429,0.23358720541000366
test_protein_4427,0.14154529571533203
test_protein_4430,0.74538952112197876
test_protein_4428,0.3738587498664856
test_protein_4425,0.38204607367515564
test_protein_4433,0.038219761103391647
test_protein_4426,0.34426948428153992
test_protein_4432,0.39285999536514282
test_protein_4431,0.63532847166061401
test_protein_4434,0.079403109848499298
test_protein_4435,0.18775956332683563
test_protein_4436,0.44758874177932739
test_protein_4437,0.49738246202468872
test_protein_4438,0.58470439910888672
test_protein_4440,0.54187440872192383
test_protein_4439,0.41064736247062683
test_protein_4441,0.58439821004867554
test_protein_4443,0.68835258483886719
test_protein_4442,0.48556917905807495
test_protein_4444,0.46827992796897888
test_protein_4448,0.3343852162361145
test_protein_4446,0.26637253165245056
test_protein_4447,0.46077877283096313
test_protein_4450,0.088904865086078644
test_protein_4452,0.69244444370269775
test_protein_4449,0.11898083239793777
test_protein_4445,0.42746064066886902
test_protein_4453,0.57868623733520508
test_protein_4451,0.50170439481735229
test_protein_4456,3.1317395041696727e-05
test_protein_4457,0.46687266230583191
test_protein_4462,0.51822412014007568
test_protein_4459,0.078147903084754944
test_protein_4455,2.107994987454731e-05
test_protein_4464,0.10137759149074554
test_protein_4454,0.57906556129455566
test_protein_4460,0.45366263389587402
test_protein_4458,0.39639666676521301
test_protein_4461,0.652415931224823
test_protein_4465,0.051142141222953796
test_protein_4463,0.75667452812194824
test_protein_4472,0.021837150678038597
test_protein_4467,0.44647511839866638
test_protein_4468,0.48894786834716797
test_protein_4469,0.039237640798091888
test_protein_4470,0.13055570423603058
test_protein_4466,0.22013558447360992
test_protein_4471,0.38785856962203979
test_protein_4475,0.33377346396446228
test_protein_4473,0.021849324926733971
test_protein_4474,0.41090553998947144
test_protein_4476,0.51205539703369141
test_protein_4477,0.48404604196548462
test_protein_4480,0.00062233669450506568
test_protein_4479,0.15260469913482666
test_protein_4483,0.18252353370189667
test_protein_4478,0.0002113428054144606
test_protein_4481,0.18073861300945282
test_protein_4485,0.0607726089656353
test_protein_4484,0.50120604038238525
test_protein_4482,0.53439944982528687
test_protein_4486,0.46531268954277039
test_protein_4488,0.50497829914093018
test_protein_4487,0.46737417578697205
test_protein_4490,0.65445846319198608
test_protein_4489,0.53224295377731323
test_protein_4493,0.25738871097564697
test_protein_4494,0.1587614119052887
test_protein_4492,0.1470201164484024
test_protein_4491,0.32815739512443542
test_protein_4498,0.25373715162277222
test_protein_4496,0.65928077697753906
test_protein_4497,0.67628693580627441
test_protein_4495,0.54089111089706421
test_protein_4499,0.47376158833503723
test_protein_4500,0.53336793184280396
test_protein_4503,0.70413172245025635
test_protein_4501,0.33582130074501038
test_protein_4502,0.40219587087631226
test_protein_4504,0.44428578019142151
test_protein_4509,0.579662024974823
test_protein_4506,0.42586538195610046
test_protein_4505,0.14824786782264709
test_protein_4510,0.52374982833862305
test_protein_4507,0.38692823052406311
test_protein_4508,0.47546091675758362
test_protein_4511,0.20991575717926025
test_protein_4512,0.0022507910616695881
test_protein_4514,0.66281992197036743
test_protein_4517,0.00079702993389219046
test_protein_4519,0.41525095701217651
test_protein_4513,0.47445598244667053
test_protein_4515,0.32323175668716431
test_protein_4520,0.49610617756843567
test_protein_4518,0.3940197229385376
test_protein_4516,0.27454113960266113
test_protein_4521,0.28238224983215332
test_protein_4525,0.42958429455757141
test_protein_4522,0.0068808081559836864
test_protein_4523,0.53489971160888672
test_protein_4529,0.45893809199333191
test_protein_4528,0.69715911149978638
test_protein_4524,0.49703970551490784
test_protein_4527,0.48417064547538757
test_protein_4526,0.056635607033967972
test_protein_4530,0.29177215695381165
test_protein_4531,0.51833564043045044
test_protein_4533,0.25396940112113953
test_protein_4534,0.24887455999851227
test_protein_4537,0.57306760549545288
test_protein_4532,0.47355484962463379
test_protein_4535,0.071151033043861389
test_protein_4536,0.36152616143226624
test_protein_4539,0.033803582191467285
test_protein_4538,0.2416272759437561
test_protein_4540,0.52139723300933838
test_protein_4541,0.32567691802978516
test_protein_4547,0.42400792241096497
test_protein_4545,0.59308457374572754
test_protein_4548,0.28359827399253845
test_protein_4543,0.29351365566253662
test_protein_4542,0.40516707301139832
test_protein_4546,0.72605067491531372
test_protein_4549,0.19462040066719055
test_protein_4544,0.0064200377091765404
test_protein_4550,0.07723863422870636
test_protein_4553,0.37256282567977905
test_protein_4551,0.67240011692047119
test_protein_4555,0.37858098745346069
test_protein_4552,0.00088566396152600646
test_protein_4554,0.31330856680870056
test_protein_4558,0.45626354217529297
test_protein_4556,0.022203823551535606
test_protein_4557,0.59127777814865112
test_protein_4559,0.16441448032855988
test_protein_4560,0.1143975555896759
test_protein_4561,0.2179848700761795
test_protein_4563,0.3071269690990448
test_protein_4562,0.40533119440078735
test_protein_4565,0.15140523016452789
test_protein_4564,0.34410777688026428
test_protein_4568,0.19416265189647675
test_protein_4566,0.19466625154018402
test_protein_4567,0.39839741587638855
test_protein_4570,0.26404714584350586
test_protein_4569,0.13810484111309052
test_protein_4572,0.42551419138908386
test_protein_4574,0.60914134979248047
test_protein_4573,0.45335188508033752
test_protein_4579,0.1899053156375885
test_protein_4575,0.31454008817672729
test_protein_4571,0.46570277214050293
test_protein_4581,0.42026469111442566
test_protein_4580,0.077926695346832275
test_protein_4577,0.255715012550354
test_protein_4578,0.51278197765350342
test_protein_4576,0.13409757614135742
test_protein_4582,0.43915835022926331
test_protein_4584,0.64260303974151611
test_protein_4587,0.16337719559669495
test_protein_4586,0.36023911833763123
test_protein_4583,0.22710862755775452
test_protein_4585,0.7264869213104248
test_protein_4593,0.80293333530426025
test_protein_4589,0.2743319571018219
test_protein_4591,0.73958379030227661
test_protein_4595,0.99969363212585449
test_protein_4588,0.8606865406036377
test_protein_4594,0.84933841228485107
test_protein_4590,0.99853014945983887
test_protein_4596,0.99980014562606812
test_protein_4600,0.97062855958938599
test_protein_4597,0.95422941446304321
test_protein_4599,0.8831213116645813
test_protein_4592,0.48272544145584106
test_protein_4604,0.73573654890060425
test_protein_4601,0.77016693353652954
test_protein_4605,0.92733985185623169
test_protein_4602,0.82407444715499878
test_protein_4603,0.91751354932785034
test_protein_4598,0.86714667081832886
test_protein_4607,0.99654030799865723
test_protein_4606,0.9900127649307251
test_protein_4611,0.47418257594108582
test_protein_4608,0.45480319857597351
test_protein_4615,0.72963535785675049
test_protein_4612,0.68231415748596191
test_protein_4614,0.64270251989364624
test_protein_4609,0.49224302172660828
test_protein_4616,0.44996222853660583
test_protein_4610,0.46068909764289856
test_protein_4613,0.55113554000854492
test_protein_4618,0.85851550102233887
test_protein_4619,0.79872959852218628
test_protein_4617,0.7550233006477356
test_protein_4620,0.95448893308639526
test_protein_4622,0.9810798168182373
test_protein_4625,0.66388291120529175
test_protein_4623,0.90871196985244751
test_protein_4624,0.76859986782073975
test_protein_4621,0.99636638164520264
test_protein_4626,0.91884255409240723
test_protein_4627,0.8929477334022522
test_protein_4631,6.5080901549663395e-05
test_protein_4629,0.29795128107070923
test_protein_4628,0.95466893911361694
test_protein_4630,0.30937477946281433
test_protein_4635,0.053042829036712646
test_protein_4632,0.59789246320724487
test_protein_4636,0.27347379922866821
test_protein_4634,0.19987353682518005
test_protein_4633,0.37912288308143616
test_protein_4638,0.027723386883735657
test_protein_4640,0.53469002246856689
test_protein_4639,0.081599868834018707
test_protein_4637,0.43849056959152222
test_protein_4641,0.24593481421470642
test_protein_4644,0.37019053101539612
test_protein_4645,0.61759012937545776
test_protein_4646,0.021397195756435394
test_protein_4643,0.59759747982025146
test_protein_4642,0.10155606269836426
test_protein_4647,0.00050965382251888514
test_protein_4649,0.080735795199871063
test_protein_4652,0.33084264397621155
test_protein_4651,0.51957607269287109
test_protein_4653,0.45758926868438721
test_protein_4648,0.00015096546849235892
test_protein_4650,0.15407633781433105
test_protein_4658,0.51398736238479614
test_protein_4654,0.47406163811683655
test_protein_4656,0.4237639307975769
test_protein_4655,0.43834385275840759
test_protein_4659,7.5843556260224432e-05
test_protein_4661,0.63774627447128296
test_protein_4657,0.67109167575836182
test_protein_4660,0.50304603576660156
test_protein_4663,0.023452794179320335
test_protein_4665,0.07998935878276825
test_protein_4664,0.1533554345369339
test_protein_4666,0.63481318950653076
test_protein_4662,0.17731666564941406
test_protein_4667,0.076614893972873688
test_protein_4669,0.5084843635559082
test_protein_4668,0.32565557956695557
test_protein_4672,0.0029536699876189232
test_protein_4670,0.38063529133796692
test_protein_4671,0.29148045182228088
test_protein_4675,0.17732919752597809
test_protein_4676,0.50522613525390625
test_protein_4673,0.006466384045779705
test_protein_4677,0.49261844158172607
test_protein_4674,0.51723504066467285
test_protein_4680,0.023911267518997192
test_protein_4679,0.60086590051651001
test_protein_4678,0.72713881731033325
test_protein_4682,0.35235270857810974
test_protein_4683,0.14955964684486389
test_protein_4684,0.5640568733215332
test_protein_4681,0.1455342173576355
test_protein_4689,0.53450244665145874
test_protein_4688,0.0026611315552145243
test_protein_4687,0.0070195426233112812
test_protein_4686,0.21745499968528748
test_protein_4685,0.25084450840950012
test_protein_4690,0.11742691695690155
test_protein_4692,0.34947559237480164
test_protein_4694,0.0017888032598420978
test_protein_4691,0.82196933031082153
test_protein_4696,0.26036316156387329
test_protein_4693,0.52964454889297485
test_protein_4695,0.24146190285682678
test_protein_4697,0.00037829080247320235
test_protein_4700,0.70319837331771851
test_protein_4698,0.47629591822624207
test_protein_4699,0.38828951120376587
test_protein_4704,0.61096370220184326
test_protein_4702,0.4402281641960144
test_protein_4703,0.77746593952178955
test_protein_4705,0.57919985055923462
test_protein_4701,0.33923429250717163
test_protein_4706,0.29001578688621521
test_protein_4708,0.37892189621925354
test_protein_4707,0.13788872957229614
test_protein_4709,0.29694837331771851
test_protein_4710,0.66521424055099487
test_protein_4712,0.27626493573188782
test_protein_4711,0.8063126802444458
test_protein_4713,0.00068918056786060333
test_protein_4716,0.3126882016658783
test_protein_4714,0.00034631454036571085
test_protein_4715,0.30571269989013672
test_protein_4719,0.55753028392791748
test_protein_4717,0.15679697692394257
test_protein_4720,0.84074801206588745
test_protein_4723,0.2796940803527832
test_protein_4722,0.56265044212341309
test_protein_4718,0.00014785425446461886
test_protein_4721,0.29065603017807007
test_protein_4725,0.11481336504220963
test_protein_4726,0.11755270510911942
test_protein_4724,0.90438884496688843
test_protein_4727,0.50055736303329468
test_protein_4729,0.42957770824432373
test_protein_4732,0.44186949729919434
test_protein_4733,1.6412494005635381e-05
test_protein_4728,0.5189940333366394
test_protein_4731,0.69054645299911499
test_protein_4735,0.358847975730896
test_protein_4734,0.2420356273651123
test_protein_4730,0.23934511840343475
test_protein_4740,0.68434435129165649
test_protein_4742,0.49053016304969788
test_protein_4738,0.61554527282714844
test_protein_4737,0.59043735265731812
test_protein_4736,0.66204774379730225
test_protein_4739,0.67423129081726074
test_protein_4741,0.29411411285400391
test_protein_4743,1.7099299611800234e-06
test_protein_4744,0.26816794276237488
test_protein_4749,0.3358672559261322
test_protein_4746,0.10581137239933014
test_protein_4748,0.36027738451957703
test_protein_4745,0.0011825227411463857
test_protein_4751,0.14898376166820526
test_protein_4752,0.22753290832042694
test_protein_4753,0.30499371886253357
test_protein_4750,0.020805684849619865
test_protein_4747,0.43449118733406067
test_protein_4754,0.013370809145271778
test_protein_4756,0.42920118570327759
test_protein_4757,0.46493515372276306
test_protein_4763,0.28581863641738892
test_protein_4760,0.32946938276290894
test_protein_4759,0.15257138013839722
test_protein_4758,0.4385867714881897
test_protein_4761,0.53018414974212646
test_protein_4765,0.18520951271057129
test_protein_4762,0.62287753820419312
test_protein_4755,0.20722077786922455
test_protein_4764,0.57965612411499023
test_protein_4766,0.70929032564163208
test_protein_4767,0.027292311191558838
test_protein_4768,0.71941852569580078
test_protein_4770,0.71755343675613403
test_protein_4769,0.72665894031524658
test_protein_4771,0.43973904848098755
test_protein_4772,0.43170821666717529
test_protein_4773,0.27531284093856812
test_protein_4775,0.11883244663476944
test_protein_4776,0.24247802793979645
test_protein_4774,0.073787197470664978
test_protein_4777,0.076502509415149689
test_protein_4780,0.57396739721298218
test_protein_4783,0.0029334940481930971
test_protein_4784,0.27243182063102722
test_protein_4778,0.41655570268630981
test_protein_4781,0.23056922852993011
test_protein_4779,0.13867317140102386
test_protein_4782,0.46560201048851013
test_protein_4786,0.050637513399124146
test_protein_4785,0.00024784434936009347
test_protein_4787,0.31644389033317566
test_protein_4788,0.44133120775222778
test_protein_4789,0.62377077341079712
test_protein_4790,0.61695128679275513
test_protein_4792,0.63067597150802612
test_protein_4791,0.33352702856063843
test_protein_4793,0.42528828978538513
test_protein_4794,0.33303222060203552
test_protein_4796,0.58841747045516968
test_protein_4800,0.18826620280742645
test_protein_4797,0.63547730445861816
test_protein_4798,0.4007398784160614
test_protein_4799,0.24600175023078918
test_protein_4795,0.33938735723495483
test_protein_4801,0.13849475979804993
test_protein_4802,0.33140799403190613
test_protein_4803,0.63239723443984985
test_protein_4805,0.53315186500549316
test_protein_4806,0.7850189208984375
test_protein_4808,0.082292288541793823
test_protein_4804,0.38540381193161011
test_protein_4807,0.091712795197963715
test_protein_4809,0.07361941784620285
test_protein_4810,0.11601937562227249
test_protein_4813,0.13294848799705505
test_protein_4812,0.14848716557025909
test_protein_4811,0.03795991837978363
test_protein_4815,0.32794424891471863
test_protein_4814,0.11256884783506393
test_protein_4818,0.14130623638629913
test_protein_4819,0.47567054629325867
test_protein_4816,0.18609905242919922
test_protein_4817,0.03913448378443718
test_protein_4820,0.30844298005104065
test_protein_4822,0.56738460063934326
test_protein_4823,0.31921842694282532
test_protein_4821,0.31254717707633972
test_protein_4826,0.44241231679916382
test_protein_4824,0.24510243535041809
test_protein_4834,0.49359014630317688
test_protein_4830,0.00028191282763145864
test_protein_4827,0.1784430593252182
test_protein_4831,0.15957050025463104
test_protein_4828,0.39326852560043335
test_protein_4825,0.41060364246368408
test_protein_4829,0.43299669027328491
test_protein_4832,0.53861320018768311
test_protein_4833,0.15935428440570831
test_protein_4837,0.14100438356399536
test_protein_4836,0.42735257744789124
test_protein_4839,0.00016765433247201145
test_protein_4841,0.55210518836975098
test_protein_4838,0.32158797979354858
test_protein_4835,0.068647153675556183
test_protein_4840,0.21939201653003693
test_protein_4842,0.28693094849586487
test_protein_4843,0.10983684659004211
test_protein_4847,0.23696549236774445
test_protein_4844,0.11202040314674377
test_protein_4845,0.41989514231681824
test_protein_4849,0.32120794057846069
test_protein_4851,0.13168729841709137
test_protein_4846,0.62302851676940918
test_protein_4848,0.3738740086555481
test_protein_4850,0.6234167218208313
test_protein_4853,0.47703799605369568
test_protein_4855,0.3969382643699646
test_protein_4852,0.2704106867313385
test_protein_4859,0.31225171685218811
test_protein_4858,0.029439836740493774
test_protein_4854,0.21810032427310944
test_protein_4857,0.21706695854663849
test_protein_4860,0.1231597512960434
test_protein_4856,0.61236554384231567
test_protein_4863,0.47429606318473816
test_protein_4861,0.10409079492092133
test_protein_4866,0.069221287965774536
test_protein_4864,0.39420667290687561
test_protein_4862,0.067042745649814606
test_protein_4865,0.61495959758758545
test_protein_4868,0.45995581150054932
test_protein_4870,0.52101951837539673
test_protein_4867,0.00098723289556801319
test_protein_4869,0.46285572648048401
test_protein_4871,0.030086584389209747
test_protein_4873,0.46912690997123718
test_protein_4872,0.092149600386619568
test_protein_4876,0.11242005228996277
test_protein_4874,0.00097942538559436798
test_protein_4878,0.63199377059936523
test_protein_4879,0.59035861492156982
test_protein_4882,0.51169615983963013
test_protein_4886,0.17488420009613037
test_protein_4875,0.43407449126243591
test_protein_4880,0.24723580479621887
test_protein_4884,0.58850955963134766
test_protein_4881,0.13805396854877472
test_protein_4883,1.1638311661954504e-05
test_protein_4885,0.66747629642486572
test_protein_4877,0.50402343273162842
test_protein_4891,0.50876086950302124
test_protein_4887,0.29267627000808716
test_protein_4890,0.0049684508703649044
test_protein_4894,0.29411303997039795
test_protein_4888,0.00029648662894032896
test_protein_4889,0.40220260620117188
test_protein_4895,0.83810490369796753
test_protein_4893,0.00010228893370367587
test_protein_4897,9.3162889243103564e-05
test_protein_4892,0.16650430858135223
test_protein_4896,0.35486072301864624
test_protein_4898,0.30852007865905762
test_protein_4900,0.42016926407814026
test_protein_4899,0.36028948426246643
test_protein_4901,0.43264564871788025
test_protein_4902,0.51996487379074097
test_protein_4903,0.26443022489547729
test_protein_4908,0.0706605464220047
test_protein_4904,0.24041810631752014
test_protein_4907,0.40728068351745605
test_protein_4910,0.25897732377052307
test_protein_4909,0.258684903383255
test_protein_4906,0.17935895919799805
test_protein_4911,0.33353126049041748
test_protein_4913,0.11990311741828918
test_protein_4905,0.74189651012420654
test_protein_4912,0.41941353678703308
test_protein_4916,0.06213083490729332
test_protein_4914,0.40439495444297791
test_protein_4915,0.5518646240234375
test_protein_4920,0.5060688853263855
test_protein_4921,0.46388134360313416
test_protein_4923,0.55436193943023682
test_protein_4918,0.00016653221973683685
test_protein_4919,0.10592805594205856
test_protein_4922,0.16503801941871643
test_protein_4924,0.30209001898765564
test_protein_4926,0.32369229197502136
test_protein_4927,0.72996938228607178
test_protein_4925,0.045870136469602585
test_protein_4917,0.63191705942153931
test_protein_4928,0.51252734661102295
test_protein_4929,0.63902199268341064
test_protein_4934,0.60480552911758423
test_protein_4930,0.78710472583770752
test_protein_4935,0.55872774124145508
test_protein_4932,0.41369971632957458
test_protein_4936,0.51728302240371704
test_protein_4933,0.0014919107779860497
test_protein_4931,0.35537773370742798
test_protein_4938,0.63259232044219971
test_protein_4937,0.49031513929367065
test_protein_4939,0.00031161570223048329
test_protein_4944,7.3327668360434473e-05
test_protein_4940,0.79908305406570435
test_protein_4941,0.24266213178634644
test_protein_4945,0.028240859508514404
test_protein_4942,0.37679249048233032
test_protein_4943,0.094523973762989044
test_protein_4947,0.214725062251091
test_protein_4946,0.6461411714553833
test_protein_4948,0.10148317366838455
test_protein_4950,0.28177464008331299
test_protein_4949,0.073687456548213959
test_protein_4952,0.033683296293020248
test_protein_4953,0.25709712505340576
test_protein_4951,0.65369957685470581
test_protein_4961,0.73058664798736572
test_protein_4954,0.10750185698270798
test_protein_4955,0.53292328119277954
test_protein_4957,0.078104816377162933
test_protein_4959,0.013483641669154167
test_protein_4956,0.054982267320156097
test_protein_4960,0.43375688791275024
test_protein_4958,0.26279011368751526
test_protein_4963,0.15448020398616791
test_protein_4965,0.3233511745929718
test_protein_4964,0.48637771606445312
test_protein_4962,0.54866790771484375
test_protein_4969,0.0065556196495890617
test_protein_4971,0.4782775342464447
test_protein_4968,3.4288688766537234e-05
test_protein_4970,0.19037681818008423
test_protein_4967,0.44635704159736633
test_protein_4966,0.00028828249196521938
test_protein_4973,0.26034164428710938
test_protein_4978,0.35629138350486755
test_protein_4975,0.45792639255523682
test_protein_4972,0.49405616521835327
test_protein_4976,0.48334228992462158
test_protein_4974,0.48267936706542969
test_protein_4979,0.58783894777297974
test_protein_4982,0.33798420429229736
test_protein_4984,0.70540976524353027
test_protein_4980,1.0424085303384345e-05
test_protein_4986,0.6247287392616272
test_protein_4985,0.59427237510681152
test_protein_4989,0.04480203241109848
test_protein_4981,0.021744916215538979
test_protein_4983,2.1848163669346832e-06
test_protein_4977,0.046616058796644211
test_protein_4987,0.50282377004623413
test_protein_4988,0.39878055453300476
test_protein_4991,0.29605728387832642
test_protein_4990,0.45592835545539856
test_protein_4992,0.18458408117294312
test_protein_4994,0.20879991352558136
test_protein_4993,0.0003709991869982332
test_protein_4998,0.26405605673789978
test_protein_4997,0.71327412128448486
test_protein_4995,0.15257233381271362
test_protein_5002,0.72436100244522095
test_protein_5001,0.57421553134918213
test_protein_4999,0.30747872591018677
test_protein_4996,0.32825851440429688
test_protein_5000,0.45300033688545227
test_protein_5006,0.13130684196949005
test_protein_5004,0.068240314722061157
test_protein_5003,0.025048539042472839
test_protein_5005,0.42788958549499512
test_protein_5008,0.0012142772320657969
test_protein_5011,0.025319654494524002
test_protein_5013,0.59418225288391113
test_protein_5007,0.15563297271728516
test_protein_5012,0.19313131272792816
test_protein_5009,0.076582916080951691
test_protein_5014,0.19520394504070282
test_protein_5010,0.4296438992023468
test_protein_5016,0.22078943252563477
test_protein_5018,0.45430943369865417
test_protein_5017,0.33412924408912659
test_protein_5019,0.41289708018302917
test_protein_5020,0.50989878177642822
test_protein_5021,0.28839737176895142
test_protein_5015,0.847148597240448
test_protein_5022,0.63414102792739868
test_protein_5023,0.0004719868884421885
test_protein_5024,0.02554311603307724
test_protein_5027,0.20748130977153778
test_protein_5034,0.51154482364654541
test_protein_5026,8.3451714090188034e-06
test_protein_5029,0.069995708763599396
test_protein_5025,0.5836634635925293
test_protein_5030,0.17183162271976471
test_protein_5035,0.54515540599822998
test_protein_5028,0.21702605485916138
test_protein_5031,0.056455653160810471
test_protein_5032,0.21938829123973846
test_protein_5033,0.51625657081604004
test_protein_5038,0.2021811306476593
test_protein_5037,0.0002743267104960978
test_protein_5036,0.094279177486896515
test_protein_5039,0.45641610026359558
test_protein_5042,0.00053731194930151105
test_protein_5043,0.12743498384952545
test_protein_5041,0.2871246337890625
test_protein_5040,0.27776098251342773
test_protein_5047,0.43843898177146912
test_protein_5046,0.77581232786178589
test_protein_5044,0.2965146005153656
test_protein_5049,0.52711480855941772
test_protein_5045,0.00010772794485092163
test_protein_5048,0.37310317158699036
test_protein_5051,0.35225623846054077
test_protein_5052,0.51457643508911133
test_protein_5050,0.80308073759078979
test_protein_5053,0.45614796876907349
test_protein_5055,0.053801223635673523
test_protein_5054,0.090874888002872467
test_protein_5057,0.33491814136505127
test_protein_5056,0.47267988324165344
test_protein_5059,0.21751700341701508
test_protein_5060,0.0004532898310571909
test_protein_5058,0.4355199933052063
test_protein_5065,0.2745174765586853
test_protein_5062,0.56350785493850708
test_protein_5066,0.037148650735616684
test_protein_5063,0.54416292905807495
test_protein_5061,0.003118675434961915
test_protein_5064,0.28518596291542053
test_protein_5068,0.34361156821250916
test_protein_5067,0.52151894569396973
test_protein_5069,0.54483294486999512
test_protein_5072,0.18063515424728394
test_protein_5070,0.4814421534538269
test_protein_5071,0.35815370082855225
test_protein_5073,0.37573954463005066
test_protein_5074,0.22804182767868042
test_protein_5075,0.56530267000198364
test_protein_5081,0.64025187492370605
test_protein_5080,0.3840644359588623
test_protein_5082,0.53268003463745117
test_protein_5077,0.57391208410263062
test_protein_5076,0.35836139321327209
test_protein_5078,0.37351605296134949
test_protein_5079,0.60233968496322632
test_protein_5084,0.46332365274429321
test_protein_5087,0.53912746906280518
test_protein_5085,0.27517774701118469
test_protein_5083,0.63566666841506958
test_protein_5089,0.24361623823642731
test_protein_5086,0.00022327282931655645
test_protein_5092,0.28679636120796204
test_protein_5088,0.20075774192810059
test_protein_5091,0.24256588518619537
test_protein_5094,3.145136361126788e-05
test_protein_5090,0.38568270206451416
test_protein_5093,0.0076986406929790974
test_protein_5096,0.39068379998207092
test_protein_5101,0.31563538312911987
test_protein_5095,0.42891731858253479
test_protein_5100,0.00029116930090822279
test_protein_5098,0.7168009877204895
test_protein_5097,0.0019078355981037021
test_protein_5102,0.50472003221511841
test_protein_5104,0.47910603880882263
test_protein_5103,0.32168090343475342
test_protein_5099,0.36896398663520813
test_protein_5105,0.64210182428359985
test_protein_5109,0.4228837788105011
test_protein_5107,0.29479867219924927
test_protein_5106,0.010826830752193928
test_protein_5113,0.086332835257053375
test_protein_5112,0.18106667697429657
test_protein_5111,0.10138766467571259
test_protein_5110,0.34086871147155762
test_protein_5108,0.11147899925708771
test_protein_5116,9.9154429335612804e-05
test_protein_5115,0.085656270384788513
test_protein_5117,0.072661742568016052
test_protein_5120,0.35727995634078979
test_protein_5114,0.3318277895450592
test_protein_5118,0.4182695746421814
test_protein_5121,0.68469458818435669
test_protein_5123,0.33715695142745972
test_protein_5125,0.49461781978607178
test_protein_5122,0.39909404516220093
test_protein_5124,0.37830060720443726
test_protein_5119,0.056284647434949875
test_protein_5130,0.075814157724380493
test_protein_5127,0.051682997494935989
test_protein_5128,0.30518278479576111
test_protein_5126,0.0020679859444499016
test_protein_5131,0.02955671027302742
test_protein_5129,0.053766541182994843
test_protein_5132,0.72542655467987061
test_protein_5136,0.18824872374534607
test_protein_5133,0.40373533964157104
test_protein_5135,0.57642418146133423
test_protein_5134,0.065054737031459808
test_protein_5137,0.16624018549919128
test_protein_5139,0.58034354448318481
test_protein_5138,0.48169106245040894
test_protein_5145,0.43329891562461853
test_protein_5144,0.61302065849304199
test_protein_5140,0.3437771201133728
test_protein_5143,0.51582157611846924
test_protein_5141,0.54023879766464233
test_protein_5142,0.50665014982223511
test_protein_5149,0.32177203893661499
test_protein_5146,0.44780829548835754
test_protein_5148,0.036315638571977615
test_protein_5154,0.40529608726501465
test_protein_5156,0.70663589239120483
test_protein_5147,0.16014190018177032
test_protein_5155,5.5294626690738369e-06
test_protein_5150,0.72952300310134888
test_protein_5153,0.35866466164588928
test_protein_5151,0.30775967240333557
test_protein_5152,0.54719316959381104
test_protein_5158,0.35861757397651672
test_protein_5157,0.10879603773355484
test_protein_5159,0.25950855016708374
test_protein_5163,0.085324063897132874
test_protein_5161,0.14692461490631104
test_protein_5162,0.1507335901260376
test_protein_5160,0.36947181820869446
test_protein_5166,0.28097391128540039
test_protein_5168,0.37204527854919434
test_protein_5165,0.19075469672679901
test_protein_5171,0.491606205701828
test_protein_5167,0.42839044332504272
test_protein_5169,0.08368828147649765
test_protein_5164,4.6451354137388989e-05
test_protein_5173,0.63574200868606567
test_protein_5172,0.10653039067983627
test_protein_5174,0.038296326994895935
test_protein_5170,0.27647006511688232
test_protein_5176,0.24619925022125244
test_protein_5177,0.12220559269189835
test_protein_5178,0.35993421077728271
test_protein_5180,0.16716448962688446
test_protein_5175,0.3547435998916626
test_protein_5182,0.00019392689864616841
test_protein_5179,0.4829484224319458
test_protein_5184,0.123555988073349
test_protein_5183,0.310945063829422
test_protein_5181,0.26403060555458069
test_protein_5185,0.12616923451423645
test_protein_5186,0.47031769156455994
test_protein_5191,0.021397406235337257
test_protein_5188,0.64698135852813721
test_protein_5192,0.30415931344032288
test_protein_5194,0.24317795038223267
test_protein_5190,0.10844146460294724
test_protein_5193,0.52761745452880859
test_protein_5189,0.12252765893936157
test_protein_5187,0.55042970180511475
test_protein_5197,0.10698740184307098
test_protein_5196,0.46215111017227173
test_protein_5199,0.43704482913017273
test_protein_5195,0.65642362833023071
test_protein_5198,0.29134190082550049
test_protein_5202,0.28929042816162109
test_protein_5203,0.65493088960647583
test_protein_5200,0.01394074410200119
test_protein_5201,0.93959915637969971
test_protein_5205,0.00047343401820398867
test_protein_5204,0.37233442068099976
test_protein_5209,0.2467203289270401
test_protein_5206,3.6449391700443812e-06
test_protein_5208,0.24177676439285278
test_protein_5213,0.36701700091362
test_protein_5207,0.38145843148231506
test_protein_5211,0.48531490564346313
test_protein_5210,0.46277955174446106
test_protein_5212,0.39974039793014526
test_protein_5217,0.51494544744491577
test_protein_5216,0.75446116924285889
test_protein_5215,0.00023326059454120696
test_protein_5214,0.085320010781288147
test_protein_5218,0.10587190836668015
test_protein_5221,0.39055505394935608
test_protein_5220,0.0054788640700280666
test_protein_5222,0.07909778505563736
test_protein_5219,0.00094777846243232489
test_protein_5225,0.5892372727394104
test_protein_5223,0.92604964971542358
test_protein_5231,0.31742733716964722
test_protein_5228,0.37287944555282593
test_protein_5226,0.53996837139129639
test_protein_5224,0.5158812403678894
test_protein_5230,0.30101752281188965
test_protein_5227,0.41426363587379456
test_protein_5229,0.27016013860702515
test_protein_5235,0.25209304690361023
test_protein_5232,0.15869511663913727
test_protein_5233,0.80293691158294678
test_protein_5237,0.47845891118049622
test_protein_5234,0.13022373616695404
test_protein_5236,0.16419464349746704
test_protein_5242,0.0089001040905714035
test_protein_5240,0.46855089068412781
test_protein_5241,0.28900882601737976
test_protein_5238,0.36035433411598206
test_protein_5243,0.19370816648006439
test_protein_5239,0.60728079080581665
test_protein_5244,0.25976532697677612
test_protein_5246,0.69048112630844116
test_protein_5245,0.38156586885452271
test_protein_5247,0.0015714399050921202
test_protein_5250,0.66194522380828857
test_protein_5248,0.46357041597366333
test_protein_5249,0.80886584520339966
test_protein_5252,0.33587554097175598
test_protein_5253,0.13737909495830536
test_protein_5251,0.13583645224571228
test_protein_5256,0.54817301034927368
test_protein_5258,0.053576860576868057
test_protein_5255,0.00022085722594056278
test_protein_5257,0.23714318871498108
test_protein_5254,0.021398549899458885
test_protein_5262,0.41050124168395996
test_protein_5259,0.26331079006195068
test_protein_5260,0.35699835419654846
test_protein_5263,0.1860332190990448
test_protein_5264,0.0007099442882463336
test_protein_5261,0.034329351037740707
test_protein_5265,0.0091311484575271606
test_protein_5267,0.26099738478660583
test_protein_5268,0.041171442717313766
test_protein_5269,0.018990816548466682
test_protein_5266,0.040688782930374146
test_protein_5273,3.2710064260754734e-05
test_protein_5271,0.22617943584918976
test_protein_5272,0.38752764463424683
test_protein_5270,0.68538612127304077
test_protein_5274,0.29942110180854797
test_protein_5280,0.12399750947952271
test_protein_5278,0.69630664587020874
test_protein_5277,0.0017665253253653646
test_protein_5279,0.41063401103019714
test_protein_5281,0.012779327109456062
test_protein_5276,0.0072098593227565289
test_protein_5275,0.14185354113578796
test_protein_5285,0.045630425214767456
test_protein_5283,0.45818948745727539
test_protein_5284,0.033292531967163086
test_protein_5282,0.13117809593677521
test_protein_5288,0.011910443194210529
test_protein_5286,0.47857069969177246
test_protein_5287,0.54393953084945679
test_protein_5292,0.0047326190397143364
test_protein_5289,0.064057223498821259
test_protein_5291,0.0053981221280992031
test_protein_5290,0.0022527056280523539
test_protein_5296,0.17794278264045715
test_protein_5294,0.08730914443731308
test_protein_5300,0.70313745737075806
test_protein_5295,0.37268003821372986
test_protein_5298,0.21051020920276642
test_protein_5293,0.54106974601745605
test_protein_5297,0.23659662902355194
test_protein_5299,0.31351631879806519
test_protein_5302,0.087578549981117249
test_protein_5305,0.54210233688354492
test_protein_5304,0.10682148486375809
test_protein_5306,0.093697316944599152
test_protein_5303,0.18464779853820801
test_protein_5307,0.004358198493719101
test_protein_5301,0.15815626084804535
test_protein_5308,0.44068515300750732
test_protein_5310,0.39533048868179321
test_protein_5309,0.34919753670692444
test_protein_5312,0.74105620384216309
test_protein_5311,0.42380109429359436
test_protein_5313,0.29376819729804993
test_protein_5314,0.31516104936599731
test_protein_5315,0.26589140295982361
test_protein_5316,0.13770836591720581
test_protein_5319,0.21564286947250366
test_protein_5318,0.37245866656303406
test_protein_5325,0.45121228694915771
test_protein_5322,0.44603314995765686
test_protein_5323,0.25035187602043152
test_protein_5317,0.0004817829467356205
test_protein_5326,0.032431721687316895
test_protein_5320,0.37020885944366455
test_protein_5327,0.49905279278755188
test_protein_5328,0.38286390900611877
test_protein_5321,0.13589870929718018
test_protein_5324,0.015140808187425137
test_protein_5329,0.29260209202766418
test_protein_5331,0.60208576917648315
test_protein_5330,0.0064792786724865437
test_protein_5332,0.59123170375823975
test_protein_5334,0.45996588468551636
test_protein_5333,0.23025771975517273
test_protein_5339,0.021368399262428284
test_protein_5335,0.008115030825138092
test_protein_5337,0.45060142874717712
test_protein_5338,0.00098783220164477825
test_protein_5341,0.47425612807273865
test_protein_5336,0.15372917056083679
test_protein_5342,0.70219206809997559
test_protein_5343,0.36023205518722534
test_protein_5340,0.50493365526199341
test_protein_5344,0.44049844145774841
test_protein_5345,0.45699933171272278
test_protein_5350,0.45485484600067139
test_protein_5348,0.17373450100421906
test_protein_5349,0.39027014374732971
test_protein_5346,0.52854025363922119
test_protein_5347,0.27861791849136353
test_protein_5352,0.017286481335759163
test_protein_5353,0.064747422933578491
test_protein_5355,0.32507583498954773
test_protein_5357,0.00020331528503447771
test_protein_5356,0.25282922387123108
test_protein_5358,0.23464876413345337
test_protein_5354,0.31286182999610901
test_protein_5351,0.67514318227767944
test_protein_5363,0.53860533237457275
test_protein_5359,0.008923875167965889
test_protein_5361,0.27757799625396729
test_protein_5365,0.3404771089553833
test_protein_5360,0.18969590961933136
test_protein_5362,0.20800955593585968
test_protein_5364,0.00076095701660960913
test_protein_5367,0.23354871571063995
test_protein_5370,0.42987629771232605
test_protein_5368,0.32997506856918335
test_protein_5371,0.023632634431123734
test_protein_5366,0.33444672822952271
test_protein_5369,0.022848337888717651
test_protein_5372,0.10336271673440933
test_protein_5373,0.023436671122908592
test_protein_5376,0.022944049909710884
test_protein_5380,0.49151739478111267
test_protein_5379,0.00087567459559068084
test_protein_5374,0.063946135342121124
test_protein_5384,0.46917217969894409
test_protein_5382,0.60109794139862061
test_protein_5377,0.64942127466201782
test_protein_5375,0.27935358881950378
test_protein_5381,0.046507060527801514
test_protein_5378,0.31896722316741943
test_protein_5385,0.32180947065353394
test_protein_5383,4.1830284317256883e-05
test_protein_5386,0.0039572035893797874
test_protein_5389,0.45992171764373779
test_protein_5391,0.00056280376156792045
test_protein_5388,0.16426102817058563
test_protein_5394,0.060024604201316833
test_protein_5392,0.47824099659919739
test_protein_5387,0.0086981188505887985
test_protein_5393,6.2948316781330504e-07
test_protein_5390,0.00027005578158423305
test_protein_5395,0.086151160299777985
test_protein_5396,0.44758251309394836
test_protein_5398,0.18498750030994415
test_protein_5402,0.19026175141334534
test_protein_5397,0.16701474785804749
test_protein_5404,0.34880676865577698
test_protein_5399,0.35479626059532166
test_protein_5400,0.54630780220031738
test_protein_5401,0.55355221033096313
test_protein_5403,0.86022782325744629
test_protein_5406,0.0096799107268452644
test_protein_5408,0.56004750728607178
test_protein_5409,0.64940810203552246
test_protein_5410,0.05952145904302597
test_protein_5412,0.02715279720723629
test_protein_5405,0.15973545610904694
test_protein_5407,0.15401418507099152
test_protein_5414,0.0048271827399730682
test_protein_5417,0.25015780329704285
test_protein_5411,0.12584730982780457
test_protein_5415,0.00026859933859668672
test_protein_5413,0.0005175397964194417
test_protein_5416,0.12261442840099335
test_protein_5420,0.037405800074338913
test_protein_5422,0.15258090198040009
test_protein_5418,0.17524769902229309
test_protein_5423,0.42857694625854492
test_protein_5419,0.17847563326358795
test_protein_5421,0.17970520257949829
test_protein_5424,0.040846329182386398
test_protein_5425,0.46571284532546997
test_protein_5428,0.14276570081710815
test_protein_5426,0.40354245901107788
test_protein_5429,0.0014523703139275312
test_protein_5430,0.10475520044565201
test_protein_5427,0.10064838081598282
test_protein_5431,0.51914364099502563
test_protein_5432,0.53458505868911743
test_protein_5435,0.073305323719978333
test_protein_5434,0.18062934279441833
test_protein_5437,0.14561235904693604
test_protein_5436,0.0035708756186068058
test_protein_5433,0.36141455173492432
test_protein_5439,0.50295144319534302
test_protein_5440,0.077009804546833038
test_protein_5438,0.69498521089553833
test_protein_5441,0.31956598162651062
test_protein_5442,0.58375751972198486
test_protein_5445,0.29390427470207214
test_protein_5444,0.20914581418037415
test_protein_5446,0.51491135358810425
test_protein_5447,0.17486974596977234
test_protein_5443,0.19047567248344421
test_protein_5449,0.0010901879286393523
test_protein_5448,0.17806920409202576
test_protein_5451,0.0025297682732343674
test_protein_5450,1.2962030268681701e-05
test_protein_5452,0.56305837631225586
test_protein_5453,0.38106322288513184
test_protein_5457,0.64830362796783447
test_protein_5458,0.27079692482948303
test_protein_5459,0.55309957265853882
test_protein_5455,0.24447658658027649
test_protein_5454,0.091333739459514618
test_protein_5456,0.18388049304485321
test_protein_5462,0.56258237361907959
test_protein_5463,0.52028894424438477
test_protein_5460,0.001872464781627059
test_protein_5465,0.42414218187332153
test_protein_5464,0.37810608744621277
test_protein_5461,0.34293171763420105
test_protein_5467,0.46172496676445007
test_protein_5468,0.13411380350589752
test_protein_5466,0.54280006885528564
test_protein_5469,0.56530487537384033
test_protein_5472,0.64448302984237671
test_protein_5470,0.11473310738801956
test_protein_5471,0.0013180056121200323
test_protein_5473,0.92888486385345459
test_protein_5475,0.55230981111526489
test_protein_5474,0.19899007678031921
test_protein_5477,0.046779777854681015
test_protein_5476,0.12039454281330109
test_protein_5483,0.017423437908291817
test_protein_5480,0.43714061379432678
test_protein_5478,0.12205742299556732
test_protein_5485,0.41791588068008423
test_protein_5481,0.10041742771863937
test_protein_5484,0.0081015434116125107
test_protein_5479,0.57137846946716309
test_protein_5482,0.011482693254947662
test_protein_5486,0.40656667947769165
test_protein_5487,0.032995410263538361
test_protein_5488,0.46836671233177185
test_protein_5489,0.168890580534935
test_protein_5493,0.57461714744567871
test_protein_5496,0.4368625283241272
test_protein_5490,0.019399208948016167
test_protein_5491,0.19861312210559845
test_protein_5497,0.022966807708144188
test_protein_5495,0.34788858890533447
test_protein_5492,0.11201018840074539
test_protein_5498,0.4038902223110199
test_protein_5494,0.24620279669761658
test_protein_5499,0.64894402027130127
test_protein_5501,0.54173135757446289
test_protein_5500,0.067357651889324188
test_protein_5502,0.35220202803611755
test_protein_5505,0.25655302405357361
test_protein_5508,0.29395577311515808
test_protein_5504,0.40742680430412292
test_protein_5510,0.29731154441833496
test_protein_5503,0.2717004120349884
test_protein_5506,0.00090003322111442685
test_protein_5509,0.44103294610977173
test_protein_5507,0.0077681029215455055
test_protein_5513,0.21286825835704803
test_protein_5516,0.20974740386009216
test_protein_5515,0.20077398419380188
test_protein_5511,0.3343658447265625
test_protein_5518,0.23441034555435181
test_protein_5514,0.032082840800285339
test_protein_5512,0.022103702649474144
test_protein_5517,0.69066518545150757
test_protein_5519,0.050114165991544724
test_protein_5520,0.40858593583106995
test_protein_5523,0.29938477277755737
test_protein_5521,0.49476468563079834
test_protein_5525,0.53394699096679688
test_protein_5526,0.51520127058029175
test_protein_5522,0.099719911813735962
test_protein_5530,0.10276644676923752
test_protein_5528,0.32958003878593445
test_protein_5532,0.49902161955833435
test_protein_5527,0.25630414485931396
test_protein_5529,0.22717350721359253
test_protein_5524,0.42302292585372925
test_protein_5533,0.054001953452825546
test_protein_5534,0.44957214593887329
test_protein_5531,0.12597014009952545
test_protein_5536,0.16260385513305664
test_protein_5538,0.26004597544670105
test_protein_5539,0.57735878229141235
test_protein_5541,0.68639504909515381
test_protein_5543,0.69401931762695312
test_protein_5542,0.36241647601127625
test_protein_5537,0.50431108474731445
test_protein_5535,0.40301153063774109
test_protein_5540,0.46939417719841003
test_protein_5544,0.24772608280181885
test_protein_5545,0.14282102882862091
test_protein_5546,0.48826751112937927
test_protein_5547,0.068582169711589813
test_protein_5548,0.38641950488090515
test_protein_5550,0.53235965967178345
test_protein_5549,0.88243252038955688
test_protein_5552,0.15128561854362488
test_protein_5551,0.00048472086200490594
test_protein_5556,0.16706106066703796
test_protein_5558,0.31860789656639099
test_protein_5557,0.17025727033615112
test_protein_5554,0.41945686936378479
test_protein_5553,0.24373233318328857
test_protein_5559,0.42299234867095947
test_protein_5555,0.60251075029373169
test_protein_5561,0.10355345904827118
test_protein_5562,0.78777879476547241
test_protein_5565,0.0075435880571603775
test_protein_5563,0.61725246906280518
test_protein_5560,0.05277913436293602
test_protein_5567,0.19652462005615234
test_protein_5569,0.20837782323360443
test_protein_5564,0.83983099460601807
test_protein_5571,0.46438094973564148
test_protein_5568,0.11037507653236389
test_protein_5566,7.7346649050014094e-06
test_protein_5574,0.40197506546974182
test_protein_5570,0.27125030755996704
test_protein_5572,0.50641632080078125
test_protein_5573,0.5579369068145752
test_protein_5579,0.026205023750662804
test_protein_5575,0.12299097329378128
test_protein_5578,0.24355067312717438
test_protein_5577,0.51859903335571289
test_protein_5576,0.16137105226516724
test_protein_5582,0.0068740928545594215
test_protein_5584,0.22785535454750061
test_protein_5581,0.21883723139762878
test_protein_5580,0.0028489544056355953
test_protein_5583,0.15904876589775085
test_protein_5585,0.07207421213388443
test_protein_5587,0.70887291431427002
test_protein_5588,0.41385254263877869
test_protein_5586,0.13899831473827362
test_protein_5590,0.65678101778030396
test_protein_5592,0.00019402139878366143
test_protein_5589,0.3630300760269165
test_protein_5591,0.39887449145317078
test_protein_5596,0.46910083293914795
test_protein_5593,0.0020196805708110332
test_protein_5595,0.0087561551481485367
test_protein_5594,0.08369281142950058
test_protein_5597,0.47100335359573364
test_protein_5599,0.092694759368896484
test_protein_5600,0.0530264712870121
test_protein_5598,0.8464694619178772
test_protein_5605,0.16811279952526093
test_protein_5601,0.15491384267807007
test_protein_5603,0.082859613001346588
test_protein_5608,0.42500430345535278
test_protein_5606,0.265909343957901
test_protein_5602,0.28281953930854797
test_protein_5607,0.47417840361595154
test_protein_5604,0.057809766381978989
test_protein_5611,0.63311308622360229
test_protein_5609,0.20983421802520752
test_protein_5613,0.037133112549781799
test_protein_5610,0.29508548974990845
test_protein_5614,0.14748647809028625
test_protein_5615,0.23145997524261475
test_protein_5612,0.48163744807243347
test_protein_5618,0.27600747346878052
test_protein_5619,0.00074275810038670897
test_protein_5621,0.5061601996421814
test_protein_5622,0.49959629774093628
test_protein_5620,0.39028149843215942
test_protein_5625,0.2775668203830719
test_protein_5623,0.49926912784576416
test_protein_5616,0.06902659684419632
test_protein_5617,0.2315562516450882
test_protein_5624,0.28631919622421265
test_protein_5626,0.28408369421958923
test_protein_5627,0.20233806967735291
test_protein_5628,0.77338004112243652
test_protein_5629,0.16418744623661041
test_protein_5632,0.61309468746185303
test_protein_5630,0.30618107318878174
test_protein_5631,0.79068827629089355
test_protein_5635,0.30285340547561646
test_protein_5636,0.38894158601760864
test_protein_5634,0.58013063669204712
test_protein_5638,0.409536212682724
test_protein_5639,0.21447944641113281
test_protein_5637,0.040937501937150955
test_protein_5633,0.31069269776344299
test_protein_5641,0.0561039038002491
test_protein_5640,0.094099357724189758
test_protein_5642,0.291248619556427
test_protein_5643,0.10955149680376053
test_protein_5644,0.56835627555847168
test_protein_5646,0.46508663892745972
test_protein_5645,0.32294419407844543
test_protein_5649,0.54299283027648926
test_protein_5651,0.41665145754814148
test_protein_5648,0.012276907451450825
test_protein_5647,0.24757556617259979
test_protein_5650,0.098743259906768799
test_protein_5653,0.49180522561073303
test_protein_5652,0.37457707524299622
test_protein_5654,0.0092503326013684273
test_protein_5656,0.27462425827980042
test_protein_5655,0.053087092936038971
test_protein_5657,0.00027301639784127474
test_protein_5659,0.00084660440916195512
test_protein_5658,0.72351711988449097
test_protein_5660,0.55582994222640991
test_protein_5661,0.1976502388715744
test_protein_5663,0.42603924870491028
test_protein_5664,0.65276098251342773
test_protein_5669,0.3766743540763855
test_protein_5667,0.22281856834888458
test_protein_5666,0.18575358390808105
test_protein_5662,0.28374016284942627
test_protein_5668,0.46867510676383972
test_protein_5665,0.55604463815689087
test_protein_5670,0.18385055661201477
test_protein_5672,0.031938076019287109
test_protein_5671,0.13313508033752441
test_protein_5674,0.36402758955955505
test_protein_5673,0.0022598730865865946
test_protein_5677,0.26515763998031616
test_protein_5676,0.069230139255523682
test_protein_5678,0.62304341793060303
test_protein_5675,0.55537980794906616
test_protein_5679,0.54924225807189941
test_protein_5680,0.39470565319061279
test_protein_5682,0.23500223457813263
test_protein_5684,5.6882308854255825e-05
test_protein_5683,0.33712878823280334
test_protein_5681,0.54511857032775879
test_protein_5685,0.002071028808131814
test_protein_5686,0.67023468017578125
test_protein_5687,0.51715636253356934
test_protein_5689,0.29381954669952393
test_protein_5695,0.10677231848239899
test_protein_5690,0.99942183494567871
test_protein_5694,0.17098253965377808
test_protein_5688,0.58061712980270386
test_protein_5691,0.57274460792541504
test_protein_5698,0.44831857085227966
test_protein_5696,0.23553119599819183
test_protein_5692,0.31293207406997681
test_protein_5693,0.254905104637146
test_protein_5699,0.25274059176445007
test_protein_5700,0.37864896655082703
test_protein_5697,0.38572749495506287
test_protein_5701,0.31211221218109131
test_protein_5702,0.18613439798355103
test_protein_5704,0.00020445292466320097
test_protein_5705,3.4087857784470543e-05
test_protein_5706,0.26086214184761047
test_protein_5708,0.45305848121643066
test_protein_5711,0.54002523422241211
test_protein_5707,0.55934643745422363
test_protein_5709,0.33802309632301331
test_protein_5712,0.46113148331642151
test_protein_5710,0.37203598022460938
test_protein_5713,0.57092475891113281
test_protein_5715,0.13496875762939453
test_protein_5717,0.64305788278579712
test_protein_5716,0.0067200413905084133
test_protein_5703,0.3407880961894989
test_protein_5714,0.34396690130233765
test_protein_5723,0.28678444027900696
test_protein_5720,0.68700283765792847
test_protein_5719,0.20709042251110077
test_protein_5722,0.36581975221633911
test_protein_5718,0.4550190269947052
test_protein_5721,0.35840025544166565
test_protein_5724,0.041857045143842697
test_protein_5727,1.8920673028333113e-05
test_protein_5725,2.7521042284206487e-05
test_protein_5729,0.33194372057914734
test_protein_5731,0.58540469408035278
test_protein_5728,0.45740920305252075
test_protein_5733,0.94540226459503174
test_protein_5726,0.42607828974723816
test_protein_5730,0.52019935846328735
test_protein_5732,0.28061771392822266
test_protein_5735,0.22289836406707764
test_protein_5734,0.025139978155493736
test_protein_5738,0.54802590608596802
test_protein_5740,0.34909367561340332
test_protein_5739,0.59888279438018799
test_protein_5737,0.21989300847053528
test_protein_5736,0.085263282060623169
test_protein_5741,0.0015836404636502266
test_protein_5745,0.0032102921977639198
test_protein_5744,0.048288781195878983
test_protein_5742,0.40924394130706787
test_protein_5747,0.01264017540961504
test_protein_5743,0.75871157646179199
test_protein_5746,0.01742074266076088
test_protein_5751,0.50298470258712769
test_protein_5749,0.0034494067076593637
test_protein_5748,0.38139685988426208
test_protein_5752,0.18648630380630493
test_protein_5750,0.51106727123260498
test_protein_5754,0.22206112742424011
test_protein_5753,0.1612851619720459
test_protein_5755,0.32503986358642578
test_protein_5758,0.065367475152015686
test_protein_5757,0.076075188815593719
test_protein_5756,0.298635333776474
test_protein_5759,0.12329871952533722
test_protein_5760,0.26666516065597534
test_protein_5761,0.0048754247836768627
test_protein_5763,0.26019412279129028
test_protein_5765,0.00015354921924881637
test_protein_5762,0.062612712383270264
test_protein_5766,0.42628717422485352
test_protein_5764,0.00065056286985054612
test_protein_5769,0.022282715886831284
test_protein_5770,0.077194996178150177
test_protein_5768,0.50763911008834839
test_protein_5767,0.47073301672935486
test_protein_5771,0.048237092792987823
test_protein_5774,0.412850022315979
test_protein_5772,0.32910540699958801
test_protein_5773,0.28754645586013794
test_protein_5777,0.41985970735549927
test_protein_5781,0.49076172709465027
test_protein_5775,0.24047622084617615
test_protein_5776,0.13927718997001648
test_protein_5780,0.029309328645467758
test_protein_5778,0.26016148924827576
test_protein_5785,0.1937919557094574
test_protein_5779,0.32913622260093689
test_protein_5783,0.67646586894989014
test_protein_5782,0.22957606613636017
test_protein_5786,0.43859648704528809
test_protein_5787,0.04053085669875145
test_protein_5784,0.25830632448196411
test_protein_5791,0.29645669460296631
test_protein_5793,0.071771040558815002
test_protein_5789,0.12732122838497162
test_protein_5794,0.23604570329189301
test_protein_5790,0.21188546717166901
test_protein_5788,0.13011571764945984
test_protein_5792,0.00083083048230037093
test_protein_6068,0.61088186502456665
test_protein_5795,0.026077054440975189
test_protein_6061,0.43532034754753113
test_protein_6062,0.39747941493988037
test_protein_6060,0.075414180755615234
test_protein_6066,0.98981499671936035
test_protein_6067,0.53979671001434326
test_protein_6064,0.29205408692359924
test_protein_6069,0.10288936644792557
test_protein_6065,0.32691368460655212
test_protein_6063,0.003187927883118391
test_protein_6070,0.68386709690093994
test_protein_6071,0.027392294257879257
test_protein_6073,0.33359682559967041
test_protein_6072,0.27450099587440491
test_protein_6083,0.33008879423141479
test_protein_6075,0.37394425272941589
test_protein_6082,0.2450384795665741
test_protein_6080,0.28520631790161133
test_protein_6086,0.5554543137550354
test_protein_6078,0.3151019811630249
test_protein_6074,0.057889837771654129
test_protein_6081,0.082249484956264496
test_protein_6084,0.41039037704467773
test_protein_6079,0.43283116817474365
test_protein_6076,0.21372851729393005
test_protein_6077,0.34715136885643005
test_protein_6087,0.39196470379829407
test_protein_6089,0.37936985492706299
test_protein_6085,0.041151970624923706
test_protein_6091,0.18355411291122437
test_protein_6093,0.36319026350975037
test_protein_6094,0.42263811826705933
test_protein_6088,0.11940133571624756
test_protein_6096,0.60392439365386963
test_protein_6092,0.71954047679901123
test_protein_6090,0.54415798187255859
test_protein_6095,0.061684884130954742
test_protein_6102,0.037190519273281097
test_protein_6100,0.070423439145088196
test_protein_6097,0.61509478092193604
test_protein_6099,0.26972097158432007
test_protein_6101,0.24423450231552124
test_protein_6103,0.23786470293998718
test_protein_6098,0.28136789798736572
test_protein_6104,0.40257132053375244
test_protein_6106,0.31558075547218323
test_protein_6109,0.70254158973693848
test_protein_6107,0.25465071201324463
test_protein_6111,0.35731026530265808
test_protein_6108,0.45862403512001038
test_protein_6110,0.41097551584243774
test_protein_6114,0.25279474258422852
test_protein_6112,0.19810326397418976
test_protein_6116,0.051856487989425659
test_protein_6105,0.061903759837150574
test_protein_6117,0.84034568071365356
test_protein_6118,0.37782025337219238
test_protein_6113,0.10041797906160355
test_protein_6125,0.15013021230697632
test_protein_6120,0.32176688313484192
test_protein_6119,0.39847683906555176
test_protein_6122,0.031054001301527023
test_protein_6128,0.24835178256034851
test_protein_6124,0.50015932321548462
test_protein_6129,0.0969662144780159
test_protein_6127,0.60067939758300781
test_protein_6123,0.30050578713417053
test_protein_6126,0.73261028528213501
test_protein_6115,0.29615235328674316
test_protein_6121,0.057375241070985794
test_protein_6130,0.036109160631895065
test_protein_6133,0.25869080424308777
test_protein_6131,0.27359399199485779
test_protein_6132,0.083420790731906891
test_protein_6134,0.21718421578407288
test_protein_6135,0.31971871852874756
test_protein_6136,0.1135474368929863
test_protein_6140,0.26450231671333313
test_protein_6137,0.1871100515127182
test_protein_6142,0.070398814976215363
test_protein_6139,0.26565912365913391
test_protein_6141,0.52227675914764404
test_protein_6138,0.78186935186386108
test_protein_6146,0.21940840780735016
test_protein_6144,0.21300545334815979
test_protein_6148,0.012345504947006702
test_protein_6147,0.4514235258102417
test_protein_6143,0.5384635329246521
test_protein_6145,0.14211465418338776
test_protein_6153,0.1360994428396225
test_protein_6149,0.094681091606616974
test_protein_6150,0.046903010457754135
test_protein_6152,0.80083286762237549
test_protein_6151,0.031261414289474487
test_protein_6159,0.083115950226783752
test_protein_6155,0.26328393816947937
test_protein_6156,0.36604288220405579
test_protein_6157,0.31179416179656982
test_protein_6154,0.32118064165115356
test_protein_6160,0.31108447909355164
test_protein_6158,0.79105603694915771
test_protein_6162,0.34404200315475464
test_protein_6161,0.4656846821308136
test_protein_6163,0.27471533417701721
test_protein_6164,0.020457204431295395
test_protein_6168,0.40829017758369446
test_protein_6166,0.40650978684425354
test_protein_6173,0.43895465135574341
test_protein_6171,0.3776252269744873
test_protein_6165,0.29195752739906311
test_protein_6169,0.088457554578781128
test_protein_6167,0.43837803602218628
test_protein_6175,0.059635680168867111
test_protein_6170,0.06791851669549942
test_protein_6172,0.34127381443977356
test_protein_6174,0.14955209195613861
test_protein_6177,0.066802561283111572
test_protein_6179,0.1620628833770752
test_protein_6176,0.023875391110777855
test_protein_6180,0.22378779947757721
test_protein_6178,0.39010575413703918
test_protein_6183,0.12979090213775635
test_protein_6184,0.36875468492507935
test_protein_6181,0.56607449054718018
test_protein_6182,0.30412754416465759
test_protein_6186,0.50461822748184204
test_protein_6187,0.39196649193763733
test_protein_6185,0.098025240004062653
test_protein_6191,0.109375961124897
test_protein_6192,0.2141595184803009
test_protein_6190,0.086545854806900024
test_protein_6194,0.18253561854362488
test_protein_6189,0.085341565310955048
test_protein_6188,0.16993729770183563
test_protein_6193,0.11684630811214447
test_protein_6196,0.056399423629045486
test_protein_6197,0.098753876984119415
test_protein_6195,0.29513591527938843
test_protein_6198,0.13409753143787384
test_protein_6203,0.43258804082870483
test_protein_6202,0.24168224632740021
test_protein_6204,0.1645522266626358
test_protein_6201,0.20690633356571198
test_protein_6205,0.27003109455108643
test_protein_6200,0.66050595045089722
test_protein_6199,0.48420935869216919
test_protein_6206,0.046947624534368515
test_protein_6208,0.35575485229492188
test_protein_6209,0.17185001075267792
test_protein_6207,0.45197021961212158
test_protein_6213,0.34300297498703003
test_protein_6214,0.058069981634616852
test_protein_6211,0.21285828948020935
test_protein_6210,0.66518408060073853
test_protein_6212,0.21704702079296112
test_protein_6217,0.39343541860580444
test_protein_6218,0.065792195498943329
test_protein_6215,0.046853091567754745
test_protein_6220,0.32391369342803955
test_protein_6221,0.12086161226034164
test_protein_6219,0.21299602091312408
test_protein_6216,0.32159951329231262
test_protein_6223,0.0075909760780632496
test_protein_6224,0.086063399910926819
test_protein_6222,0.3943856954574585
test_protein_6225,0.092202387750148773
test_protein_6229,0.27708667516708374
test_protein_6227,0.14874833822250366
test_protein_6228,0.38174149394035339
test_protein_6226,0.086597628891468048
test_protein_6231,0.0040508704259991646
test_protein_6230,0.65819591283798218
test_protein_6232,0.1210613027215004
test_protein_6236,0.41294261813163757
test_protein_6234,0.096611112356185913
test_protein_6237,0.27380204200744629
test_protein_6240,0.099860340356826782
test_protein_6233,0.42952579259872437
test_protein_6235,0.3962256908416748
test_protein_6238,0.18978556990623474
test_protein_6243,0.14083161950111389
test_protein_6242,0.52272164821624756
test_protein_6239,0.078738033771514893
test_protein_6241,0.09518277645111084
test_protein_6246,0.23656764626502991
test_protein_6244,0.24088491499423981
test_protein_6245,0.376840740442276
test_protein_6247,0.48690539598464966
test_protein_6248,0.13173694908618927
test_protein_6251,0.44811552762985229
test_protein_6250,0.34118589758872986
test_protein_6253,0.13262689113616943
test_protein_6249,0.25496783852577209
test_protein_6252,0.00025081963394768536
test_protein_6254,0.094859123229980469
test_protein_6258,0.078925922513008118
test_protein_6257,0.23259438574314117
test_protein_6255,0.13028629124164581
test_protein_6259,0.10261531919240952
test_protein_6261,0.22242426872253418
test_protein_6262,0.1980927437543869
test_protein_6260,0.32605040073394775
test_protein_6256,0.089786745607852936
test_protein_6264,0.37675800919532776
test_protein_6263,0.013147266581654549
test_protein_6265,0.16263666749000549
test_protein_6269,0.25422745943069458
test_protein_6270,0.21617886424064636
test_protein_6271,0.20125022530555725
test_protein_6268,0.055127818137407303
test_protein_6267,0.55091500282287598
test_protein_6266,0.032206203788518906
test_protein_6273,0.37843653559684753
test_protein_6275,0.43011978268623352
test_protein_6274,0.31911599636077881
test_protein_6276,0.025065202265977859
test_protein_6277,0.072070382535457611
test_protein_6272,0.40324684977531433
test_protein_6279,0.30071234703063965
test_protein_6280,0.29952773451805115
test_protein_6278,0.15437974035739899
test_protein_6282,0.24965791404247284
test_protein_6284,0.066826187074184418
test_protein_6285,0.26947027444839478
test_protein_6281,0.3176611065864563
test_protein_6287,0.11230852454900742
test_protein_6286,0.26437991857528687
test_protein_6288,0.017954586073756218
test_protein_6283,0.24132010340690613
test_protein_6289,0.0046478421427309513
test_protein_6292,0.1364806592464447
test_protein_6291,0.22369906306266785
test_protein_6294,0.51391851902008057
test_protein_6290,0.19172070920467377
test_protein_6293,0.29805919528007507
test_protein_6297,0.21755251288414001
test_protein_6296,0.22196246683597565
test_protein_6299,0.010916728526353836
test_protein_6295,0.75943648815155029
test_protein_6301,0.32322472333908081
test_protein_6298,0.085787259042263031
test_protein_6300,0.31583821773529053
test_protein_6302,0.46926701068878174
test_protein_6305,0.16848377883434296
test_protein_6303,0.19086040556430817
test_protein_6306,0.030408438295125961
test_protein_6309,0.026085942983627319
test_protein_6308,0.11376900225877762
test_protein_6304,0.24985517561435699
test_protein_6311,0.20184631645679474
test_protein_6307,0.092882812023162842
test_protein_6312,0.16964305937290192
test_protein_6313,0.36715185642242432
test_protein_6310,0.26379150152206421
test_protein_6315,0.20492574572563171
test_protein_6314,0.37911322712898254
test_protein_6319,0.11809615790843964
test_protein_6318,0.41452294588088989
test_protein_6316,0.29128310084342957
test_protein_6317,0.45954465866088867
test_protein_6321,0.16726873815059662
test_protein_6322,0.51817351579666138
test_protein_6323,0.30959019064903259
test_protein_6325,0.55893146991729736
test_protein_6320,0.67484152317047119
test_protein_6324,0.13482248783111572
test_protein_6326,0.35549533367156982
test_protein_6327,0.1343170702457428
test_protein_6328,0.16280613839626312
test_protein_6331,0.053674772381782532
test_protein_6329,0.16730275750160217
test_protein_6335,0.54524815082550049
test_protein_6330,0.0207933709025383
test_protein_6334,0.54944837093353271
test_protein_6332,0.28300732374191284
test_protein_6333,0.38186800479888916
test_protein_6337,0.29270517826080322
test_protein_6336,0.20700475573539734
test_protein_6343,0.13852787017822266
test_protein_6338,0.30050191283226013
test_protein_6339,0.36375600099563599
test_protein_6342,0.075714476406574249
test_protein_6341,0.18759962916374207
test_protein_6344,0.050448480993509293
test_protein_6340,0.012741240672767162
test_protein_6348,0.0052337124943733215
test_protein_6345,0.026018405333161354
test_protein_6349,0.2148299366235733
test_protein_6346,0.048876509070396423
test_protein_6347,0.14778712391853333
test_protein_6351,0.39207914471626282
test_protein_6355,0.51647269725799561
test_protein_6350,0.14214873313903809
test_protein_6353,0.069509968161582947
test_protein_6354,0.19117912650108337
test_protein_6352,0.061368096619844437
test_protein_6356,0.10615775734186172
test_protein_6357,0.13202966749668121
test_protein_6358,0.48876592516899109
test_protein_6360,0.39957964420318604
test_protein_6359,0.47419068217277527
test_protein_6365,0.12014053016901016
test_protein_6364,0.11853846907615662
test_protein_6366,0.59596407413482666
test_protein_6361,0.22866168618202209
test_protein_6363,0.075293675065040588
test_protein_6362,0.20702910423278809
test_protein_6370,0.38464033603668213
test_protein_6372,0.41234901547431946
test_protein_6367,0.16980670392513275
test_protein_6368,0.039201706647872925
test_protein_6369,0.41473090648651123
test_protein_6371,0.018770800903439522
test_protein_6375,0.49093079566955566
test_protein_6373,0.53802114725112915
test_protein_6374,0.041399158537387848
test_protein_6378,0.57738238573074341
test_protein_6377,0.35804453492164612
test_protein_6379,0.023825667798519135
test_protein_6383,0.0076657729223370552
test_protein_6376,0.07532510906457901
test_protein_6382,0.21185615658760071
test_protein_6380,0.042229950428009033
test_protein_6381,0.24598436057567596
test_protein_6385,0.24227762222290039
test_protein_6386,0.26950064301490784
test_protein_6384,0.26899489760398865
test_protein_6391,0.11111657321453094
test_protein_6387,0.54209965467453003
test_protein_6388,0.13519363105297089
test_protein_6390,0.49502146244049072
test_protein_6394,0.23779360949993134
test_protein_6389,0.20379137992858887
test_protein_6395,0.60217404365539551
test_protein_6392,0.055270254611968994
test_protein_6396,0.17253342270851135
test_protein_6393,0.55386108160018921
test_protein_6397,0.37182050943374634
test_protein_6403,0.34693118929862976
test_protein_6402,0.30078566074371338
test_protein_6407,0.2142779529094696
test_protein_6404,0.30566728115081787
test_protein_6399,0.296947181224823
test_protein_6398,0.30999964475631714
test_protein_6401,0.44214552640914917
test_protein_6400,0.25608071684837341
test_protein_6409,0.17182038724422455
test_protein_6405,0.14351402223110199
test_protein_6411,0.39045196771621704
test_protein_6408,0.91184675693511963
test_protein_6410,0.16714970767498016
test_protein_6406,0.089958302676677704
test_protein_6412,0.16049873828887939
test_protein_6413,0.59240400791168213
test_protein_6414,0.53750342130661011
test_protein_6415,0.54052847623825073
test_protein_6417,0.45529937744140625
test_protein_6420,0.23777520656585693
test_protein_6416,0.016169104725122452
test_protein_6418,0.083495892584323883
test_protein_6419,0.097594521939754486
test_protein_6422,0.19022223353385925
test_protein_6421,0.17805159091949463
test_protein_6427,0.16124218702316284
test_protein_6425,0.17765611410140991
test_protein_6426,0.12647464871406555
test_protein_6423,0.11556912958621979
test_protein_6424,0.49828740954399109
test_protein_6428,0.19527217745780945
test_protein_6434,0.53837782144546509
test_protein_6429,0.045230776071548462
test_protein_6430,0.28773412108421326
test_protein_6432,0.90865069627761841
test_protein_6436,0.31221660971641541
test_protein_6435,0.1018030196428299
test_protein_6433,0.11664269864559174
test_protein_6431,0.24204158782958984
test_protein_6437,0.32506400346755981
test_protein_6439,0.12587191164493561
test_protein_6440,0.44255882501602173
test_protein_6441,0.1038438156247139
test_protein_6438,0.30278909206390381
test_protein_6443,0.0042579215951263905
test_protein_6442,0.54213494062423706
test_protein_6447,0.24243147671222687
test_protein_6444,0.15920206904411316
test_protein_6450,0.3719005286693573
test_protein_6449,0.31227916479110718
test_protein_6445,0.066968746483325958
test_protein_6446,0.0992928147315979
test_protein_6448,0.047120016068220139
test_protein_6454,0.24212546646595001
test_protein_6452,0.33036062121391296
test_protein_6451,0.03927738219499588
test_protein_6453,0.1794763058423996
test_protein_6455,0.40985232591629028
test_protein_6456,0.1216442883014679
test_protein_6458,0.42703846096992493
test_protein_6457,0.1176908016204834
test_protein_6461,0.082675717771053314
test_protein_6466,0.41091147065162659
test_protein_6460,0.66889607906341553
test_protein_6463,0.034867148846387863
test_protein_6459,0.099030524492263794
test_protein_6469,0.044361039996147156
test_protein_6462,0.5506061315536499
test_protein_6465,0.19105944037437439
test_protein_6464,0.30968961119651794
test_protein_6471,0.74915409088134766
test_protein_6468,0.09268641471862793
test_protein_6467,0.13355150818824768
test_protein_6470,0.41798242926597595
test_protein_6476,0.053670547902584076
test_protein_6472,0.11919703334569931
test_protein_6475,0.40147033333778381
test_protein_6474,0.60552656650543213
test_protein_6473,0.41693881154060364
test_protein_6482,0.14862297475337982
test_protein_6480,0.44856846332550049
test_protein_6483,0.32103365659713745
test_protein_6478,0.1760467141866684
test_protein_6486,0.29222360253334045
test_protein_6479,0.21668989956378937
test_protein_6477,0.4509185254573822
test_protein_6484,0.072800979018211365
test_protein_6481,0.11387231200933456
test_protein_6485,0.22099392116069794
test_protein_6492,0.54884052276611328
test_protein_6493,0.10143672674894333
test_protein_6490,0.55848020315170288
test_protein_6488,0.69462203979492188
test_protein_6489,0.24880428612232208
test_protein_6491,0.068333178758621216
test_protein_6487,0.34863638877868652
test_protein_6494,0.30521181225776672
test_protein_6496,0.83879303932189941
test_protein_6499,0.36119234561920166
test_protein_6497,0.18402315676212311
test_protein_6495,0.5459296703338623
test_protein_6500,0.10140980780124664
test_protein_6498,0.10726609826087952
test_protein_6501,0.42082124948501587
test_protein_6505,0.59842681884765625
test_protein_6504,0.094558589160442352
test_protein_6503,0.33514082431793213
test_protein_6509,0.68733322620391846
test_protein_6507,0.17823076248168945
test_protein_6510,0.64553344249725342
test_protein_6508,0.16813977062702179
test_protein_6502,0.048506487160921097
test_protein_6506,0.46470418572425842
test_protein_6515,0.012098147533833981
test_protein_6511,0.58310723304748535
test_protein_6516,0.18379001319408417
test_protein_6513,0.12034401297569275
test_protein_6514,0.22161881625652313
test_protein_6512,0.34561315178871155
test_protein_6520,0.35778644680976868
test_protein_6517,0.17067791521549225
test_protein_6522,0.37397301197052002
test_protein_6518,0.53392434120178223
test_protein_6521,0.27428653836250305
test_protein_6523,0.013415739871561527
test_protein_6519,0.18288058042526245
test_protein_6525,0.077660441398620605
test_protein_6526,0.44582605361938477
test_protein_6529,0.14809989929199219
test_protein_6528,0.41294720768928528
test_protein_6527,0.23593778908252716
test_protein_6530,0.17733375728130341
test_protein_6524,0.32281979918479919
test_protein_6531,0.23476174473762512
test_protein_6532,0.52184659242630005
test_protein_6533,0.30952379107475281
test_protein_6535,0.19429744780063629
test_protein_6534,0.11436261981725693
test_protein_6537,0.077226758003234863
test_protein_6539,0.15139101445674896
test_protein_6536,0.48083561658859253
test_protein_6542,0.29105183482170105
test_protein_6540,0.25662034749984741
test_protein_6538,0.18414062261581421
test_protein_6541,0.36393547058105469
test_protein_6543,0.18393154442310333
test_protein_6544,0.29585087299346924
test_protein_6548,0.13927802443504333
test_protein_6547,0.11893828213214874
test_protein_6551,0.026286564767360687
test_protein_6545,0.28708866238594055
test_protein_6549,0.058375202119350433
test_protein_6550,0.30208802223205566
test_protein_6546,0.2272697240114212
test_protein_6558,0.013222049921751022
test_protein_6552,0.1153888925909996
test_protein_6554,0.065494164824485779
test_protein_6553,0.25241118669509888
test_protein_6556,0.25816380977630615
test_protein_6559,0.019674988463521004
test_protein_6555,0.38327670097351074
test_protein_6557,0.13877853751182556
test_protein_6562,0.33563327789306641
test_protein_6561,0.11456456035375595
test_protein_6568,0.22813156247138977
test_protein_6563,0.73476046323776245
test_protein_6560,0.22929288446903229
test_protein_6564,0.45264241099357605
test_protein_6567,0.19776266813278198
test_protein_6566,0.23645502328872681
test_protein_6573,0.35346254706382751
test_protein_6565,0.71186494827270508
test_protein_6569,0.13867996633052826
test_protein_6572,0.20217882096767426
test_protein_6570,0.33966764807701111
test_protein_6574,0.27283012866973877
test_protein_6571,0.50757145881652832
test_protein_6575,0.13675035536289215
test_protein_6577,0.31515693664550781
test_protein_6576,0.48229539394378662
test_protein_6579,0.20719882845878601
test_protein_6578,0.22398337721824646
test_protein_6580,0.1761479526758194
test_protein_6583,0.1509559154510498
test_protein_6584,0.025739571079611778
test_protein_6582,0.54771333932876587
test_protein_6581,0.33821600675582886
test_protein_6585,0.27309563755989075
test_protein_6588,0.12594024837017059
test_protein_6586,0.14824269711971283
test_protein_6587,0.060573682188987732
test_protein_6591,0.112470343708992
test_protein_6590,0.11674240976572037
test_protein_6592,0.16668900847434998
test_protein_6589,0.45623216032981873
test_protein_6595,0.41067883372306824
test_protein_6598,0.031183943152427673
test_protein_6597,0.71917760372161865
test_protein_6596,0.15768000483512878
test_protein_6593,0.21070487797260284
test_protein_6594,0.11186540126800537
test_protein_6599,0.094031304121017456
test_protein_6604,0.19520542025566101
test_protein_6605,0.21232223510742188
test_protein_6602,0.38772550225257874
test_protein_6606,0.040105313062667847
test_protein_6601,0.22827310860157013
test_protein_6600,0.12293722480535507
test_protein_6603,0.26677313446998596
test_protein_6607,0.20122061669826508
test_protein_6610,0.097464993596076965
test_protein_6609,0.22462268173694611
test_protein_6611,0.27931338548660278
test_protein_6612,0.31528550386428833
test_protein_6608,0.14245572686195374
test_protein_6613,0.029644697904586792
test_protein_6614,0.19809280335903168
test_protein_6615,0.41909492015838623
test_protein_6616,0.44449368119239807
test_protein_6618,0.025755923241376877
test_protein_6617,0.082790963351726532
test_protein_6620,0.1016070693731308
test_protein_6619,0.13728241622447968
test_protein_6621,0.24563995003700256
test_protein_6626,0.43239903450012207
test_protein_6627,0.45231714844703674
test_protein_6623,0.35432708263397217
test_protein_6622,0.086767733097076416
test_protein_6625,0.96933752298355103
test_protein_6624,0.77713614702224731
test_protein_6628,0.4753572940826416
test_protein_6630,0.41213265061378479
test_protein_6631,0.025721743702888489
test_protein_6629,0.013496764935553074
test_protein_6633,0.68605893850326538
test_protein_6634,0.053347118198871613
test_protein_6636,0.020130343735218048
test_protein_6632,0.68022441864013672
test_protein_6640,0.19803597033023834
test_protein_6635,0.036068737506866455
test_protein_6637,0.27288243174552917
test_protein_6638,0.042978651821613312
test_protein_6641,0.54722273349761963
test_protein_6643,0.12756127119064331
test_protein_6639,0.65183115005493164
test_protein_6642,0.41593068838119507
test_protein_6644,0.03794388473033905
test_protein_6645,0.20577125251293182
test_protein_6646,0.62720721960067749
test_protein_6647,0.28179427981376648
test_protein_6649,0.35565471649169922
test_protein_6648,0.31436538696289062
test_protein_6650,0.077371396124362946
test_protein_6652,0.9640117883682251
test_protein_6651,0.4282086193561554
test_protein_6653,0.72297161817550659
test_protein_6656,0.20986892282962799
test_protein_6659,0.1140754222869873
test_protein_6655,0.69181978702545166
test_protein_6657,0.60529601573944092
test_protein_6654,0.65947866439819336
test_protein_6658,0.12688395380973816
test_protein_6661,0.26329329609870911
test_protein_6660,0.20704470574855804
test_protein_6662,0.28214505314826965
test_protein_6663,0.275409996509552
test_protein_6665,0.12816868722438812
test_protein_6666,0.32778963446617126
test_protein_6664,0.12245114147663116
test_protein_6669,0.3157660961151123
test_protein_6667,0.088524751365184784
test_protein_6668,0.21479718387126923
test_protein_6671,0.039866980165243149
test_protein_6673,0.41263416409492493
test_protein_6670,0.11756106466054916
test_protein_6672,0.011801453307271004
test_protein_6674,0.40982231497764587
test_protein_6678,0.80600887537002563
test_protein_6677,0.49644476175308228
test_protein_6675,0.55212986469268799
test_protein_6676,0.27736899256706238
test_protein_6684,0.050352562218904495
test_protein_6681,0.063208438456058502
test_protein_6683,0.19169865548610687
test_protein_6686,0.029915034770965576
test_protein_6680,0.56090569496154785
test_protein_6679,0.032132931053638458
test_protein_6685,0.43000885844230652
test_protein_6682,0.39713507890701294
test_protein_6687,0.15485189855098724
test_protein_6690,0.39491015672683716
test_protein_6689,0.14639227092266083
test_protein_6688,0.061036914587020874
test_protein_6692,0.23283454775810242
test_protein_6693,0.36737972497940063
test_protein_6696,0.36061424016952515
test_protein_6691,0.055369757115840912
test_protein_6694,0.24734118580818176
test_protein_6695,0.68727457523345947
test_protein_6697,0.72283309698104858
test_protein_6698,0.57599323987960815
test_protein_6703,0.70896542072296143
test_protein_6700,0.6185881495475769
test_protein_6699,0.20157913863658905
test_protein_6702,0.4171413779258728
test_protein_6701,0.096498683094978333
test_protein_6704,0.042056787759065628
test_protein_6705,0.034981902688741684
test_protein_6706,0.21419234573841095
test_protein_6709,0.018878772854804993
test_protein_6707,0.3881438672542572
test_protein_6712,0.3398212194442749
test_protein_6708,0.20446015894412994
test_protein_6711,0.36224430799484253
test_protein_6710,0.47144123911857605
test_protein_6713,0.29543673992156982
test_protein_6714,0.16613911092281342
test_protein_6716,0.52102303504943848
test_protein_6719,0.26239898800849915
test_protein_6715,0.071426063776016235
test_protein_6717,0.25757762789726257
test_protein_6720,0.096469268202781677
test_protein_6718,0.52806758880615234
test_protein_6721,0.29545307159423828
test_protein_6722,0.12853579223155975
test_protein_6723,0.11602457612752914
test_protein_6724,0.28809380531311035
test_protein_6726,0.21855023503303528
test_protein_6725,0.35067814588546753
test_protein_6728,0.26687288284301758
test_protein_6730,0.43902871012687683
test_protein_6727,0.17454560101032257
test_protein_6729,0.32597172260284424
test_protein_6731,0.20449090003967285
test_protein_6732,0.12041474133729935
test_protein_6736,0.37103056907653809
test_protein_6735,0.097892321646213531
test_protein_6739,0.44029831886291504
test_protein_6733,0.51079821586608887
test_protein_6734,0.5867006778717041
test_protein_6741,0.21287237107753754
test_protein_6740,0.42567238211631775
test_protein_6738,0.43167230486869812
test_protein_6737,0.11939495801925659
test_protein_6748,0.72525870800018311
test_protein_6744,0.069027483463287354
test_protein_6742,0.14201663434505463
test_protein_6743,0.44184902310371399
test_protein_6746,0.10528074949979782
test_protein_6745,0.24589851498603821
test_protein_6749,0.22736294567584991
test_protein_6747,0.23756557703018188
test_protein_6750,0.29152852296829224
test_protein_6751,0.18285329639911652
test_protein_6755,0.30822533369064331
test_protein_6756,0.57835650444030762
test_protein_6753,0.58947378396987915
test_protein_6752,0.033491369336843491
test_protein_6754,0.26176410913467407
test_protein_6757,0.12979842722415924
test_protein_6758,0.19875432550907135
test_protein_6760,0.11629868298768997
test_protein_6761,0.64605158567428589
test_protein_6766,0.098286442458629608
test_protein_6763,0.30772861838340759
test_protein_6765,0.14837771654129028
test_protein_6759,0.11374308913946152
test_protein_6762,0.45451578497886658
test_protein_6764,0.27516704797744751
test_protein_6768,0.036711093038320541
test_protein_6767,0.014033728279173374
test_protein_6769,0.029319951310753822
test_protein_6771,0.20744739472866058
test_protein_6770,0.28803923726081848
test_protein_6772,0.24460448324680328
test_protein_6774,0.46436744928359985
test_protein_6775,0.093622751533985138
test_protein_6773,0.046356525272130966
test_protein_6776,0.1272529810667038
test_protein_6778,0.18307235836982727
test_protein_6777,0.14445498585700989
test_protein_6781,0.1696384996175766
test_protein_6779,0.37605768442153931
test_protein_6780,0.15190961956977844
test_protein_6782,0.19521503150463104
test_protein_6784,0.26540800929069519
test_protein_6783,0.13022613525390625
test_protein_6788,0.81512659788131714
test_protein_6785,0.12442680448293686
test_protein_6789,0.16669125854969025
test_protein_6787,0.46858683228492737
test_protein_6786,0.25168272852897644
test_protein_6790,0.63837379217147827
test_protein_6796,0.25234460830688477
test_protein_6792,0.32215675711631775
test_protein_6797,0.35430201888084412
test_protein_6791,0.13367950916290283
test_protein_6794,0.19476242363452911
test_protein_6795,0.57230222225189209
test_protein_6793,0.52750295400619507
test_protein_6801,0.45699584484100342
test_protein_6800,0.33540815114974976
test_protein_6805,0.24192532896995544
test_protein_6798,0.31387293338775635
test_protein_6804,0.56248825788497925
test_protein_6799,0.35868191719055176
test_protein_6802,0.57317155599594116
test_protein_6806,0.34634777903556824
test_protein_6812,0.16052697598934174
test_protein_6803,0.46912828087806702
test_protein_6809,0.15395037829875946
test_protein_6811,0.45651337504386902
test_protein_6813,0.47099876403808594
test_protein_6807,0.023204054683446884
test_protein_6808,0.5386354923248291
test_protein_6810,0.30182749032974243
test_protein_6814,0.24338051676750183
test_protein_6816,0.33263584971427917
test_protein_6822,0.050666876137256622
test_protein_6819,0.64662253856658936
test_protein_6815,0.7935141921043396
test_protein_6823,0.58550137281417847
test_protein_6817,0.31769263744354248
test_protein_6821,0.13521921634674072
test_protein_6820,0.42392328381538391
test_protein_6824,0.0065761003643274307
test_protein_6818,0.43318533897399902
test_protein_6826,0.18755318224430084
test_protein_6825,0.32932475209236145
test_protein_6832,0.73212295770645142
test_protein_6827,0.24384750425815582
test_protein_6835,0.32129991054534912
test_protein_6834,0.28788512945175171
test_protein_6830,0.56592714786529541
test_protein_6831,0.17241644859313965
test_protein_6829,0.25436022877693176
test_protein_6838,0.40892821550369263
test_protein_6828,0.95855408906936646
test_protein_6833,0.44709083437919617
test_protein_6837,0.39934059977531433
test_protein_6839,0.98235023021697998
test_protein_6836,0.39660486578941345
test_protein_6840,0.16251906752586365
test_protein_6851,0.25860103964805603
test_protein_6842,0.59175604581832886
test_protein_6849,0.36945697665214539
test_protein_6846,0.49019506573677063
test_protein_6844,0.30953150987625122
test_protein_6841,0.15176689624786377
test_protein_6843,0.37402760982513428
test_protein_6845,0.31321167945861816
test_protein_6848,0.51584875583648682
test_protein_6854,0.29427987337112427
test_protein_6847,0.21930557489395142
test_protein_6857,0.3318665623664856
test_protein_6853,0.41406658291816711
test_protein_6852,0.68496561050415039
test_protein_6861,0.14810888469219208
test_protein_6858,0.36545136570930481
test_protein_6855,0.45841673016548157
test_protein_6850,0.49312421679496765
test_protein_6856,0.22881826758384705
test_protein_6863,0.24241608381271362
test_protein_6859,0.1184098869562149
test_protein_6860,0.028237117454409599
test_protein_6864,0.12412770092487335
test_protein_6865,0.33645209670066833
test_protein_6866,0.75345331430435181
test_protein_6862,0.68917834758758545
test_protein_6869,0.1890847384929657
test_protein_6867,0.25659292936325073
test_protein_6868,0.35866537690162659
test_protein_6874,0.036111749708652496
test_protein_6872,0.21408596634864807
test_protein_6870,0.5981871485710144
test_protein_6876,0.64159941673278809
test_protein_6871,0.0067627299576997757
test_protein_6878,0.46278455853462219
test_protein_6875,0.51897072792053223
test_protein_6877,0.11211236566305161
test_protein_6879,0.48336485028266907
test_protein_6880,0.71799492835998535
test_protein_6873,0.47807413339614868
test_protein_6881,0.60529607534408569
test_protein_6885,0.064523749053478241
test_protein_6892,0.28986707329750061
test_protein_6891,0.50674092769622803
test_protein_6886,0.28073149919509888
test_protein_6888,0.37306371331214905
test_protein_6883,0.32440713047981262
test_protein_6894,0.73187732696533203
test_protein_6882,0.30386626720428467
test_protein_6887,0.16964554786682129
test_protein_6893,0.10917986184358597
test_protein_6897,0.46707063913345337
test_protein_6884,0.38624259829521179
test_protein_6895,0.91991043090820312
test_protein_6896,0.97510194778442383
test_protein_6889,0.066810302436351776
test_protein_6890,0.39804014563560486
test_protein_6898,0.65019947290420532
test_protein_6900,0.53365647792816162
test_protein_6901,0.059091217815876007
test_protein_6908,0.28755250573158264
test_protein_6902,0.1617092490196228
test_protein_6903,0.76632016897201538
test_protein_6899,0.21068267524242401
test_protein_6906,0.34280699491500854
test_protein_6904,0.41879239678382874
test_protein_6905,0.43414291739463806
test_protein_6907,0.038309421390295029
test_protein_6911,0.43319821357727051
test_protein_6910,0.012343620881438255
test_protein_6912,0.56027340888977051
test_protein_6918,0.33842727541923523
test_protein_6917,0.38800790905952454
test_protein_6915,0.56452256441116333
test_protein_6916,0.068175129592418671
test_protein_6920,0.3479536771774292
test_protein_6914,0.38085260987281799
test_protein_6909,0.27695122361183167
test_protein_6919,0.65455609560012817
test_protein_6913,0.74387985467910767
test_protein_6925,0.61704379320144653
test_protein_6922,0.24116465449333191
test_protein_6923,0.169407919049263
test_protein_6927,0.46715414524078369
test_protein_6924,0.56328856945037842
test_protein_6928,0.3263821005821228
test_protein_6921,0.54823070764541626
test_protein_6926,0.16198302805423737
test_protein_6933,0.43958801031112671
test_protein_6929,0.064488746225833893
test_protein_6930,0.57664698362350464
test_protein_6932,0.59979403018951416
test_protein_6931,0.039471454918384552
test_protein_6934,0.27756950259208679
test_protein_6941,0.4075702428817749
test_protein_6936,0.19637668132781982
test_protein_6943,0.33204442262649536
test_protein_6937,0.19514477252960205
test_protein_6935,0.37046137452125549
test_protein_6942,0.23140770196914673
test_protein_6940,0.27679228782653809
test_protein_6939,0.73602926731109619
test_protein_6948,0.64086353778839111
test_protein_6938,0.36936089396476746
test_protein_6945,0.63081967830657959
test_protein_6944,0.067323200404644012
test_protein_6946,0.70241600275039673
test_protein_6950,0.17154553532600403
test_protein_6949,0.32984805107116699
test_protein_6947,0.14156022667884827
test_protein_6951,0.33195313811302185
test_protein_6952,0.15918116271495819
test_protein_6955,0.40649071335792542
test_protein_6957,0.61596393585205078
test_protein_6954,0.60589951276779175
test_protein_6956,0.66620558500289917
test_protein_6953,0.91071891784667969
test_protein_6960,0.39011630415916443
test_protein_6961,0.610309898853302
test_protein_6965,0.39543768763542175
test_protein_6958,0.85730379819869995
test_protein_6959,0.42214742302894592
test_protein_6962,0.10590272396802902
test_protein_6963,0.08236665278673172
test_protein_6964,0.28279241919517517
test_protein_6966,0.16732670366764069
test_protein_6971,0.61714494228363037
test_protein_6967,0.20570515096187592
test_protein_6969,0.39301592111587524
test_protein_6974,0.39635592699050903
test_protein_6968,0.26824602484703064
test_protein_6979,0.72444748878479004
test_protein_6970,0.1844230443239212
test_protein_6972,0.50188702344894409
test_protein_6976,0.26143121719360352
test_protein_6977,0.02989206463098526
test_protein_6973,0.78988015651702881
test_protein_6978,0.53430169820785522
test_protein_6975,0.41373732686042786
test_protein_6980,0.27056732773780823
test_protein_6986,0.61773532629013062
test_protein_6984,0.51619428396224976
test_protein_6981,0.20337042212486267
test_protein_6983,0.18445093929767609
test_protein_6985,0.62106096744537354
test_protein_6982,0.1719900518655777
test_protein_6993,0.76335340738296509
test_protein_6990,0.71527248620986938
test_protein_6987,0.31959086656570435
test_protein_6989,0.31266072392463684
test_protein_6994,0.033684961497783661
test_protein_6988,0.35423976182937622
test_protein_6992,0.34224849939346313
test_protein_6995,0.43240851163864136
test_protein_6991,0.42758956551551819
test_protein_6996,0.49492678046226501
test_protein_7000,0.065715126693248749
test_protein_6997,0.70026934146881104
test_protein_6998,0.47684678435325623
test_protein_6999,0.73299276828765869
test_protein_7001,0.33758535981178284
test_protein_7003,0.42546910047531128
test_protein_7006,0.83859783411026001
test_protein_7004,0.58427685499191284
test_protein_7007,0.51089942455291748
test_protein_7009,0.60563480854034424
test_protein_7008,0.40678119659423828
test_protein_7011,0.2709682285785675
test_protein_7010,0.72107195854187012
test_protein_7013,0.15927854180335999
test_protein_7012,0.0365598164498806
test_protein_7005,0.73769855499267578
test_protein_7014,0.11612643301486969
test_protein_7015,0.17134769260883331
test_protein_7002,0.13015396893024445
test_protein_7022,0.44627490639686584
test_protein_7018,0.62885820865631104
test_protein_7019,0.75566387176513672
test_protein_7017,0.45075365900993347
test_protein_7021,0.42718634009361267
test_protein_7024,0.59374576807022095
test_protein_7016,0.30785512924194336
test_protein_7020,0.40836593508720398
test_protein_7027,0.1688740998506546
test_protein_7028,0.60547679662704468
test_protein_7023,0.11137800663709641
test_protein_7025,0.42218759655952454
test_protein_7026,0.086789160966873169
test_protein_7030,0.67387127876281738
test_protein_7029,0.39171978831291199
test_protein_7036,0.62776678800582886
test_protein_7031,0.54190117120742798
test_protein_7034,0.26074889302253723
test_protein_7039,0.056497883051633835
test_protein_7033,0.044526562094688416
test_protein_7041,0.26166054606437683
test_protein_7032,0.30476585030555725
test_protein_7035,0.44270390272140503
test_protein_7038,0.050285913050174713
test_protein_7037,0.80462098121643066
test_protein_7040,0.19799469411373138
test_protein_7042,0.73290550708770752
test_protein_7049,0.46687453985214233
test_protein_7045,0.20378361642360687
test_protein_7047,0.070476830005645752
test_protein_7044,0.04729243740439415
test_protein_7043,0.47546449303627014
test_protein_7046,0.35164913535118103
test_protein_7048,0.55275064706802368
test_protein_7050,0.21465899050235748
test_protein_7051,0.66179656982421875
test_protein_7054,0.53761065006256104
test_protein_7053,0.5374760627746582
test_protein_7059,0.035000383853912354
test_protein_7056,0.40070819854736328
test_protein_7057,0.21493935585021973
test_protein_7052,0.08806929737329483
test_protein_7058,0.60517990589141846
test_protein_7055,0.71545010805130005
test_protein_7060,0.59468221664428711
test_protein_7066,0.065649315714836121
test_protein_7063,0.040762852877378464
test_protein_7067,0.18729273974895477
test_protein_7062,0.24619275331497192
test_protein_7061,0.1938277930021286
test_protein_7065,0.044649124145507812
test_protein_7069,0.43524220585823059
test_protein_7068,0.21756519377231598
test_protein_7064,0.053156424313783646
test_protein_7070,0.37564098834991455
test_protein_7071,0.4838603138923645
test_protein_7073,0.51211601495742798
test_protein_7074,0.099686071276664734
test_protein_7077,0.34616634249687195
test_protein_7075,0.46684858202934265
test_protein_7079,0.18488696217536926
test_protein_7072,0.61866432428359985
test_protein_7080,0.068567343056201935
test_protein_7076,0.54262673854827881
test_protein_7078,0.30975702404975891
test_protein_7081,0.30770981311798096
test_protein_7083,0.38673481345176697
test_protein_7084,0.060202393680810928
test_protein_7086,0.18807768821716309
test_protein_7087,0.25187504291534424
test_protein_7082,0.051163271069526672
test_protein_7085,0.18696996569633484
test_protein_7091,0.98613941669464111
test_protein_7089,0.32858335971832275
test_protein_7092,0.2086416482925415
test_protein_7090,0.3049350380897522
test_protein_7088,0.32024824619293213
test_protein_7093,0.11666667461395264
test_protein_7094,0.18023635447025299
test_protein_7098,0.88849639892578125
test_protein_7095,0.16682709753513336
test_protein_7097,0.31587585806846619
test_protein_7099,0.013544452376663685
test_protein_7102,0.27587446570396423
test_protein_7101,0.38033565878868103
test_protein_7104,0.28325569629669189
test_protein_7103,0.23657315969467163
test_protein_7100,0.49168229103088379
test_protein_7096,0.32212036848068237
test_protein_7105,0.064773842692375183
test_protein_7107,0.19250611960887909
test_protein_7108,0.381053626537323
test_protein_7106,0.07823258638381958
test_protein_7110,0.44497281312942505
test_protein_7111,0.3975786566734314
test_protein_7109,0.1623942106962204
test_protein_7115,0.27252531051635742
test_protein_7114,0.054650198668241501
test_protein_7112,0.49822777509689331
test_protein_7116,0.14861741662025452
test_protein_7113,0.076077975332736969
test_protein_7119,0.27231389284133911
test_protein_7118,0.591045081615448
test_protein_7117,0.18055154383182526
test_protein_7122,0.23410043120384216
test_protein_7120,0.29025208950042725
test_protein_7123,0.452278733253479
test_protein_7121,0.20928260684013367
test_protein_7124,0.16157661378383636
test_protein_7126,0.38117367029190063
test_protein_7125,0.75678890943527222
test_protein_7127,0.54353159666061401
test_protein_7128,0.3073146641254425
test_protein_7131,0.35282966494560242
test_protein_7129,0.6364780068397522
test_protein_7132,0.30872094631195068
test_protein_7130,0.021328011527657509
test_protein_7135,0.12966190278530121
test_protein_7137,0.29674878716468811
test_protein_7134,0.31782644987106323
test_protein_7136,0.23977793753147125
test_protein_7138,0.23263196647167206
test_protein_7133,0.15484791994094849
test_protein_7144,0.2403264045715332
test_protein_7142,0.17141692340373993
test_protein_7140,0.51256519556045532
test_protein_7139,0.19045065343379974
test_protein_7141,0.24895395338535309
test_protein_7147,0.2268923819065094
test_protein_7143,0.4824119508266449
test_protein_7145,0.50797915458679199
test_protein_7146,0.42489570379257202
test_protein_7149,0.40684786438941956
test_protein_7148,0.18119397759437561
test_protein_7150,0.43608579039573669
test_protein_7154,0.6062319278717041
test_protein_7151,0.27834278345108032
test_protein_7153,0.34477022290229797
test_protein_7155,0.070145890116691589
test_protein_7152,0.44646701216697693
test_protein_7158,0.4521472156047821
test_protein_7157,0.22638808190822601
test_protein_7156,0.83255362510681152
test_protein_7160,0.15033429861068726
test_protein_7159,0.29018151760101318
test_protein_7162,0.68884956836700439
test_protein_7161,0.26417621970176697
test_protein_7165,0.37241536378860474
test_protein_7164,0.16390223801136017
test_protein_7167,0.31328380107879639
test_protein_7163,0.15786334872245789
test_protein_7166,0.29549336433410645
test_protein_7168,0.37662762403488159
test_protein_7170,0.11480697989463806
test_protein_7172,0.46565711498260498
test_protein_7169,0.41322287917137146
test_protein_7171,0.19780057668685913
test_protein_7178,0.38980308175086975
test_protein_7173,0.44681662321090698
test_protein_7174,0.36501720547676086
test_protein_7176,0.097625255584716797
test_protein_7175,0.27691814303398132
test_protein_7177,0.37025192379951477
test_protein_7180,0.048837915062904358
test_protein_7181,0.033348944038152695
test_protein_7184,0.33306789398193359
test_protein_7183,0.74324601888656616
test_protein_7179,0.31338399648666382
test_protein_7182,0.15184158086776733
test_protein_7188,0.61901253461837769
test_protein_7186,0.25621700286865234
test_protein_7187,0.13109433650970459
test_protein_7185,0.030237440019845963
test_protein_7189,0.30324059724807739
test_protein_7192,0.34871062636375427
test_protein_7194,0.31246635317802429
test_protein_7190,0.3419603705406189
test_protein_7195,0.6371074914932251
test_protein_7193,0.67238700389862061
test_protein_7191,0.066477812826633453
test_protein_7196,0.085225656628608704
test_protein_7197,0.079484790563583374
test_protein_7198,0.10106172412633896
test_protein_7200,0.60823869705200195
test_protein_7207,0.019752569496631622
test_protein_7202,0.49513667821884155
test_protein_7199,0.072635501623153687
test_protein_7205,0.76344805955886841
test_protein_7201,0.53502517938613892
test_protein_7203,0.058316625654697418
test_protein_7204,0.13436432182788849
test_protein_7206,0.56149709224700928
test_protein_7208,0.079490706324577332
test_protein_7212,0.085252009332180023
test_protein_7210,0.36031055450439453
test_protein_7209,0.22844941914081573
test_protein_7211,0.22682282328605652
test_protein_7214,0.59968280792236328
test_protein_7216,0.216156005859375
test_protein_7213,0.21450625360012054
test_protein_7217,0.14301915466785431
test_protein_7218,0.089862048625946045
test_protein_7215,0.28380733728408813
test_protein_7222,0.32981425523757935
test_protein_7223,0.24359293282032013
test_protein_7220,0.43940824270248413
test_protein_7221,0.43299517035484314
test_protein_7219,0.28457316756248474
test_protein_7224,0.23507305979728699
test_protein_7225,0.048738986253738403
test_protein_7228,0.18134631216526031
test_protein_7226,0.34299987554550171
test_protein_7227,0.53187894821166992
test_protein_7229,0.21441403031349182
test_protein_7230,0.80197888612747192
test_protein_7231,0.071945853531360626
test_protein_7233,0.050562635064125061
test_protein_7234,0.34939828515052795
test_protein_7235,0.14315547049045563
test_protein_7239,0.11148616671562195
test_protein_7232,0.067366637289524078
test_protein_7238,0.51092743873596191
test_protein_7237,0.17841584980487823
test_protein_7241,0.83514034748077393
test_protein_7236,0.16053956747055054
test_protein_7240,0.11434092372655869
test_protein_7242,0.60488086938858032
test_protein_7243,0.035731293261051178
test_protein_7248,0.66327357292175293
test_protein_7244,0.21017339825630188
test_protein_7245,0.50240445137023926
test_protein_7251,0.24313974380493164
test_protein_7249,0.20379237830638885
test_protein_7247,0.18984983861446381
test_protein_7246,0.53438645601272583
test_protein_7252,0.050368074327707291
test_protein_7250,0.41549432277679443
test_protein_7253,0.131440669298172
test_protein_7255,0.44300952553749084
test_protein_7261,0.024311374872922897
test_protein_7257,0.60713964700698853
test_protein_7254,1.2609110854100436e-05
test_protein_7260,0.58063852787017822
test_protein_7258,0.044635847210884094
test_protein_7262,0.18682491779327393
test_protein_7263,0.22614657878875732
test_protein_7256,0.17413334548473358
test_protein_7259,0.25315254926681519
test_protein_7264,0.39297744631767273
test_protein_7265,0.089051917195320129
test_protein_7266,0.25954288244247437
test_protein_7271,0.28992477059364319
test_protein_7268,0.57296097278594971
test_protein_7272,0.38333296775817871
test_protein_7274,0.23617042601108551
test_protein_7267,0.088794097304344177
test_protein_7269,0.34424850344657898
test_protein_7275,0.27186888456344604
test_protein_7270,0.19027553498744965
test_protein_7273,0.25622838735580444
test_protein_7277,0.93103677034378052
test_protein_7279,0.21916459500789642
test_protein_7278,0.61068433523178101
test_protein_7282,0.65915405750274658
test_protein_7280,0.37320560216903687
test_protein_7281,0.05415823683142662
test_protein_7276,0.49055948853492737
test_protein_7283,0.14446856081485748
test_protein_7285,0.13833561539649963
test_protein_7284,0.39582082629203796
test_protein_7286,0.53770589828491211
test_protein_7287,0.040877476334571838
test_protein_7292,0.33844572305679321
test_protein_7291,0.37763673067092896
test_protein_7288,0.59481924772262573
test_protein_7294,0.91885983943939209
test_protein_7290,0.00047250115312635899
test_protein_7293,0.078057974576950073
test_protein_7289,0.10072579979896545
test_protein_7297,0.38475093245506287
test_protein_7295,0.40265604853630066
test_protein_7298,0.013538897968828678
test_protein_7296,0.38231834769248962
test_protein_7301,0.3034091591835022
test_protein_7302,0.15451972186565399
test_protein_7306,0.1394609659910202
test_protein_7303,0.24410346150398254
test_protein_7304,0.18391233682632446
test_protein_7300,0.75684839487075806
test_protein_7307,0.10507897287607193
test_protein_7299,0.31784448027610779
test_protein_7308,0.2524867057800293
test_protein_7309,0.33451631665229797
test_protein_7311,0.27956509590148926
test_protein_7305,0.21415527164936066
test_protein_7310,0.43203920125961304
test_protein_7316,0.49025440216064453
test_protein_7319,0.17396144568920135
test_protein_7312,0.047780223190784454
test_protein_7315,0.23817822337150574
test_protein_7318,0.29629966616630554
test_protein_7320,0.13518983125686646
test_protein_7314,0.37222057580947876
test_protein_7323,0.1179749071598053
test_protein_7313,0.33505424857139587
test_protein_7321,0.29465356469154358
test_protein_7324,0.091090112924575806
test_protein_7322,0.16614946722984314
test_protein_7317,0.22174334526062012
test_protein_7326,0.025192135944962502
test_protein_7325,0.55488753318786621
test_protein_7332,0.051897246390581131
test_protein_7329,0.42315962910652161
test_protein_7328,0.34773078560829163
test_protein_7327,0.45079004764556885
test_protein_7334,0.35461330413818359
test_protein_7330,0.13333570957183838
test_protein_7333,0.11091341078281403
test_protein_7331,0.43457877635955811
test_protein_7339,0.3043232262134552
test_protein_7337,0.24324427545070648
test_protein_7336,0.34567302465438843
test_protein_7338,0.40732252597808838
test_protein_7335,0.30078405141830444
test_protein_7340,0.3279249370098114
test_protein_7342,0.16785427927970886
test_protein_7341,0.12093281745910645
test_protein_7347,0.66779476404190063
test_protein_7343,0.041525088250637054
test_protein_7345,0.57771885395050049
test_protein_7346,0.068737238645553589
test_protein_7344,0.12437781691551208
test_protein_7349,0.39628449082374573
test_protein_7348,0.41783362627029419
test_protein_7351,0.26630249619483948
test_protein_7350,0.11611033976078033
test_protein_7357,0.058831147849559784
test_protein_7356,0.60356539487838745
test_protein_7354,0.3117472231388092
test_protein_7355,0.23219621181488037
test_protein_7353,0.20808041095733643
test_protein_7352,0.17067903280258179
test_protein_7359,0.47181206941604614
test_protein_7358,0.27345877885818481
test_protein_7360,0.16674602031707764
test_protein_7362,0.17733101546764374
test_protein_7363,0.37211510539054871
test_protein_7361,0.13899616897106171
test_protein_7364,0.23888733983039856
test_protein_7371,0.24768328666687012
test_protein_7367,0.6882164478302002
test_protein_7368,0.15692935883998871
test_protein_7372,0.034319207072257996
test_protein_7366,0.35344147682189941
test_protein_7369,0.26163232326507568
test_protein_7365,0.040848087519407272
test_protein_7370,0.36034119129180908
test_protein_7373,0.53206586837768555
test_protein_7375,0.32778987288475037
test_protein_7374,0.11913325637578964
test_protein_7376,0.0048673576675355434
test_protein_7377,0.10180426388978958
test_protein_7378,0.072322659194469452
test_protein_7379,0.26445591449737549
test_protein_7381,0.31952586770057678
test_protein_7382,0.38829416036605835
test_protein_7387,0.36259767413139343
test_protein_7383,0.52114331722259521
test_protein_7384,0.13610124588012695
test_protein_7386,0.51356649398803711
test_protein_7380,0.098876960575580597
test_protein_7385,0.8980785608291626
test_protein_7392,0.87151151895523071
test_protein_7390,0.9603615403175354
test_protein_7389,0.58806782960891724
test_protein_7388,0.075552724301815033
test_protein_7396,0.028455497696995735
test_protein_7393,0.27104672789573669
test_protein_7395,0.52085030078887939
test_protein_7391,0.60635209083557129
test_protein_7394,0.96491086483001709
test_protein_7399,0.13875989615917206
test_protein_7398,0.13504225015640259
test_protein_7397,0.2650139331817627
test_protein_7401,0.22696493566036224
test_protein_7400,0.35883277654647827
test_protein_7402,0.021236108615994453
test_protein_7403,0.18171606957912445
test_protein_7405,0.018380036577582359
test_protein_7409,0.72200512886047363
test_protein_7407,0.23861950635910034
test_protein_7406,0.34088671207427979
test_protein_7404,0.37348458170890808
test_protein_7410,0.27311590313911438
test_protein_7408,0.37426063418388367
test_protein_7412,0.35524535179138184
test_protein_7411,0.19777028262615204
test_protein_7416,0.10823913663625717
test_protein_7414,0.011969013139605522
test_protein_7413,0.28449445962905884
test_protein_7415,0.069293960928916931
test_protein_7417,0.19068160653114319
test_protein_7421,0.38197275996208191
test_protein_7420,0.040150672197341919
test_protein_7418,0.44003519415855408
test_protein_7422,0.13764819502830505
test_protein_7423,0.67024028301239014
test_protein_7429,0.16573445498943329
test_protein_7426,0.33917054533958435
test_protein_7419,0.48581936955451965
test_protein_7430,0.2481132447719574
test_protein_7427,0.0025448314845561981
test_protein_7428,0.56264311075210571
test_protein_7425,0.48633825778961182
test_protein_7431,0.25541728734970093
test_protein_7432,0.63847023248672485
test_protein_7424,0.45354017615318298
test_protein_7435,0.1934458315372467
test_protein_7433,0.24627843499183655
test_protein_7437,0.18483826518058777
test_protein_7441,0.31037861108779907
test_protein_7434,0.07601078599691391
test_protein_7438,0.1061503142118454
test_protein_7442,0.44503962993621826
test_protein_7436,0.31469553709030151
test_protein_7444,0.10015321522951126
test_protein_7440,0.48237448930740356
test_protein_7439,0.62280869483947754
test_protein_7446,0.34039819240570068
test_protein_7443,0.47551804780960083
test_protein_7447,0.35601741075515747
test_protein_7445,0.06708052009344101
test_protein_7450,0.036240946501493454
test_protein_7451,0.69985687732696533
test_protein_7449,0.21443335711956024
test_protein_7452,0.44039157032966614
test_protein_7448,0.092940032482147217
test_protein_7454,0.27627041935920715
test_protein_7460,0.98934036493301392
test_protein_7457,0.15802901983261108
test_protein_7455,0.19502681493759155
test_protein_7462,0.11970176547765732
test_protein_7456,0.26742276549339294
test_protein_7453,0.25537142157554626
test_protein_7458,0.045273564755916595
test_protein_7459,0.18368753790855408
test_protein_7461,0.53034240007400513
test_protein_7467,0.68326491117477417
test_protein_7466,0.34519079327583313
test_protein_7465,0.30300632119178772
test_protein_7469,0.37719494104385376
test_protein_7463,0.076067186892032623
test_protein_7464,0.55279886722564697
test_protein_7470,0.43884235620498657
test_protein_7474,0.41497600078582764
test_protein_7472,0.46158918738365173
test_protein_7468,0.14670984447002411
test_protein_7471,0.25048506259918213
test_protein_7473,0.38954457640647888
test_protein_7475,0.22384250164031982
test_protein_7477,0.36929839849472046
test_protein_7476,0.14086449146270752
test_protein_7483,0.064622834324836731
test_protein_7478,0.094249866902828217
test_protein_7480,0.25827357172966003
test_protein_7479,0.1866716593503952
test_protein_7482,0.3792397677898407
test_protein_7484,0.57067137956619263
test_protein_7487,0.71573889255523682
test_protein_7485,0.38655582070350647
test_protein_7486,0.16791820526123047
test_protein_7481,0.33307883143424988
test_protein_7489,0.44521385431289673
test_protein_7490,0.39760375022888184
test_protein_7493,0.19349446892738342
test_protein_7492,0.19466151297092438
test_protein_7488,0.19515089690685272
test_protein_7491,0.55608850717544556
test_protein_7494,0.32699716091156006
test_protein_7500,0.43121853470802307
test_protein_7495,0.11338581889867783
test_protein_7497,0.088887773454189301
test_protein_7498,0.051790107041597366
test_protein_7496,0.27537885308265686
test_protein_7503,0.034561339765787125
test_protein_7501,0.11109867691993713
test_protein_7502,0.32181459665298462
test_protein_7499,0.10411098599433899
test_protein_7507,0.20729255676269531
test_protein_7505,0.59955227375030518
test_protein_7509,0.21598736941814423
test_protein_7506,0.46670454740524292
test_protein_7504,0.31793710589408875
test_protein_7508,0.50699758529663086
test_protein_7510,0.61340522766113281
test_protein_7513,0.095113016664981842
test_protein_7511,0.35536423325538635
test_protein_7514,0.24676454067230225
test_protein_7521,0.21443499624729156
test_protein_7512,0.49270257353782654
test_protein_7516,0.38320967555046082
test_protein_7515,0.64280939102172852
test_protein_7517,0.11677809059619904
test_protein_7519,0.63533419370651245
test_protein_7518,0.005880103912204504
test_protein_7522,0.12136238068342209
test_protein_7523,0.069510035216808319
test_protein_7520,0.19756968319416046
test_protein_7527,0.14072249829769135
test_protein_7524,0.64045590162277222
test_protein_7525,0.0012328388402238488
test_protein_7531,0.85984772443771362
test_protein_7534,0.048672929406166077
test_protein_7530,0.32752487063407898
test_protein_7529,0.66394585371017456
test_protein_7532,0.3103976845741272
test_protein_7528,0.28507742285728455
test_protein_7533,0.35173270106315613
test_protein_7526,0.23902630805969238
test_protein_7536,0.3107357919216156
test_protein_7538,0.14998790621757507
test_protein_7537,0.22036415338516235
test_protein_7535,0.2874552309513092
test_protein_7540,0.39195543527603149
test_protein_7543,0.041037760674953461
test_protein_7547,0.15713006258010864
test_protein_7539,0.22646471858024597
test_protein_7544,0.62014436721801758
test_protein_7545,0.47960960865020752
test_protein_7542,0.61773312091827393
test_protein_7550,0.035994458943605423
test_protein_7546,0.50151902437210083
test_protein_7552,0.33716410398483276
test_protein_7549,0.3640579879283905
test_protein_7541,0.20477575063705444
test_protein_7551,0.098217636346817017
test_protein_7553,0.052299946546554565
test_protein_7548,0.11292481422424316
test_protein_7555,0.97325372695922852
test_protein_7556,0.68446016311645508
test_protein_7554,0.022862927988171577
test_protein_7559,0.021614881232380867
test_protein_7560,0.01177886500954628
test_protein_7558,0.24234077334403992
test_protein_7557,0.0051006260327994823
test_protein_7564,0.015855886042118073
test_protein_7562,0.035972572863101959
test_protein_7563,0.37993666529655457
test_protein_7568,0.15023370087146759
test_protein_7561,0.3265102207660675
test_protein_7567,0.24677090346813202
test_protein_7565,0.19177618622779846
test_protein_7569,0.33855730295181274
test_protein_7566,0.30115944147109985
test_protein_7572,0.37821856141090393
test_protein_7571,0.014455188997089863
test_protein_7574,0.029202688485383987
test_protein_7575,0.30650433897972107
test_protein_7570,0.18315908312797546
test_protein_7573,0.15899351239204407
test_protein_7577,0.4611937403678894
test_protein_7578,0.12486564368009567
test_protein_7580,0.62665843963623047
test_protein_7581,0.073030672967433929
test_protein_7576,0.016157336533069611
test_protein_7584,0.53841465711593628
test_protein_7579,0.90833598375320435
test_protein_7582,0.067582756280899048
test_protein_7583,0.17768166959285736
test_protein_7585,0.32063877582550049
test_protein_7590,0.39987120032310486
test_protein_7588,0.17272880673408508
test_protein_7589,0.46774354577064514
test_protein_7586,0.29179012775421143
test_protein_7592,0.333759605884552
test_protein_7591,0.15214578807353973
test_protein_7587,0.014163687825202942
test_protein_7594,0.0072787478566169739
test_protein_7595,0.66544860601425171
test_protein_7593,0.16318875551223755
test_protein_7596,0.4591318666934967
test_protein_7599,0.45319873094558716
test_protein_7597,0.44442084431648254
test_protein_7598,0.31076604127883911
test_protein_7601,0.29453763365745544
test_protein_7604,0.71653389930725098
test_protein_7600,0.24659731984138489
test_protein_7606,0.28911948204040527
test_protein_7602,0.044570557773113251
test_protein_7605,0.62815535068511963
test_protein_7603,0.49756026268005371
test_protein_7607,0.47606268525123596
test_protein_7608,0.34158480167388916
test_protein_7609,0.53478425741195679
test_protein_7610,0.1389990895986557
test_protein_7611,0.4398445188999176
test_protein_7612,0.024262173101305962
test_protein_7613,0.23591151833534241
test_protein_7614,0.43645930290222168
test_protein_7616,0.26178282499313354
test_protein_7617,0.47438126802444458
test_protein_7620,0.02618708647787571
test_protein_7619,0.20458638668060303
test_protein_7615,0.26953321695327759
test_protein_7618,0.77455407381057739
test_protein_7624,0.24116726219654083
test_protein_7625,0.34401831030845642
test_protein_7621,0.54011017084121704
test_protein_7627,0.56061547994613647
test_protein_7622,0.019586376845836639
test_protein_7626,0.18081468343734741
test_protein_7628,0.77109867334365845
test_protein_7623,0.18371465802192688
test_protein_7629,0.89406883716583252
test_protein_7630,0.1775604784488678
test_protein_7632,0.53574126958847046
test_protein_7631,0.099949583411216736
test_protein_7634,0.45880961418151855
test_protein_7636,0.57878613471984863
test_protein_7635,0.10489374399185181
test_protein_7633,0.41839995980262756
test_protein_7639,0.47340020537376404
test_protein_7642,0.99121767282485962
test_protein_7640,0.98082822561264038
test_protein_7645,0.99230122566223145
test_protein_7637,0.34822094440460205
test_protein_7638,0.56698691844940186
test_protein_7641,0.85770261287689209
test_protein_7646,0.74076908826828003
test_protein_7647,0.49237403273582458
test_protein_7643,0.28051847219467163
test_protein_7644,0.39187434315681458
test_protein_7649,0.44455128908157349
test_protein_7652,0.88325321674346924
test_protein_7648,0.28885304927825928
test_protein_7650,0.0010053785517811775
test_protein_7651,0.20606876909732819
test_protein_7655,0.96564662456512451
test_protein_7661,0.31762769818305969
test_protein_7654,0.61062794923782349
test_protein_7656,0.41089487075805664
test_protein_7657,0.44301515817642212
test_protein_7658,0.18052399158477783
test_protein_7659,0.17294800281524658
test_protein_7653,0.54599159955978394
test_protein_7664,0.57556146383285522
test_protein_7666,0.0059886756353080273
test_protein_7662,0.73996609449386597
test_protein_7660,0.34683758020401001
test_protein_7668,0.43989101052284241
test_protein_7665,0.10124995559453964
test_protein_7663,0.77112764120101929
test_protein_7671,0.47461646795272827
test_protein_7674,0.51845616102218628
test_protein_7672,0.24634872376918793
test_protein_7675,0.99735838174819946
test_protein_7673,0.4698580801486969
test_protein_7669,0.2182682603597641
test_protein_7680,0.36966931819915771
test_protein_7667,0.66102737188339233
test_protein_7678,0.64933085441589355
test_protein_7676,0.8603893518447876
test_protein_7677,0.28736314177513123
test_protein_7670,0.98878282308578491
test_protein_7685,0.35010132193565369
test_protein_7683,0.0025209137238562107
test_protein_7682,0.34386524558067322
test_protein_7681,0.31331655383110046
test_protein_7684,0.67899352312088013
test_protein_7679,0.71667450666427612
test_protein_7686,0.39329856634140015
test_protein_7689,0.41175922751426697
test_protein_7687,0.37098127603530884
test_protein_7691,0.28101983666419983
test_protein_7688,0.59287858009338379
test_protein_7695,0.078328467905521393
test_protein_7694,0.64064508676528931
test_protein_7699,0.34249654412269592
test_protein_7690,0.90325373411178589
test_protein_7697,0.22142787277698517
test_protein_7692,0.28431814908981323
test_protein_7693,0.12960681319236755
test_protein_7698,0.14818860590457916
test_protein_7696,0.2127678245306015
test_protein_7703,0.29157191514968872
test_protein_7704,0.19886875152587891
test_protein_7702,0.61593711376190186
test_protein_7705,0.70676285028457642
test_protein_7700,0.48466792702674866
test_protein_7701,0.16913129389286041
test_protein_7706,0.46917316317558289
test_protein_7707,0.32442635297775269
test_protein_7708,0.028320584446191788
test_protein_7710,0.27348107099533081
test_protein_7714,0.43503022193908691
test_protein_7715,0.073630101978778839
test_protein_7716,0.67457574605941772
test_protein_7711,0.27961263060569763
test_protein_7709,0.3822084367275238
test_protein_7712,0.12358963489532471
test_protein_7713,0.59714663028717041
test_protein_7718,0.090703397989273071
test_protein_7717,0.13070856034755707
test_protein_7719,0.0114326486364007
test_protein_7720,0.63367408514022827
test_protein_7721,0.44158044457435608
test_protein_7723,0.33906570076942444
test_protein_7722,0.41069021821022034
test_protein_7724,0.03663209080696106
test_protein_7726,0.2379763275384903
test_protein_7727,0.36358356475830078
test_protein_7725,0.53394967317581177
test_protein_7729,0.20377306640148163
test_protein_7732,0.58389574289321899
test_protein_7731,0.19794522225856781
test_protein_7730,0.56389307975769043
test_protein_7728,0.15518862009048462
test_protein_7733,0.65504372119903564
test_protein_7738,0.15111999213695526
test_protein_7734,0.2231297641992569
test_protein_7737,0.22920370101928711
test_protein_7736,0.45010384917259216
test_protein_7741,0.39239117503166199
test_protein_7739,0.18593874573707581
test_protein_7740,0.16407829523086548
test_protein_7735,0.63978129625320435
test_protein_7742,0.49098378419876099
test_protein_7743,0.30242374539375305
test_protein_7744,0.053732980042695999
test_protein_7745,0.4752143919467926
test_protein_7750,0.37481135129928589
test_protein_7749,0.30266082286834717
test_protein_7748,0.41096410155296326
test_protein_7746,0.78091096878051758
test_protein_7747,0.25174614787101746
test_protein_7752,0.30163511633872986
test_protein_7751,0.62069064378738403
test_protein_7757,0.45490294694900513
test_protein_7754,0.23062433302402496
test_protein_7753,0.38261228799819946
test_protein_7756,0.047801725566387177
test_protein_7755,0.028352798894047737
test_protein_7758,0.10275966674089432
test_protein_7760,0.47083202004432678
test_protein_7759,0.22536541521549225
test_protein_7763,0.095367066562175751
test_protein_7762,0.16517357528209686
test_protein_7761,0.074441038072109222
test_protein_7765,0.13840319216251373
test_protein_7766,0.015886392444372177
test_protein_7764,0.04510924220085144
test_protein_7767,0.12194614857435226
test_protein_7769,0.59257477521896362
test_protein_7773,0.43133544921875
test_protein_7768,0.4041789174079895
test_protein_7770,0.27659875154495239
test_protein_7772,0.21501049399375916
test_protein_7771,0.51455146074295044
test_protein_7776,0.23403343558311462
test_protein_7775,0.27670669555664062
test_protein_7774,0.63932502269744873
test_protein_7777,0.10370328277349472
test_protein_7779,0.040614288300275803
test_protein_7778,0.31209427118301392
test_protein_7781,0.40361607074737549
test_protein_7780,0.10290878266096115
test_protein_7782,0.39498668909072876
test_protein_7785,0.4748404324054718
test_protein_7783,0.39585608243942261
test_protein_7784,0.36438068747520447
test_protein_7787,0.34429359436035156
test_protein_7786,0.52966541051864624
test_protein_7788,0.30243310332298279
test_protein_7792,0.36930543184280396
test_protein_7790,0.33346691727638245
test_protein_7793,0.48090487718582153
test_protein_7789,0.56541538238525391
test_protein_7794,0.32473066449165344
test_protein_7791,0.54219037294387817
test_protein_7797,0.31123751401901245
test_protein_7796,0.50520765781402588
test_protein_7795,0.21358567476272583
test_protein_7800,0.065686792135238647
test_protein_7799,0.13963101804256439
test_protein_7803,0.17196987569332123
test_protein_7798,0.1163550540804863
test_protein_7801,0.32456386089324951
test_protein_7802,0.45517584681510925
test_protein_7805,0.41284924745559692
test_protein_7809,0.12349210679531097
test_protein_7804,0.25319930911064148
test_protein_7808,0.18545451760292053
test_protein_7807,0.34141033887863159
test_protein_7806,0.34417945146560669
test_protein_7811,0.13301408290863037
test_protein_7810,0.12256903946399689
test_protein_7812,0.92762815952301025
test_protein_7813,0.23855642974376678
test_protein_7814,0.085035324096679688
test_protein_7815,0.17238664627075195
test_protein_7819,0.15439543128013611
test_protein_7816,0.22124803066253662
test_protein_7821,0.47908183932304382
test_protein_7817,0.0020865886472165585
test_protein_7818,0.42688837647438049
test_protein_7820,0.34202644228935242
test_protein_7826,0.09890320897102356
test_protein_7823,0.58006203174591064
test_protein_7825,0.16873791813850403
test_protein_7822,0.32578682899475098
test_protein_7828,0.45645207166671753
test_protein_7824,0.28303587436676025
test_protein_7830,0.10204675048589706
test_protein_7827,0.44005942344665527
test_protein_7829,0.11083256453275681
test_protein_7832,0.0020682467147707939
test_protein_7834,0.30136498808860779
test_protein_7835,0.028195833787322044
test_protein_7839,0.68316596746444702
test_protein_7831,0.75126022100448608
test_protein_7833,0.43315446376800537
test_protein_7836,0.23056159913539886
test_protein_7838,0.26331833004951477
test_protein_7837,0.18771812319755554
test_protein_7840,0.024821670725941658
test_protein_7842,0.12681593000888824
test_protein_7841,0.53199023008346558
test_protein_7843,0.047272086143493652
